area_name,area_code,total_families,families_1_child,families_2_children,families_3_children,families_4_children,families_5_9_children,families_10plus_children,total_children,year
County Durham,E06000047,56985.0,28590.0,20690.0,5700.0,1450.0,550.0,,95885.0,2021
Darlington,E06000005,12390.0,6000.0,4550.0,1365.0,360.0,115.0,5.0,21270.0,2021
Hartlepool,E06000001,10960.0,5160.0,4025.0,1270.0,355.0,145.0,,19260.0,2021
Middlesbrough,E06000002,18350.0,8045.0,6615.0,2405.0,895.0,385.0,5.0,34195.0,2021
Newcastle upon Tyne,E08000021,29110.0,13600.0,10390.0,3630.0,1085.0,395.0,,51780.0,2021
Northumberland,E06000057,31685.0,15390.0,12150.0,3180.0,745.0,225.0,,53420.0,2021
Redcar and Cleveland,E06000003,15350.0,7495.0,5525.0,1675.0,475.0,180.0,,26460.0,2021
Stockton-on-Tees,E06000004,22870.0,10885.0,8510.0,2545.0,685.0,240.0,,39575.0,2021
Gateshead,E08000037,21175.0,10635.0,7600.0,2005.0,590.0,335.0,10.0,36210.0,2021
North Tyneside,E08000022,23045.0,11640.0,8740.0,2050.0,495.0,125.0,,37880.0,2021
South Tyneside,E08000023,17090.0,8560.0,6195.0,1775.0,425.0,135.0,,28705.0,2021
Sunderland,E08000024,31370.0,16030.0,11140.0,3125.0,775.0,300.0,,52420.0,2021
Blackburn with Darwen,E06000008,20745.0,8905.0,7150.0,3140.0,1120.0,430.0,,39420.0,2021
Blackpool,E06000009,16720.0,8340.0,5795.0,1750.0,580.0,255.0,5.0,28950.0,2021
Cheshire East,E06000049,38220.0,18680.0,14795.0,3535.0,900.0,315.0,,64165.0,2021
Cheshire West and Chester,E06000050,35700.0,17200.0,13725.0,3655.0,835.0,285.0,,60485.0,2021
Halton,E06000006,15675.0,7490.0,5825.0,1710.0,470.0,175.0,,27120.0,2021
Warrington,E06000007,22705.0,11350.0,8485.0,2210.0,505.0,160.0,,37825.0,2021
Bolton,E08000001,37720.0,16995.0,13235.0,5005.0,1715.0,770.0,,69525.0,2021
Bury,E08000002,22885.0,10685.0,8360.0,2535.0,855.0,450.0,5.0,41010.0,2021
Manchester,E08000003,64005.0,27275.0,21560.0,9870.0,3670.0,1620.0,5.0,123550.0,2021
Oldham,E08000004,32385.0,14030.0,11230.0,4685.0,1805.0,635.0,,61185.0,2021
Rochdale,E08000005,29605.0,13325.0,10400.0,4070.0,1380.0,430.0,,54155.0,2021
Salford,E08000006,30730.0,14545.0,10420.0,3660.0,1205.0,885.0,20.0,56550.0,2021
Stockport,E08000007,31650.0,15135.0,12325.0,3195.0,770.0,225.0,,53665.0,2021
Tameside,E08000008,29140.0,13920.0,10540.0,3325.0,1005.0,350.0,,50900.0,2021
Trafford,E08000009,24725.0,11655.0,9615.0,2615.0,640.0,195.0,,42360.0,2021
Wigan,E08000010,38720.0,19290.0,14310.0,3845.0,960.0,310.0,,64970.0,2021
Burnley,E07000117,11920.0,5460.0,4230.0,1530.0,490.0,210.0,,21590.0,2021
Chorley,E07000118,12860.0,6405.0,4900.0,1180.0,290.0,85.0,,21345.0,2021
Fylde,E07000119,7390.0,3755.0,2745.0,675.0,150.0,60.0,,12220.0,2021
Hyndburn,E07000120,10485.0,4925.0,3580.0,1310.0,485.0,185.0,,18985.0,2021
Lancaster,E07000121,14315.0,6805.0,5425.0,1560.0,380.0,145.0,,24635.0,2021
Pendle,E07000122,12010.0,5210.0,4110.0,1770.0,660.0,260.0,,22795.0,2021
Preston,E07000123,17325.0,8030.0,6260.0,2105.0,695.0,235.0,,30910.0,2021
Ribble Valley,E07000124,5785.0,2835.0,2310.0,530.0,75.0,35.0,,9540.0,2021
Rossendale,E07000125,8390.0,4055.0,3130.0,900.0,245.0,60.0,,14295.0,2021
South Ribble,E07000126,12240.0,6005.0,4745.0,1145.0,270.0,75.0,,20400.0,2021
West Lancashire,E07000127,11875.0,5750.0,4535.0,1250.0,245.0,90.0,,20050.0,2021
Wyre,E07000128,11105.0,5405.0,4240.0,1110.0,275.0,80.0,,18740.0,2021
Knowsley,E08000011,20000.0,9595.0,7375.0,2275.0,570.0,190.0,,34450.0,2021
Liverpool,E08000012,53175.0,25685.0,19070.0,6080.0,1660.0,680.0,,92480.0,2021
Sefton,E08000014,28905.0,13985.0,10995.0,2995.0,715.0,215.0,,49010.0,2021
St. Helens,E08000013,21065.0,10610.0,7595.0,2120.0,555.0,180.0,,35375.0,2021
Wirral,E08000015,35480.0,16790.0,13355.0,3980.0,1005.0,350.0,,61360.0,2021
East Riding of Yorkshire,E06000011,33480.0,16265.0,13050.0,3180.0,740.0,245.0,,56180.0,2021
"Kingston upon Hull, City of",E06000010,33765.0,16005.0,12240.0,3920.0,1150.0,455.0,,59310.0,2021
North East Lincolnshire,E06000012,18510.0,8585.0,6855.0,2170.0,640.0,255.0,,32770.0,2021
North Lincolnshire,E06000013,18975.0,9120.0,6930.0,2085.0,615.0,225.0,,32930.0,2021
York,E06000014,18005.0,8870.0,7075.0,1575.0,365.0,120.0,,29845.0,2021
Barnsley,E08000016,29410.0,14670.0,10630.0,3040.0,790.0,275.0,,49735.0,2021
Doncaster,E08000017,36990.0,17975.0,13400.0,4140.0,1090.0,380.0,,63620.0,2021
Rotherham,E08000018,31975.0,15075.0,11960.0,3600.0,960.0,380.0,,55690.0,2021
Sheffield,E08000019,59595.0,27250.0,22015.0,7105.0,2300.0,925.0,,106785.0,2021
Bradford,E08000032,71780.0,29765.0,25080.0,11095.0,4185.0,1650.0,5.0,138845.0,2021
Calderdale,E08000033,24460.0,11455.0,8965.0,2895.0,805.0,335.0,,43090.0,2021
Kirklees,E08000034,52385.0,23820.0,19275.0,6515.0,2120.0,655.0,,93930.0,2021
Leeds,E08000035,88595.0,40870.0,33080.0,10250.0,3145.0,1245.0,5.0,157225.0,2021
Wakefield,E08000036,41900.0,20610.0,15335.0,4335.0,1180.0,445.0,5.0,71420.0,2021
Derby,E06000015,30990.0,13955.0,11385.0,3875.0,1260.0,515.0,,56210.0,2021
Leicester,E06000016,46105.0,20555.0,16335.0,6130.0,2110.0,970.0,5.0,85400.0,2021
North Northamptonshire,E06000061,42500.0,20345.0,16000.0,4595.0,1150.0,410.0,,72945.0,2021
Nottingham,E06000018,36175.0,16240.0,12660.0,4960.0,1645.0,665.0,5.0,66630.0,2021
Rutland,E06000017,3320.0,1555.0,1360.0,310.0,70.0,20.0,,5610.0,2021
West Northamptonshire,E06000062,47555.0,22855.0,18120.0,4880.0,1275.0,420.0,,81145.0,2021
Amber Valley,E07000032,13230.0,6675.0,4950.0,1205.0,295.0,110.0,,21950.0,2021
Bolsover,E07000033,9180.0,4630.0,3270.0,945.0,260.0,80.0,,15475.0,2021
Chesterfield,E07000034,11155.0,5450.0,4160.0,1150.0,285.0,110.0,,18970.0,2021
Derbyshire Dales,E07000035,6155.0,2910.0,2515.0,555.0,135.0,35.0,,10355.0,2021
Erewash,E07000036,12360.0,6210.0,4605.0,1165.0,285.0,95.0,,20570.0,2021
High Peak,E07000037,9540.0,4620.0,3780.0,890.0,185.0,60.0,,15910.0,2021
North East Derbyshire,E07000038,10505.0,5140.0,4105.0,990.0,205.0,70.0,,17505.0,2021
South Derbyshire,E07000039,12080.0,5865.0,4620.0,1210.0,275.0,105.0,,20410.0,2021
Blaby,E07000129,11645.0,5535.0,4685.0,1125.0,240.0,70.0,,19595.0,2021
Charnwood,E07000130,18490.0,8840.0,7235.0,1840.0,435.0,145.0,,31325.0,2021
Harborough,E07000131,9185.0,4390.0,3715.0,875.0,170.0,35.0,,15320.0,2021
Hinckley and Bosworth,E07000132,12105.0,5975.0,4695.0,1110.0,240.0,85.0,,20130.0,2021
Melton,E07000133,5155.0,2415.0,2005.0,575.0,120.0,40.0,,8845.0,2021
North West Leicestershire,E07000134,11100.0,5405.0,4250.0,1055.0,290.0,100.0,,18770.0,2021
Oadby and Wigston,E07000135,6195.0,2835.0,2480.0,665.0,165.0,50.0,,10710.0,2021
Boston,E07000136,8845.0,4420.0,3230.0,910.0,210.0,75.0,,14865.0,2021
East Lindsey,E07000137,13445.0,6390.0,4885.0,1585.0,405.0,180.0,,23515.0,2021
Lincoln,E07000138,10615.0,5215.0,3825.0,1150.0,300.0,125.0,,18205.0,2021
North Kesteven,E07000139,12310.0,5880.0,4870.0,1205.0,275.0,75.0,,20745.0,2021
South Holland,E07000140,10395.0,5150.0,3800.0,1035.0,305.0,105.0,,17650.0,2021
South Kesteven,E07000141,14910.0,7125.0,5770.0,1530.0,360.0,125.0,,25355.0,2021
West Lindsey,E07000142,9765.0,4550.0,3765.0,1055.0,280.0,120.0,,17020.0,2021
Ashfield,E07000170,15040.0,7285.0,5530.0,1605.0,450.0,165.0,,25855.0,2021
Bassetlaw,E07000171,13020.0,6340.0,4860.0,1360.0,350.0,120.0,,22175.0,2021
Broxtowe,E07000172,11085.0,5330.0,4340.0,1075.0,250.0,85.0,,18705.0,2021
Gedling,E07000173,13000.0,6330.0,5145.0,1185.0,250.0,90.0,,21680.0,2021
Mansfield,E07000174,13240.0,6575.0,4865.0,1295.0,380.0,125.0,,22375.0,2021
Newark and Sherwood,E07000175,13035.0,6240.0,4985.0,1340.0,365.0,110.0,,22295.0,2021
Rushcliffe,E07000176,10740.0,5065.0,4510.0,945.0,175.0,40.0,,17850.0,2021
"Herefordshire, County of",E06000019,18455.0,8760.0,7170.0,1930.0,460.0,135.0,,31440.0,2021
Shropshire,E06000051,30535.0,14365.0,11970.0,3120.0,840.0,240.0,,52325.0,2021
Stoke-on-Trent,E06000021,32225.0,14920.0,11140.0,4170.0,1345.0,645.0,5.0,58640.0,2021
Telford and Wrekin,E06000020,22015.0,10300.0,7840.0,2645.0,835.0,390.0,,39410.0,2021
Cannock Chase,E07000192,11570.0,5775.0,4245.0,1165.0,295.0,90.0,,19425.0,2021
East Staffordshire,E07000193,14050.0,6640.0,5140.0,1580.0,485.0,205.0,,24695.0,2021
Lichfield,E07000194,10340.0,5110.0,3980.0,955.0,230.0,65.0,,17210.0,2021
Newcastle-under-Lyme,E07000195,12925.0,6485.0,4675.0,1345.0,295.0,125.0,,21730.0,2021
South Staffordshire,E07000196,10460.0,5155.0,4030.0,1030.0,200.0,45.0,,17350.0,2021
Stafford,E07000197,13775.0,6660.0,5325.0,1365.0,305.0,115.0,,23255.0,2021
Staffordshire Moorlands,E07000198,9480.0,4530.0,3700.0,975.0,210.0,65.0,,16030.0,2021
Tamworth,E07000199,9335.0,4540.0,3450.0,975.0,260.0,110.0,,16000.0,2021
North Warwickshire,E07000218,7100.0,3455.0,2730.0,710.0,155.0,50.0,,11935.0,2021
Nuneaton and Bedworth,E07000219,16300.0,8025.0,5930.0,1705.0,490.0,140.0,,27745.0,2021
Rugby,E07000220,12570.0,6130.0,4875.0,1220.0,265.0,75.0,,21040.0,2021
Stratford-on-Avon,E07000221,11990.0,5865.0,4755.0,1055.0,230.0,80.0,,19900.0,2021
Warwick,E07000222,12615.0,6225.0,5010.0,1075.0,235.0,70.0,,20785.0,2021
Bromsgrove,E07000234,9635.0,4560.0,3910.0,910.0,195.0,60.0,,16215.0,2021
Malvern Hills,E07000235,7100.0,3455.0,2750.0,675.0,165.0,55.0,,11920.0,2021
Redditch,E07000236,10470.0,5120.0,3865.0,1085.0,305.0,90.0,,17825.0,2021
Worcester,E07000237,11215.0,5520.0,4130.0,1175.0,285.0,110.0,,19040.0,2021
Wychavon,E07000238,12955.0,6330.0,5040.0,1225.0,265.0,90.0,,21640.0,2021
Wyre Forest,E07000239,10495.0,4945.0,3995.0,1140.0,310.0,100.0,,18160.0,2021
Birmingham,E08000025,142945.0,59670.0,48070.0,22015.0,8975.0,4190.0,25.0,280895.0,2021
Coventry,E08000026,41020.0,18715.0,14830.0,5265.0,1595.0,610.0,,73900.0,2021
Dudley,E08000027,37765.0,17810.0,13895.0,4295.0,1325.0,445.0,,66200.0,2021
Sandwell,E08000028,45520.0,20205.0,16400.0,6090.0,2045.0,780.0,,83720.0,2021
Solihull,E08000029,22200.0,10165.0,8720.0,2500.0,620.0,200.0,,38650.0,2021
Walsall,E08000030,36630.0,16040.0,13190.0,5035.0,1710.0,650.0,,67915.0,2021
Wolverhampton,E08000031,34530.0,15795.0,12550.0,4350.0,1340.0,490.0,5.0,61990.0,2021
Bedford,E06000055,20980.0,9910.0,7875.0,2350.0,650.0,200.0,,36365.0,2021
Central Bedfordshire,E06000056,31545.0,14935.0,12630.0,3065.0,665.0,250.0,,53415.0,2021
Luton,E06000032,30470.0,13275.0,10320.0,4590.0,1660.0,625.0,,57670.0,2021
Peterborough,E06000031,28830.0,13410.0,10335.0,3520.0,1130.0,430.0,5.0,51505.0,2021
Southend-on-Sea,E06000033,19320.0,9370.0,7115.0,2090.0,540.0,200.0,,33165.0,2021
Thurrock,E06000034,23775.0,11075.0,8915.0,2880.0,710.0,200.0,,41470.0,2021
Cambridge,E07000008,9195.0,4505.0,3345.0,1015.0,235.0,90.0,,15690.0,2021
East Cambridgeshire,E07000009,8920.0,4205.0,3600.0,870.0,190.0,55.0,,15065.0,2021
Fenland,E07000010,11570.0,5665.0,4290.0,1195.0,325.0,95.0,,19655.0,2021
Huntingdonshire,E07000011,18195.0,8690.0,7240.0,1725.0,395.0,145.0,,30710.0,2021
South Cambridgeshire,E07000012,14845.0,6895.0,6025.0,1510.0,330.0,85.0,,25260.0,2021
Basildon,E07000066,21750.0,10065.0,8265.0,2455.0,710.0,255.0,,38185.0,2021
Braintree,E07000067,16380.0,7705.0,6380.0,1735.0,410.0,145.0,,28100.0,2021
Brentwood,E07000068,6235.0,3075.0,2455.0,565.0,110.0,25.0,,10275.0,2021
Castle Point,E07000069,8700.0,4075.0,3420.0,885.0,215.0,105.0,,15045.0,2021
Chelmsford,E07000070,16630.0,7860.0,6645.0,1680.0,325.0,115.0,,28120.0,2021
Colchester,E07000071,20495.0,9670.0,7950.0,2190.0,510.0,175.0,,35140.0,2021
Epping Forest,E07000072,12615.0,6350.0,4740.0,1185.0,265.0,75.0,,20865.0,2021
Harlow,E07000073,12230.0,5755.0,4575.0,1450.0,335.0,120.0,,21235.0,2021
Maldon,E07000074,5970.0,2800.0,2420.0,610.0,120.0,25.0,,10070.0,2021
Rochford,E07000075,7895.0,3700.0,3215.0,770.0,170.0,40.0,,13345.0,2021
Tendring,E07000076,14625.0,6680.0,5535.0,1720.0,510.0,185.0,,25955.0,2021
Uttlesford,E07000077,8250.0,3855.0,3350.0,850.0,155.0,35.0,,13930.0,2021
Broxbourne,E07000095,11585.0,5680.0,4430.0,1175.0,245.0,55.0,,19340.0,2021
Dacorum,E07000096,15600.0,7405.0,6080.0,1585.0,410.0,120.0,,26600.0,2021
East Hertfordshire,E07000242,13605.0,6575.0,5525.0,1220.0,235.0,50.0,,22480.0,2021
Hertsmere,E07000098,10650.0,5120.0,4160.0,1065.0,220.0,85.0,,17985.0,2021
North Hertfordshire,E07000099,12495.0,5915.0,4975.0,1235.0,275.0,95.0,,21170.0,2021
St Albans,E07000240,11485.0,5330.0,4600.0,1190.0,280.0,85.0,,19680.0,2021
Stevenage,E07000243,10500.0,4895.0,3960.0,1210.0,320.0,120.0,,18355.0,2021
Three Rivers,E07000102,8665.0,4180.0,3410.0,825.0,195.0,60.0,,14575.0,2021
Watford,E07000103,11460.0,5640.0,4215.0,1220.0,295.0,90.0,,19385.0,2021
Welwyn Hatfield,E07000241,11820.0,5665.0,4565.0,1200.0,310.0,80.0,,20055.0,2021
Breckland,E07000143,14555.0,6885.0,5570.0,1535.0,390.0,170.0,,25120.0,2021
Broadland,E07000144,13295.0,6345.0,5540.0,1135.0,220.0,55.0,,22015.0,2021
Great Yarmouth,E07000145,11285.0,5505.0,3985.0,1275.0,370.0,150.0,,19620.0,2021
King's Lynn and West Norfolk,E07000146,15550.0,7330.0,5985.0,1625.0,445.0,165.0,,26850.0,2021
North Norfolk,E07000147,8670.0,4085.0,3350.0,940.0,210.0,85.0,,14900.0,2021
Norwich,E07000148,14155.0,6920.0,5035.0,1550.0,480.0,170.0,,24480.0,2021
South Norfolk,E07000149,14325.0,6735.0,5835.0,1380.0,290.0,90.0,,24195.0,2021
Babergh,E07000200,8650.0,4010.0,3510.0,870.0,195.0,60.0,,14760.0,2021
Ipswich,E07000202,17330.0,7960.0,6495.0,2090.0,555.0,230.0,,30670.0,2021
Mid Suffolk,E07000203,9735.0,4510.0,3950.0,1000.0,210.0,65.0,,16600.0,2021
East Suffolk,E07000244,23690.0,10945.0,9115.0,2730.0,655.0,240.0,,41305.0,2021
West Suffolk,E07000245,17360.0,8345.0,6675.0,1800.0,395.0,145.0,,29475.0,2021
Hackney,E09000012,27885.0,12900.0,8460.0,3590.0,1450.0,1425.0,50.0,55525.0,2021
Haringey,E09000014,27385.0,14355.0,8870.0,2655.0,830.0,665.0,10.0,47380.0,2021
Islington,E09000019,17195.0,8505.0,5770.0,1955.0,655.0,305.0,,30230.0,2021
Lambeth,E09000022,26980.0,14000.0,8685.0,2930.0,960.0,400.0,5.0,46235.0,2021
Lewisham,E09000023,32290.0,16585.0,10575.0,3665.0,1075.0,390.0,,55095.0,2021
Newham,E09000025,45465.0,21225.0,15165.0,6435.0,1950.0,685.0,,82350.0,2021
Southwark,E09000028,28000.0,13975.0,9000.0,3570.0,1105.0,350.0,,48970.0,2021
Tower Hamlets,E09000030,30870.0,12555.0,10410.0,5395.0,1845.0,665.0,,60540.0,2021
Camden,E09000007,14635.0,7185.0,4650.0,1845.0,660.0,290.0,,26275.0,2021
City of London,E09000001,280.0,175.0,80.0,20.0,5.0,,,425.0,2021
Hammersmith and Fulham,E09000013,12205.0,6340.0,3865.0,1340.0,445.0,215.0,,21040.0,2021
Kensington and Chelsea,E09000020,7090.0,3945.0,2210.0,690.0,185.0,60.0,,11515.0,2021
Wandsworth,E09000032,21365.0,10780.0,7005.0,2425.0,790.0,360.0,,37235.0,2021
Westminster,E09000033,12120.0,6200.0,3885.0,1480.0,435.0,115.0,,20775.0,2021
Barking and Dagenham,E09000002,34395.0,15225.0,12100.0,5050.0,1520.0,495.0,,63360.0,2021
Bexley,E09000004,27325.0,12835.0,10400.0,3160.0,715.0,215.0,,47140.0,2021
Enfield,E09000010,42465.0,20035.0,15105.0,5115.0,1520.0,685.0,5.0,75480.0,2021
Greenwich,E09000011,31580.0,15075.0,10780.0,4015.0,1220.0,485.0,,56230.0,2021
Havering,E09000016,29130.0,13990.0,10975.0,3195.0,725.0,250.0,,49765.0,2021
Redbridge,E09000026,36500.0,17335.0,12950.0,4605.0,1215.0,395.0,,64075.0,2021
Waltham Forest,E09000031,33160.0,16395.0,11480.0,3725.0,1150.0,405.0,5.0,57375.0,2021
Bromley,E09000006,30035.0,14670.0,11505.0,2965.0,700.0,190.0,,50420.0,2021
Croydon,E09000008,45875.0,22865.0,15655.0,5270.0,1550.0,530.0,5.0,79080.0,2021
Kingston upon Thames,E09000021,14075.0,7030.0,5270.0,1375.0,325.0,75.0,,23410.0,2021
Merton,E09000024,20095.0,10235.0,7070.0,2050.0,545.0,195.0,,33760.0,2021
Sutton,E09000029,22885.0,11205.0,8870.0,2230.0,475.0,110.0,,38095.0,2021
Barnet,E09000003,38365.0,19145.0,12950.0,4150.0,1320.0,795.0,10.0,67330.0,2021
Brent,E09000005,39105.0,19690.0,12520.0,4540.0,1565.0,785.0,5.0,68970.0,2021
Ealing,E09000009,38600.0,18945.0,13520.0,4350.0,1220.0,565.0,5.0,67055.0,2021
Harrow,E09000015,27990.0,14020.0,9610.0,2945.0,900.0,520.0,,48555.0,2021
Hillingdon,E09000017,34675.0,16650.0,12600.0,3905.0,1075.0,445.0,5.0,60345.0,2021
Hounslow,E09000018,32805.0,16275.0,11590.0,3515.0,1005.0,420.0,,56330.0,2021
Richmond upon Thames,E09000027,13010.0,6820.0,4815.0,1090.0,235.0,55.0,,20940.0,2021
Bracknell Forest,E06000036,12515.0,6095.0,4965.0,1145.0,245.0,60.0,,20780.0,2021
Brighton and Hove,E06000043,23980.0,12555.0,8830.0,1985.0,455.0,150.0,,38800.0,2021
Isle of Wight,E06000046,13670.0,6645.0,5045.0,1450.0,410.0,120.0,,23350.0,2021
Medway,E06000035,33790.0,15485.0,12970.0,4000.0,1025.0,305.0,,59165.0,2021
Milton Keynes,E06000042,33390.0,15590.0,12465.0,3900.0,1070.0,370.0,,58480.0,2021
Portsmouth,E06000044,22555.0,10745.0,8370.0,2505.0,670.0,260.0,,39095.0,2021
Reading,E06000038,16950.0,8280.0,6035.0,1920.0,530.0,180.0,,29220.0,2021
Slough,E06000039,21375.0,9605.0,7670.0,2815.0,935.0,350.0,,39035.0,2021
Southampton,E06000045,27095.0,12875.0,9835.0,3145.0,900.0,340.0,,47435.0,2021
West Berkshire,E06000037,14290.0,6800.0,5530.0,1475.0,370.0,115.0,,24380.0,2021
Windsor and Maidenhead,E06000040,11735.0,5765.0,4470.0,1145.0,290.0,65.0,,19640.0,2021
Wokingham,E06000041,14890.0,6965.0,6005.0,1505.0,325.0,85.0,,25255.0,2021
Buckinghamshire Council,E06000060,51520.0,24095.0,20165.0,5450.0,1330.0,480.0,,88690.0,2021
Eastbourne,E07000061,10800.0,5150.0,4110.0,1160.0,300.0,85.0,,18500.0,2021
Hastings,E07000062,10645.0,5140.0,3900.0,1120.0,345.0,140.0,,18435.0,2021
Lewes,E07000063,9865.0,4735.0,3835.0,985.0,235.0,80.0,,16700.0,2021
Rother,E07000064,8155.0,3885.0,3080.0,875.0,240.0,75.0,,14020.0,2021
Wealden,E07000065,14495.0,6610.0,5945.0,1515.0,345.0,80.0,,24865.0,2021
Basingstoke and Deane,E07000084,17855.0,8610.0,6935.0,1720.0,435.0,150.0,,30220.0,2021
East Hampshire,E07000085,11030.0,5195.0,4445.0,1070.0,255.0,70.0,,18665.0,2021
Eastleigh,E07000086,14590.0,6815.0,6015.0,1395.0,275.0,85.0,,24605.0,2021
Fareham,E07000087,10640.0,5160.0,4320.0,920.0,195.0,45.0,,17585.0,2021
Gosport,E07000088,9140.0,4390.0,3345.0,990.0,320.0,100.0,,15855.0,2021
Hart,E07000089,8365.0,3975.0,3435.0,775.0,155.0,25.0,,13935.0,2021
Havant,E07000090,12905.0,5910.0,4970.0,1455.0,395.0,175.0,,22765.0,2021
New Forest,E07000091,15430.0,7275.0,6195.0,1525.0,330.0,105.0,,26140.0,2021
Rushmoor,E07000092,11235.0,5660.0,4200.0,1035.0,260.0,75.0,,18615.0,2021
Test Valley,E07000093,12830.0,6200.0,5065.0,1225.0,260.0,80.0,,21465.0,2021
Winchester,E07000094,9810.0,4590.0,3895.0,1035.0,225.0,65.0,,16730.0,2021
Ashford,E07000105,14740.0,6835.0,5715.0,1630.0,400.0,165.0,,25635.0,2021
Canterbury,E07000106,14025.0,6505.0,5505.0,1490.0,400.0,125.0,,24245.0,2021
Dartford,E07000107,14165.0,6600.0,5605.0,1515.0,340.0,105.0,,24255.0,2021
Dover,E07000108,12275.0,5840.0,4600.0,1340.0,365.0,125.0,,21220.0,2021
Folkestone and Hythe,E07000112,11165.0,5390.0,4145.0,1155.0,335.0,140.0,,19245.0,2021
Gravesham,E07000109,13025.0,6015.0,4930.0,1605.0,355.0,115.0,,22760.0,2021
Maidstone,E07000110,19310.0,9340.0,7425.0,1930.0,465.0,150.0,,32635.0,2021
Sevenoaks,E07000111,10420.0,4835.0,4100.0,1165.0,250.0,70.0,,17895.0,2021
Swale,E07000113,17465.0,8105.0,6585.0,1970.0,580.0,225.0,,30735.0,2021
Thanet,E07000114,15995.0,7790.0,5790.0,1725.0,500.0,195.0,,27595.0,2021
Tonbridge and Malling,E07000115,13080.0,6045.0,5265.0,1345.0,310.0,110.0,,22475.0,2021
Tunbridge Wells,E07000116,10285.0,4930.0,4055.0,985.0,250.0,65.0,,17345.0,2021
Cherwell,E07000177,16900.0,8120.0,6560.0,1680.0,395.0,145.0,,28630.0,2021
Oxford,E07000178,12460.0,5890.0,4410.0,1535.0,450.0,180.0,,22060.0,2021
South Oxfordshire,E07000179,12845.0,6100.0,5165.0,1205.0,290.0,85.0,,21655.0,2021
Vale of White Horse,E07000180,13335.0,6330.0,5245.0,1370.0,305.0,90.0,,22615.0,2021
West Oxfordshire,E07000181,10910.0,5035.0,4445.0,1125.0,240.0,65.0,,18620.0,2021
Elmbridge,E07000207,9905.0,4890.0,3935.0,850.0,155.0,75.0,,16325.0,2021
Epsom and Ewell,E07000208,6775.0,3200.0,2820.0,620.0,100.0,35.0,,11290.0,2021
Guildford,E07000209,10490.0,5010.0,4190.0,980.0,240.0,65.0,,17660.0,2021
Mole Valley,E07000210,6485.0,3110.0,2595.0,600.0,130.0,45.0,,10885.0,2021
Reigate and Banstead,E07000211,13600.0,6405.0,5405.0,1400.0,330.0,60.0,,23060.0,2021
Runnymede,E07000212,7415.0,3625.0,2885.0,715.0,145.0,45.0,,12365.0,2021
Spelthorne,E07000213,10490.0,5175.0,4030.0,975.0,240.0,70.0,,17485.0,2021
Surrey Heath,E07000214,7810.0,3850.0,3060.0,720.0,145.0,40.0,,12915.0,2021
Tandridge,E07000215,7730.0,3685.0,3140.0,710.0,150.0,45.0,,12930.0,2021
Waverley,E07000216,9345.0,4365.0,3840.0,910.0,190.0,45.0,,15765.0,2021
Woking,E07000217,9060.0,4320.0,3460.0,955.0,260.0,65.0,,15490.0,2021
Adur,E07000223,6770.0,3210.0,2725.0,655.0,140.0,45.0,,11425.0,2021
Arun,E07000224,15665.0,7545.0,6015.0,1630.0,360.0,115.0,,26515.0,2021
Chichester,E07000225,10415.0,4980.0,4065.0,1045.0,245.0,75.0,,17640.0,2021
Crawley,E07000226,14450.0,6910.0,5255.0,1650.0,470.0,165.0,,25140.0,2021
Horsham,E07000227,12825.0,6010.0,5265.0,1240.0,255.0,55.0,,21570.0,2021
Mid Sussex,E07000228,13795.0,6555.0,5610.0,1315.0,250.0,65.0,,23070.0,2021
Worthing,E07000229,11535.0,5700.0,4485.0,1045.0,240.0,65.0,,19110.0,2021
Bath and North East Somerset,E06000022,16940.0,7825.0,6965.0,1710.0,340.0,105.0,,28795.0,2021
"Bristol, City of",E06000023,46435.0,21600.0,17360.0,5065.0,1610.0,795.0,5.0,82390.0,2021
Cornwall,E06000052,58885.0,27190.0,23235.0,6375.0,1560.0,520.0,5.0,101885.0,2021
Isles of Scilly,E06000053,205.0,90.0,90.0,20.0,5.0,,,345.0,2021
North Somerset,E06000024,22485.0,10600.0,9115.0,2145.0,475.0,150.0,,37955.0,2021
Plymouth,E06000026,29450.0,14145.0,11135.0,3065.0,775.0,325.0,,50500.0,2021
South Gloucestershire,E06000025,30750.0,14330.0,12655.0,2955.0,625.0,185.0,,52000.0,2021
Swindon,E06000030,27225.0,13195.0,10395.0,2680.0,690.0,260.0,,46195.0,2021
Torbay,E06000027,14485.0,6850.0,5480.0,1585.0,415.0,160.0,,25090.0,2021
Wiltshire,E06000054,50920.0,23580.0,20410.0,5355.0,1235.0,340.0,,87225.0,2021
East Devon,E07000040,13945.0,6320.0,5770.0,1440.0,330.0,90.0,,23975.0,2021
Exeter,E07000041,11765.0,5695.0,4535.0,1170.0,285.0,80.0,,19850.0,2021
Mid Devon,E07000042,8855.0,3900.0,3635.0,995.0,245.0,80.0,,15570.0,2021
North Devon,E07000043,10365.0,4645.0,4240.0,1115.0,295.0,75.0,,18045.0,2021
South Hams,E07000044,8370.0,3970.0,3355.0,825.0,175.0,45.0,,14090.0,2021
Teignbridge,E07000045,13390.0,6340.0,5295.0,1365.0,305.0,85.0,,22700.0,2021
Torridge,E07000046,6760.0,3090.0,2655.0,760.0,210.0,50.0,,11795.0,2021
West Devon,E07000047,5165.0,2365.0,2075.0,550.0,135.0,35.0,,8920.0,2021
"Bournemouth, Christchurch and Poole",E06000058,39385.0,19665.0,14960.0,3620.0,850.0,280.0,5.0,65435.0,2021
Dorset Council,E06000059,34680.0,16205.0,13880.0,3475.0,870.0,245.0,,59230.0,2021
Cheltenham,E07000078,10345.0,4940.0,4080.0,1005.0,240.0,80.0,,17510.0,2021
Cotswold,E07000079,7465.0,3590.0,2955.0,710.0,170.0,40.0,,12530.0,2021
Forest of Dean,E07000080,8590.0,3970.0,3395.0,935.0,220.0,70.0,,14815.0,2021
Gloucester,E07000081,15320.0,6920.0,6005.0,1735.0,500.0,165.0,,27030.0,2021
Stroud,E07000082,11780.0,5485.0,4810.0,1135.0,265.0,85.0,,20020.0,2021
Tewkesbury,E07000083,9895.0,4460.0,4185.0,950.0,225.0,70.0,,16965.0,2021
Blaenau Gwent / Blaenau Gwent,W06000019,8065.0,4125.0,2880.0,820.0,175.0,60.0,,13370.0,2021
Bridgend / Pen-y-bont ar Ogwr,W06000013,16410.0,8125.0,6125.0,1630.0,375.0,155.0,,27595.0,2021
Caerphilly / Caerffili,W06000018,21000.0,10155.0,7985.0,2170.0,535.0,155.0,,35610.0,2021
Cardiff / Caerdydd,W06000015,37280.0,17040.0,13860.0,4480.0,1365.0,540.0,5.0,66615.0,2021
Carmarthenshire / Sir Gaerfyrddin,W06000010,20305.0,9535.0,7725.0,2275.0,560.0,210.0,,35180.0,2021
Ceredigion / Ceredigion,W06000008,6515.0,2945.0,2545.0,760.0,200.0,65.0,,11480.0,2021
Conwy / Conwy,W06000003,11630.0,5550.0,4330.0,1290.0,320.0,135.0,,20105.0,2021
Denbighshire / Sir Ddinbych,W06000004,10455.0,4830.0,3835.0,1255.0,370.0,160.0,5.0,18665.0,2021
Flintshire / Sir y Fflint,W06000005,17425.0,8525.0,6580.0,1720.0,435.0,165.0,,29470.0,2021
Gwynedd / Gwynedd,W06000002,11785.0,5240.0,4500.0,1440.0,450.0,160.0,,21210.0,2021
Isle of Anglesey / Ynys Môn,W06000001,7070.0,3105.0,2755.0,885.0,245.0,80.0,,12700.0,2021
Merthyr Tydfil / Merthyr Tudful,W06000024,7480.0,3760.0,2740.0,730.0,185.0,60.0,,12510.0,2021
Monmouthshire / Sir Fynwy,W06000021,8550.0,4215.0,3315.0,780.0,185.0,55.0,,14210.0,2021
Neath Port Talbot / Castell-nedd Port Talbot,W06000012,16100.0,7895.0,6010.0,1635.0,405.0,150.0,,27270.0,2021
Newport / Casnewydd,W06000022,19310.0,9155.0,7140.0,2205.0,605.0,200.0,,33560.0,2021
Pembrokeshire / Sir Benfro,W06000009,12555.0,5750.0,4770.0,1520.0,370.0,145.0,,22120.0,2021
Powys / Powys,W06000023,12875.0,5760.0,5150.0,1525.0,330.0,110.0,,22550.0,2021
Rhondda Cynon Taf / Rhondda Cynon Taf,W06000016,28150.0,13915.0,10500.0,2850.0,685.0,200.0,,47285.0,2021
Swansea / Abertawe,W06000011,25610.0,12490.0,9560.0,2695.0,660.0,210.0,,43450.0,2021
Torfaen / Tor-faen,W06000020,11155.0,5505.0,4120.0,1090.0,320.0,120.0,,18935.0,2021
Vale of Glamorgan / Bro Morgannwg,W06000014,14360.0,6890.0,5625.0,1455.0,305.0,80.0,,24160.0,2021
Wrexham / Wrecsam,W06000006,15915.0,7755.0,5925.0,1665.0,410.0,160.0,,27090.0,2021
Aberdeen City,S12000033,17605.0,9735.0,6035.0,1430.0,320.0,90.0,,27855.0,2021
Aberdeenshire,S12000034,23235.0,11240.0,9235.0,2220.0,430.0,110.0,,38670.0,2021
Angus,S12000041,11375.0,5670.0,4335.0,1075.0,215.0,75.0,,18845.0,2021
Argyll and Bute,S12000035,7615.0,3675.0,2955.0,770.0,160.0,55.0,,12830.0,2021
City of Edinburgh,S12000036,40235.0,21500.0,14610.0,3285.0,635.0,200.0,,64190.0,2021
Clackmannanshire,S12000005,5625.0,2880.0,2030.0,530.0,150.0,35.0,,9335.0,2021
Dumfries and Galloway,S12000006,14460.0,6955.0,5545.0,1515.0,340.0,110.0,,24535.0,2021
Dundee City,S12000042,14785.0,7755.0,5130.0,1430.0,345.0,125.0,,24345.0,2021
East Ayrshire,S12000008,13250.0,6755.0,4860.0,1300.0,260.0,80.0,,21820.0,2021
East Dunbartonshire,S12000045,10175.0,4935.0,4160.0,920.0,135.0,30.0,,16705.0,2021
East Lothian,S12000010,11180.0,5550.0,4360.0,1005.0,220.0,50.0,,18430.0,2021
East Renfrewshire,S12000011,9395.0,4380.0,3800.0,985.0,180.0,50.0,,15920.0,2021
Falkirk,S12000014,16935.0,8905.0,6135.0,1495.0,320.0,80.0,,27370.0,2021
Fife,S12000047,38615.0,19110.0,14525.0,3850.0,840.0,285.0,,64625.0,2021
Glasgow City,S12000049,60405.0,31400.0,20330.0,6290.0,1780.0,595.0,,101285.0,2021
Highland,S12000017,22745.0,11100.0,8750.0,2220.0,515.0,165.0,,38215.0,2021
Inverclyde,S12000018,7910.0,4205.0,2805.0,745.0,120.0,35.0,,12725.0,2021
Midlothian,S12000019,10805.0,5340.0,4185.0,965.0,225.0,85.0,,17980.0,2021
Moray,S12000020,9010.0,4365.0,3470.0,890.0,205.0,75.0,5.0,15230.0,2021
Na h-Eileanan Siar,S12000013,2355.0,1120.0,920.0,245.0,55.0,15.0,,3990.0,2021
North Ayrshire,S12000021,14205.0,7290.0,5085.0,1405.0,330.0,95.0,,23490.0,2021
North Lanarkshire,S12000050,38850.0,20060.0,14020.0,3725.0,790.0,250.0,,63780.0,2021
Orkney Islands,S12000023,2005.0,880.0,790.0,250.0,65.0,15.0,,3565.0,2021
Perth and Kinross,S12000048,14135.0,7005.0,5475.0,1315.0,260.0,80.0,,23375.0,2021
Renfrewshire,S12000038,18695.0,9805.0,6805.0,1705.0,305.0,80.0,,30185.0,2021
Scottish Borders,S12000026,10935.0,5220.0,4310.0,1110.0,240.0,55.0,,18430.0,2021
Shetland Islands,S12000027,2130.0,950.0,835.0,275.0,55.0,15.0,,3740.0,2021
South Ayrshire,S12000028,10465.0,5295.0,3990.0,945.0,175.0,60.0,,17145.0,2021
South Lanarkshire,S12000029,34210.0,17585.0,12705.0,3105.0,635.0,175.0,,55825.0,2021
Stirling,S12000030,8300.0,4145.0,3220.0,750.0,145.0,40.0,,13630.0,2021
West Dunbartonshire,S12000039,9985.0,5225.0,3530.0,930.0,225.0,70.0,,16360.0,2021
West Lothian,S12000040,20555.0,10440.0,7680.0,1875.0,420.0,130.0,,33815.0,2021
Antrim and Newtownabbey,N09000001,17315.0,7800.0,6705.0,2130.0,525.0,150.0,,30520.0,2021
Ards and North Down,N09000011,17020.0,7690.0,6755.0,1995.0,465.0,115.0,,29645.0,2021
"Armagh City, Banbridge and Craigavon",N09000002,27620.0,11255.0,10635.0,4240.0,1160.0,330.0,,51660.0,2021
Belfast,N09000003,39300.0,17865.0,14490.0,5085.0,1390.0,465.0,,70220.0,2021
Causeway Coast and Glens,N09000004,16175.0,6775.0,6145.0,2405.0,640.0,205.0,,29960.0,2021
Derry City and Strabane,N09000005,19775.0,8645.0,7430.0,2805.0,715.0,185.0,,35755.0,2021
Fermanagh and Omagh,N09000006,13570.0,5170.0,4865.0,2540.0,775.0,220.0,,26805.0,2021
Lisburn and Castlereagh,N09000007,16475.0,7260.0,6585.0,2085.0,445.0,105.0,,29020.0,2021
Mid and East Antrim,N09000008,15995.0,7215.0,6265.0,1890.0,465.0,155.0,,28140.0,2021
Mid Ulster,N09000009,19130.0,7415.0,7065.0,3335.0,1045.0,270.0,,37185.0,2021
"Newry, Mourne and Down",N09000010,21960.0,8630.0,7970.0,3910.0,1160.0,285.0,,42490.0,2021
County Durham,E06000047,56440.0,28330.0,20500.0,5635.0,1430.0,535.0,,94910.0,2022
Darlington,E06000005,12355.0,5960.0,4620.0,1300.0,355.0,115.0,5.0,21160.0,2022
Hartlepool,E06000001,10990.0,5195.0,4020.0,1270.0,355.0,150.0,,19290.0,2022
Middlesbrough,E06000002,18135.0,8070.0,6455.0,2395.0,840.0,375.0,,33555.0,2022
Newcastle upon Tyne,E08000021,28960.0,13555.0,10375.0,3600.0,1045.0,375.0,,51345.0,2022
Northumberland,E06000057,31455.0,15390.0,12000.0,3125.0,725.0,220.0,,52850.0,2022
Redcar and Cleveland,E06000003,15285.0,7470.0,5515.0,1655.0,480.0,165.0,,26295.0,2022
Stockton-on-Tees,E06000004,22740.0,10815.0,8565.0,2485.0,640.0,235.0,,39235.0,2022
Gateshead,E08000037,20850.0,10470.0,7475.0,1995.0,545.0,355.0,5.0,35695.0,2022
North Tyneside,E08000022,22810.0,11565.0,8630.0,2020.0,470.0,120.0,,37400.0,2022
South Tyneside,E08000023,17000.0,8495.0,6200.0,1750.0,415.0,140.0,,28555.0,2022
Sunderland,E08000024,31120.0,15920.0,11075.0,3075.0,775.0,275.0,,51910.0,2022
Blackburn with Darwen,E06000008,20715.0,9010.0,7125.0,3085.0,1095.0,400.0,,39040.0,2022
Blackpool,E06000009,16570.0,8260.0,5750.0,1730.0,565.0,260.0,,28680.0,2022
Cheshire East,E06000049,37995.0,18630.0,14675.0,3490.0,875.0,320.0,,63695.0,2022
Cheshire West and Chester,E06000050,35375.0,17100.0,13585.0,3555.0,850.0,280.0,5.0,59880.0,2022
Halton,E06000006,15420.0,7390.0,5735.0,1660.0,450.0,185.0,,26640.0,2022
Warrington,E06000007,22320.0,11220.0,8350.0,2105.0,500.0,150.0,,37030.0,2022
Bolton,E08000001,37405.0,16690.0,13235.0,5005.0,1720.0,755.0,,69175.0,2022
Bury,E08000002,22690.0,10630.0,8230.0,2560.0,820.0,445.0,5.0,40600.0,2022
Manchester,E08000003,63840.0,27210.0,21450.0,9945.0,3610.0,1620.0,5.0,123285.0,2022
Oldham,E08000004,32325.0,14050.0,11310.0,4620.0,1740.0,600.0,,60730.0,2022
Rochdale,E08000005,29795.0,13425.0,10520.0,4080.0,1340.0,435.0,,54360.0,2022
Salford,E08000006,30680.0,14510.0,10415.0,3655.0,1225.0,855.0,20.0,56445.0,2022
Stockport,E08000007,31225.0,14980.0,12175.0,3100.0,740.0,230.0,,52850.0,2022
Tameside,E08000008,28935.0,13890.0,10390.0,3355.0,970.0,335.0,,50435.0,2022
Trafford,E08000009,24040.0,11335.0,9400.0,2505.0,620.0,185.0,,41120.0,2022
Wigan,E08000010,38640.0,19300.0,14250.0,3835.0,930.0,325.0,,64770.0,2022
Burnley,E07000117,11990.0,5500.0,4290.0,1515.0,490.0,195.0,,21645.0,2022
Chorley,E07000118,12715.0,6330.0,4855.0,1175.0,270.0,85.0,,21095.0,2022
Fylde,E07000119,7385.0,3725.0,2780.0,660.0,160.0,55.0,,12230.0,2022
Hyndburn,E07000120,10445.0,4880.0,3565.0,1340.0,475.0,190.0,,18965.0,2022
Lancaster,E07000121,14105.0,6680.0,5400.0,1500.0,395.0,130.0,,24265.0,2022
Pendle,E07000122,12120.0,5320.0,4100.0,1760.0,675.0,260.0,,22920.0,2022
Preston,E07000123,17245.0,7990.0,6215.0,2120.0,685.0,235.0,,30800.0,2022
Ribble Valley,E07000124,5840.0,2870.0,2360.0,500.0,80.0,35.0,,9590.0,2022
Rossendale,E07000125,8315.0,4035.0,3095.0,895.0,225.0,60.0,,14145.0,2022
South Ribble,E07000126,12165.0,5975.0,4725.0,1120.0,265.0,80.0,,20260.0,2022
West Lancashire,E07000127,11900.0,5835.0,4490.0,1245.0,240.0,85.0,,19990.0,2022
Wyre,E07000128,11105.0,5395.0,4280.0,1100.0,260.0,75.0,,18680.0,2022
Knowsley,E08000011,20105.0,9665.0,7450.0,2205.0,595.0,190.0,,34570.0,2022
Liverpool,E08000012,52615.0,25210.0,19045.0,6015.0,1675.0,665.0,,91720.0,2022
Sefton,E08000014,28845.0,14040.0,10890.0,2970.0,735.0,205.0,,48830.0,2022
St. Helens,E08000013,20985.0,10585.0,7575.0,2090.0,535.0,195.0,,35235.0,2022
Wirral,E08000015,35100.0,16635.0,13270.0,3855.0,1000.0,340.0,5.0,60600.0,2022
East Riding of Yorkshire,E06000011,33260.0,16270.0,12895.0,3145.0,725.0,225.0,,55595.0,2022
"Kingston upon Hull, City of",E06000010,33505.0,15930.0,12120.0,3865.0,1140.0,450.0,,58760.0,2022
North East Lincolnshire,E06000012,18475.0,8670.0,6825.0,2125.0,590.0,265.0,,32500.0,2022
North Lincolnshire,E06000013,18945.0,9165.0,6860.0,2100.0,590.0,230.0,,32810.0,2022
York,E06000014,17595.0,8690.0,6910.0,1530.0,350.0,115.0,,29120.0,2022
Barnsley,E08000016,29355.0,14635.0,10670.0,3045.0,745.0,255.0,,49515.0,2022
Doncaster,E08000017,36880.0,17920.0,13460.0,4025.0,1095.0,375.0,5.0,63335.0,2022
Rotherham,E08000018,31775.0,14975.0,11940.0,3565.0,920.0,370.0,,55220.0,2022
Sheffield,E08000019,59150.0,27165.0,21820.0,7060.0,2235.0,870.0,,105630.0,2022
Bradford,E08000032,71200.0,29830.0,24950.0,10780.0,4060.0,1580.0,5.0,136820.0,2022
Calderdale,E08000033,24125.0,11320.0,8850.0,2825.0,805.0,325.0,,42460.0,2022
Kirklees,E08000034,51850.0,23615.0,19150.0,6435.0,2000.0,655.0,,92720.0,2022
Leeds,E08000035,87565.0,40555.0,32630.0,10155.0,3035.0,1190.0,5.0,154960.0,2022
Wakefield,E08000036,41740.0,20435.0,15390.0,4290.0,1195.0,425.0,5.0,71210.0,2022
Derby,E06000015,30690.0,13860.0,11250.0,3860.0,1230.0,490.0,,55550.0,2022
Leicester,E06000016,45635.0,20435.0,16195.0,6020.0,2060.0,915.0,5.0,84195.0,2022
North Northamptonshire,E06000061,42315.0,20385.0,15865.0,4530.0,1145.0,390.0,,72400.0,2022
Nottingham,E06000018,35525.0,15940.0,12465.0,4885.0,1600.0,635.0,5.0,65365.0,2022
Rutland,E06000017,3220.0,1455.0,1360.0,315.0,70.0,20.0,,5500.0,2022
West Northamptonshire,E06000062,47370.0,22990.0,17940.0,4785.0,1245.0,415.0,,80465.0,2022
Amber Valley,E07000032,13165.0,6640.0,4935.0,1205.0,280.0,105.0,,21810.0,2022
Bolsover,E07000033,9160.0,4580.0,3320.0,915.0,260.0,85.0,,15455.0,2022
Chesterfield,E07000034,11120.0,5475.0,4125.0,1130.0,275.0,110.0,,18815.0,2022
Derbyshire Dales,E07000035,6100.0,2925.0,2430.0,590.0,120.0,35.0,,10235.0,2022
Erewash,E07000036,12210.0,6125.0,4570.0,1160.0,260.0,95.0,,20300.0,2022
High Peak,E07000037,9445.0,4585.0,3740.0,875.0,175.0,65.0,,15745.0,2022
North East Derbyshire,E07000038,10595.0,5235.0,4095.0,985.0,210.0,65.0,,17575.0,2022
South Derbyshire,E07000039,12205.0,5965.0,4670.0,1190.0,285.0,100.0,,20525.0,2022
Blaby,E07000129,11610.0,5510.0,4690.0,1100.0,240.0,70.0,,19520.0,2022
Charnwood,E07000130,18315.0,8730.0,7235.0,1790.0,410.0,145.0,,30980.0,2022
Harborough,E07000131,9315.0,4505.0,3720.0,890.0,165.0,35.0,,15470.0,2022
Hinckley and Bosworth,E07000132,12045.0,5930.0,4685.0,1120.0,235.0,75.0,,20035.0,2022
Melton,E07000133,5215.0,2480.0,2000.0,580.0,120.0,35.0,,8895.0,2022
North West Leicestershire,E07000134,11235.0,5545.0,4265.0,1050.0,270.0,105.0,,18875.0,2022
Oadby and Wigston,E07000135,6245.0,2875.0,2490.0,680.0,145.0,55.0,,10775.0,2022
Boston,E07000136,8685.0,4345.0,3180.0,885.0,205.0,70.0,,14575.0,2022
East Lindsey,E07000137,13445.0,6440.0,4840.0,1585.0,410.0,170.0,,23465.0,2022
Lincoln,E07000138,10410.0,5165.0,3715.0,1110.0,285.0,130.0,,17790.0,2022
North Kesteven,E07000139,12315.0,5910.0,4885.0,1175.0,270.0,80.0,,20700.0,2022
South Holland,E07000140,10390.0,5125.0,3825.0,1030.0,300.0,110.0,,17660.0,2022
South Kesteven,E07000141,14825.0,7115.0,5760.0,1485.0,340.0,130.0,,25125.0,2022
West Lindsey,E07000142,9720.0,4550.0,3750.0,1020.0,295.0,110.0,,16890.0,2022
Ashfield,E07000170,14925.0,7225.0,5520.0,1565.0,440.0,175.0,,25655.0,2022
Bassetlaw,E07000171,13020.0,6345.0,4865.0,1355.0,335.0,120.0,,22140.0,2022
Broxtowe,E07000172,10900.0,5265.0,4280.0,1025.0,240.0,85.0,,18320.0,2022
Gedling,E07000173,12885.0,6285.0,5090.0,1185.0,240.0,85.0,,21435.0,2022
Mansfield,E07000174,13230.0,6580.0,4855.0,1300.0,380.0,120.0,,22335.0,2022
Newark and Sherwood,E07000175,12965.0,6220.0,4955.0,1330.0,340.0,120.0,,22145.0,2022
Rushcliffe,E07000176,10645.0,5055.0,4455.0,920.0,175.0,35.0,,17620.0,2022
"Herefordshire, County of",E06000019,18375.0,8805.0,7120.0,1885.0,435.0,135.0,,31160.0,2022
Shropshire,E06000051,30310.0,14335.0,11860.0,3075.0,800.0,240.0,,51770.0,2022
Stoke-on-Trent,E06000021,32115.0,14845.0,11195.0,4090.0,1395.0,585.0,5.0,58325.0,2022
Telford and Wrekin,E06000020,22105.0,10300.0,7945.0,2635.0,845.0,385.0,,39590.0,2022
Cannock Chase,E07000192,11555.0,5730.0,4285.0,1185.0,265.0,90.0,,19395.0,2022
East Staffordshire,E07000193,14080.0,6645.0,5175.0,1590.0,460.0,205.0,,24725.0,2022
Lichfield,E07000194,10355.0,5115.0,3990.0,945.0,235.0,65.0,,17235.0,2022
Newcastle-under-Lyme,E07000195,12675.0,6265.0,4650.0,1335.0,305.0,120.0,,21440.0,2022
South Staffordshire,E07000196,10570.0,5180.0,4150.0,985.0,210.0,50.0,,17530.0,2022
Stafford,E07000197,13730.0,6690.0,5285.0,1345.0,295.0,115.0,,23095.0,2022
Staffordshire Moorlands,E07000198,9380.0,4525.0,3625.0,955.0,215.0,60.0,,15815.0,2022
Tamworth,E07000199,9325.0,4530.0,3455.0,980.0,250.0,110.0,,15985.0,2022
North Warwickshire,E07000218,7080.0,3470.0,2735.0,665.0,155.0,60.0,,11850.0,2022
Nuneaton and Bedworth,E07000219,16360.0,8080.0,5950.0,1715.0,470.0,145.0,,27790.0,2022
Rugby,E07000220,12565.0,6240.0,4790.0,1200.0,270.0,70.0,,20885.0,2022
Stratford-on-Avon,E07000221,11960.0,5840.0,4765.0,1040.0,235.0,80.0,,19850.0,2022
Warwick,E07000222,12430.0,6185.0,4905.0,1045.0,215.0,75.0,,20415.0,2022
Birmingham,E08000025,140920.0,58820.0,47650.0,21695.0,8730.0,4000.0,25.0,276195.0,2022
Coventry,E08000026,40555.0,18500.0,14750.0,5120.0,1560.0,625.0,,73000.0,2022
Dudley,E08000027,37445.0,17615.0,13880.0,4185.0,1305.0,460.0,,65645.0,2022
Sandwell,E08000028,45170.0,20075.0,16330.0,5980.0,2000.0,785.0,,82960.0,2022
Solihull,E08000029,21980.0,10075.0,8605.0,2480.0,610.0,205.0,,38270.0,2022
Walsall,E08000030,36330.0,15865.0,13210.0,4970.0,1635.0,650.0,,67260.0,2022
Wolverhampton,E08000031,34390.0,15625.0,12685.0,4300.0,1280.0,500.0,5.0,61745.0,2022
Bromsgrove,E07000234,9535.0,4490.0,3900.0,890.0,190.0,65.0,,16060.0,2022
Malvern Hills,E07000235,7100.0,3495.0,2705.0,720.0,135.0,45.0,,11835.0,2022
Redditch,E07000236,10395.0,5035.0,3880.0,1085.0,300.0,100.0,,17775.0,2022
Worcester,E07000237,11055.0,5440.0,4095.0,1130.0,270.0,115.0,,18745.0,2022
Wychavon,E07000238,12965.0,6420.0,4975.0,1230.0,260.0,85.0,,21530.0,2022
Wyre Forest,E07000239,10480.0,4995.0,3965.0,1125.0,300.0,95.0,,18015.0,2022
Bedford,E06000055,20760.0,9710.0,7885.0,2345.0,620.0,200.0,,36080.0,2022
Central Bedfordshire,E06000056,31800.0,15050.0,12750.0,3085.0,665.0,245.0,,53835.0,2022
Luton,E06000032,30020.0,12970.0,10340.0,4505.0,1625.0,580.0,,56790.0,2022
Peterborough,E06000031,28560.0,13240.0,10390.0,3405.0,1115.0,410.0,,50935.0,2022
Southend-on-Sea,E06000033,18870.0,9135.0,6940.0,2065.0,525.0,200.0,5.0,32455.0,2022
Thurrock,E06000034,23495.0,10925.0,8810.0,2875.0,690.0,195.0,,40990.0,2022
Cambridge,E07000008,8960.0,4410.0,3255.0,975.0,220.0,100.0,,15255.0,2022
East Cambridgeshire,E07000009,8785.0,4165.0,3550.0,845.0,175.0,50.0,,14780.0,2022
Fenland,E07000010,11465.0,5575.0,4265.0,1200.0,320.0,105.0,,19550.0,2022
Huntingdonshire,E07000011,18045.0,8650.0,7160.0,1685.0,405.0,140.0,,30420.0,2022
South Cambridgeshire,E07000012,14845.0,6955.0,5995.0,1485.0,315.0,90.0,,25170.0,2022
Basildon,E07000066,21525.0,9990.0,8165.0,2455.0,670.0,245.0,,37705.0,2022
Braintree,E07000067,16245.0,7675.0,6320.0,1695.0,410.0,140.0,,27815.0,2022
Brentwood,E07000068,6120.0,3030.0,2390.0,550.0,120.0,30.0,,10085.0,2022
Castle Point,E07000069,8540.0,3990.0,3365.0,875.0,205.0,100.0,,14765.0,2022
Chelmsford,E07000070,16420.0,7785.0,6565.0,1610.0,345.0,120.0,,27760.0,2022
Colchester,E07000071,20345.0,9605.0,7955.0,2120.0,485.0,180.0,,34795.0,2022
Epping Forest,E07000072,12190.0,6085.0,4625.0,1160.0,255.0,65.0,,20205.0,2022
Harlow,E07000073,12265.0,5815.0,4570.0,1430.0,320.0,125.0,,21225.0,2022
Maldon,E07000074,5955.0,2790.0,2425.0,595.0,120.0,25.0,,10040.0,2022
Rochford,E07000075,7895.0,3765.0,3180.0,755.0,155.0,40.0,,13230.0,2022
Tendring,E07000076,14675.0,6760.0,5500.0,1730.0,495.0,190.0,,25975.0,2022
Uttlesford,E07000077,8120.0,3805.0,3330.0,785.0,170.0,35.0,,13675.0,2022
Broxbourne,E07000095,11370.0,5560.0,4360.0,1150.0,240.0,55.0,,18990.0,2022
Dacorum,E07000096,15370.0,7325.0,5970.0,1560.0,400.0,115.0,,26165.0,2022
East Hertfordshire,E07000242,13320.0,6510.0,5360.0,1160.0,240.0,50.0,,21940.0,2022
Hertsmere,E07000098,10480.0,5105.0,4050.0,1025.0,210.0,85.0,,17605.0,2022
North Hertfordshire,E07000099,12160.0,5800.0,4815.0,1185.0,260.0,100.0,,20560.0,2022
St Albans,E07000240,11015.0,5105.0,4430.0,1125.0,265.0,90.0,,18870.0,2022
Stevenage,E07000243,10335.0,4820.0,3915.0,1170.0,300.0,125.0,,18040.0,2022
Three Rivers,E07000102,8485.0,4135.0,3325.0,785.0,185.0,55.0,,14185.0,2022
Watford,E07000103,11275.0,5615.0,4105.0,1175.0,285.0,95.0,,18990.0,2022
Welwyn Hatfield,E07000241,11625.0,5590.0,4455.0,1190.0,305.0,90.0,,19755.0,2022
Breckland,E07000143,14465.0,6800.0,5615.0,1495.0,385.0,165.0,,24955.0,2022
Broadland,E07000144,13240.0,6325.0,5485.0,1165.0,200.0,60.0,,21925.0,2022
Great Yarmouth,E07000145,11075.0,5415.0,3910.0,1245.0,360.0,145.0,,19205.0,2022
King's Lynn and West Norfolk,E07000146,15355.0,7255.0,5935.0,1590.0,415.0,165.0,,26445.0,2022
North Norfolk,E07000147,8590.0,4090.0,3290.0,930.0,200.0,85.0,,14700.0,2022
Norwich,E07000148,13905.0,6825.0,4985.0,1455.0,475.0,165.0,,23950.0,2022
South Norfolk,E07000149,14360.0,6760.0,5880.0,1360.0,280.0,75.0,,24160.0,2022
Babergh,E07000200,8690.0,4060.0,3495.0,875.0,195.0,65.0,,14820.0,2022
East Suffolk,E07000244,23395.0,10835.0,9040.0,2650.0,660.0,215.0,,40670.0,2022
Ipswich,E07000202,16985.0,7865.0,6390.0,1980.0,545.0,210.0,,29880.0,2022
Mid Suffolk,E07000203,9860.0,4605.0,4005.0,975.0,205.0,65.0,,16725.0,2022
West Suffolk,E07000245,17220.0,8310.0,6620.0,1745.0,390.0,155.0,,29200.0,2022
Hackney,E09000012,27215.0,12660.0,8190.0,3470.0,1440.0,1405.0,40.0,54080.0,2022
Haringey,E09000014,26585.0,13960.0,8530.0,2625.0,815.0,645.0,10.0,46050.0,2022
Islington,E09000019,16935.0,8375.0,5670.0,1945.0,650.0,300.0,,29790.0,2022
Lambeth,E09000022,26005.0,13595.0,8215.0,2895.0,925.0,370.0,5.0,44470.0,2022
Lewisham,E09000023,31110.0,16010.0,10230.0,3485.0,1005.0,380.0,,52970.0,2022
Newham,E09000025,44835.0,20850.0,15015.0,6370.0,1935.0,660.0,,81270.0,2022
Southwark,E09000028,27100.0,13535.0,8730.0,3430.0,1055.0,345.0,,47360.0,2022
Tower Hamlets,E09000030,30975.0,12690.0,10520.0,5405.0,1735.0,625.0,,60245.0,2022
Camden,E09000007,14225.0,7090.0,4520.0,1745.0,590.0,280.0,,25270.0,2022
City of London,E09000001,330.0,185.0,85.0,25.0,15.0,15.0,,585.0,2022
Hammersmith and Fulham,E09000013,11915.0,6200.0,3780.0,1285.0,440.0,210.0,,20525.0,2022
Kensington and Chelsea,E09000020,6885.0,3865.0,2095.0,660.0,190.0,70.0,,11220.0,2022
Wandsworth,E09000032,20520.0,10365.0,6680.0,2355.0,770.0,345.0,,35795.0,2022
Westminster,E09000033,11760.0,6020.0,3825.0,1365.0,440.0,115.0,,20115.0,2022
Barking and Dagenham,E09000002,33930.0,15050.0,11960.0,4995.0,1470.0,455.0,,62330.0,2022
Bexley,E09000004,26760.0,12710.0,10155.0,2970.0,730.0,200.0,,45930.0,2022
Enfield,E09000010,41385.0,19690.0,14615.0,4960.0,1460.0,650.0,,73280.0,2022
Greenwich,E09000011,30930.0,14740.0,10560.0,3935.0,1225.0,465.0,,55110.0,2022
Havering,E09000016,29030.0,13855.0,11015.0,3180.0,720.0,260.0,,49710.0,2022
Redbridge,E09000026,35670.0,17055.0,12615.0,4460.0,1165.0,370.0,,62385.0,2022
Waltham Forest,E09000031,32090.0,15915.0,11040.0,3645.0,1095.0,390.0,5.0,55465.0,2022
Bromley,E09000006,28865.0,14180.0,11080.0,2755.0,660.0,185.0,,48285.0,2022
Croydon,E09000008,44750.0,22310.0,15290.0,5105.0,1530.0,510.0,,77120.0,2022
Kingston upon Thames,E09000021,13685.0,6920.0,5090.0,1315.0,295.0,70.0,,22590.0,2022
Merton,E09000024,19495.0,9885.0,6870.0,2040.0,515.0,185.0,,32800.0,2022
Sutton,E09000029,22225.0,10860.0,8660.0,2145.0,460.0,100.0,,36980.0,2022
Barnet,E09000003,37670.0,18910.0,12715.0,4010.0,1245.0,785.0,5.0,65815.0,2022
Brent,E09000005,38330.0,19200.0,12375.0,4410.0,1540.0,800.0,5.0,67800.0,2022
Ealing,E09000009,37785.0,18670.0,13195.0,4185.0,1175.0,560.0,5.0,65385.0,2022
Harrow,E09000015,27095.0,13635.0,9240.0,2835.0,865.0,520.0,,46975.0,2022
Hillingdon,E09000017,33940.0,16345.0,12280.0,3805.0,1065.0,445.0,5.0,59060.0,2022
Hounslow,E09000018,32230.0,15965.0,11410.0,3460.0,985.0,405.0,,55340.0,2022
Richmond upon Thames,E09000027,12455.0,6590.0,4550.0,1030.0,230.0,50.0,,19970.0,2022
Bracknell Forest,E06000036,12365.0,6075.0,4860.0,1135.0,230.0,65.0,,20460.0,2022
Brighton and Hove,E06000043,23295.0,12230.0,8590.0,1875.0,460.0,140.0,,37635.0,2022
Isle of Wight,E06000046,13470.0,6560.0,4995.0,1410.0,390.0,115.0,,22950.0,2022
Medway,E06000035,33665.0,15505.0,12860.0,3970.0,1005.0,325.0,,58895.0,2022
Milton Keynes,E06000042,33030.0,15525.0,12300.0,3785.0,1030.0,385.0,,57705.0,2022
Portsmouth,E06000044,22265.0,10685.0,8270.0,2405.0,660.0,240.0,,38395.0,2022
Reading,E06000038,16685.0,8170.0,5945.0,1885.0,500.0,180.0,,28710.0,2022
Slough,E06000039,20980.0,9460.0,7600.0,2660.0,935.0,325.0,,38180.0,2022
Southampton,E06000045,26715.0,12720.0,9680.0,3120.0,860.0,340.0,,46710.0,2022
West Berkshire,E06000037,14055.0,6685.0,5440.0,1450.0,350.0,130.0,,24010.0,2022
Windsor and Maidenhead,E06000040,11375.0,5645.0,4290.0,1105.0,270.0,65.0,,18960.0,2022
Wokingham,E06000041,14660.0,6895.0,5900.0,1465.0,310.0,85.0,,24805.0,2022
Buckinghamshire Council,E06000060,51120.0,23945.0,20080.0,5325.0,1340.0,430.0,,87785.0,2022
Eastbourne,E07000061,10715.0,5125.0,4085.0,1110.0,300.0,90.0,,18330.0,2022
Hastings,E07000062,10460.0,5055.0,3810.0,1120.0,345.0,130.0,,18145.0,2022
Lewes,E07000063,9700.0,4625.0,3835.0,950.0,215.0,75.0,,16400.0,2022
Rother,E07000064,8125.0,3905.0,3055.0,850.0,245.0,70.0,,13930.0,2022
Wealden,E07000065,14640.0,6775.0,5950.0,1510.0,310.0,95.0,,24950.0,2022
Basingstoke and Deane,E07000084,17700.0,8595.0,6855.0,1670.0,435.0,150.0,,29865.0,2022
East Hampshire,E07000085,10945.0,5170.0,4455.0,1025.0,235.0,65.0,,18430.0,2022
Eastleigh,E07000086,14655.0,6930.0,5955.0,1405.0,280.0,85.0,,24630.0,2022
Fareham,E07000087,10370.0,4970.0,4260.0,905.0,185.0,45.0,,17215.0,2022
Gosport,E07000088,9070.0,4340.0,3370.0,970.0,300.0,90.0,,15675.0,2022
Hart,E07000089,8115.0,3905.0,3295.0,745.0,140.0,30.0,,13455.0,2022
Havant,E07000090,12795.0,5850.0,4970.0,1420.0,385.0,170.0,,22535.0,2022
New Forest,E07000091,15130.0,7220.0,5990.0,1485.0,340.0,100.0,,25540.0,2022
Rushmoor,E07000092,11140.0,5655.0,4115.0,1030.0,270.0,65.0,,18420.0,2022
Test Valley,E07000093,12825.0,6245.0,5060.0,1175.0,275.0,70.0,,21365.0,2022
Winchester,E07000094,9935.0,4720.0,3900.0,1010.0,240.0,65.0,,16860.0,2022
Ashford,E07000105,14650.0,6795.0,5685.0,1595.0,400.0,170.0,,25490.0,2022
Canterbury,E07000106,13950.0,6505.0,5440.0,1480.0,395.0,130.0,,24125.0,2022
Dartford,E07000107,14075.0,6565.0,5550.0,1515.0,335.0,105.0,,24110.0,2022
Dover,E07000108,12355.0,5990.0,4535.0,1340.0,370.0,115.0,,21205.0,2022
Folkestone and Hythe,E07000112,11080.0,5395.0,4120.0,1120.0,315.0,130.0,,18970.0,2022
Gravesham,E07000109,12840.0,5890.0,4890.0,1585.0,345.0,130.0,,22505.0,2022
Maidstone,E07000110,19385.0,9320.0,7490.0,1940.0,485.0,150.0,,32855.0,2022
Sevenoaks,E07000111,10345.0,4865.0,4050.0,1120.0,240.0,70.0,,17665.0,2022
Swale,E07000113,17530.0,8130.0,6675.0,1940.0,565.0,220.0,,30770.0,2022
Thanet,E07000114,15830.0,7715.0,5780.0,1675.0,470.0,190.0,,27205.0,2022
Tonbridge and Malling,E07000115,12765.0,5920.0,5135.0,1300.0,295.0,115.0,,21900.0,2022
Tunbridge Wells,E07000116,10110.0,4890.0,3945.0,965.0,250.0,60.0,,17000.0,2022
Cherwell,E07000177,16850.0,8100.0,6535.0,1670.0,400.0,140.0,,28545.0,2022
Oxford,E07000178,12105.0,5755.0,4270.0,1480.0,435.0,165.0,,21350.0,2022
South Oxfordshire,E07000179,12650.0,6025.0,5105.0,1170.0,265.0,80.0,,21250.0,2022
Vale of White Horse,E07000180,13420.0,6430.0,5250.0,1345.0,305.0,90.0,,22670.0,2022
West Oxfordshire,E07000181,10900.0,5105.0,4390.0,1100.0,245.0,65.0,,18500.0,2022
Elmbridge,E07000207,9560.0,4770.0,3725.0,840.0,150.0,75.0,,15750.0,2022
Epsom and Ewell,E07000208,6575.0,3185.0,2675.0,580.0,100.0,35.0,,10860.0,2022
Guildford,E07000209,10415.0,5070.0,4075.0,985.0,220.0,65.0,,17425.0,2022
Mole Valley,E07000210,6335.0,3050.0,2540.0,570.0,130.0,45.0,,10600.0,2022
Reigate and Banstead,E07000211,13355.0,6325.0,5300.0,1355.0,310.0,65.0,,22565.0,2022
Runnymede,E07000212,7255.0,3560.0,2800.0,680.0,170.0,45.0,,12105.0,2022
Spelthorne,E07000213,10380.0,5130.0,3965.0,980.0,245.0,60.0,,17300.0,2022
Surrey Heath,E07000214,7545.0,3680.0,3000.0,695.0,130.0,40.0,,12490.0,2022
Tandridge,E07000215,7610.0,3625.0,3045.0,730.0,150.0,60.0,,12835.0,2022
Waverley,E07000216,9230.0,4440.0,3705.0,865.0,175.0,45.0,,15395.0,2022
Woking,E07000217,8850.0,4230.0,3380.0,930.0,245.0,60.0,,15080.0,2022
Adur,E07000223,6740.0,3230.0,2720.0,610.0,140.0,40.0,,11280.0,2022
Arun,E07000224,15600.0,7560.0,5990.0,1585.0,360.0,105.0,,26305.0,2022
Chichester,E07000225,10470.0,5020.0,4095.0,1030.0,250.0,75.0,,17695.0,2022
Crawley,E07000226,14500.0,6915.0,5300.0,1635.0,475.0,180.0,,25290.0,2022
Horsham,E07000227,12715.0,6020.0,5195.0,1195.0,245.0,55.0,,21290.0,2022
Mid Sussex,E07000228,13665.0,6485.0,5590.0,1270.0,250.0,70.0,,22855.0,2022
Worthing,E07000229,11345.0,5655.0,4375.0,1025.0,220.0,70.0,,18725.0,2022
Bath and North East Somerset,E06000022,16675.0,7710.0,6890.0,1635.0,335.0,105.0,,28295.0,2022
"Bristol, City of",E06000023,45670.0,21340.0,17030.0,4945.0,1570.0,775.0,10.0,80870.0,2022
Cornwall,E06000052,58575.0,27070.0,23285.0,6225.0,1500.0,495.0,5.0,101005.0,2022
Isles of Scilly,E06000053,205.0,90.0,85.0,20.0,5.0,,,345.0,2022
North Somerset,E06000024,22275.0,10605.0,8950.0,2110.0,475.0,135.0,,37455.0,2022
Plymouth,E06000026,29190.0,14045.0,11140.0,2960.0,750.0,295.0,,49810.0,2022
South Gloucestershire,E06000025,30315.0,14070.0,12550.0,2910.0,585.0,195.0,,51285.0,2022
Swindon,E06000030,27030.0,13045.0,10405.0,2660.0,660.0,255.0,,45860.0,2022
Torbay,E06000027,14290.0,6690.0,5495.0,1550.0,405.0,145.0,,24755.0,2022
Wiltshire,E06000054,50305.0,23435.0,20110.0,5220.0,1195.0,345.0,,85945.0,2022
East Devon,E07000040,14010.0,6345.0,5835.0,1430.0,310.0,95.0,,24045.0,2022
Exeter,E07000041,11670.0,5660.0,4505.0,1160.0,265.0,85.0,,19650.0,2022
Mid Devon,E07000042,8810.0,3930.0,3640.0,935.0,230.0,75.0,,15325.0,2022
North Devon,E07000043,10350.0,4695.0,4205.0,1100.0,275.0,70.0,,17905.0,2022
South Hams,E07000044,8290.0,3925.0,3365.0,805.0,155.0,40.0,,13905.0,2022
Teignbridge,E07000045,13290.0,6305.0,5260.0,1340.0,315.0,70.0,,22490.0,2022
Torridge,E07000046,6675.0,3065.0,2605.0,760.0,190.0,50.0,,11620.0,2022
West Devon,E07000047,5165.0,2390.0,2075.0,535.0,130.0,35.0,,8885.0,2022
"Bournemouth, Christchurch and Poole",E06000058,38675.0,19205.0,14780.0,3580.0,830.0,280.0,5.0,64390.0,2022
Dorset Council,E06000059,34505.0,16135.0,13885.0,3395.0,845.0,250.0,,58815.0,2022
Cheltenham,E07000078,10255.0,4980.0,3995.0,990.0,215.0,75.0,,17210.0,2022
Cotswold,E07000079,7240.0,3440.0,2905.0,685.0,175.0,35.0,,12205.0,2022
Forest of Dean,E07000080,8560.0,3980.0,3400.0,885.0,230.0,65.0,,14710.0,2022
Gloucester,E07000081,15155.0,6875.0,5930.0,1705.0,485.0,155.0,,26665.0,2022
Stroud,E07000082,11805.0,5575.0,4820.0,1080.0,255.0,75.0,,19870.0,2022
Tewkesbury,E07000083,9910.0,4520.0,4130.0,955.0,240.0,65.0,,16965.0,2022
Antrim and Newtownabbey,N09000001,17100.0,7700.0,6665.0,2090.0,500.0,145.0,,30085.0,2022
Ards and North Down,N09000011,16850.0,7710.0,6640.0,1945.0,450.0,105.0,,29185.0,2022
"Armagh City, Banbridge and Craigavon",N09000002,27430.0,11115.0,10665.0,4185.0,1160.0,300.0,,51280.0,2022
Belfast,N09000003,38660.0,17610.0,14270.0,4980.0,1335.0,460.0,,68950.0,2022
Causeway Coast and Glens,N09000004,15955.0,6655.0,6080.0,2395.0,630.0,195.0,,29580.0,2022
Derry City and Strabane,N09000005,19655.0,8590.0,7440.0,2730.0,720.0,175.0,,35485.0,2022
Fermanagh and Omagh,N09000006,13435.0,5065.0,4970.0,2455.0,745.0,200.0,,26440.0,2022
Lisburn and Castlereagh,N09000007,16280.0,7160.0,6580.0,1995.0,450.0,100.0,,28635.0,2022
Mid and East Antrim,N09000008,15825.0,7185.0,6170.0,1865.0,450.0,150.0,,27760.0,2022
Mid Ulster,N09000009,19035.0,7420.0,6985.0,3335.0,1020.0,275.0,,36950.0,2022
"Newry, Mourne and Down",N09000010,21765.0,8565.0,7960.0,3845.0,1100.0,295.0,,42015.0,2022
Aberdeen City,S12000033,17580.0,9685.0,6030.0,1465.0,310.0,85.0,,27850.0,2022
Aberdeenshire,S12000034,22960.0,11035.0,9245.0,2145.0,435.0,100.0,,38230.0,2022
Angus,S12000041,11220.0,5605.0,4260.0,1065.0,210.0,80.0,,18590.0,2022
Argyll and Bute,S12000035,7510.0,3615.0,2925.0,760.0,165.0,50.0,,12650.0,2022
City of Edinburgh,S12000036,39560.0,21140.0,14310.0,3265.0,640.0,200.0,,63190.0,2022
Clackmannanshire,S12000005,5590.0,2870.0,2035.0,505.0,140.0,40.0,,9240.0,2022
Dumfries and Galloway,S12000006,14405.0,6975.0,5460.0,1545.0,325.0,100.0,,24385.0,2022
Dundee City,S12000042,14615.0,7650.0,5125.0,1390.0,330.0,120.0,,24025.0,2022
East Ayrshire,S12000008,13125.0,6700.0,4800.0,1285.0,250.0,95.0,,21640.0,2022
East Dunbartonshire,S12000045,10040.0,4865.0,4105.0,900.0,135.0,35.0,,16510.0,2022
East Lothian,S12000010,11180.0,5565.0,4385.0,965.0,210.0,55.0,,18375.0,2022
East Renfrewshire,S12000011,9295.0,4310.0,3795.0,970.0,175.0,45.0,,15745.0,2022
Falkirk,S12000014,16640.0,8720.0,6065.0,1470.0,300.0,85.0,,26925.0,2022
Fife,S12000047,38205.0,19130.0,14280.0,3700.0,820.0,275.0,,63555.0,2022
Glasgow City,S12000049,59440.0,30590.0,20330.0,6200.0,1715.0,605.0,5.0,99965.0,2022
Highland,S12000017,22555.0,11030.0,8635.0,2225.0,510.0,155.0,,37860.0,2022
Inverclyde,S12000018,7825.0,4130.0,2810.0,730.0,110.0,40.0,,12605.0,2022
Midlothian,S12000019,10835.0,5375.0,4200.0,955.0,220.0,85.0,,17975.0,2022
Moray,S12000020,8995.0,4350.0,3480.0,895.0,195.0,75.0,5.0,15215.0,2022
Na h-Eileanan Siar,S12000013,2335.0,1115.0,915.0,235.0,55.0,20.0,,3965.0,2022
North Ayrshire,S12000021,14120.0,7295.0,5045.0,1360.0,325.0,100.0,,23285.0,2022
North Lanarkshire,S12000050,38175.0,19680.0,13895.0,3565.0,805.0,230.0,,62635.0,2022
Orkney Islands,S12000023,1990.0,870.0,795.0,250.0,60.0,15.0,,3530.0,2022
Perth and Kinross,S12000048,14025.0,7010.0,5415.0,1270.0,250.0,75.0,,23075.0,2022
Renfrewshire,S12000038,18645.0,9830.0,6765.0,1680.0,290.0,75.0,,29995.0,2022
Scottish Borders,S12000026,10775.0,5175.0,4250.0,1065.0,225.0,55.0,,18085.0,2022
Shetland Islands,S12000027,2110.0,930.0,850.0,265.0,55.0,15.0,,3710.0,2022
South Ayrshire,S12000028,10290.0,5195.0,3945.0,920.0,170.0,60.0,,16870.0,2022
South Lanarkshire,S12000029,34005.0,17455.0,12680.0,3050.0,630.0,185.0,,55500.0,2022
Stirling,S12000030,8190.0,4090.0,3210.0,720.0,135.0,40.0,,13415.0,2022
West Dunbartonshire,S12000039,9820.0,5150.0,3450.0,915.0,230.0,70.0,,16100.0,2022
West Lothian,S12000040,20375.0,10370.0,7605.0,1870.0,410.0,120.0,,33475.0,2022
Blaenau Gwent / Blaenau Gwent,W06000019,8045.0,4105.0,2900.0,805.0,180.0,60.0,,13330.0,2022
Bridgend / Pen-y-bont ar Ogwr,W06000013,16305.0,8100.0,6130.0,1555.0,380.0,140.0,,27315.0,2022
Caerphilly / Caerffili,W06000018,20780.0,10065.0,7955.0,2080.0,540.0,140.0,,35125.0,2022
Cardiff / Caerdydd,W06000015,36855.0,16885.0,13825.0,4295.0,1315.0,530.0,5.0,65600.0,2022
Carmarthenshire / Sir Gaerfyrddin,W06000010,20195.0,9430.0,7800.0,2210.0,550.0,205.0,,34965.0,2022
Ceredigion / Ceredigion,W06000008,6530.0,2960.0,2560.0,755.0,190.0,65.0,,11455.0,2022
Conwy / Conwy,W06000003,11515.0,5495.0,4320.0,1260.0,310.0,130.0,,19860.0,2022
Denbighshire / Sir Ddinbych,W06000004,10395.0,4740.0,3860.0,1265.0,370.0,155.0,5.0,18630.0,2022
Flintshire / Sir y Fflint,W06000005,17305.0,8555.0,6480.0,1670.0,445.0,160.0,,29150.0,2022
Gwynedd / Gwynedd,W06000002,11690.0,5240.0,4455.0,1425.0,425.0,150.0,,20920.0,2022
Isle of Anglesey / Ynys Môn,W06000001,7015.0,3115.0,2675.0,910.0,235.0,85.0,,12585.0,2022
Merthyr Tydfil / Merthyr Tudful,W06000024,7425.0,3740.0,2745.0,710.0,170.0,60.0,,12365.0,2022
Monmouthshire / Sir Fynwy,W06000021,8555.0,4205.0,3350.0,775.0,160.0,55.0,,14190.0,2022
Neath Port Talbot / Castell-nedd Port Talbot,W06000012,15950.0,7810.0,5970.0,1630.0,400.0,140.0,,27005.0,2022
Newport / Casnewydd,W06000022,19180.0,9100.0,7125.0,2165.0,595.0,195.0,,33260.0,2022
Pembrokeshire / Sir Benfro,W06000009,12605.0,5840.0,4775.0,1485.0,370.0,130.0,,22040.0,2022
Powys / Powys,W06000023,12850.0,5760.0,5160.0,1495.0,335.0,105.0,,22455.0,2022
Rhondda Cynon Taf / Rhondda Cynon Taf,W06000016,27880.0,13840.0,10405.0,2760.0,670.0,200.0,,46735.0,2022
Swansea / Abertawe,W06000011,25365.0,12320.0,9600.0,2605.0,645.0,200.0,,42975.0,2022
Torfaen / Tor-faen,W06000020,11170.0,5560.0,4090.0,1095.0,315.0,110.0,,18870.0,2022
Vale of Glamorgan / Bro Morgannwg,W06000014,14270.0,6860.0,5620.0,1415.0,295.0,80.0,,23950.0,2022
Wrexham / Wrecsam,W06000006,15690.0,7690.0,5855.0,1580.0,425.0,140.0,,26595.0,2022
County Durham,E06000047,55825.0,28185.0,20190.0,5485.0,1465.0,505.0,,93635.0,2023
Darlington,E06000005,12205.0,5930.0,4570.0,1275.0,320.0,105.0,,20760.0,2023
Hartlepool,E06000001,10985.0,5270.0,3980.0,1230.0,365.0,140.0,,19170.0,2023
Middlesbrough,E06000002,17905.0,7995.0,6400.0,2335.0,810.0,370.0,,33020.0,2023
Newcastle upon Tyne,E08000021,28675.0,13435.0,10310.0,3520.0,1030.0,375.0,,50775.0,2023
Northumberland,E06000057,31005.0,15275.0,11795.0,2985.0,745.0,200.0,,51900.0,2023
Redcar and Cleveland,E06000003,15095.0,7420.0,5420.0,1620.0,455.0,175.0,,25900.0,2023
Stockton-on-Tees,E06000004,22505.0,10795.0,8440.0,2435.0,600.0,235.0,,38635.0,2023
Gateshead,E08000037,20570.0,10325.0,7410.0,1930.0,555.0,345.0,5.0,35175.0,2023
North Tyneside,E08000022,22310.0,11390.0,8375.0,1975.0,470.0,100.0,,36465.0,2023
South Tyneside,E08000023,16730.0,8340.0,6170.0,1665.0,410.0,145.0,,28090.0,2023
Sunderland,E08000024,30640.0,15815.0,10890.0,2940.0,745.0,250.0,,50770.0,2023
Blackburn with Darwen,E06000008,20695.0,9110.0,7055.0,3060.0,1075.0,395.0,,38820.0,2023
Blackpool,E06000009,16400.0,8205.0,5635.0,1755.0,535.0,265.0,,28365.0,2023
Cheshire East,E06000049,37505.0,18515.0,14430.0,3420.0,825.0,315.0,,62630.0,2023
Cheshire West and Chester,E06000050,34690.0,16955.0,13190.0,3445.0,830.0,270.0,,58460.0,2023
Halton,E06000006,15200.0,7350.0,5640.0,1585.0,440.0,185.0,,26155.0,2023
Warrington,E06000007,21780.0,10995.0,8185.0,1980.0,485.0,140.0,,35985.0,2023
Cumberland,E06000063,27495.0,13115.0,10635.0,2835.0,690.0,220.0,,46855.0,2023
Westmorland and Furness,E06000064,20500.0,10115.0,7995.0,1875.0,410.0,110.0,,33955.0,2023
Bolton,E08000001,37170.0,16670.0,13110.0,4940.0,1710.0,740.0,,68590.0,2023
Bury,E08000002,22450.0,10630.0,8025.0,2525.0,820.0,440.0,5.0,40085.0,2023
Manchester,E08000003,63060.0,27155.0,20960.0,9770.0,3635.0,1530.0,10.0,121330.0,2023
Oldham,E08000004,32230.0,14180.0,11210.0,4635.0,1640.0,565.0,,60085.0,2023
Rochdale,E08000005,29640.0,13405.0,10520.0,3995.0,1305.0,415.0,,53845.0,2023
Salford,E08000006,30565.0,14465.0,10410.0,3620.0,1200.0,855.0,15.0,56115.0,2023
Stockport,E08000007,30615.0,14915.0,11760.0,3020.0,695.0,220.0,,51470.0,2023
Tameside,E08000008,28725.0,13835.0,10325.0,3290.0,955.0,320.0,,49925.0,2023
Trafford,E08000009,23200.0,11060.0,8975.0,2385.0,590.0,185.0,,39520.0,2023
Wigan,E08000010,38430.0,19440.0,14015.0,3735.0,940.0,300.0,,64070.0,2023
Burnley,E07000117,12050.0,5595.0,4280.0,1505.0,490.0,180.0,,21620.0,2023
Chorley,E07000118,12475.0,6220.0,4785.0,1120.0,275.0,75.0,,20640.0,2023
Fylde,E07000119,7220.0,3715.0,2655.0,640.0,155.0,55.0,,11865.0,2023
Hyndburn,E07000120,10395.0,4885.0,3575.0,1300.0,470.0,170.0,,18735.0,2023
Lancaster,E07000121,13905.0,6600.0,5315.0,1470.0,390.0,125.0,,23895.0,2023
Pendle,E07000122,12185.0,5375.0,4165.0,1730.0,660.0,255.0,,22910.0,2023
Preston,E07000123,17135.0,7950.0,6160.0,2155.0,640.0,230.0,,30545.0,2023
Ribble Valley,E07000124,5770.0,2845.0,2320.0,495.0,85.0,30.0,,9460.0,2023
Rossendale,E07000125,8250.0,4060.0,3035.0,875.0,215.0,60.0,,13945.0,2023
South Ribble,E07000126,11985.0,5970.0,4590.0,1080.0,280.0,70.0,,19865.0,2023
West Lancashire,E07000127,11820.0,5895.0,4405.0,1190.0,240.0,85.0,,19725.0,2023
Wyre,E07000128,11015.0,5380.0,4235.0,1085.0,250.0,60.0,,18440.0,2023
Knowsley,E08000011,20125.0,9645.0,7520.0,2185.0,600.0,175.0,,34585.0,2023
Liverpool,E08000012,52095.0,25110.0,18775.0,5895.0,1670.0,645.0,,90570.0,2023
Sefton,E08000014,28605.0,13970.0,10855.0,2895.0,680.0,205.0,,48220.0,2023
St. Helens,E08000013,20735.0,10490.0,7525.0,2015.0,525.0,185.0,,34705.0,2023
Wirral,E08000015,34475.0,16490.0,12940.0,3765.0,920.0,350.0,5.0,59280.0,2023
East Riding of Yorkshire,E06000011,32910.0,16245.0,12665.0,3090.0,690.0,220.0,,54785.0,2023
"Kingston upon Hull, City of",E06000010,33285.0,15955.0,11975.0,3810.0,1120.0,425.0,,58120.0,2023
North East Lincolnshire,E06000012,18290.0,8715.0,6660.0,2085.0,580.0,245.0,,31955.0,2023
North Lincolnshire,E06000013,18755.0,9115.0,6810.0,2065.0,550.0,220.0,,32310.0,2023
York,E06000014,17115.0,8580.0,6625.0,1455.0,350.0,105.0,,28155.0,2023
North Yorkshire,E06000065,56775.0,27580.0,22210.0,5425.0,1200.0,355.0,,95010.0,2023
Barnsley,E08000016,29075.0,14510.0,10610.0,2950.0,760.0,245.0,,48975.0,2023
Doncaster,E08000017,36925.0,17990.0,13465.0,4000.0,1095.0,370.0,5.0,63315.0,2023
Rotherham,E08000018,31750.0,15190.0,11800.0,3500.0,905.0,350.0,,54805.0,2023
Sheffield,E08000019,58325.0,26965.0,21555.0,6900.0,2125.0,775.0,,103460.0,2023
Bradford,E08000032,70490.0,29995.0,24635.0,10530.0,3830.0,1500.0,5.0,134280.0,2023
Calderdale,E08000033,23765.0,11330.0,8630.0,2730.0,775.0,300.0,,41475.0,2023
Kirklees,E08000034,51060.0,23450.0,18800.0,6225.0,1950.0,635.0,,90940.0,2023
Leeds,E08000035,86165.0,40140.0,31975.0,9910.0,3000.0,1140.0,5.0,152110.0,2023
Wakefield,E08000036,41475.0,20395.0,15240.0,4295.0,1145.0,390.0,5.0,70510.0,2023
Derby,E06000015,30280.0,13900.0,10995.0,3740.0,1185.0,465.0,,54405.0,2023
Leicester,E06000016,45160.0,20475.0,15965.0,5925.0,1945.0,840.0,5.0,82605.0,2023
North Northamptonshire,E06000061,42230.0,20605.0,15755.0,4390.0,1120.0,360.0,,71740.0,2023
Nottingham,E06000018,34960.0,15845.0,12240.0,4730.0,1540.0,605.0,5.0,63955.0,2023
Rutland,E06000017,3135.0,1440.0,1300.0,310.0,75.0,10.0,,5325.0,2023
West Northamptonshire,E06000062,47030.0,23025.0,17740.0,4655.0,1195.0,415.0,,79525.0,2023
Amber Valley,E07000032,13120.0,6705.0,4860.0,1185.0,275.0,95.0,,21585.0,2023
Bolsover,E07000033,9170.0,4610.0,3340.0,910.0,220.0,95.0,,15385.0,2023
Chesterfield,E07000034,10975.0,5430.0,4075.0,1085.0,280.0,110.0,,18540.0,2023
Derbyshire Dales,E07000035,5955.0,2880.0,2375.0,545.0,115.0,35.0,,9925.0,2023
Erewash,E07000036,11980.0,6000.0,4500.0,1130.0,260.0,90.0,,19930.0,2023
High Peak,E07000037,9275.0,4530.0,3660.0,855.0,175.0,65.0,,15425.0,2023
North East Derbyshire,E07000038,10530.0,5240.0,4030.0,965.0,220.0,75.0,,17475.0,2023
South Derbyshire,E07000039,12230.0,6105.0,4580.0,1165.0,285.0,95.0,,20400.0,2023
Blaby,E07000129,11420.0,5465.0,4605.0,1055.0,230.0,70.0,,19120.0,2023
Charnwood,E07000130,18010.0,8630.0,7155.0,1710.0,395.0,120.0,,30285.0,2023
Harborough,E07000131,9305.0,4590.0,3635.0,880.0,165.0,40.0,,15365.0,2023
Hinckley and Bosworth,E07000132,11885.0,5920.0,4575.0,1085.0,225.0,80.0,,19670.0,2023
Melton,E07000133,5220.0,2495.0,2020.0,555.0,110.0,40.0,,8860.0,2023
North West Leicestershire,E07000134,11210.0,5605.0,4200.0,1055.0,250.0,100.0,,18700.0,2023
Oadby and Wigston,E07000135,6200.0,2870.0,2470.0,665.0,145.0,50.0,,10655.0,2023
Boston,E07000136,8730.0,4415.0,3160.0,880.0,205.0,70.0,,14585.0,2023
East Lindsey,E07000137,13215.0,6315.0,4810.0,1555.0,375.0,160.0,,22990.0,2023
Lincoln,E07000138,10200.0,5075.0,3645.0,1070.0,280.0,130.0,,17410.0,2023
North Kesteven,E07000139,12155.0,5915.0,4750.0,1155.0,250.0,85.0,,20330.0,2023
South Holland,E07000140,10430.0,5175.0,3850.0,1015.0,285.0,105.0,,17640.0,2023
South Kesteven,E07000141,14595.0,7100.0,5605.0,1440.0,325.0,125.0,,24605.0,2023
West Lindsey,E07000142,9630.0,4600.0,3660.0,1000.0,265.0,110.0,,16580.0,2023
Ashfield,E07000170,14815.0,7255.0,5415.0,1540.0,440.0,165.0,,25355.0,2023
Bassetlaw,E07000171,13035.0,6395.0,4870.0,1335.0,315.0,115.0,,22040.0,2023
Broxtowe,E07000172,10705.0,5215.0,4170.0,1005.0,240.0,75.0,,17930.0,2023
Gedling,E07000173,12710.0,6250.0,4975.0,1170.0,240.0,80.0,,21085.0,2023
Mansfield,E07000174,13170.0,6560.0,4850.0,1295.0,350.0,115.0,,22155.0,2023
Newark and Sherwood,E07000175,12860.0,6270.0,4835.0,1310.0,335.0,110.0,,21830.0,2023
Rushcliffe,E07000176,10370.0,4980.0,4305.0,885.0,165.0,40.0,,17095.0,2023
"Herefordshire, County of",E06000019,18115.0,8720.0,6975.0,1865.0,425.0,125.0,,30655.0,2023
Shropshire,E06000051,29835.0,14245.0,11565.0,3055.0,745.0,230.0,,50760.0,2023
Stoke-on-Trent,E06000021,32050.0,14910.0,11215.0,4030.0,1325.0,565.0,5.0,57860.0,2023
Telford and Wrekin,E06000020,22150.0,10435.0,7900.0,2625.0,820.0,370.0,,39415.0,2023
Cannock Chase,E07000192,11540.0,5735.0,4300.0,1160.0,255.0,90.0,,19310.0,2023
East Staffordshire,E07000193,14030.0,6605.0,5175.0,1565.0,465.0,215.0,,24675.0,2023
Lichfield,E07000194,10205.0,5055.0,3920.0,940.0,230.0,60.0,,16940.0,2023
Newcastle-under-Lyme,E07000195,12595.0,6285.0,4585.0,1305.0,305.0,115.0,,21200.0,2023
South Staffordshire,E07000196,10520.0,5140.0,4175.0,955.0,195.0,55.0,,17420.0,2023
Stafford,E07000197,13620.0,6735.0,5180.0,1310.0,280.0,115.0,,22755.0,2023
Staffordshire Moorlands,E07000198,9205.0,4490.0,3515.0,940.0,195.0,60.0,,15455.0,2023
Tamworth,E07000199,9265.0,4550.0,3415.0,945.0,250.0,110.0,,15800.0,2023
North Warwickshire,E07000218,7005.0,3435.0,2700.0,670.0,150.0,50.0,,11715.0,2023
Nuneaton and Bedworth,E07000219,16420.0,8120.0,5955.0,1720.0,470.0,155.0,,27890.0,2023
Rugby,E07000220,12420.0,6210.0,4720.0,1145.0,275.0,65.0,,20565.0,2023
Stratford-on-Avon,E07000221,11865.0,5855.0,4655.0,1040.0,245.0,75.0,,19660.0,2023
Warwick,E07000222,12130.0,6090.0,4720.0,1030.0,215.0,70.0,,19885.0,2023
Birmingham,E08000025,139350.0,58705.0,46980.0,21370.0,8440.0,3840.0,20.0,271660.0,2023
Coventry,E08000026,40215.0,18565.0,14560.0,4940.0,1540.0,610.0,,71995.0,2023
Dudley,E08000027,37295.0,17605.0,13805.0,4180.0,1245.0,455.0,,65215.0,2023
Sandwell,E08000028,44800.0,19940.0,16205.0,6000.0,1920.0,735.0,,82060.0,2023
Solihull,E08000029,21415.0,9855.0,8355.0,2400.0,610.0,195.0,,37240.0,2023
Walsall,E08000030,36025.0,15825.0,13100.0,4865.0,1595.0,635.0,,66445.0,2023
Wolverhampton,E08000031,34125.0,15485.0,12605.0,4265.0,1275.0,495.0,5.0,61305.0,2023
Bromsgrove,E07000234,9325.0,4475.0,3760.0,860.0,175.0,55.0,,15560.0,2023
Malvern Hills,E07000235,6970.0,3450.0,2660.0,685.0,130.0,45.0,,11580.0,2023
Redditch,E07000236,10205.0,4975.0,3810.0,1025.0,305.0,85.0,,17360.0,2023
Worcester,E07000237,10835.0,5440.0,3945.0,1075.0,260.0,115.0,,18220.0,2023
Wychavon,E07000238,12780.0,6400.0,4830.0,1205.0,260.0,85.0,,21170.0,2023
Wyre Forest,E07000239,10370.0,5010.0,3875.0,1100.0,285.0,95.0,,17725.0,2023
Bedford,E06000055,20565.0,9700.0,7750.0,2310.0,600.0,200.0,,35615.0,2023
Central Bedfordshire,E06000056,31890.0,15280.0,12655.0,3040.0,680.0,230.0,,53705.0,2023
Luton,E06000032,29595.0,12890.0,10270.0,4380.0,1525.0,530.0,,55495.0,2023
Peterborough,E06000031,28355.0,13245.0,10275.0,3360.0,1080.0,395.0,,50360.0,2023
Southend-on-Sea,E06000033,18440.0,9005.0,6765.0,1990.0,495.0,185.0,5.0,31530.0,2023
Thurrock,E06000034,23300.0,10920.0,8735.0,2760.0,685.0,195.0,,40475.0,2023
Cambridge,E07000008,8730.0,4370.0,3125.0,930.0,220.0,85.0,,14745.0,2023
East Cambridgeshire,E07000009,8620.0,4140.0,3470.0,795.0,170.0,45.0,,14405.0,2023
Fenland,E07000010,11390.0,5595.0,4195.0,1210.0,290.0,95.0,,19325.0,2023
Huntingdonshire,E07000011,17765.0,8620.0,6960.0,1640.0,410.0,140.0,,29845.0,2023
South Cambridgeshire,E07000012,14545.0,6920.0,5790.0,1430.0,315.0,90.0,,24545.0,2023
Basildon,E07000066,21115.0,9870.0,7955.0,2390.0,665.0,235.0,,36880.0,2023
Braintree,E07000067,15980.0,7635.0,6150.0,1670.0,400.0,130.0,,27235.0,2023
Brentwood,E07000068,5905.0,2965.0,2270.0,540.0,115.0,20.0,,9685.0,2023
Castle Point,E07000069,8315.0,3955.0,3230.0,825.0,190.0,115.0,,14330.0,2023
Chelmsford,E07000070,15885.0,7590.0,6280.0,1570.0,345.0,105.0,,26795.0,2023
Colchester,E07000071,20035.0,9530.0,7720.0,2120.0,485.0,180.0,,34255.0,2023
Epping Forest,E07000072,11900.0,5985.0,4480.0,1125.0,240.0,65.0,,19665.0,2023
Harlow,E07000073,12315.0,5885.0,4545.0,1395.0,350.0,135.0,,21285.0,2023
Maldon,E07000074,5855.0,2750.0,2375.0,600.0,115.0,20.0,,9865.0,2023
Rochford,E07000075,7780.0,3765.0,3095.0,730.0,155.0,40.0,,12965.0,2023
Tendring,E07000076,14515.0,6740.0,5430.0,1655.0,500.0,190.0,,25620.0,2023
Uttlesford,E07000077,7875.0,3715.0,3200.0,770.0,160.0,30.0,,13235.0,2023
Broxbourne,E07000095,11200.0,5475.0,4305.0,1105.0,265.0,50.0,,18725.0,2023
Dacorum,E07000096,15125.0,7280.0,5795.0,1550.0,375.0,125.0,,25695.0,2023
East Hertfordshire,E07000242,13070.0,6520.0,5115.0,1150.0,235.0,50.0,,21410.0,2023
Hertsmere,E07000098,10160.0,5025.0,3845.0,1005.0,205.0,80.0,,16985.0,2023
North Hertfordshire,E07000099,11675.0,5615.0,4575.0,1145.0,245.0,95.0,,19690.0,2023
St Albans,E07000240,10525.0,5035.0,4105.0,1065.0,245.0,75.0,,17825.0,2023
Stevenage,E07000243,10075.0,4730.0,3815.0,1110.0,300.0,115.0,,17525.0,2023
Three Rivers,E07000102,8130.0,4035.0,3135.0,725.0,180.0,50.0,,13485.0,2023
Watford,E07000103,11045.0,5520.0,4000.0,1150.0,280.0,95.0,,18595.0,2023
Welwyn Hatfield,E07000241,11380.0,5520.0,4345.0,1145.0,280.0,85.0,,19235.0,2023
Breckland,E07000143,14355.0,6800.0,5555.0,1465.0,385.0,150.0,,24665.0,2023
Broadland,E07000144,13155.0,6400.0,5400.0,1120.0,190.0,50.0,,21585.0,2023
Great Yarmouth,E07000145,11000.0,5385.0,3915.0,1205.0,365.0,130.0,,19010.0,2023
King's Lynn and West Norfolk,E07000146,15125.0,7250.0,5785.0,1550.0,385.0,150.0,,25860.0,2023
North Norfolk,E07000147,8440.0,4065.0,3225.0,890.0,190.0,75.0,,14335.0,2023
Norwich,E07000148,13670.0,6755.0,4855.0,1430.0,470.0,155.0,,23465.0,2023
South Norfolk,E07000149,14250.0,6835.0,5770.0,1305.0,270.0,70.0,,23770.0,2023
Babergh,E07000200,8595.0,4055.0,3460.0,840.0,185.0,55.0,,14560.0,2023
East Suffolk,E07000244,22995.0,10770.0,8850.0,2570.0,595.0,210.0,,39695.0,2023
Ipswich,E07000202,16645.0,7785.0,6195.0,1930.0,530.0,205.0,,29170.0,2023
Mid Suffolk,E07000203,9880.0,4685.0,3940.0,995.0,200.0,60.0,,16695.0,2023
West Suffolk,E07000245,17060.0,8310.0,6510.0,1730.0,370.0,140.0,,28770.0,2023
Hackney,E09000012,26750.0,12535.0,7950.0,3435.0,1375.0,1420.0,40.0,53145.0,2023
Haringey,E09000014,25955.0,13735.0,8225.0,2530.0,805.0,650.0,5.0,44890.0,2023
Islington,E09000019,16635.0,8225.0,5590.0,1905.0,630.0,280.0,,29175.0,2023
Lambeth,E09000022,25030.0,13135.0,7935.0,2750.0,865.0,345.0,,42605.0,2023
Lewisham,E09000023,30045.0,15505.0,9905.0,3340.0,940.0,355.0,,50985.0,2023
Newham,E09000025,44150.0,20670.0,14810.0,6175.0,1865.0,630.0,5.0,79660.0,2023
Southwark,E09000028,26440.0,13365.0,8430.0,3310.0,995.0,340.0,,45960.0,2023
Tower Hamlets,E09000030,30770.0,12775.0,10470.0,5290.0,1645.0,585.0,,59325.0,2023
Camden,E09000007,13755.0,6925.0,4395.0,1650.0,535.0,245.0,,24170.0,2023
City of London,E09000001,275.0,170.0,85.0,15.0,5.0,,,405.0,2023
Hammersmith and Fulham,E09000013,11570.0,6120.0,3610.0,1220.0,435.0,190.0,,19765.0,2023
Kensington and Chelsea,E09000020,6495.0,3655.0,1975.0,630.0,185.0,50.0,,10515.0,2023
Wandsworth,E09000032,19935.0,10150.0,6430.0,2270.0,755.0,325.0,,34635.0,2023
Westminster,E09000033,11465.0,5980.0,3645.0,1335.0,400.0,110.0,,19435.0,2023
Barking and Dagenham,E09000002,33915.0,15310.0,11880.0,4875.0,1405.0,445.0,,61725.0,2023
Bexley,E09000004,26080.0,12510.0,9790.0,2885.0,700.0,195.0,,44585.0,2023
Enfield,E09000010,40670.0,19615.0,14275.0,4835.0,1350.0,595.0,5.0,71395.0,2023
Greenwich,E09000011,30095.0,14480.0,10235.0,3780.0,1135.0,460.0,,53350.0,2023
Havering,E09000016,28710.0,13865.0,10800.0,3090.0,695.0,255.0,,48905.0,2023
Redbridge,E09000026,34850.0,16755.0,12280.0,4330.0,1150.0,335.0,5.0,60795.0,2023
Waltham Forest,E09000031,31375.0,15720.0,10680.0,3570.0,1050.0,350.0,5.0,53945.0,2023
Bromley,E09000006,27795.0,13915.0,10505.0,2580.0,610.0,180.0,,46120.0,2023
Croydon,E09000008,43785.0,21955.0,14940.0,4945.0,1435.0,505.0,5.0,75200.0,2023
Kingston upon Thames,E09000021,13105.0,6745.0,4770.0,1235.0,285.0,75.0,,21515.0,2023
Merton,E09000024,18850.0,9745.0,6530.0,1920.0,485.0,170.0,,31410.0,2023
Sutton,E09000029,21470.0,10575.0,8320.0,2045.0,425.0,110.0,,35635.0,2023
Barnet,E09000003,36965.0,18680.0,12440.0,3855.0,1220.0,765.0,10.0,64400.0,2023
Brent,E09000005,37880.0,19030.0,12165.0,4370.0,1490.0,815.0,5.0,66975.0,2023
Ealing,E09000009,37180.0,18595.0,12755.0,4180.0,1140.0,510.0,,64020.0,2023
Harrow,E09000015,26330.0,13305.0,8935.0,2765.0,825.0,495.0,,45560.0,2023
Hillingdon,E09000017,33170.0,16035.0,11925.0,3660.0,1100.0,445.0,5.0,57760.0,2023
Hounslow,E09000018,31820.0,15945.0,11120.0,3385.0,960.0,410.0,,54425.0,2023
Richmond upon Thames,E09000027,11700.0,6250.0,4210.0,975.0,215.0,50.0,,18730.0,2023
Bracknell Forest,E06000036,12120.0,6000.0,4755.0,1085.0,220.0,65.0,,19970.0,2023
Brighton and Hove,E06000043,22465.0,11975.0,8125.0,1795.0,420.0,150.0,,36100.0,2023
Isle of Wight,E06000046,13180.0,6440.0,4905.0,1365.0,365.0,105.0,,22385.0,2023
Medway,E06000035,33320.0,15390.0,12725.0,3870.0,1020.0,315.0,,58235.0,2023
Milton Keynes,E06000042,32600.0,15550.0,12040.0,3690.0,970.0,350.0,,56480.0,2023
Portsmouth,E06000044,21895.0,10610.0,8110.0,2300.0,640.0,225.0,,37525.0,2023
Reading,E06000038,16335.0,8115.0,5745.0,1805.0,500.0,170.0,,27935.0,2023
Slough,E06000039,20690.0,9425.0,7395.0,2660.0,890.0,320.0,,37525.0,2023
Southampton,E06000045,26290.0,12670.0,9475.0,2995.0,840.0,310.0,,45645.0,2023
West Berkshire,E06000037,13705.0,6605.0,5265.0,1365.0,340.0,135.0,,23300.0,2023
Windsor and Maidenhead,E06000040,11005.0,5545.0,4075.0,1075.0,250.0,60.0,,18250.0,2023
Wokingham,E06000041,14085.0,6750.0,5615.0,1355.0,290.0,75.0,,23620.0,2023
Buckinghamshire Council,E06000060,50250.0,23785.0,19550.0,5180.0,1325.0,410.0,,85945.0,2023
Eastbourne,E07000061,10475.0,5055.0,3970.0,1080.0,285.0,85.0,,17830.0,2023
Hastings,E07000062,10285.0,5005.0,3780.0,1050.0,325.0,125.0,,17695.0,2023
Lewes,E07000063,9525.0,4605.0,3720.0,930.0,210.0,60.0,,16000.0,2023
Rother,E07000064,7990.0,3875.0,2995.0,820.0,230.0,70.0,,13615.0,2023
Wealden,E07000065,14495.0,6840.0,5760.0,1500.0,305.0,95.0,,24570.0,2023
Basingstoke and Deane,E07000084,17355.0,8460.0,6725.0,1610.0,420.0,140.0,,29195.0,2023
East Hampshire,E07000085,10730.0,5130.0,4335.0,990.0,205.0,65.0,,17945.0,2023
Eastleigh,E07000086,14360.0,6760.0,5905.0,1330.0,280.0,85.0,,24140.0,2023
Fareham,E07000087,10030.0,4855.0,4075.0,865.0,185.0,50.0,,16615.0,2023
Gosport,E07000088,8955.0,4385.0,3255.0,950.0,285.0,85.0,,15330.0,2023
Hart,E07000089,7855.0,3855.0,3140.0,685.0,140.0,30.0,,12940.0,2023
Havant,E07000090,12770.0,5935.0,4935.0,1370.0,370.0,160.0,,22290.0,2023
New Forest,E07000091,14645.0,7015.0,5775.0,1455.0,310.0,90.0,,24665.0,2023
Rushmoor,E07000092,11080.0,5705.0,4045.0,1030.0,245.0,60.0,,18185.0,2023
Test Valley,E07000093,12505.0,6115.0,4905.0,1135.0,275.0,75.0,,20825.0,2023
Winchester,E07000094,9850.0,4730.0,3825.0,1005.0,225.0,65.0,,16640.0,2023
Ashford,E07000105,14475.0,6835.0,5550.0,1545.0,385.0,155.0,,24975.0,2023
Canterbury,E07000106,13790.0,6530.0,5295.0,1460.0,380.0,130.0,,23710.0,2023
Dartford,E07000107,13880.0,6535.0,5420.0,1500.0,325.0,100.0,,23695.0,2023
Dover,E07000108,12185.0,5960.0,4460.0,1290.0,365.0,115.0,,20835.0,2023
Folkestone and Hythe,E07000112,10905.0,5365.0,4005.0,1095.0,315.0,130.0,,18625.0,2023
Gravesham,E07000109,12735.0,5860.0,4875.0,1530.0,355.0,110.0,,22260.0,2023
Maidstone,E07000110,19240.0,9325.0,7340.0,1935.0,490.0,150.0,,32565.0,2023
Sevenoaks,E07000111,10005.0,4725.0,3915.0,1060.0,245.0,60.0,,17045.0,2023
Swale,E07000113,17435.0,8080.0,6665.0,1910.0,560.0,220.0,,30560.0,2023
Thanet,E07000114,15540.0,7625.0,5655.0,1645.0,450.0,165.0,,26585.0,2023
Tonbridge and Malling,E07000115,12510.0,5905.0,4940.0,1255.0,290.0,120.0,,21370.0,2023
Tunbridge Wells,E07000116,9865.0,4900.0,3740.0,940.0,225.0,60.0,,16430.0,2023
Cherwell,E07000177,16640.0,8165.0,6300.0,1650.0,390.0,135.0,,27995.0,2023
Oxford,E07000178,11855.0,5720.0,4145.0,1415.0,425.0,150.0,,20750.0,2023
South Oxfordshire,E07000179,12370.0,5935.0,4955.0,1140.0,265.0,85.0,,20755.0,2023
Vale of White Horse,E07000180,13210.0,6330.0,5160.0,1335.0,290.0,100.0,,22340.0,2023
West Oxfordshire,E07000181,10690.0,5040.0,4285.0,1065.0,225.0,70.0,,18085.0,2023
Elmbridge,E07000207,9080.0,4620.0,3475.0,760.0,150.0,70.0,,14840.0,2023
Epsom and Ewell,E07000208,6350.0,3085.0,2595.0,530.0,105.0,40.0,,10485.0,2023
Guildford,E07000209,10150.0,4985.0,3965.0,945.0,185.0,70.0,,16880.0,2023
Mole Valley,E07000210,6120.0,3000.0,2380.0,580.0,120.0,40.0,,10195.0,2023
Reigate and Banstead,E07000211,12970.0,6230.0,5065.0,1325.0,290.0,60.0,,21800.0,2023
Runnymede,E07000212,7120.0,3495.0,2755.0,660.0,160.0,50.0,,11870.0,2023
Spelthorne,E07000213,10245.0,5140.0,3850.0,955.0,235.0,65.0,,16975.0,2023
Surrey Heath,E07000214,7385.0,3645.0,2905.0,680.0,125.0,35.0,,12170.0,2023
Tandridge,E07000215,7400.0,3605.0,2910.0,695.0,150.0,45.0,,12335.0,2023
Waverley,E07000216,8980.0,4420.0,3510.0,840.0,170.0,40.0,,14855.0,2023
Woking,E07000217,8590.0,4160.0,3235.0,895.0,240.0,55.0,,14580.0,2023
Adur,E07000223,6555.0,3160.0,2630.0,595.0,130.0,40.0,,10950.0,2023
Arun,E07000224,15455.0,7530.0,5940.0,1530.0,350.0,105.0,,25975.0,2023
Chichester,E07000225,10375.0,5040.0,4010.0,1005.0,245.0,70.0,,17450.0,2023
Crawley,E07000226,14320.0,6910.0,5145.0,1625.0,470.0,165.0,,24865.0,2023
Horsham,E07000227,12400.0,5895.0,5045.0,1180.0,235.0,50.0,,20730.0,2023
Mid Sussex,E07000228,13450.0,6455.0,5460.0,1245.0,220.0,65.0,,22350.0,2023
Worthing,E07000229,10975.0,5520.0,4230.0,965.0,205.0,60.0,,18015.0,2023
Bath and North East Somerset,E06000022,16295.0,7645.0,6655.0,1555.0,330.0,105.0,,27500.0,2023
"Bristol, City of",E06000023,44410.0,20950.0,16435.0,4775.0,1515.0,730.0,5.0,78295.0,2023
Cornwall,E06000052,58030.0,27165.0,22865.0,6115.0,1420.0,460.0,5.0,99460.0,2023
Isles of Scilly,E06000053,195.0,85.0,90.0,20.0,5.0,,,335.0,2023
North Somerset,E06000024,21880.0,10570.0,8735.0,2025.0,430.0,115.0,,36470.0,2023
Plymouth,E06000026,28700.0,13960.0,10895.0,2845.0,710.0,285.0,,48685.0,2023
South Gloucestershire,E06000025,29760.0,13965.0,12215.0,2815.0,580.0,185.0,,50145.0,2023
Swindon,E06000030,26635.0,12990.0,10150.0,2615.0,655.0,230.0,,44975.0,2023
Torbay,E06000027,13960.0,6655.0,5315.0,1490.0,375.0,130.0,,23935.0,2023
Wiltshire,E06000054,49165.0,23310.0,19400.0,4970.0,1140.0,345.0,,83455.0,2023
East Devon,E07000040,13840.0,6375.0,5685.0,1390.0,300.0,90.0,,23590.0,2023
Exeter,E07000041,11520.0,5680.0,4405.0,1090.0,260.0,80.0,,19235.0,2023
Mid Devon,E07000042,8685.0,3940.0,3550.0,905.0,220.0,65.0,,14980.0,2023
North Devon,E07000043,10220.0,4685.0,4140.0,1085.0,245.0,65.0,,17555.0,2023
South Hams,E07000044,8225.0,3940.0,3300.0,795.0,155.0,40.0,,13750.0,2023
Teignbridge,E07000045,13130.0,6220.0,5235.0,1315.0,285.0,75.0,,22175.0,2023
Torridge,E07000046,6605.0,3000.0,2630.0,750.0,180.0,45.0,,11480.0,2023
West Devon,E07000047,5065.0,2340.0,2050.0,510.0,130.0,35.0,,8700.0,2023
"Bournemouth, Christchurch and Poole",E06000058,37815.0,19005.0,14265.0,3480.0,775.0,285.0,5.0,62660.0,2023
Dorset Council,E06000059,33750.0,15945.0,13515.0,3280.0,790.0,220.0,,57180.0,2023
Cheltenham,E07000078,9950.0,4835.0,3875.0,970.0,200.0,70.0,,16680.0,2023
Cotswold,E07000079,7050.0,3400.0,2805.0,655.0,150.0,45.0,,11800.0,2023
Forest of Dean,E07000080,8460.0,3980.0,3325.0,865.0,225.0,60.0,,14465.0,2023
Gloucester,E07000081,14955.0,6935.0,5780.0,1630.0,450.0,160.0,,26050.0,2023
Stroud,E07000082,11695.0,5580.0,4745.0,1060.0,235.0,75.0,,19585.0,2023
Tewkesbury,E07000083,9995.0,4660.0,4055.0,980.0,230.0,70.0,,17005.0,2023
Somerset,E06000066,56660.0,26685.0,22320.0,5740.0,1410.0,500.0,,96930.0,2023
Antrim and Newtownabbey,N09000001,16915.0,7670.0,6580.0,2040.0,475.0,145.0,,29650.0,2023
Ards and North Down,N09000011,16590.0,7690.0,6520.0,1855.0,425.0,105.0,,28520.0,2023
"Armagh City, Banbridge and Craigavon",N09000002,27290.0,11200.0,10555.0,4110.0,1115.0,310.0,,50770.0,2023
Belfast,N09000003,37890.0,17380.0,13970.0,4815.0,1295.0,430.0,,67295.0,2023
Causeway Coast and Glens,N09000004,15865.0,6730.0,5970.0,2375.0,610.0,175.0,,29190.0,2023
Derry City and Strabane,N09000005,19425.0,8495.0,7350.0,2725.0,680.0,175.0,,35025.0,2023
Fermanagh and Omagh,N09000006,13350.0,5050.0,4980.0,2400.0,740.0,175.0,,26155.0,2023
Lisburn and Castlereagh,N09000007,16185.0,7200.0,6500.0,1960.0,420.0,100.0,,28315.0,2023
Mid and East Antrim,N09000008,15745.0,7225.0,6075.0,1845.0,450.0,150.0,,27530.0,2023
Mid Ulster,N09000009,19005.0,7525.0,6955.0,3265.0,1010.0,250.0,,36600.0,2023
"Newry, Mourne and Down",N09000010,21530.0,8510.0,7915.0,3770.0,1040.0,300.0,,41400.0,2023
Aberdeen City,S12000033,17210.0,9545.0,5895.0,1390.0,305.0,80.0,,27135.0,2023
Aberdeenshire,S12000034,22350.0,10875.0,8875.0,2085.0,410.0,100.0,,37070.0,2023
Angus,S12000041,11140.0,5670.0,4190.0,1000.0,205.0,75.0,,18280.0,2023
Argyll and Bute,S12000035,7420.0,3640.0,2850.0,745.0,145.0,40.0,,12385.0,2023
City of Edinburgh,S12000036,38280.0,20690.0,13710.0,3060.0,640.0,185.0,,60825.0,2023
Clackmannanshire,S12000005,5450.0,2820.0,1950.0,500.0,140.0,40.0,,8990.0,2023
Dumfries and Galloway,S12000006,14180.0,6930.0,5340.0,1505.0,305.0,100.0,,23900.0,2023
Dundee City,S12000042,14465.0,7650.0,5005.0,1385.0,310.0,120.0,,23675.0,2023
East Ayrshire,S12000008,12910.0,6625.0,4685.0,1260.0,250.0,85.0,,21240.0,2023
East Dunbartonshire,S12000045,9765.0,4770.0,3990.0,840.0,135.0,30.0,,15975.0,2023
East Lothian,S12000010,11025.0,5530.0,4315.0,935.0,195.0,55.0,,18030.0,2023
East Renfrewshire,S12000011,9065.0,4240.0,3700.0,910.0,175.0,45.0,,15300.0,2023
Falkirk,S12000014,16320.0,8665.0,5845.0,1430.0,290.0,90.0,,26305.0,2023
Fife,S12000047,37540.0,19110.0,13840.0,3520.0,805.0,260.0,,62015.0,2023
Glasgow City,S12000049,58595.0,30240.0,19940.0,6115.0,1700.0,605.0,,98530.0,2023
Highland,S12000017,22205.0,10985.0,8425.0,2180.0,475.0,140.0,,37055.0,2023
Inverclyde,S12000018,7690.0,4085.0,2755.0,690.0,125.0,40.0,,12360.0,2023
Midlothian,S12000019,10760.0,5380.0,4170.0,920.0,210.0,85.0,,17765.0,2023
Moray,S12000020,8895.0,4330.0,3440.0,860.0,190.0,75.0,,14965.0,2023
Na h-Eileanan Siar,S12000013,2275.0,1095.0,875.0,235.0,55.0,15.0,,3850.0,2023
North Ayrshire,S12000021,13880.0,7230.0,4910.0,1330.0,305.0,100.0,,22790.0,2023
North Lanarkshire,S12000050,37585.0,19575.0,13575.0,3430.0,780.0,225.0,,61340.0,2023
Orkney Islands,S12000023,1970.0,860.0,805.0,230.0,55.0,15.0,,3465.0,2023
Perth and Kinross,S12000048,13795.0,6960.0,5270.0,1245.0,240.0,75.0,,22630.0,2023
Renfrewshire,S12000038,18340.0,9695.0,6685.0,1590.0,290.0,80.0,,29425.0,2023
Scottish Borders,S12000026,10525.0,5100.0,4120.0,1045.0,215.0,50.0,,17595.0,2023
Shetland Islands,S12000027,2070.0,930.0,825.0,255.0,45.0,15.0,,3605.0,2023
South Ayrshire,S12000028,10200.0,5235.0,3840.0,900.0,165.0,55.0,,16605.0,2023
South Lanarkshire,S12000029,33560.0,17305.0,12460.0,2980.0,625.0,185.0,,54665.0,2023
Stirling,S12000030,7955.0,4035.0,3075.0,680.0,135.0,35.0,,12950.0,2023
West Dunbartonshire,S12000039,9790.0,5215.0,3405.0,885.0,215.0,75.0,,15945.0,2023
West Lothian,S12000040,20105.0,10330.0,7480.0,1790.0,395.0,110.0,,32835.0,2023
Blaenau Gwent / Blaenau Gwent,W06000019,8000.0,4110.0,2885.0,760.0,185.0,55.0,,13205.0,2023
Bridgend / Pen-y-bont ar Ogwr,W06000013,16045.0,8065.0,5960.0,1525.0,370.0,130.0,,26740.0,2023
Caerphilly / Caerffili,W06000018,20500.0,10020.0,7840.0,2045.0,475.0,125.0,,34400.0,2023
Cardiff / Caerdydd,W06000015,36125.0,16715.0,13490.0,4145.0,1300.0,475.0,,63910.0,2023
Carmarthenshire / Sir Gaerfyrddin,W06000010,20100.0,9485.0,7730.0,2195.0,500.0,190.0,,34540.0,2023
Ceredigion / Ceredigion,W06000008,6445.0,2965.0,2515.0,720.0,185.0,60.0,,11215.0,2023
Conwy / Conwy,W06000003,11360.0,5400.0,4285.0,1245.0,305.0,120.0,,19585.0,2023
Denbighshire / Sir Ddinbych,W06000004,10245.0,4700.0,3830.0,1225.0,335.0,150.0,5.0,18240.0,2023
Flintshire / Sir y Fflint,W06000005,17045.0,8510.0,6350.0,1615.0,425.0,150.0,,28580.0,2023
Gwynedd / Gwynedd,W06000002,11485.0,5155.0,4410.0,1380.0,395.0,145.0,,20480.0,2023
Isle of Anglesey / Ynys Môn,W06000001,6920.0,3075.0,2670.0,865.0,225.0,85.0,,12375.0,2023
Merthyr Tydfil / Merthyr Tudful,W06000024,7315.0,3700.0,2700.0,695.0,160.0,60.0,,12140.0,2023
Monmouthshire / Sir Fynwy,W06000021,8340.0,4075.0,3310.0,750.0,155.0,55.0,,13850.0,2023
Neath Port Talbot / Castell-nedd Port Talbot,W06000012,15880.0,7835.0,5960.0,1565.0,385.0,140.0,,26735.0,2023
Newport / Casnewydd,W06000022,18910.0,8995.0,7045.0,2095.0,600.0,175.0,,32720.0,2023
Pembrokeshire / Sir Benfro,W06000009,12510.0,5890.0,4735.0,1410.0,355.0,115.0,,21635.0,2023
Powys / Powys,W06000023,12655.0,5760.0,5070.0,1420.0,315.0,90.0,,21925.0,2023
Rhondda Cynon Taf / Rhondda Cynon Taf,W06000016,27490.0,13845.0,10165.0,2655.0,640.0,185.0,,45730.0,2023
Swansea / Abertawe,W06000011,25025.0,12265.0,9445.0,2490.0,640.0,185.0,,42185.0,2023
Torfaen / Tor-faen,W06000020,11040.0,5515.0,4005.0,1115.0,295.0,105.0,,18640.0,2023
Vale of Glamorgan / Bro Morgannwg,W06000014,14005.0,6745.0,5510.0,1385.0,280.0,80.0,,23480.0,2023
Wrexham / Wrecsam,W06000006,15510.0,7695.0,5750.0,1520.0,415.0,135.0,,26135.0,2023
County Durham,E06000047,55865.0,28390.0,20195.0,5330.0,1440.0,510.0,,93325.0,2024
Darlington,E06000005,12240.0,6065.0,4510.0,1270.0,295.0,95.0,,20615.0,2024
Hartlepool,E06000001,11135.0,5385.0,4010.0,1240.0,360.0,140.0,,19350.0,2024
Middlesbrough,E06000002,17830.0,8070.0,6345.0,2300.0,780.0,335.0,,32600.0,2024
Newcastle upon Tyne,E08000021,28910.0,13715.0,10360.0,3445.0,1035.0,355.0,,50830.0,2024
Northumberland,E06000057,31025.0,15385.0,11775.0,2935.0,730.0,195.0,,51740.0,2024
Redcar and Cleveland,E06000003,15100.0,7470.0,5385.0,1615.0,475.0,155.0,,25840.0,2024
Stockton-on-Tees,E06000004,22640.0,11065.0,8375.0,2365.0,605.0,225.0,,38570.0,2024
Gateshead,E08000037,20540.0,10445.0,7315.0,1895.0,565.0,315.0,5.0,34885.0,2024
North Tyneside,E08000022,22220.0,11405.0,8380.0,1910.0,435.0,95.0,,36120.0,2024
South Tyneside,E08000023,16680.0,8290.0,6230.0,1620.0,410.0,130.0,,27955.0,2024
Sunderland,E08000024,30610.0,15940.0,10800.0,2905.0,710.0,250.0,,50500.0,2024
Blackburn with Darwen,E06000008,20650.0,9130.0,7070.0,3025.0,1045.0,380.0,,38555.0,2024
Blackpool,E06000009,16255.0,8205.0,5580.0,1690.0,530.0,255.0,,27970.0,2024
Cheshire East,E06000049,37625.0,18755.0,14395.0,3375.0,800.0,300.0,,62515.0,2024
Cheshire West and Chester,E06000050,34660.0,17030.0,13200.0,3375.0,775.0,275.0,5.0,58165.0,2024
Cumberland,E06000063,27505.0,13280.0,10545.0,2820.0,660.0,200.0,,46560.0,2024
Halton,E06000006,15180.0,7380.0,5655.0,1540.0,425.0,175.0,,25985.0,2024
Warrington,E06000007,21680.0,11000.0,8115.0,1965.0,475.0,125.0,,35715.0,2024
Westmorland and Furness,E06000064,20330.0,10090.0,7920.0,1795.0,425.0,100.0,,33560.0,2024
Bolton,E08000001,37090.0,16780.0,13065.0,4855.0,1685.0,700.0,,68050.0,2024
Bury,E08000002,22505.0,10820.0,7950.0,2505.0,785.0,445.0,5.0,39925.0,2024
Manchester,E08000003,62550.0,27250.0,20785.0,9580.0,3480.0,1450.0,5.0,119435.0,2024
Oldham,E08000004,32320.0,14425.0,11210.0,4615.0,1520.0,545.0,,59700.0,2024
Rochdale,E08000005,29940.0,13700.0,10635.0,3930.0,1280.0,390.0,,53960.0,2024
Salford,E08000006,30710.0,14600.0,10465.0,3635.0,1165.0,835.0,10.0,56155.0,2024
Stockport,E08000007,30570.0,15015.0,11715.0,2945.0,690.0,205.0,,51145.0,2024
Tameside,E08000008,28880.0,14120.0,10255.0,3265.0,925.0,320.0,,49850.0,2024
Trafford,E08000009,23120.0,11110.0,8880.0,2355.0,610.0,165.0,,39265.0,2024
Wigan,E08000010,38685.0,19800.0,14010.0,3675.0,900.0,305.0,,64115.0,2024
Burnley,E07000117,12120.0,5665.0,4305.0,1495.0,475.0,180.0,,21650.0,2024
Chorley,E07000118,12480.0,6285.0,4765.0,1115.0,250.0,70.0,,20525.0,2024
Fylde,E07000119,7325.0,3780.0,2695.0,640.0,150.0,55.0,,12005.0,2024
Hyndburn,E07000120,10505.0,4975.0,3605.0,1295.0,460.0,165.0,,18845.0,2024
Lancaster,E07000121,13800.0,6595.0,5255.0,1430.0,400.0,125.0,,23665.0,2024
Pendle,E07000122,12270.0,5490.0,4145.0,1780.0,620.0,230.0,,22850.0,2024
Preston,E07000123,17225.0,8095.0,6165.0,2100.0,630.0,240.0,,30555.0,2024
Ribble Valley,E07000124,5865.0,2950.0,2325.0,485.0,85.0,25.0,,9515.0,2024
Rossendale,E07000125,8270.0,4060.0,3045.0,900.0,210.0,60.0,,14000.0,2024
South Ribble,E07000126,12135.0,6100.0,4595.0,1115.0,260.0,65.0,,20035.0,2024
West Lancashire,E07000127,11905.0,5925.0,4455.0,1190.0,250.0,85.0,,19880.0,2024
Wyre,E07000128,11120.0,5465.0,4265.0,1080.0,255.0,60.0,,18560.0,2024
Knowsley,E08000011,20265.0,9790.0,7525.0,2190.0,565.0,190.0,,34710.0,2024
Liverpool,E08000012,51955.0,25135.0,18705.0,5850.0,1630.0,630.0,,90070.0,2024
Sefton,E08000014,28435.0,13810.0,10890.0,2860.0,675.0,195.0,5.0,47975.0,2024
St. Helens,E08000013,20775.0,10635.0,7450.0,1985.0,505.0,200.0,,34610.0,2024
Wirral,E08000015,34395.0,16555.0,12930.0,3650.0,915.0,340.0,,58880.0,2024
East Riding of Yorkshire,E06000011,33035.0,16465.0,12655.0,3020.0,695.0,205.0,,54700.0,2024
"Kingston upon Hull, City of",E06000010,33295.0,16220.0,11785.0,3790.0,1105.0,395.0,,57725.0,2024
North East Lincolnshire,E06000012,18295.0,8765.0,6695.0,2020.0,570.0,245.0,,31825.0,2024
North Lincolnshire,E06000013,18670.0,9135.0,6760.0,2030.0,525.0,215.0,,32030.0,2024
North Yorkshire,E06000065,56710.0,27635.0,22160.0,5350.0,1210.0,360.0,,94770.0,2024
York,E06000014,17080.0,8700.0,6480.0,1480.0,315.0,105.0,,27920.0,2024
Barnsley,E08000016,29170.0,14670.0,10625.0,2935.0,720.0,225.0,,48830.0,2024
Doncaster,E08000017,37245.0,18335.0,13495.0,3985.0,1075.0,350.0,5.0,63500.0,2024
Rotherham,E08000018,32060.0,15485.0,11935.0,3430.0,875.0,335.0,,54950.0,2024
Sheffield,E08000019,58375.0,27280.0,21410.0,6835.0,2100.0,755.0,,103065.0,2024
Bradford,E08000032,70545.0,30645.0,24505.0,10355.0,3650.0,1385.0,,132830.0,2024
Calderdale,E08000033,23745.0,11430.0,8640.0,2650.0,750.0,275.0,,41130.0,2024
Kirklees,E08000034,51075.0,23745.0,18700.0,6160.0,1855.0,615.0,,90370.0,2024
Leeds,E08000035,86460.0,40755.0,31945.0,9825.0,2855.0,1075.0,5.0,151485.0,2024
Wakefield,E08000036,41780.0,20720.0,15325.0,4200.0,1150.0,380.0,5.0,70670.0,2024
Derby,E06000015,30295.0,14035.0,11015.0,3650.0,1160.0,435.0,5.0,54060.0,2024
Leicester,E06000016,44500.0,20575.0,15580.0,5745.0,1825.0,775.0,5.0,80490.0,2024
North Northamptonshire,E06000061,42545.0,20940.0,15790.0,4335.0,1125.0,350.0,,71930.0,2024
Nottingham,E06000018,34615.0,15835.0,12105.0,4570.0,1530.0,570.0,5.0,62975.0,2024
Rutland,E06000017,3140.0,1470.0,1290.0,305.0,65.0,10.0,,5280.0,2024
West Northamptonshire,E06000062,47550.0,23525.0,17860.0,4585.0,1180.0,400.0,,79920.0,2024
Amber Valley,E07000032,13225.0,6770.0,4895.0,1200.0,260.0,105.0,,21755.0,2024
Bolsover,E07000033,9280.0,4730.0,3360.0,875.0,225.0,95.0,,15480.0,2024
Chesterfield,E07000034,10935.0,5430.0,4050.0,1075.0,280.0,105.0,,18440.0,2024
Derbyshire Dales,E07000035,5860.0,2870.0,2320.0,530.0,105.0,35.0,,9720.0,2024
Erewash,E07000036,11940.0,6100.0,4420.0,1080.0,255.0,90.0,,19690.0,2024
High Peak,E07000037,9150.0,4475.0,3605.0,815.0,195.0,60.0,,15210.0,2024
North East Derbyshire,E07000038,10735.0,5385.0,4090.0,975.0,210.0,75.0,,17725.0,2024
South Derbyshire,E07000039,12565.0,6330.0,4690.0,1170.0,275.0,95.0,,20835.0,2024
Blaby,E07000129,11535.0,5570.0,4620.0,1060.0,220.0,65.0,,19220.0,2024
Charnwood,E07000130,18180.0,8825.0,7180.0,1665.0,390.0,115.0,,30355.0,2024
Harborough,E07000131,9475.0,4720.0,3670.0,890.0,160.0,40.0,,15565.0,2024
Hinckley and Bosworth,E07000132,12025.0,6090.0,4550.0,1075.0,225.0,85.0,,19780.0,2024
Melton,E07000133,5270.0,2520.0,2060.0,530.0,120.0,45.0,,8930.0,2024
North West Leicestershire,E07000134,11395.0,5705.0,4250.0,1090.0,255.0,95.0,,18990.0,2024
Oadby and Wigston,E07000135,6305.0,2950.0,2495.0,665.0,155.0,40.0,,10770.0,2024
Boston,E07000136,8610.0,4380.0,3090.0,870.0,205.0,65.0,,14345.0,2024
East Lindsey,E07000137,13140.0,6370.0,4770.0,1485.0,360.0,155.0,,22660.0,2024
Lincoln,E07000138,10100.0,5100.0,3595.0,1005.0,275.0,125.0,,17085.0,2024
North Kesteven,E07000139,12230.0,5970.0,4760.0,1175.0,265.0,70.0,,20430.0,2024
South Holland,E07000140,10450.0,5150.0,3875.0,1045.0,275.0,110.0,,17720.0,2024
South Kesteven,E07000141,14625.0,7195.0,5580.0,1420.0,315.0,115.0,,24490.0,2024
West Lindsey,E07000142,9645.0,4615.0,3675.0,1005.0,240.0,110.0,,16555.0,2024
Ashfield,E07000170,14820.0,7240.0,5465.0,1515.0,440.0,160.0,,25345.0,2024
Bassetlaw,E07000171,13225.0,6510.0,4955.0,1320.0,325.0,115.0,,22305.0,2024
Broxtowe,E07000172,10715.0,5280.0,4130.0,1015.0,210.0,75.0,,17845.0,2024
Gedling,E07000173,12780.0,6285.0,5055.0,1140.0,220.0,75.0,,21120.0,2024
Mansfield,E07000174,13145.0,6610.0,4800.0,1280.0,355.0,100.0,,22010.0,2024
Newark and Sherwood,E07000175,12955.0,6375.0,4835.0,1315.0,325.0,115.0,,21905.0,2024
Rushcliffe,E07000176,10585.0,5130.0,4360.0,885.0,180.0,35.0,,17390.0,2024
"Herefordshire, County of",E06000019,18080.0,8760.0,6945.0,1830.0,415.0,125.0,,30505.0,2024
Shropshire,E06000051,29820.0,14320.0,11475.0,3060.0,730.0,235.0,,50655.0,2024
Stoke-on-Trent,E06000021,32205.0,15225.0,11190.0,3925.0,1330.0,530.0,5.0,57650.0,2024
Telford and Wrekin,E06000020,22285.0,10595.0,7925.0,2585.0,820.0,360.0,,39445.0,2024
Cannock Chase,E07000192,11630.0,5780.0,4350.0,1160.0,265.0,80.0,,19455.0,2024
East Staffordshire,E07000193,14105.0,6670.0,5200.0,1575.0,455.0,205.0,,24720.0,2024
Lichfield,E07000194,10295.0,5130.0,3925.0,975.0,205.0,60.0,,17050.0,2024
Newcastle-under-Lyme,E07000195,12570.0,6315.0,4575.0,1290.0,285.0,105.0,,21040.0,2024
South Staffordshire,E07000196,10460.0,5120.0,4120.0,975.0,190.0,55.0,,17330.0,2024
Stafford,E07000197,13745.0,6795.0,5275.0,1285.0,280.0,115.0,,22930.0,2024
Staffordshire Moorlands,E07000198,9165.0,4515.0,3485.0,915.0,190.0,60.0,,15305.0,2024
Tamworth,E07000199,9320.0,4615.0,3425.0,940.0,240.0,95.0,,15780.0,2024
North Warwickshire,E07000218,7080.0,3545.0,2655.0,670.0,165.0,40.0,,11750.0,2024
Nuneaton and Bedworth,E07000219,16675.0,8275.0,6045.0,1730.0,475.0,150.0,,28260.0,2024
Rugby,E07000220,12580.0,6280.0,4790.0,1170.0,265.0,70.0,,20835.0,2024
Stratford-on-Avon,E07000221,12100.0,5975.0,4740.0,1060.0,240.0,85.0,,20060.0,2024
Warwick,E07000222,12375.0,6285.0,4760.0,1040.0,220.0,70.0,,20185.0,2024
Birmingham,E08000025,139015.0,59350.0,46805.0,21105.0,8065.0,3670.0,20.0,268745.0,2024
Coventry,E08000026,40190.0,18770.0,14465.0,4900.0,1460.0,600.0,,71485.0,2024
Dudley,E08000027,37460.0,17640.0,13990.0,4210.0,1185.0,435.0,5.0,65385.0,2024
Sandwell,E08000028,44495.0,19910.0,16120.0,5925.0,1815.0,725.0,,81150.0,2024
Solihull,E08000029,21485.0,10000.0,8290.0,2410.0,590.0,190.0,,37200.0,2024
Walsall,E08000030,35925.0,15915.0,13075.0,4760.0,1575.0,605.0,,65915.0,2024
Wolverhampton,E08000031,33940.0,15435.0,12560.0,4195.0,1265.0,480.0,5.0,60835.0,2024
Bromsgrove,E07000234,9420.0,4560.0,3785.0,860.0,165.0,45.0,,15620.0,2024
Malvern Hills,E07000235,7110.0,3540.0,2710.0,685.0,135.0,40.0,,11775.0,2024
Redditch,E07000236,10230.0,5020.0,3800.0,1025.0,305.0,80.0,,17345.0,2024
Worcester,E07000237,10770.0,5455.0,3920.0,1040.0,250.0,105.0,,17990.0,2024
Wychavon,E07000238,12795.0,6385.0,4835.0,1230.0,260.0,85.0,,21250.0,2024
Wyre Forest,E07000239,10450.0,5080.0,3910.0,1080.0,270.0,105.0,,17795.0,2024
Bedford,E06000055,20650.0,9795.0,7765.0,2315.0,575.0,200.0,,35645.0,2024
Central Bedfordshire,E06000056,32785.0,15815.0,12895.0,3125.0,720.0,225.0,,55110.0,2024
Luton,E06000032,29400.0,12955.0,10180.0,4300.0,1455.0,515.0,,54780.0,2024
Peterborough,E06000031,28300.0,13345.0,10195.0,3340.0,1045.0,370.0,,49960.0,2024
Southend-on-Sea,E06000033,18335.0,8890.0,6825.0,1950.0,470.0,200.0,,31375.0,2024
Thurrock,E06000034,23375.0,11105.0,8695.0,2700.0,670.0,200.0,,40365.0,2024
Cambridge,E07000008,8675.0,4440.0,3025.0,915.0,220.0,75.0,,14520.0,2024
East Cambridgeshire,E07000009,8715.0,4200.0,3475.0,810.0,175.0,50.0,,14570.0,2024
Fenland,E07000010,11440.0,5645.0,4185.0,1230.0,290.0,90.0,,19380.0,2024
Huntingdonshire,E07000011,18020.0,8820.0,7040.0,1635.0,405.0,125.0,,30095.0,2024
South Cambridgeshire,E07000012,14595.0,6910.0,5845.0,1425.0,320.0,95.0,,24690.0,2024
Basildon,E07000066,21300.0,9995.0,8005.0,2390.0,660.0,245.0,,37150.0,2024
Braintree,E07000067,16350.0,7905.0,6280.0,1620.0,420.0,125.0,,27670.0,2024
Brentwood,E07000068,5915.0,2975.0,2275.0,540.0,105.0,20.0,,9675.0,2024
Castle Point,E07000069,8410.0,4010.0,3290.0,800.0,200.0,110.0,,14445.0,2024
Chelmsford,E07000070,15990.0,7680.0,6320.0,1550.0,335.0,105.0,,26885.0,2024
Colchester,E07000071,20060.0,9520.0,7785.0,2105.0,475.0,175.0,,34275.0,2024
Epping Forest,E07000072,12015.0,6110.0,4490.0,1115.0,235.0,60.0,,19735.0,2024
Harlow,E07000073,12515.0,6080.0,4570.0,1380.0,355.0,125.0,,21470.0,2024
Maldon,E07000074,5930.0,2840.0,2365.0,590.0,110.0,20.0,,9900.0,2024
Rochford,E07000075,7945.0,3830.0,3165.0,750.0,150.0,45.0,,13260.0,2024
Tendring,E07000076,14670.0,6880.0,5445.0,1670.0,470.0,205.0,,25755.0,2024
Uttlesford,E07000077,7905.0,3805.0,3135.0,775.0,160.0,35.0,,13220.0,2024
Broxbourne,E07000095,11325.0,5650.0,4270.0,1090.0,255.0,50.0,,18760.0,2024
Dacorum,E07000096,15330.0,7475.0,5825.0,1530.0,380.0,120.0,,25875.0,2024
East Hertfordshire,E07000242,13245.0,6630.0,5185.0,1160.0,225.0,50.0,,21625.0,2024
Hertsmere,E07000098,10105.0,5095.0,3760.0,975.0,210.0,70.0,,16760.0,2024
North Hertfordshire,E07000099,11715.0,5745.0,4520.0,1105.0,245.0,95.0,,19595.0,2024
St Albans,E07000240,10455.0,5120.0,4040.0,990.0,230.0,70.0,,17490.0,2024
Stevenage,E07000243,10190.0,4845.0,3870.0,1075.0,285.0,115.0,,17570.0,2024
Three Rivers,E07000102,8065.0,4085.0,3075.0,685.0,170.0,50.0,,13250.0,2024
Watford,E07000103,11115.0,5600.0,3975.0,1160.0,285.0,95.0,,18670.0,2024
Welwyn Hatfield,E07000241,11430.0,5640.0,4295.0,1140.0,270.0,85.0,,19190.0,2024
Breckland,E07000143,14505.0,6980.0,5500.0,1505.0,375.0,140.0,,24775.0,2024
Broadland,E07000144,13330.0,6575.0,5395.0,1120.0,190.0,50.0,,21755.0,2024
Great Yarmouth,E07000145,10980.0,5385.0,3915.0,1215.0,335.0,130.0,,18905.0,2024
King's Lynn and West Norfolk,E07000146,15025.0,7225.0,5750.0,1530.0,365.0,160.0,,25640.0,2024
North Norfolk,E07000147,8295.0,4020.0,3160.0,870.0,175.0,75.0,,14040.0,2024
Norwich,E07000148,13530.0,6775.0,4790.0,1375.0,435.0,150.0,,23035.0,2024
South Norfolk,E07000149,14535.0,7075.0,5830.0,1290.0,270.0,70.0,,24070.0,2024
Babergh,E07000200,8645.0,4095.0,3490.0,820.0,185.0,55.0,,14590.0,2024
East Suffolk,E07000244,22855.0,10740.0,8840.0,2480.0,590.0,205.0,,39320.0,2024
Ipswich,E07000202,16670.0,7865.0,6195.0,1895.0,530.0,190.0,,29055.0,2024
Mid Suffolk,E07000203,10050.0,4805.0,4010.0,980.0,190.0,65.0,,16875.0,2024
West Suffolk,E07000245,17070.0,8375.0,6535.0,1655.0,370.0,135.0,,28645.0,2024
Hackney,E09000012,26290.0,12355.0,7820.0,3305.0,1335.0,1430.0,40.0,52290.0,2024
Haringey,E09000014,25575.0,13640.0,8085.0,2420.0,790.0,635.0,10.0,44085.0,2024
Islington,E09000019,16470.0,8205.0,5490.0,1875.0,630.0,265.0,,28800.0,2024
Lambeth,E09000022,24490.0,13100.0,7630.0,2620.0,815.0,325.0,,41245.0,2024
Lewisham,E09000023,29635.0,15500.0,9730.0,3160.0,910.0,340.0,,49875.0,2024
Newham,E09000025,43375.0,20605.0,14420.0,6005.0,1760.0,585.0,5.0,77625.0,2024
Southwark,E09000028,26100.0,13330.0,8335.0,3175.0,930.0,330.0,,45020.0,2024
Tower Hamlets,E09000030,30485.0,12815.0,10415.0,5170.0,1550.0,530.0,,58225.0,2024
Camden,E09000007,13375.0,6890.0,4230.0,1550.0,505.0,205.0,,23145.0,2024
City of London,E09000001,250.0,145.0,85.0,15.0,5.0,,,375.0,2024
Hammersmith and Fulham,E09000013,11470.0,6120.0,3580.0,1175.0,405.0,185.0,,19435.0,2024
Kensington and Chelsea,E09000020,6310.0,3575.0,1910.0,595.0,185.0,45.0,,10150.0,2024
Wandsworth,E09000032,19795.0,10130.0,6360.0,2260.0,710.0,330.0,,34285.0,2024
Westminster,E09000033,11280.0,5970.0,3555.0,1280.0,375.0,100.0,,18945.0,2024
Barking and Dagenham,E09000002,33990.0,15515.0,11870.0,4815.0,1355.0,435.0,,61480.0,2024
Bexley,E09000004,25800.0,12480.0,9725.0,2720.0,690.0,180.0,,43830.0,2024
Enfield,E09000010,40095.0,19465.0,14170.0,4620.0,1280.0,555.0,,69910.0,2024
Greenwich,E09000011,29790.0,14600.0,9995.0,3665.0,1100.0,435.0,,52330.0,2024
Havering,E09000016,29170.0,14205.0,10880.0,3110.0,730.0,245.0,,49545.0,2024
Redbridge,E09000026,34375.0,16660.0,12085.0,4190.0,1090.0,345.0,5.0,59685.0,2024
Waltham Forest,E09000031,31060.0,15715.0,10495.0,3520.0,995.0,335.0,,53090.0,2024
Bromley,E09000006,27630.0,14060.0,10295.0,2535.0,575.0,165.0,,45465.0,2024
Croydon,E09000008,43840.0,22150.0,14970.0,4850.0,1385.0,480.0,5.0,74845.0,2024
Kingston upon Thames,E09000021,12985.0,6670.0,4765.0,1190.0,295.0,65.0,,21310.0,2024
Merton,E09000024,18465.0,9655.0,6340.0,1895.0,425.0,145.0,,30515.0,2024
Sutton,E09000029,21350.0,10640.0,8195.0,1995.0,425.0,100.0,,35245.0,2024
Barnet,E09000003,36800.0,18870.0,12165.0,3805.0,1225.0,730.0,5.0,63680.0,2024
Brent,E09000005,37485.0,18945.0,12000.0,4275.0,1445.0,815.0,5.0,66045.0,2024
Ealing,E09000009,36690.0,18585.0,12435.0,4090.0,1095.0,485.0,,62750.0,2024
Harrow,E09000015,25580.0,13025.0,8610.0,2675.0,800.0,465.0,5.0,44110.0,2024
Hillingdon,E09000017,32885.0,15975.0,11760.0,3675.0,1055.0,415.0,5.0,57055.0,2024
Hounslow,E09000018,31620.0,16060.0,10925.0,3305.0,935.0,390.0,5.0,53710.0,2024
Richmond upon Thames,E09000027,11455.0,6185.0,4085.0,915.0,215.0,55.0,,18235.0,2024
Bracknell Forest,E06000036,12420.0,6240.0,4790.0,1110.0,215.0,65.0,,20355.0,2024
Brighton and Hove,E06000043,22165.0,11890.0,8025.0,1690.0,420.0,140.0,,35460.0,2024
Isle of Wight,E06000046,13080.0,6480.0,4820.0,1345.0,335.0,105.0,,22045.0,2024
Medway,E06000035,33455.0,15615.0,12665.0,3880.0,975.0,320.0,,58240.0,2024
Milton Keynes,E06000042,32805.0,15990.0,11955.0,3585.0,925.0,350.0,,56265.0,2024
Portsmouth,E06000044,21815.0,10660.0,8050.0,2275.0,620.0,210.0,,37195.0,2024
Reading,E06000038,16340.0,8165.0,5765.0,1765.0,480.0,170.0,,27820.0,2024
Slough,E06000039,20600.0,9485.0,7265.0,2695.0,845.0,310.0,,37175.0,2024
Southampton,E06000045,26060.0,12655.0,9425.0,2895.0,795.0,295.0,,44970.0,2024
West Berkshire,E06000037,13795.0,6710.0,5270.0,1360.0,325.0,130.0,,23315.0,2024
Windsor and Maidenhead,E06000040,11000.0,5535.0,4115.0,1045.0,245.0,60.0,,18205.0,2024
Wokingham,E06000041,14265.0,6890.0,5630.0,1380.0,285.0,80.0,,23860.0,2024
Buckinghamshire Council,E06000060,50625.0,24165.0,19575.0,5190.0,1290.0,405.0,,86250.0,2024
Eastbourne,E07000061,10350.0,5035.0,3900.0,1080.0,250.0,80.0,,17525.0,2024
Hastings,E07000062,10195.0,5085.0,3685.0,1015.0,290.0,120.0,,17325.0,2024
Lewes,E07000063,9590.0,4695.0,3725.0,925.0,190.0,50.0,,15960.0,2024
Rother,E07000064,8005.0,3840.0,3035.0,835.0,215.0,80.0,,13700.0,2024
Wealden,E07000065,14755.0,7035.0,5770.0,1510.0,350.0,90.0,,24995.0,2024
Basingstoke and Deane,E07000084,17580.0,8640.0,6795.0,1615.0,390.0,140.0,,29410.0,2024
East Hampshire,E07000085,10760.0,5225.0,4290.0,985.0,205.0,55.0,,17875.0,2024
Eastleigh,E07000086,14510.0,6835.0,5990.0,1305.0,295.0,85.0,,24365.0,2024
Fareham,E07000087,10060.0,4860.0,4080.0,875.0,185.0,55.0,,16700.0,2024
Gosport,E07000088,8895.0,4400.0,3230.0,935.0,250.0,80.0,,15110.0,2024
Hart,E07000089,7970.0,3910.0,3205.0,680.0,145.0,35.0,,13105.0,2024
Havant,E07000090,12855.0,6095.0,4905.0,1355.0,350.0,155.0,,22230.0,2024
New Forest,E07000091,14460.0,6980.0,5680.0,1410.0,305.0,90.0,,24260.0,2024
Rushmoor,E07000092,11215.0,5790.0,4085.0,1020.0,255.0,65.0,,18385.0,2024
Test Valley,E07000093,12695.0,6285.0,4935.0,1150.0,255.0,70.0,,21005.0,2024
Winchester,E07000094,10120.0,4930.0,3890.0,1005.0,225.0,70.0,,16985.0,2024
Ashford,E07000105,14525.0,6855.0,5600.0,1520.0,390.0,160.0,,25050.0,2024
Canterbury,E07000106,13805.0,6595.0,5235.0,1470.0,370.0,140.0,,23690.0,2024
Dartford,E07000107,14055.0,6660.0,5445.0,1550.0,310.0,90.0,,23920.0,2024
Dover,E07000108,12255.0,6010.0,4485.0,1310.0,335.0,115.0,,20875.0,2024
Folkestone and Hythe,E07000112,10995.0,5480.0,4010.0,1095.0,290.0,115.0,,18590.0,2024
Gravesham,E07000109,12765.0,5855.0,4920.0,1510.0,365.0,115.0,,22335.0,2024
Maidstone,E07000110,19660.0,9615.0,7360.0,2015.0,515.0,160.0,,33275.0,2024
Sevenoaks,E07000111,10040.0,4755.0,3935.0,1045.0,230.0,70.0,,17090.0,2024
Swale,E07000113,17735.0,8285.0,6710.0,1955.0,570.0,215.0,,31020.0,2024
Thanet,E07000114,15645.0,7780.0,5645.0,1605.0,445.0,165.0,,26575.0,2024
Tonbridge and Malling,E07000115,12610.0,5970.0,4990.0,1265.0,270.0,115.0,,21450.0,2024
Tunbridge Wells,E07000116,9885.0,4935.0,3730.0,935.0,225.0,60.0,,16430.0,2024
Cherwell,E07000177,16905.0,8385.0,6380.0,1610.0,395.0,135.0,,28280.0,2024
Oxford,E07000178,11720.0,5700.0,4065.0,1435.0,385.0,135.0,,20405.0,2024
South Oxfordshire,E07000179,12540.0,6075.0,4970.0,1160.0,255.0,85.0,,20970.0,2024
Vale of White Horse,E07000180,13505.0,6480.0,5245.0,1365.0,310.0,105.0,,22865.0,2024
West Oxfordshire,E07000181,10795.0,5145.0,4330.0,1025.0,220.0,70.0,,18160.0,2024
Elmbridge,E07000207,9070.0,4640.0,3485.0,740.0,150.0,60.0,,14745.0,2024
Epsom and Ewell,E07000208,6405.0,3180.0,2565.0,530.0,95.0,40.0,,10480.0,2024
Guildford,E07000209,10180.0,5065.0,3925.0,920.0,200.0,70.0,,16865.0,2024
Mole Valley,E07000210,6035.0,2975.0,2340.0,560.0,120.0,40.0,,10035.0,2024
Reigate and Banstead,E07000211,13075.0,6355.0,5050.0,1320.0,290.0,60.0,,21885.0,2024
Runnymede,E07000212,7255.0,3600.0,2760.0,675.0,170.0,45.0,,12085.0,2024
Spelthorne,E07000213,10395.0,5295.0,3855.0,945.0,230.0,70.0,,17135.0,2024
Surrey Heath,E07000214,7355.0,3635.0,2905.0,660.0,125.0,30.0,,12095.0,2024
Tandridge,E07000215,7440.0,3645.0,2925.0,685.0,150.0,40.0,,12355.0,2024
Waverley,E07000216,8920.0,4430.0,3485.0,810.0,160.0,35.0,,14670.0,2024
Woking,E07000217,8525.0,4125.0,3220.0,885.0,235.0,60.0,,14475.0,2024
Adur,E07000223,6595.0,3215.0,2640.0,575.0,130.0,35.0,,10925.0,2024
Arun,E07000224,15595.0,7650.0,5980.0,1535.0,315.0,110.0,,26095.0,2024
Chichester,E07000225,10460.0,5085.0,4010.0,1030.0,260.0,75.0,,17630.0,2024
Crawley,E07000226,14330.0,6960.0,5160.0,1620.0,435.0,150.0,,24695.0,2024
Horsham,E07000227,12510.0,5965.0,5100.0,1165.0,230.0,45.0,,20845.0,2024
Mid Sussex,E07000228,13670.0,6580.0,5580.0,1215.0,225.0,70.0,,22660.0,2024
Worthing,E07000229,10960.0,5590.0,4170.0,960.0,190.0,55.0,,17865.0,2024
Bath and North East Somerset,E06000022,16290.0,7725.0,6615.0,1510.0,340.0,105.0,,27385.0,2024
"Bristol, City of",E06000023,44175.0,21080.0,16280.0,4705.0,1435.0,675.0,5.0,77255.0,2024
Cornwall,E06000052,57830.0,27365.0,22700.0,5930.0,1375.0,455.0,5.0,98560.0,2024
Isles of Scilly,E06000053,195.0,80.0,90.0,20.0,,,,330.0,2024
North Somerset,E06000024,21880.0,10690.0,8705.0,1950.0,425.0,115.0,,36275.0,2024
Plymouth,E06000026,28475.0,14080.0,10695.0,2760.0,675.0,265.0,,47875.0,2024
Somerset,E06000066,56475.0,26900.0,22040.0,5720.0,1330.0,480.0,,96090.0,2024
South Gloucestershire,E06000025,30085.0,14170.0,12385.0,2785.0,565.0,175.0,,50515.0,2024
Swindon,E06000030,26860.0,13265.0,10135.0,2600.0,645.0,215.0,,45075.0,2024
Torbay,E06000027,13790.0,6630.0,5245.0,1450.0,345.0,120.0,,23490.0,2024
Wiltshire,E06000054,49515.0,23740.0,19330.0,4955.0,1140.0,350.0,,83730.0,2024
East Devon,E07000040,13950.0,6465.0,5745.0,1360.0,295.0,85.0,,23670.0,2024
Exeter,E07000041,11550.0,5705.0,4440.0,1050.0,285.0,70.0,,19245.0,2024
Mid Devon,E07000042,8650.0,3940.0,3525.0,915.0,205.0,65.0,,14885.0,2024
North Devon,E07000043,10115.0,4645.0,4095.0,1080.0,230.0,65.0,,17345.0,2024
South Hams,E07000044,8370.0,4015.0,3355.0,800.0,155.0,40.0,,13970.0,2024
Teignbridge,E07000045,13110.0,6260.0,5225.0,1295.0,270.0,65.0,,22015.0,2024
Torridge,E07000046,6600.0,3005.0,2665.0,705.0,170.0,50.0,,11415.0,2024
West Devon,E07000047,5025.0,2330.0,2010.0,525.0,125.0,30.0,,8620.0,2024
"Bournemouth, Christchurch and Poole",E06000058,37645.0,19175.0,14055.0,3390.0,760.0,260.0,5.0,61950.0,2024
Dorset Council,E06000059,33715.0,16135.0,13355.0,3240.0,745.0,235.0,,56830.0,2024
Cheltenham,E07000078,9990.0,4940.0,3835.0,955.0,190.0,65.0,,16590.0,2024
Cotswold,E07000079,7030.0,3425.0,2770.0,640.0,140.0,50.0,,11715.0,2024
Forest of Dean,E07000080,8545.0,4015.0,3380.0,840.0,245.0,70.0,,14650.0,2024
Gloucester,E07000081,14935.0,7015.0,5725.0,1625.0,430.0,140.0,,25835.0,2024
Stroud,E07000082,11780.0,5660.0,4755.0,1060.0,225.0,80.0,,19675.0,2024
Tewkesbury,E07000083,10330.0,4850.0,4185.0,995.0,225.0,70.0,,17485.0,2024
Antrim and Newtownabbey,N09000001,16850.0,7690.0,6575.0,2000.0,450.0,135.0,,29390.0,2024
Ards and North Down,N09000011,16550.0,7760.0,6415.0,1850.0,425.0,95.0,,28345.0,2024
"Armagh City, Banbridge and Craigavon",N09000002,27265.0,11295.0,10560.0,4025.0,1085.0,300.0,5.0,50460.0,2024
Belfast,N09000003,37670.0,17380.0,13875.0,4765.0,1225.0,425.0,5.0,66645.0,2024
Causeway Coast and Glens,N09000004,15790.0,6735.0,5895.0,2375.0,610.0,170.0,,29015.0,2024
Derry City and Strabane,N09000005,19310.0,8450.0,7350.0,2690.0,655.0,170.0,,34750.0,2024
Fermanagh and Omagh,N09000006,13305.0,5060.0,4950.0,2395.0,705.0,190.0,,26015.0,2024
Lisburn and Castlereagh,N09000007,16290.0,7225.0,6585.0,1940.0,440.0,100.0,,28500.0,2024
Mid and East Antrim,N09000008,15580.0,7210.0,5945.0,1830.0,440.0,150.0,,27175.0,2024
Mid Ulster,N09000009,18965.0,7565.0,6905.0,3250.0,990.0,250.0,,36430.0,2024
"Newry, Mourne and Down",N09000010,21370.0,8475.0,7870.0,3705.0,1030.0,290.0,,41000.0,2024
Aberdeen City,S12000033,17135.0,9505.0,5895.0,1365.0,290.0,80.0,,26970.0,2024
Aberdeenshire,S12000034,22215.0,10910.0,8760.0,2060.0,385.0,100.0,,36675.0,2024
Angus,S12000041,11045.0,5665.0,4145.0,975.0,195.0,70.0,,18030.0,2024
Argyll and Bute,S12000035,7325.0,3600.0,2820.0,715.0,150.0,45.0,,12220.0,2024
City of Edinburgh,S12000036,37945.0,20655.0,13490.0,2980.0,640.0,180.0,,60095.0,2024
Clackmannanshire,S12000005,5450.0,2845.0,1950.0,485.0,120.0,45.0,,8940.0,2024
Dumfries and Galloway,S12000006,14075.0,6960.0,5240.0,1460.0,315.0,100.0,,23635.0,2024
Dundee City,S12000042,14300.0,7565.0,4955.0,1350.0,310.0,120.0,,23420.0,2024
East Ayrshire,S12000008,12880.0,6625.0,4675.0,1240.0,270.0,70.0,,21160.0,2024
East Dunbartonshire,S12000045,9730.0,4780.0,3980.0,810.0,120.0,35.0,,15855.0,2024
East Lothian,S12000010,11125.0,5610.0,4335.0,935.0,190.0,60.0,,18155.0,2024
East Renfrewshire,S12000011,9110.0,4290.0,3650.0,950.0,180.0,40.0,,15380.0,2024
Falkirk,S12000014,16245.0,8645.0,5850.0,1385.0,275.0,90.0,,26085.0,2024
Fife,S12000047,37435.0,19285.0,13660.0,3470.0,770.0,245.0,5.0,61475.0,2024
Glasgow City,S12000049,58250.0,30370.0,19610.0,5985.0,1700.0,580.0,,97525.0,2024
Highland,S12000017,22055.0,11065.0,8230.0,2140.0,475.0,135.0,5.0,36645.0,2024
Inverclyde,S12000018,7575.0,4050.0,2710.0,645.0,130.0,35.0,,12135.0,2024
Midlothian,S12000019,10910.0,5515.0,4205.0,890.0,210.0,90.0,,17920.0,2024
Moray,S12000020,8880.0,4395.0,3370.0,855.0,180.0,75.0,,14845.0,2024
Na h-Eileanan Siar,S12000013,2235.0,1090.0,850.0,230.0,55.0,10.0,,3755.0,2024
North Ayrshire,S12000021,13830.0,7305.0,4865.0,1260.0,305.0,95.0,,22540.0,2024
North Lanarkshire,S12000050,37530.0,19810.0,13365.0,3420.0,710.0,220.0,,60820.0,2024
Orkney Islands,S12000023,1985.0,890.0,805.0,225.0,45.0,15.0,,3455.0,2024
Perth and Kinross,S12000048,13720.0,6940.0,5255.0,1195.0,250.0,80.0,,22470.0,2024
Renfrewshire,S12000038,18285.0,9765.0,6645.0,1505.0,290.0,80.0,,29165.0,2024
Scottish Borders,S12000026,10470.0,5120.0,4055.0,1045.0,205.0,45.0,,17425.0,2024
Shetland Islands,S12000027,2010.0,890.0,805.0,250.0,50.0,15.0,,3535.0,2024
South Ayrshire,S12000028,10150.0,5250.0,3785.0,885.0,175.0,55.0,,16495.0,2024
South Lanarkshire,S12000029,33520.0,17320.0,12495.0,2925.0,595.0,180.0,,54450.0,2024
Stirling,S12000030,7915.0,4015.0,3060.0,655.0,140.0,40.0,,12885.0,2024
West Dunbartonshire,S12000039,9765.0,5205.0,3400.0,885.0,200.0,70.0,,15850.0,2024
West Lothian,S12000040,20065.0,10335.0,7505.0,1750.0,375.0,105.0,,32645.0,2024
Blaenau Gwent / Blaenau Gwent,W06000019,7995.0,4130.0,2865.0,745.0,200.0,50.0,,13175.0,2024
Bridgend / Pen-y-bont ar Ogwr,W06000013,15900.0,7975.0,5955.0,1510.0,350.0,110.0,,26430.0,2024
Caerphilly / Caerffili,W06000018,20510.0,10180.0,7775.0,1960.0,455.0,135.0,,34150.0,2024
Cardiff / Caerdydd,W06000015,35850.0,16640.0,13395.0,4140.0,1240.0,430.0,5.0,63155.0,2024
Carmarthenshire / Sir Gaerfyrddin,W06000010,19975.0,9525.0,7640.0,2140.0,495.0,175.0,,34125.0,2024
Ceredigion / Ceredigion,W06000008,6385.0,2945.0,2490.0,725.0,170.0,60.0,,11095.0,2024
Conwy / Conwy,W06000003,11210.0,5365.0,4230.0,1210.0,285.0,120.0,,19245.0,2024
Denbighshire / Sir Ddinbych,W06000004,10250.0,4770.0,3815.0,1180.0,335.0,150.0,5.0,18130.0,2024
Flintshire / Sir y Fflint,W06000005,16955.0,8435.0,6365.0,1605.0,385.0,160.0,,28420.0,2024
Gwynedd / Gwynedd,W06000002,11420.0,5180.0,4320.0,1400.0,370.0,145.0,,20305.0,2024
Isle of Anglesey / Ynys Môn,W06000001,6925.0,3125.0,2655.0,850.0,210.0,85.0,,12280.0,2024
Merthyr Tydfil / Merthyr Tudful,W06000024,7290.0,3710.0,2680.0,680.0,170.0,55.0,,12075.0,2024
Monmouthshire / Sir Fynwy,W06000021,8410.0,4180.0,3285.0,730.0,160.0,55.0,,13875.0,2024
Neath Port Talbot / Castell-nedd Port Talbot,W06000012,15785.0,7840.0,5955.0,1490.0,365.0,130.0,,26395.0,2024
Newport / Casnewydd,W06000022,19070.0,9130.0,7140.0,2055.0,580.0,165.0,,32785.0,2024
Pembrokeshire / Sir Benfro,W06000009,12405.0,5890.0,4680.0,1370.0,355.0,110.0,,21370.0,2024
Powys / Powys,W06000023,12620.0,5755.0,5090.0,1390.0,290.0,85.0,,21765.0,2024
Rhondda Cynon Taf / Rhondda Cynon Taf,W06000016,27380.0,13895.0,10130.0,2590.0,590.0,170.0,,45245.0,2024
Swansea / Abertawe,W06000011,25040.0,12350.0,9470.0,2450.0,580.0,185.0,,41970.0,2024
Torfaen / Torfaen,W06000020,11080.0,5590.0,4005.0,1095.0,285.0,105.0,,18595.0,2024
Vale of Glamorgan / Bro Morgannwg,W06000014,14020.0,6820.0,5460.0,1385.0,280.0,80.0,,23425.0,2024
Wrexham / Wrecsam,W06000006,15465.0,7720.0,5725.0,1480.0,410.0,130.0,,25970.0,2024