DisNo.,Historic,Classification Key,Disaster Group,Disaster Subgroup,Disaster Type,Disaster Subtype,External IDs,Event Name,ISO,Country,Subregion,Region,Location,Origin,Associated Types,OFDA/BHA Response,Appeal,Declaration,AID Contribution ('000 US$),Magnitude,Magnitude Scale,Latitude,Longitude,River Basin,Start Year,Start Month,Start Day,End Year,End Month,End Day,Total Deaths,No. Injured,No. Affected,No. Homeless,Total Affected,Reconstruction Costs ('000 US$),"Reconstruction Costs, Adjusted ('000 US$)",Insured Damage ('000 US$),"Insured Damage, Adjusted ('000 US$)",Total Damage ('000 US$),"Total Damage, Adjusted ('000 US$)",CPI,Admin Units,GADM Admin Units,Entry Date,Last Update
1990-0030-PER,Yes,nat-geo-vol-ash,Natural,Geophysical,Volcanic activity,Ash fall,,Sabancayo,PER,Peru,Latin America and the Caribbean,Americas,Moyoyamba,,,No,No,No,,,,-15.78,-71.85,,1990,6,4,1990,6,4,,,4000,,4000,,,,,,,40.584306895946746,,,2005-06-03,2023-09-25
1990-0322-PER,Yes,nat-hyd-flo-riv,Natural,Hydrological,Flood,Riverine flood,,,PER,Peru,Latin America and the Caribbean,Americas,"Southern Andean Highlands, Cuzco, Chumbivilcas Province",Heavy rain,,No,No,No,,,Km2,,,,1990,2,20,1990,2,23,21,,100,,100,,,,,,,40.584306895946746,,,2005-12-20,2023-09-25
1991-0035-PER,Yes,nat-bio-epi-bac,Natural,Biological,Epidemic,Bacterial disease,,Cholera,PER,Peru,Latin America and the Caribbean,Americas,"La Libertad, Lambayeque, Ancash, Piura, Tumbes, Lima-Callao, Ica, Cajamarca, Arequipa, Puno, Apurimac, Huancavelica, Huanuco, Junin, Loreto, Moquegua, Tacna, Amazonas, San Martin, Ayacucho, Pasco, Ucayali departments",,,Yes,No,No,,,,,,,1991,1,31,1991,1,31,1726,79725,203628,,283353,,,,,,,42.303043437143714,,,2003-07-01,2023-09-25
1991-0173-PER,Yes,nat-geo-ear-gro,Natural,Geophysical,Earthquake,Ground movement,,,PER,Peru,Latin America and the Caribbean,Americas,Maca Arequipa region,,"Slide (land, mud, snow, rock)",No,No,No,,5.0,Moment Magnitude,-15.679,-71.274,,1991,7,24,1991,7,24,11,35,1500,,1535,,,,,,,42.303043437143714,,,2004-03-29,2023-09-25
1991-0276-PER,Yes,nat-met-ext-col,Natural,Meteorological,Extreme temperature,Cold wave,,,PER,Peru,Latin America and the Caribbean,Americas,Andes,,,No,No,No,,-8.0,°C,,,,1991,6,14,1991,6,14,25,,,,,,,,,,,42.303043437143714,,,2003-07-01,2023-09-25
1992-0448-PER,Yes,nat-bio-epi-bac,Natural,Biological,Epidemic,Bacterial disease,,Cholera,PER,Peru,Latin America and the Caribbean,Americas,,,,No,No,No,,,,,,,1992,1,,1992,1,,690,,,,,,,,,,,43.58432516729147,,,2003-07-01,2023-09-25
1993-0131-PER,Yes,nat-hyd-flo-riv,Natural,Hydrological,Flood,Riverine flood,,,PER,Peru,Latin America and the Caribbean,Americas,Amazon region,,,No,No,No,,,Km2,,,,1993,3,12,1993,3,12,80,,219000,,219000,,,,,,,44.87078243988567,,,2003-07-01,2023-09-25
1994-0301-PER,Yes,nat-hyd-flo-riv,Natural,Hydrological,Flood,Riverine flood,,,PER,Peru,Latin America and the Caribbean,Americas,"Andes, Callo, Concepción",,,No,No,No,,,Km2,,,,1994,2,,1994,2,,33,30,,,30,,,,,,,46.040764240153905,,,2003-07-01,2023-09-25
1995-0329-PER,Yes,nat-hyd-mmw-lan,Natural,Hydrological,Mass movement (wet),Landslide (wet),,,PER,Peru,Latin America and the Caribbean,Americas,Puno,,,No,No,No,,,,,,,1995,1,7,1995,1,7,20,,,,,,,,,,,47.332397055194555,,,2003-07-01,2023-09-25
1996-0042-PER,Yes,nat-geo-ear-tsu,Natural,Geophysical,Earthquake,Tsunami,,,PER,Peru,Latin America and the Caribbean,Americas,Pacific Coast,Earthquake,,No,No,No,,,Moment Magnitude,-9.593,-79.587,,1996,2,21,1996,2,21,7,2,,750,752,,,,,,,48.7198105348557,,,2005-04-21,2023-09-25
2019-0647-PER,No,nat-hyd-flo-flo,Natural,Hydrological,Flood,Flood (General),DFO:4853,,PER,Peru,Latin America and the Caribbean,Americas,"Huanuco, Pasco and Cusco departments",,"Slide (land, mud, snow, rock)",No,No,No,,322182.75,Km2,-5.921,-76.979,,2019,12,15,2020,1,10,,,900,,900,,,,,,,79.41078460433721,"[{""adm1_code"":2335,""adm1_name"":""Cusco""},{""adm1_code"":2337,""adm1_name"":""Huánuco""},{""adm1_code"":2346,""adm1_name"":""Pasco""}]","[{""gid_1"":""PER.10_1"",""migration_date"":""2025-12-20"",""migration_method"":""jaccard1"",""name_1"":""Huánuco""},{""gid_1"":""PER.20_1"",""migration_date"":""2025-12-20"",""migration_method"":""jaccard1"",""name_1"":""Pasco""},{""gid_1"":""PER.8_1"",""migration_date"":""2025-12-20"",""migration_method"":""jaccard1"",""name_1"":""Cusco""}]",2020-01-10,2025-12-20
2019-0428-PER,No,nat-cli-wil-for,Natural,Climatological,Wildfire,Forest fire,,,PER,Peru,Latin America and the Caribbean,Americas,,,,No,No,No,,,Km2,,,,2019,1,,2019,8,,,,,,,,,,,,,79.41078460433721,,,2019-10-01,2023-09-25
2019-0358-PER,No,nat-geo-vol-ash,Natural,Geophysical,Volcanic activity,Ash fall,,Ubinas,PER,Peru,Latin America and the Caribbean,Americas,"Moquegua, Arequipa, Puno,Tacna Departments",,,No,No,Yes,,,,,,,2019,7,19,2019,7,22,,,30000,,30000,,,,,,,79.41078460433721,"[{""adm1_code"":2331,""adm1_name"":""Arequipa""},{""adm1_code"":2345,""adm1_name"":""Moquegua""},{""adm1_code"":2348,""adm1_name"":""Puno""},{""adm1_code"":2350,""adm1_name"":""Tacna""}]","[{""gid_1"":""PER.19_1"",""migration_date"":""2025-12-20"",""migration_method"":""jaccard1"",""name_1"":""Moquegua""},{""gid_1"":""PER.22_1"",""migration_date"":""2025-12-20"",""migration_method"":""jaccard1"",""name_1"":""Puno""},{""gid_1"":""PER.24_1"",""migration_date"":""2025-12-20"",""migration_method"":""jaccard1"",""name_1"":""Tacna""},{""gid_1"":""PER.4_1"",""migration_date"":""2025-12-20"",""migration_method"":""jaccard1"",""name_1"":""Arequipa""}]",2019-07-23,2025-12-20
2021-0145-PER,No,nat-hyd-flo-riv,Natural,Hydrological,Flood,Riverine flood,,,PER,Peru,Latin America and the Caribbean,Americas,"Tambogrande, Las Loma, Chulucanas, Canchaque, Máncora,San Miguel de El Faique distrcits (Morropón, Piura, Huancabamba , Sullana Provinces - Piura Region)",Heavy rains,"Slide (land, mud, snow, rock)",No,No,Yes,,,Km2,,,,2021,3,3,2021,3,4,,,546,15,561,,,,,,,84.16698295725244,"[{""adm2_code"":24158,""adm2_name"":""Huancabamba""},{""adm2_code"":24159,""adm2_name"":""Morropón""},{""adm2_code"":24161,""adm2_name"":""Piura""},{""adm2_code"":24163,""adm2_name"":""Sullana""}]","[{""gid_2"":""PER.21.2_1"",""migration_date"":""2025-12-20"",""migration_method"":""jaccard2"",""name_2"":""Huancabamba""},{""gid_2"":""PER.21.3_1"",""migration_date"":""2025-12-20"",""migration_method"":""jaccard2"",""name_2"":""Morropón""},{""gid_2"":""PER.21.5_1"",""migration_date"":""2025-12-20"",""migration_method"":""jaccard2"",""name_2"":""Piura""},{""gid_2"":""PER.21.7_1"",""migration_date"":""2025-12-20"",""migration_method"":""jaccard2"",""name_2"":""Sullana""}]",2021-03-15,2025-12-20
2019-0072-PER,No,nat-hyd-flo-flo,Natural,Hydrological,Flood,Flood (General),,,PER,Peru,Latin America and the Caribbean,Americas,"Apurimac, Arequipa, Ayacucho, Cusco, Huancavelica, Ica, Lima, Moquegua, Puno, Tacna",,"Slide (land, mud, snow, rock)|Storm",No,No,No,,,Km2,,,,2019,2,21,2019,2,28,51,79,8300,,8379,,,,,,,79.41078460433721,"[{""adm1_code"":2330,""adm1_name"":""Apurímac""},{""adm1_code"":2331,""adm1_name"":""Arequipa""},{""adm1_code"":2332,""adm1_name"":""Ayacucho""},{""adm1_code"":2335,""adm1_name"":""Cusco""},{""adm1_code"":2336,""adm1_name"":""Huancavelica""},{""adm1_code"":2338,""adm1_name"":""Ica""},{""adm1_code"":2342,""adm1_name"":""Lima""},{""adm1_code"":2345,""adm1_name"":""Moquegua""},{""adm1_code"":2348,""adm1_name"":""Puno""},{""adm1_code"":2350,""adm1_name"":""Tacna""}]","[{""gid_1"":""PER.11_1"",""migration_date"":""2025-12-20"",""migration_method"":""jaccard1"",""name_1"":""Ica""},{""gid_1"":""PER.15_1"",""migration_date"":""2025-12-20"",""migration_method"":""puzzle1_1"",""name_1"":""Lima Province""},{""gid_1"":""PER.16_1"",""migration_date"":""2025-12-20"",""migration_method"":""puzzle1_1"",""name_1"":""Lima""},{""gid_1"":""PER.19_1"",""migration_date"":""2025-12-20"",""migration_method"":""jaccard1"",""name_1"":""Moquegua""},{""gid_1"":""PER.22_1"",""migration_date"":""2025-12-20"",""migration_method"":""jaccard1"",""name_1"":""Puno""},{""gid_1"":""PER.24_1"",""migration_date"":""2025-12-20"",""migration_method"":""jaccard1"",""name_1"":""Tacna""},{""gid_1"":""PER.3_1"",""migration_date"":""2025-12-20"",""migration_method"":""jaccard1"",""name_1"":""Apurímac""},{""gid_1"":""PER.4_1"",""migration_date"":""2025-12-20"",""migration_method"":""jaccard1"",""name_1"":""Arequipa""},{""gid_1"":""PER.5_1"",""migration_date"":""2025-12-20"",""migration_method"":""jaccard1"",""name_1"":""Ayacucho""},{""gid_1"":""PER.8_1"",""migration_date"":""2025-12-20"",""migration_method"":""jaccard1"",""name_1"":""Cusco""},{""gid_1"":""PER.9_1"",""migration_date"":""2025-12-20"",""migration_method"":""jaccard1"",""name_1"":""Huancavelica""}]",2019-03-04,2025-12-20
2021-0712-PER,No,nat-hyd-flo-flo,Natural,Hydrological,Flood,Flood (General),,,PER,Peru,Latin America and the Caribbean,Americas,Jaèn Province (Cajamarca Region),Heavy rais,,No,No,Yes,,,Km2,,,,2021,10,31,2021,11,1,1,2,2982,,2984,,,,,,,84.16698295725244,"[{""adm2_code"":24065,""adm2_name"":""Jaén""}]","[{""gid_2"":""PER.6.8_1"",""migration_date"":""2025-12-20"",""migration_method"":""jaccard2"",""name_2"":""Jaén""}]",2021-11-03,2025-12-20
2022-0079-PER,No,nat-geo-ear-gro,Natural,Geophysical,Earthquake,Ground movement,,,PER,Peru,Latin America and the Caribbean,Americas,Barranca District (Datem del Marañón Province),,,No,No,No,,6.5,Moment Magnitude,-4.466,-76.928,,2022,2,3,2022,2,3,,,300,,300,,,,,,,90.9026974595266,"[{""adm2_code"":24132,""adm2_name"":""Barranca""},{""adm2_code"":91842,""adm2_name"":""Datem del Maranon""}]","[{""gid_2"":""PER.16.1_1"",""migration_date"":""2025-12-20"",""migration_method"":""jaccard2"",""name_2"":""Barranca""},{""gid_2"":""PER.17.1_1"",""migration_date"":""2025-12-20"",""migration_method"":""jaccard2"",""name_2"":""Alto Amazonas""}]",2022-02-09,2025-12-20
2016-0464-PER,No,nat-geo-ear-gro,Natural,Geophysical,Earthquake,Ground movement,USGS:us10007e55,,PER,Peru,Latin America and the Caribbean,Americas,"Lampa, Paratia cities (Lampa district, Puno province)",,,No,No,No,,6.3,Moment Magnitude,-15.321,-70.827,,2016,12,1,2016,12,1,1,17,200,40,257,,,,,,,74.54960298643441,"[{""adm2_code"":24170,""adm2_name"":""Lampa""}]","[{""gid_2"":""PER.22.7_1"",""migration_date"":""2025-12-20"",""migration_method"":""jaccard2"",""name_2"":""Lampa""}]",2016-12-02,2026-01-30
2017-0052-PER,No,nat-hyd-flo-flo,Natural,Hydrological,Flood,Flood (General),GLIDE:FL-2017-000014,,PER,Peru,Latin America and the Caribbean,Americas,"Lambayeque, Morrope, Tucume, Illimo, Pacora, Jayanca, Olmos, Motupe, Salas, Cayalti, San Jose, Mochumi districts (Lambayeque province); Chiclayo, Ortiz, La Victoria, Pimentel, Monsefu, Santa Rosa, Puerto Eten, Lagunas, Chongoyape, Patapo, Pomalca, Cayalti, Zana, Eten, Tuman, Picsi, Pucala, Reque, José Leonardo Orti districts (Chiclayo province); Ferrenafe province",Heavy rains,,No,No,Yes,,288499.13,Km2,-5.251,-77.573,La Leche,2017,2,1,2017,2,7,1,,12000,,12000,,,,,,,76.13760370577658,"[{""adm2_code"":24129,""adm2_name"":""Chiclayo""},{""adm2_code"":24130,""adm2_name"":""Ferreñafe""},{""adm2_code"":24131,""adm2_name"":""Lambayeque""}]","[{""gid_2"":""PER.14.1_1"",""migration_date"":""2025-12-20"",""migration_method"":""jaccard2"",""name_2"":""Chiclayo""},{""gid_2"":""PER.14.2_1"",""migration_date"":""2025-12-20"",""migration_method"":""jaccard2"",""name_2"":""Ferreñafe""},{""gid_2"":""PER.14.3_1"",""migration_date"":""2025-12-20"",""migration_method"":""jaccard2"",""name_2"":""Lambayeque""}]",2017-03-01,2025-12-20
2017-0036-PER,No,nat-hyd-flo-flo,Natural,Hydrological,Flood,Flood (General),,,PER,Peru,Latin America and the Caribbean,Americas,"Arequipa, Camana, Caraveli, Castile, Caylloma, Condesuyos, Islay, La Union (Arequipa). Huancavelica, Acobamba, Angaraes, Castrovirreyna, Huaytara, Tayacaja (Huancavelica), Ica, Nasca, Palpa, Pisco (Ica), Canete, Canta, Huarochirir, Lima, Oyon, Yauyos (Lima)",Heavy rain,"Slide (land, mud, snow, rock)",No,No,Yes,,,Km2,,,,2017,1,14,2017,2,1,15,,376000,,376000,,,,,100000.0,131341.0,76.13760370577658,"[{""adm2_code"":24039,""adm2_name"":""Arequipa""},{""adm2_code"":24040,""adm2_name"":""Camaná""},{""adm2_code"":24041,""adm2_name"":""Caravelí""},{""adm2_code"":24042,""adm2_name"":""Castilla""},{""adm2_code"":24043,""adm2_name"":""Caylloma""},{""adm2_code"":24044,""adm2_name"":""Condesuyos""},{""adm2_code"":24045,""adm2_name"":""Islay""},{""adm2_code"":24046,""adm2_name"":""La Unión""},{""adm2_code"":24085,""adm2_name"":""Acobamba""},{""adm2_code"":24086,""adm2_name"":""Angaraes""},{""adm2_code"":24087,""adm2_name"":""Castrovirreyna""},{""adm2_code"":24089,""adm2_name"":""Huancavelica""},{""adm2_code"":24090,""adm2_name"":""Huaytara""},{""adm2_code"":91839,""adm2_name"":""Tayacaja""},{""adm2_code"":24104,""adm2_name"":""Ica""},{""adm2_code"":24105,""adm2_name"":""Nazca""},{""adm2_code"":24106,""adm2_name"":""Palpa""},{""adm2_code"":24107,""adm2_name"":""Pisco""},{""adm2_code"":24134,""adm2_name"":""Cañete""},{""adm2_code"":24135,""adm2_name"":""Canta""},{""adm2_code"":24137,""adm2_name"":""Huarochiri""},{""adm2_code"":24140,""adm2_name"":""Oyon""},{""adm2_code"":24141,""adm2_name"":""Yauyos""},{""adm2_code"":91841,""adm2_name"":""Lima""}]","[{""gid_2"":""PER.11.2_1"",""migration_date"":""2025-12-20"",""migration_method"":""jaccard2"",""name_2"":""Ica""},{""gid_2"":""PER.11.3_1"",""migration_date"":""2025-12-20"",""migration_method"":""jaccard2"",""name_2"":""Nazca""},{""gid_2"":""PER.11.4_1"",""migration_date"":""2025-12-20"",""migration_method"":""jaccard2"",""name_2"":""Palpa""},{""gid_2"":""PER.11.5_1"",""migration_date"":""2025-12-20"",""migration_method"":""jaccard2"",""name_2"":""Pisco""},{""gid_2"":""PER.15.1_1"",""migration_date"":""2025-12-20"",""migration_method"":""jaccard2"",""name_2"":""Lima""},{""gid_2"":""PER.16.3_1"",""migration_date"":""2025-12-20"",""migration_method"":""jaccard2"",""name_2"":""Cañete""},{""gid_2"":""PER.16.4_1"",""migration_date"":""2025-12-20"",""migration_method"":""jaccard2"",""name_2"":""Canta""},{""gid_2"":""PER.16.6_1"",""migration_date"":""2025-12-20"",""migration_method"":""jaccard2"",""name_2"":""Huarochiri""},{""gid_2"":""PER.16.8_1"",""migration_date"":""2025-12-20"",""migration_method"":""jaccard2"",""name_2"":""Oyon""},{""gid_2"":""PER.16.9_1"",""migration_date"":""2025-12-20"",""migration_method"":""jaccard2"",""name_2"":""Yauyos""},{""gid_2"":""PER.4.1_1"",""migration_date"":""2025-12-20"",""migration_method"":""jaccard2"",""name_2"":""Arequipa""},{""gid_2"":""PER.4.2_1"",""migration_date"":""2025-12-20"",""migration_method"":""jaccard2"",""name_2"":""Camaná""},{""gid_2"":""PER.4.3_1"",""migration_date"":""2025-12-20"",""migration_method"":""jaccard2"",""name_2"":""Caravelí""},{""gid_2"":""PER.4.4_1"",""migration_date"":""2025-12-20"",""migration_method"":""jaccard2"",""name_2"":""Castilla""},{""gid_2"":""PER.4.5_1"",""migration_date"":""2025-12-20"",""migration_method"":""jaccard2"",""name_2"":""Caylloma""},{""gid_2"":""PER.4.6_1"",""migration_date"":""2025-12-20"",""migration_method"":""jaccard2"",""name_2"":""Condesuyos""},{""gid_2"":""PER.4.7_1"",""migration_date"":""2025-12-20"",""migration_method"":""jaccard2"",""name_2"":""Islay""},{""gid_2"":""PER.4.8_1"",""migration_date"":""2025-12-20"",""migration_method"":""jaccard2"",""name_2"":""La Unión""},{""gid_2"":""PER.9.1_1"",""migration_date"":""2025-12-20"",""migration_method"":""jaccard2"",""name_2"":""Acobamba""},{""gid_2"":""PER.9.2_1"",""migration_date"":""2025-12-20"",""migration_method"":""jaccard2"",""name_2"":""Angaraes""},{""gid_2"":""PER.9.3_1"",""migration_date"":""2025-12-20"",""migration_method"":""jaccard2"",""name_2"":""Castrovirreyna""},{""gid_2"":""PER.9.5_1"",""migration_date"":""2025-12-20"",""migration_method"":""jaccard2"",""name_2"":""Huancavelica""},{""gid_2"":""PER.9.6_1"",""migration_date"":""2025-12-20"",""migration_method"":""jaccard2"",""name_2"":""Huaytara""},{""gid_2"":""PER.9.7_1"",""migration_date"":""2025-12-20"",""migration_method"":""jaccard2"",""name_2"":""Tayacaja""}]",2017-02-08,2025-12-20
1999-0563-PER,Yes,nat-hyd-mmw-lan,Natural,Hydrological,Mass movement (wet),Landslide (wet),,,PER,Peru,Latin America and the Caribbean,Americas,Sicsi,,,No,No,No,,,,,,,1999,11,8,1999,11,8,40,,,1200,1200,,,,,,,51.74053097598619,,,2003-07-01,2023-09-25
2023-0385-PER,No,nat-bio-epi-vir,Natural,Biological,Epidemic,Viral disease,GLIDE:EP-2023-000109,Dengue,PER,Peru,Latin America and the Caribbean,Americas,"Piura, Lambayeque",,,No,No,Yes,,,Vaccinated,,,,2023,6,,2023,6,,176,110000,,,110000,,,,,,,94.6446220103845,"[{""adm1_code"":2341,""adm1_name"":""Lambayeque""},{""adm1_code"":2347,""adm1_name"":""Piura""}]","[{""gid_1"":""PER.14_1"",""migration_date"":""2025-12-20"",""migration_method"":""jaccard1"",""name_1"":""Lambayeque""},{""gid_1"":""PER.21_1"",""migration_date"":""2025-12-20"",""migration_method"":""jaccard1"",""name_1"":""Piura""}]",2023-07-03,2025-12-20
2015-0315-PER,No,nat-met-ext-col,Natural,Meteorological,Extreme temperature,Cold wave,,,PER,Peru,Latin America and the Caribbean,Americas,"Apurimac, Arequipa, Cusco, Huancavelica, Lima, Moquegua, Pasco, Puno, Tacna, Ayucucho",,,No,No,Yes,,-20.0,°C,,,,2015,5,,2015,9,,21,,200620,,200620,,,,,94000.0,127681.0,73.62080293658643,"[{""adm1_code"":2330,""adm1_name"":""Apurímac""},{""adm1_code"":2331,""adm1_name"":""Arequipa""},{""adm1_code"":2332,""adm1_name"":""Ayacucho""},{""adm1_code"":2335,""adm1_name"":""Cusco""},{""adm1_code"":2336,""adm1_name"":""Huancavelica""},{""adm1_code"":2342,""adm1_name"":""Lima""},{""adm1_code"":2345,""adm1_name"":""Moquegua""},{""adm1_code"":2346,""adm1_name"":""Pasco""},{""adm1_code"":2348,""adm1_name"":""Puno""},{""adm1_code"":2350,""adm1_name"":""Tacna""}]","[{""gid_1"":""PER.15_1"",""migration_date"":""2025-12-20"",""migration_method"":""puzzle1_1"",""name_1"":""Lima Province""},{""gid_1"":""PER.16_1"",""migration_date"":""2025-12-20"",""migration_method"":""puzzle1_1"",""name_1"":""Lima""},{""gid_1"":""PER.19_1"",""migration_date"":""2025-12-20"",""migration_method"":""jaccard1"",""name_1"":""Moquegua""},{""gid_1"":""PER.20_1"",""migration_date"":""2025-12-20"",""migration_method"":""jaccard1"",""name_1"":""Pasco""},{""gid_1"":""PER.22_1"",""migration_date"":""2025-12-20"",""migration_method"":""jaccard1"",""name_1"":""Puno""},{""gid_1"":""PER.24_1"",""migration_date"":""2025-12-20"",""migration_method"":""jaccard1"",""name_1"":""Tacna""},{""gid_1"":""PER.3_1"",""migration_date"":""2025-12-20"",""migration_method"":""jaccard1"",""name_1"":""Apurímac""},{""gid_1"":""PER.4_1"",""migration_date"":""2025-12-20"",""migration_method"":""jaccard1"",""name_1"":""Arequipa""},{""gid_1"":""PER.5_1"",""migration_date"":""2025-12-20"",""migration_method"":""jaccard1"",""name_1"":""Ayacucho""},{""gid_1"":""PER.8_1"",""migration_date"":""2025-12-20"",""migration_method"":""jaccard1"",""name_1"":""Cusco""},{""gid_1"":""PER.9_1"",""migration_date"":""2025-12-20"",""migration_method"":""jaccard1"",""name_1"":""Huancavelica""}]",2015-08-04,2025-12-20
2014-0547-PER,No,nat-met-ext-col,Natural,Meteorological,Extreme temperature,Cold wave,,,PER,Peru,Latin America and the Caribbean,Americas,"Amazonas, Ancash, Apurimac, Arequipa, Ayacucho, Cajamarca, Callao, Cusco, Huancavelica, Huanuco, Junin, La Libertad, Lambayeuqe, Lima, Loreto, Moquegua, Pasco, Piura, Puno, San Martin, Tacna, Ucayali provinces",,,No,No,No,,,°C,,,,2014,4,13,2014,9,27,505,,109257,,109257,,,,,,,73.53357700926716,"[{""adm1_code"":2328,""adm1_name"":""Amazonas""},{""adm1_code"":2329,""adm1_name"":""Ancash""},{""adm1_code"":2330,""adm1_name"":""Apurímac""},{""adm1_code"":2331,""adm1_name"":""Arequipa""},{""adm1_code"":2332,""adm1_name"":""Ayacucho""},{""adm1_code"":2333,""adm1_name"":""Cajamarca""},{""adm1_code"":2334,""adm1_name"":""Callao""},{""adm1_code"":2335,""adm1_name"":""Cusco""},{""adm1_code"":2336,""adm1_name"":""Huancavelica""},{""adm1_code"":2337,""adm1_name"":""Huánuco""},{""adm1_code"":2339,""adm1_name"":""Junín""},{""adm1_code"":2340,""adm1_name"":""La Libertad""},{""adm1_code"":2341,""adm1_name"":""Lambayeque""},{""adm1_code"":2342,""adm1_name"":""Lima""},{""adm1_code"":2343,""adm1_name"":""Loreto""},{""adm1_code"":2345,""adm1_name"":""Moquegua""},{""adm1_code"":2346,""adm1_name"":""Pasco""},{""adm1_code"":2347,""adm1_name"":""Piura""},{""adm1_code"":2348,""adm1_name"":""Puno""},{""adm1_code"":2349,""adm1_name"":""San Martín""},{""adm1_code"":2350,""adm1_name"":""Tacna""},{""adm1_code"":2352,""adm1_name"":""Ucayali""}]","[{""gid_1"":""PER.10_1"",""migration_date"":""2025-12-20"",""migration_method"":""jaccard1"",""name_1"":""Huánuco""},{""gid_1"":""PER.12_1"",""migration_date"":""2025-12-20"",""migration_method"":""jaccard1"",""name_1"":""Junín""},{""gid_1"":""PER.13_1"",""migration_date"":""2025-12-20"",""migration_method"":""jaccard1"",""name_1"":""La Libertad""},{""gid_1"":""PER.14_1"",""migration_date"":""2025-12-20"",""migration_method"":""jaccard1"",""name_1"":""Lambayeque""},{""gid_1"":""PER.15_1"",""migration_date"":""2025-12-20"",""migration_method"":""puzzle1_1"",""name_1"":""Lima Province""},{""gid_1"":""PER.16_1"",""migration_date"":""2025-12-20"",""migration_method"":""puzzle1_1"",""name_1"":""Lima""},{""gid_1"":""PER.17_1"",""migration_date"":""2025-12-20"",""migration_method"":""jaccard1"",""name_1"":""Loreto""},{""gid_1"":""PER.19_1"",""migration_date"":""2025-12-20"",""migration_method"":""jaccard1"",""name_1"":""Moquegua""},{""gid_1"":""PER.1_1"",""migration_date"":""2025-12-20"",""migration_method"":""jaccard1"",""name_1"":""Amazonas""},{""gid_1"":""PER.20_1"",""migration_date"":""2025-12-20"",""migration_method"":""jaccard1"",""name_1"":""Pasco""},{""gid_1"":""PER.21_1"",""migration_date"":""2025-12-20"",""migration_method"":""jaccard1"",""name_1"":""Piura""},{""gid_1"":""PER.22_1"",""migration_date"":""2025-12-20"",""migration_method"":""jaccard1"",""name_1"":""Puno""},{""gid_1"":""PER.23_1"",""migration_date"":""2025-12-20"",""migration_method"":""jaccard1"",""name_1"":""San Martín""},{""gid_1"":""PER.24_1"",""migration_date"":""2025-12-20"",""migration_method"":""jaccard1"",""name_1"":""Tacna""},{""gid_1"":""PER.26_1"",""migration_date"":""2025-12-20"",""migration_method"":""jaccard1"",""name_1"":""Ucayali""},{""gid_1"":""PER.2_1"",""migration_date"":""2025-12-20"",""migration_method"":""jaccard1"",""name_1"":""Ancash""},{""gid_1"":""PER.3_1"",""migration_date"":""2025-12-20"",""migration_method"":""jaccard1"",""name_1"":""Apurímac""},{""gid_1"":""PER.4_1"",""migration_date"":""2025-12-20"",""migration_method"":""jaccard1"",""name_1"":""Arequipa""},{""gid_1"":""PER.5_1"",""migration_date"":""2025-12-20"",""migration_method"":""jaccard1"",""name_1"":""Ayacucho""},{""gid_1"":""PER.6_1"",""migration_date"":""2025-12-20"",""migration_method"":""jaccard1"",""name_1"":""Cajamarca""},{""gid_1"":""PER.8_1"",""migration_date"":""2025-12-20"",""migration_method"":""jaccard1"",""name_1"":""Cusco""},{""gid_1"":""PER.9_1"",""migration_date"":""2025-12-20"",""migration_method"":""jaccard1"",""name_1"":""Huancavelica""}]",2015-03-26,2025-12-20
2001-0703-PER,No,nat-hyd-flo-riv,Natural,Hydrological,Flood,Riverine flood,,,PER,Peru,Latin America and the Caribbean,Americas,Padre Abad district (Ucayali province),Heavy rains,,No,No,No,,272800.0,Km2,,,"Aguaytia, Negro rivers",2001,12,26,2001,12,29,6,,20000,,20000,,,,,,,54.99938526629536,"[{""adm2_code"":24198,""adm2_name"":""Padre Abad""}]","[{""gid_2"":""PER.26.3_1"",""migration_date"":""2025-12-20"",""migration_method"":""jaccard2"",""name_2"":""Padre Abad""}]",2004-10-28,2025-12-20
2013-0578-PER,No,nat-hyd-flo-riv,Natural,Hydrological,Flood,Riverine flood,,,PER,Peru,Latin America and the Caribbean,Americas,Leoncio Prado district (Huanuco province),Torrential rains,Broken Dam/Burst bank,No,No,No,,,Km2,,,"Huallaga, Supte",2013,10,19,2013,10,22,1,355,,,355,,,,,,,72.35973747892506,"[{""adm2_code"":24098,""adm2_name"":""Leoncio Prado""}]","[{""gid_2"":""PER.10.7_1"",""migration_date"":""2025-12-20"",""migration_method"":""jaccard2"",""name_2"":""Leoncio Prado""}]",2014-03-21,2025-12-20
2025-1010-PER,No,nat-hyd-mmw-lan,Natural,Hydrological,Mass movement (wet),Landslide (wet),,,PER,Peru,Latin America and the Caribbean,Americas,Iparia (Ucayali region),Heavy rain,Transport accident,No,No,No,,,,,,,2025,12,1,2025,12,1,41,25,,,25,,,,,,,100.0,,,2025-12-02,2025-12-17
1977-0206-PER,Yes,nat-hyd-flo-flo,Natural,Hydrological,Flood,Flood (General),,,PER,Peru,Latin America and the Caribbean,Americas,Amazonas province,,,Yes,No,No,,,Km2,,,,1977,4,6,1977,4,6,17,,,300,300,,,,,,,18.825796381323325,,,2003-07-01,2023-09-25
1981-0115-PER,Yes,nat-hyd-mmw-lan,Natural,Hydrological,Mass movement (wet),Landslide (wet),,,PER,Peru,Latin America and the Caribbean,Americas,Yanacocha,,,No,No,No,,,,,,,1981,12,31,1981,12,31,70,,,,,,,,,,,28.24258175038004,,,2003-07-01,2023-09-25
1982-0293-PER,Yes,nat-geo-ear-gro,Natural,Geophysical,Earthquake,Ground movement,,,PER,Peru,Latin America and the Caribbean,Americas,"Lima, Lunahuana, Huancayo",,,No,No,No,,6.1,Moment Magnitude,-12.69,-76.065,,1982,3,28,1982,3,28,3,,,,,,,,,5000.0,16681.0,29.974253466652957,,,2004-01-14,2023-09-25
1983-0333-PER,Yes,nat-hyd-mmw-lan,Natural,Hydrological,Mass movement (wet),Landslide (wet),,,PER,Peru,Latin America and the Caribbean,Americas,,,,No,No,No,,,,,,,1983,3,,1983,3,,232,,,,,,,,,,,30.937154672421162,,,2003-07-01,2023-09-25
1982-0040-PER,Yes,nat-hyd-mmw-lan,Natural,Hydrological,Mass movement (wet),Landslide (wet),,,PER,Peru,Latin America and the Caribbean,Americas,Cuzco,,,No,No,No,,,,,,,1982,3,28,1982,3,28,200,,30000,,30000,,,,,,,29.974253466652957,,,2003-07-01,2023-09-25
1985-0237-PER,Yes,nat-hyd-mmw-mud,Natural,Hydrological,Mass movement (wet),Mudslide,,,PER,Peru,Latin America and the Caribbean,Americas,Esat of Lima,,,No,No,No,,,,,,,1985,2,,1985,2,,,,,,,,,,,,,33.41171182488629,,,2003-07-01,2023-09-25
1986-0051-PER,Yes,nat-geo-ear-gro,Natural,Geophysical,Earthquake,Ground movement,,,PER,Peru,Latin America and the Caribbean,Americas,"Chimbote, Pucallpa (Cuzco)",,,No,No,No,,5.8,Moment Magnitude,-13.32,-71.57,,1986,4,5,1986,4,5,15,80,8000,,8080,,,,,22000.0,64619.0,34.04588878346234,,,2003-12-22,2023-09-25
1987-0050-PER,Yes,nat-hyd-mmw-mud,Natural,Hydrological,Mass movement (wet),Mudslide,,,PER,Peru,Latin America and the Caribbean,Americas,Chuschi (Ayacucho State),,,No,No,No,,,,,,,1987,1,9,1987,1,9,25,45,,340,385,,,,,,,35.29351844458779,,,2003-07-01,2023-09-25
1988-0063-PER,Yes,nat-bio-epi-vir,Natural,Biological,Epidemic,Viral disease,,,PER,Peru,Latin America and the Caribbean,Americas,Ancash,,,No,No,No,,,Vaccinated,,,,1988,2,,1988,2,,200,,,,,,,,,,,36.73269471079365,,,2003-07-01,2023-09-25
1988-0093-PER,Yes,nat-hyd-flo-riv,Natural,Hydrological,Flood,Riverine flood,,,PER,Peru,Latin America and the Caribbean,Americas,Cuzco province,,,No,No,No,,,Km2,,,,1988,2,24,1988,2,24,38,,,,,,,,,,,36.73269471079365,,,2003-07-01,2023-09-25
1989-0006-PER,Yes,nat-hyd-flo-flo,Natural,Hydrological,Flood,Flood (General),,,PER,Peru,Latin America and the Caribbean,Americas,Arequipa,,,Yes,No,No,,,Km2,,,,1989,2,8,1989,2,8,38,,,500,500,,,,,,,38.505785490798694,,,2003-07-01,2023-09-25
1990-0245-PER,Yes,nat-hyd-flo-riv,Natural,Hydrological,Flood,Riverine flood,,,PER,Peru,Latin America and the Caribbean,Americas,"Huancayo, Santa Rosa de Lima (Highlands)",Heavy rain,,No,No,No,,,Km2,,,,1990,12,28,1990,12,30,20,,,2500,2500,,,,,,,40.584306895946746,,,2005-11-28,2023-09-25
1990-0315-PER,Yes,nat-hyd-flo-riv,Natural,Hydrological,Flood,Riverine flood,,,PER,Peru,Latin America and the Caribbean,Americas,,Heavy rain,,No,No,No,,,Km2,,,,1990,2,14,1990,2,14,20,,,,,,,,,,,40.584306895946746,,,2005-12-20,2023-09-25
1990-9059-PER,Yes,nat-cli-dro-dro,Natural,Climatological,Drought,Drought,,,PER,Peru,Latin America and the Caribbean,Americas,"Lambayeque, La Libertad, Cajamarca, Ancash, Ica, Huancavelica, Ayacucho, Arequipa, Apurimac, Cusco, Puno, Moquepa, Tacna, Lima departments",,Water shortage,No,Yes,Yes,,,Km2,,,,1990,8,,1990,,,,,2200000,,2200000,,,,,36000.0,88704.0,40.584306895946746,,,2006-10-26,2025-03-14
1991-0217-PER,Yes,nat-bio-epi-dis,Natural,Biological,Epidemic,Infectious disease (General),,,PER,Peru,Latin America and the Caribbean,Americas,,,,No,No,No,,,Vaccinated,,,,1991,8,18,1991,8,18,8000,,,,,,,,,,,42.303043437143714,,,2003-07-01,2023-09-25
1992-0156-PER,Yes,nat-hyd-flo-riv,Natural,Hydrological,Flood,Riverine flood,,,PER,Peru,Latin America and the Caribbean,Americas,"Grau, San Martin",,,Yes,No,No,,,Km2,,,,1992,4,2,1992,4,2,,,30000,,30000,,,,,,,43.58432516729147,,,2003-07-01,2023-09-25
1997-0027-PER,Yes,nat-hyd-mmw-mud,Natural,Hydrological,Mass movement (wet),Mudslide,,,PER,Peru,Latin America and the Caribbean,Americas,"Cuzco (Canchis & La Convencion Provinces), San Martin (Rioja, Moyobamba & Lamas provinces), Madre de Dios, Amazonas, Arequipan Puno (Puno province, and Taraco and Pusi disticts)",,,No,No,No,556.0,,,,,,1997,2,20,1997,2,20,300,,30000,,30000,,,,,,,49.8587243562847,,,2003-07-01,2023-09-25
1997-0549-PER,Yes,nat-bio-epi-bac,Natural,Biological,Epidemic,Bacterial disease,,Cholera,PER,Peru,Latin America and the Caribbean,Americas,"Arequipa, Lima, La Libertad, Lambayeque, Ancash and Cuzco",,,No,No,No,,,,,,,1997,1,1,1997,1,31,1,,174,,174,,,,,,,49.8587243562847,,,2005-06-15,2023-09-25
1943-0007-PER,Yes,nat-geo-ear-gro,Natural,Geophysical,Earthquake,Ground movement,,,PER,Peru,Latin America and the Caribbean,Americas,"Yanaoca, Pampamarca",,,No,No,No,,5.0,Moment Magnitude,-14.2,-71.5,,1943,1,30,1943,1,30,200,,,,,,,,,,,5.372793529380972,,,2003-07-01,2023-09-25
1946-0014-PER,Yes,nat-geo-ear-gro,Natural,Geophysical,Earthquake,Ground movement,,,PER,Peru,Latin America and the Caribbean,Americas,"Ancash, Quiches, Joicaibamba, Cerro Angaschaj, Cerro Sillapata",,,No,No,No,,6.8,Moment Magnitude,-8.41,-77.535,,1946,11,10,1946,11,10,1400,,,,,,,,,,,6.056038949302251,,,2003-07-01,2023-09-25
1947-0013-PER,Yes,nat-geo-ear-gro,Natural,Geophysical,Earthquake,Ground movement,,,PER,Peru,Latin America and the Caribbean,Americas,"Satipo, Andamarca, Acpbamba, La Merced, Victoc",,,No,No,No,,7.6,Moment Magnitude,-10.973,-74.725,,1947,11,1,1947,11,1,233,,,,,,,,,,,6.925624029202062,,,2003-07-01,2023-09-25
1960-0007-PER,Yes,nat-geo-ear-gro,Natural,Geophysical,Earthquake,Ground movement,,,PER,Peru,Latin America and the Caribbean,Americas,"Arequipa, Chuquibamban Caravelli, Cotahuasi",,Tsunami/Tidal wave,No,No,No,,7.8,Moment Magnitude,-15.75,-72.75,,1960,1,13,1960,1,13,63,200,,,200,,,,,,,9.186411152507548,,,2004-04-13,2023-09-25
1962-0002-PER,Yes,nat-geo-mmd-lan,Natural,Geophysical,Mass movement (dry),Landslide (dry),,,PER,Peru,Latin America and the Caribbean,Americas,Ranrahirca area,,,No,No,No,,,,,,,1962,1,10,1962,1,10,2000,,,,,,,,,200000.0,2128548.0,9.396075837190654,,,2003-07-01,2023-09-25
1962-0024-PER,Yes,nat-met-sto-sto,Natural,Meteorological,Storm,Storm (General),,,PER,Peru,Latin America and the Caribbean,Americas,,,,No,No,No,,,Kph,,,,1962,2,,1962,2,,60,,,,,,,,,,,9.396075837190654,,,2003-07-01,2023-09-25
1966-9007-PER,Yes,nat-cli-dro-dro,Natural,Climatological,Drought,Drought,,,PER,Peru,Latin America and the Caribbean,Americas,Puno department,,,Yes,No,No,,,Km2,,,,1966,7,,1966,,,,,156000,,156000,,,,,,,10.082015582311417,,,2006-02-13,2025-03-06
1974-0022-PER,Yes,nat-hyd-mmw-lan,Natural,Hydrological,Mass movement (wet),Landslide (wet),,,PER,Peru,Latin America and the Caribbean,Americas,Mayunmarca,,,Yes,No,No,,,,,,,1974,4,25,1974,4,25,310,,12000,1500,13500,,,,,21700.0,141683.0,15.315858342598924,,,2003-07-01,2023-09-25
1974-0169-PER,Yes,nat-geo-ear-gro,Natural,Geophysical,Earthquake,Ground movement,,,PER,Peru,Latin America and the Caribbean,Americas,"Lima, Vauyos",,,No,No,No,,6.3,Moment Magnitude,-12.299,-76.352,,1974,1,5,1974,1,5,10,,,,,,,,,,,15.315858342598924,,,2020-09-02,2023-09-25
2023-0137-PER,No,nat-hyd-flo-flo,Natural,Hydrological,Flood,Flood (General),,,PER,Peru,Latin America and the Caribbean,Americas,"Cajamarca, La Libertad, Lambayeque, Ancash, Lima, Piura, Arequipa and Tumbes, departments.","Heavy rains, cyclone Yaku","Slide (land, mud, snow, rock)",No,No,Yes,,,Km2,,,,2023,1,1,2023,3,29,71,,410000,,410000,,,,,,,94.6446220103845,"[{""adm1_code"":2329,""adm1_name"":""Ancash""},{""adm1_code"":2331,""adm1_name"":""Arequipa""},{""adm1_code"":2333,""adm1_name"":""Cajamarca""},{""adm1_code"":2340,""adm1_name"":""La Libertad""},{""adm1_code"":2341,""adm1_name"":""Lambayeque""},{""adm1_code"":2342,""adm1_name"":""Lima""},{""adm1_code"":2347,""adm1_name"":""Piura""},{""adm1_code"":2351,""adm1_name"":""Tumbes""}]","[{""gid_1"":""PER.13_1"",""migration_date"":""2025-12-20"",""migration_method"":""jaccard1"",""name_1"":""La Libertad""},{""gid_1"":""PER.14_1"",""migration_date"":""2025-12-20"",""migration_method"":""jaccard1"",""name_1"":""Lambayeque""},{""gid_1"":""PER.15_1"",""migration_date"":""2025-12-20"",""migration_method"":""puzzle1_1"",""name_1"":""Lima Province""},{""gid_1"":""PER.16_1"",""migration_date"":""2025-12-20"",""migration_method"":""puzzle1_1"",""name_1"":""Lima""},{""gid_1"":""PER.21_1"",""migration_date"":""2025-12-20"",""migration_method"":""jaccard1"",""name_1"":""Piura""},{""gid_1"":""PER.25_1"",""migration_date"":""2025-12-20"",""migration_method"":""jaccard1"",""name_1"":""Tumbes""},{""gid_1"":""PER.2_1"",""migration_date"":""2025-12-20"",""migration_method"":""jaccard1"",""name_1"":""Ancash""},{""gid_1"":""PER.4_1"",""migration_date"":""2025-12-20"",""migration_method"":""jaccard1"",""name_1"":""Arequipa""},{""gid_1"":""PER.6_1"",""migration_date"":""2025-12-20"",""migration_method"":""jaccard1"",""name_1"":""Cajamarca""}]",2023-03-16,2025-12-20
2023-0238-PER,No,nat-met-sto-tro,Natural,Meteorological,Storm,Tropical cyclone,,Storm 'Yaku',PER,Peru,Latin America and the Caribbean,Americas,,,,No,No,No,,,Kph,,,,2023,3,8,2023,3,11,8,,45000,,45000,,,,,705000.0,744892.0,94.6446220103845,,,2023-04-20,2025-03-18
2023-0221-PER,No,nat-hyd-flo-flo,Natural,Hydrological,Flood,Flood (General),,,PER,Peru,Latin America and the Caribbean,Americas,"Piura, Lambayeque, Huancavelica, Lima, La Libertad DepartmentS",Heavy rains,"Slide (land, mud, snow, rock)",No,No,No,,,Km2,,,,2023,4,10,2023,4,12,25,,124326,,124326,,,,,305000.0,322258.0,94.6446220103845,"[{""adm1_code"":2336,""adm1_name"":""Huancavelica""},{""adm1_code"":2340,""adm1_name"":""La Libertad""},{""adm1_code"":2341,""adm1_name"":""Lambayeque""},{""adm1_code"":2342,""adm1_name"":""Lima""},{""adm1_code"":2347,""adm1_name"":""Piura""}]","[{""gid_1"":""PER.13_1"",""migration_date"":""2025-12-20"",""migration_method"":""jaccard1"",""name_1"":""La Libertad""},{""gid_1"":""PER.14_1"",""migration_date"":""2025-12-20"",""migration_method"":""jaccard1"",""name_1"":""Lambayeque""},{""gid_1"":""PER.15_1"",""migration_date"":""2025-12-20"",""migration_method"":""puzzle1_1"",""name_1"":""Lima Province""},{""gid_1"":""PER.16_1"",""migration_date"":""2025-12-20"",""migration_method"":""puzzle1_1"",""name_1"":""Lima""},{""gid_1"":""PER.21_1"",""migration_date"":""2025-12-20"",""migration_method"":""jaccard1"",""name_1"":""Piura""},{""gid_1"":""PER.9_1"",""migration_date"":""2025-12-20"",""migration_method"":""jaccard1"",""name_1"":""Huancavelica""}]",2023-04-12,2025-12-20
1913-0009-PER,Yes,nat-geo-ear-gro,Natural,Geophysical,Earthquake,Ground movement,,,PER,Peru,Latin America and the Caribbean,Americas,"Albancay, Amyares, Casaya, Soraya",,,No,No,No,,6.3,Moment Magnitude,-14.2,-72.9,,1913,11,4,1913,11,4,150,,,,,,,,,,,3.0746043896457587,,,2003-07-01,2023-09-25
1939-0027-PER,Yes,nat-geo-ear-gro,Natural,Geophysical,Earthquake,Ground movement,,,PER,Peru,Latin America and the Caribbean,Americas,Pomacanchi,,,No,No,No,,,Moment Magnitude,-12.5,-72.0,,1939,6,23,1939,6,23,37,,,,,,,,,,,4.31686878950263,,,2019-08-13,2023-09-25
1941-0004-PER,Yes,nat-hyd-mmw-lan,Natural,Hydrological,Mass movement (wet),Landslide (wet),,,PER,Peru,Latin America and the Caribbean,Americas,Huaray,,,No,No,No,,,,,,,1941,12,,1941,12,,5000,,,,,,,,,,,4.565321669474005,,,2003-07-01,2023-09-25
1942-0039-PER,Yes,nat-geo-ear-gro,Natural,Geophysical,Earthquake,Ground movement,,,PER,Peru,Latin America and the Caribbean,Americas,"Ica, Nazca",,Tsunami/Tidal wave,No,No,No,,8.1,Moment Magnitude,-14.819,-74.708,,1942,8,24,1942,8,24,30,25,,,25,,,,,,,5.062227429416754,,,2019-08-14,2023-09-25
1950-0032-PER,Yes,nat-hyd-mmw-lan,Natural,Hydrological,Mass movement (wet),Landslide (wet),,,PER,Peru,Latin America and the Caribbean,Americas,,,,No,No,No,,,,,,,1950,10,,1950,10,,130,,,,,,,,,,,7.484643009137654,,,2003-07-01,2023-09-25
1953-0022-PER,Yes,nat-geo-ear-gro,Natural,Geophysical,Earthquake,Ground movement,,,PER,Peru,Latin America and the Caribbean,Americas,Tumbes,,,No,No,No,,7.3,Moment Magnitude,-3.552,-80.636,,1953,12,12,1953,12,12,9,20,,1000,1020,,,,,,,8.323171479041044,,,2004-04-13,2023-09-25
1962-0025-PER,Yes,nat-hyd-mmw-lan,Natural,Hydrological,Mass movement (wet),Landslide (wet),,,PER,Peru,Latin America and the Caribbean,Americas,,,,No,No,No,,,,,,,1962,3,,1962,3,,41,,,,,,,,,,,9.396075837190654,,,2003-07-01,2023-09-25
1968-0052-PER,Yes,nat-geo-ear-gro,Natural,Geophysical,Earthquake,Ground movement,,,PER,Peru,Latin America and the Caribbean,Americas,"Moyobamba, Sans Martin, Yantalo, Rioja, Lamas",,,Yes,No,No,,7.0,Moment Magnitude,-5.61,-77.086,,1968,6,19,1968,6,19,11,120,300,,420,,,,,100.0,926.0,10.804191486637567,,,2004-01-29,2023-09-25
1969-9114-PER,Yes,nat-cli-dro-dro,Natural,Climatological,Drought,Drought,,,PER,Peru,Latin America and the Caribbean,Americas,,,,Yes,No,No,,,Km2,,,,1969,5,,1969,,,,,128604,,128604,,,,,10000.0,87763.0,11.394357929218126,,,2006-11-24,2025-03-06
1970-0068-PER,Yes,nat-geo-ear-gro,Natural,Geophysical,Earthquake,Ground movement,,,PER,Peru,Latin America and the Caribbean,Americas,"Piura,Tumbes",,,No,No,No,,7.2,Moment Magnitude,-4.026,-80.542,,1970,12,9,1970,12,9,29,252,15000,,15252,,,,,2000.0,16584.0,12.059588142472828,,,2004-01-29,2023-09-25
1971-0020-PER,Yes,nat-hyd-mmw-lan,Natural,Hydrological,Mass movement (wet),Landslide (wet),,,PER,Peru,Latin America and the Caribbean,Americas,Chungar,,,No,No,No,,,,,,,1971,3,18,1971,3,18,600,,,,,,,,,,,12.577282266642609,,,2003-07-01,2023-09-25
1972-0024-PER,Yes,nat-geo-ear-gro,Natural,Geophysical,Earthquake,Ground movement,,,PER,Peru,Latin America and the Caribbean,Americas,"Juanjui, Tarapoto",,,Yes,No,No,,6.4,Moment Magnitude,-6.855,-76.726,,1972,3,20,1972,3,20,12,,1500000,75000,1575000,,,,,20000.0,153978.0,12.988844641299007,,,2004-01-29,2023-09-25
2025-0439-PER,No,nat-geo-ear-gro,Natural,Geophysical,Earthquake,Ground movement,,,PER,Peru,Latin America and the Caribbean,Americas,Lima region,,"Slide (land, mud, snow, rock)",No,No,No,,5.6,Moment Magnitude,-12.166,-77.442,,2025,6,15,2025,6,15,2,135,492,12,639,,,,,,,100.0,,,2025-07-02,2025-07-14
2025-0138-PER,No,nat-hyd-flo-flo,Natural,Hydrological,Flood,Flood (General),,,PER,Peru,Latin America and the Caribbean,Americas,Huancavelica,Heavy rains,"Slide (land, mud, snow, rock)",No,No,No,,,Km2,,,,2025,1,,2025,2,26,7,,57000,,57000,,,,,,,100.0,,,2025-02-27,2025-02-28
2023-0814-PER,No,nat-hyd-flo-flo,Natural,Hydrological,Flood,Flood (General),,,PER,Peru,Latin America and the Caribbean,Americas,"Chilca District, Huancan District and Huancayo District (Huancayo Province, Junìn Department)",,,No,No,No,,,Km2,,,,2023,11,27,2023,11,29,,,168,,168,,,,,,,94.6446220103845,"[{""adm2_code"":24111,""adm2_name"":""Huancayo""}]","[{""gid_2"":""PER.12.4_1"",""migration_date"":""2025-12-20"",""migration_method"":""jaccard2"",""name_2"":""Huancayo""}]",2023-11-30,2025-12-20
2002-0708-PER,No,nat-hyd-flo-riv,Natural,Hydrological,Flood,Riverine flood,,,PER,Peru,Latin America and the Caribbean,Americas,Satipo district (Junin province),,,No,No,No,,16.0,Km2,,,,2002,11,10,2002,11,10,4,,350,,350,,,,,,,55.87169607405011,"[{""adm2_code"":24114,""adm2_name"":""Satipo""}]","[{""gid_2"":""PER.12.7_1"",""migration_date"":""2025-12-20"",""migration_method"":""jaccard2"",""name_2"":""Satipo""}]",2003-07-01,2025-12-20
2003-0339-PER,No,nat-met-ext-col,Natural,Meteorological,Extreme temperature,Cold wave,,,PER,Peru,Latin America and the Caribbean,Americas,"Ayacucho, Huancavelica, Tacna, Moquegua, Arequipa, Puno, Cusco, Apurimac provinces",,Snow/ice,Yes,No,No,,-28.0,°C,,,,2003,7,7,2003,8,15,339,,1839888,,1839888,,,,,,,57.1400352670416,"[{""adm1_code"":2330,""adm1_name"":""Apurímac""},{""adm1_code"":2331,""adm1_name"":""Arequipa""},{""adm1_code"":2332,""adm1_name"":""Ayacucho""},{""adm1_code"":2335,""adm1_name"":""Cusco""},{""adm1_code"":2336,""adm1_name"":""Huancavelica""},{""adm1_code"":2345,""adm1_name"":""Moquegua""},{""adm1_code"":2348,""adm1_name"":""Puno""},{""adm1_code"":2350,""adm1_name"":""Tacna""}]","[{""gid_1"":""PER.19_1"",""migration_date"":""2025-12-20"",""migration_method"":""jaccard1"",""name_1"":""Moquegua""},{""gid_1"":""PER.22_1"",""migration_date"":""2025-12-20"",""migration_method"":""jaccard1"",""name_1"":""Puno""},{""gid_1"":""PER.24_1"",""migration_date"":""2025-12-20"",""migration_method"":""jaccard1"",""name_1"":""Tacna""},{""gid_1"":""PER.3_1"",""migration_date"":""2025-12-20"",""migration_method"":""jaccard1"",""name_1"":""Apurímac""},{""gid_1"":""PER.4_1"",""migration_date"":""2025-12-20"",""migration_method"":""jaccard1"",""name_1"":""Arequipa""},{""gid_1"":""PER.5_1"",""migration_date"":""2025-12-20"",""migration_method"":""jaccard1"",""name_1"":""Ayacucho""},{""gid_1"":""PER.8_1"",""migration_date"":""2025-12-20"",""migration_method"":""jaccard1"",""name_1"":""Cusco""},{""gid_1"":""PER.9_1"",""migration_date"":""2025-12-20"",""migration_method"":""jaccard1"",""name_1"":""Huancavelica""}]",2004-03-10,2025-12-20
2004-9063-PER,No,nat-cli-dro-dro,Natural,Climatological,Drought,Drought,,,PER,Peru,Latin America and the Caribbean,Americas,Cajamarca province,,Cold wave,No,No,Yes,,,Km2,,,,2004,1,,2004,,,,,,,,,,,,,,58.66980929334124,"[{""adm1_code"":2333,""adm1_name"":""Cajamarca""}]","[{""gid_1"":""PER.6_1"",""migration_date"":""2025-12-20"",""migration_method"":""jaccard1"",""name_1"":""Cajamarca""}]",2006-02-13,2025-12-20
2006-0147-PER,No,nat-hyd-flo-riv,Natural,Hydrological,Flood,Riverine flood,,,PER,Peru,Latin America and the Caribbean,Americas,"Tumbes, Huancavelica, Arequipa, Cusco, Puno provinces","Torrential rains, electrical storms, thunderstorms",Rain,No,No,No,,,Km2,,,,2006,1,,2006,3,,,,15000,325,15325,,,,,,,62.617194781034534,"[{""adm1_code"":2331,""adm1_name"":""Arequipa""},{""adm1_code"":2335,""adm1_name"":""Cusco""},{""adm1_code"":2336,""adm1_name"":""Huancavelica""},{""adm1_code"":2348,""adm1_name"":""Puno""},{""adm1_code"":2351,""adm1_name"":""Tumbes""}]","[{""gid_1"":""PER.22_1"",""migration_date"":""2025-12-20"",""migration_method"":""jaccard1"",""name_1"":""Puno""},{""gid_1"":""PER.25_1"",""migration_date"":""2025-12-20"",""migration_method"":""jaccard1"",""name_1"":""Tumbes""},{""gid_1"":""PER.4_1"",""migration_date"":""2025-12-20"",""migration_method"":""jaccard1"",""name_1"":""Arequipa""},{""gid_1"":""PER.8_1"",""migration_date"":""2025-12-20"",""migration_method"":""jaccard1"",""name_1"":""Cusco""},{""gid_1"":""PER.9_1"",""migration_date"":""2025-12-20"",""migration_method"":""jaccard1"",""name_1"":""Huancavelica""}]",2006-11-29,2025-12-20
2006-9016-PER,No,nat-cli-dro-dro,Natural,Climatological,Drought,Drought,,,PER,Peru,Latin America and the Caribbean,Americas,"Tumbes, Piura, Ica, Arequipa provinces",,,No,No,Yes,,,Km2,,,,2006,1,,2006,1,,,,,,,,,,,,,62.617194781034534,"[{""adm1_code"":2331,""adm1_name"":""Arequipa""},{""adm1_code"":2338,""adm1_name"":""Ica""},{""adm1_code"":2347,""adm1_name"":""Piura""},{""adm1_code"":2351,""adm1_name"":""Tumbes""}]","[{""gid_1"":""PER.11_1"",""migration_date"":""2025-12-20"",""migration_method"":""jaccard1"",""name_1"":""Ica""},{""gid_1"":""PER.21_1"",""migration_date"":""2025-12-20"",""migration_method"":""jaccard1"",""name_1"":""Piura""},{""gid_1"":""PER.25_1"",""migration_date"":""2025-12-20"",""migration_method"":""jaccard1"",""name_1"":""Tumbes""},{""gid_1"":""PER.4_1"",""migration_date"":""2025-12-20"",""migration_method"":""jaccard1"",""name_1"":""Arequipa""}]",2006-09-18,2025-12-20
2007-0263-PER,No,nat-met-ext-sev,Natural,Meteorological,Extreme temperature,Severe winter conditions,GLIDE:CW-2007-000090,,PER,Peru,Latin America and the Caribbean,Americas,"Apurímac, Arequipa, Ayacucho, Cajamarca, Cusco, Huancavelica, Huánuco, Junín, Loreto, Moquegua, Pasco, Puno, Tacna provinces",,,No,No,No,,-20.0,°C,,,,2007,4,,2007,7,,67,,884572,,884572,,,,,,,64.40346368476521,"[{""adm1_code"":2330,""adm1_name"":""Apurímac""},{""adm1_code"":2331,""adm1_name"":""Arequipa""},{""adm1_code"":2332,""adm1_name"":""Ayacucho""},{""adm1_code"":2333,""adm1_name"":""Cajamarca""},{""adm1_code"":2335,""adm1_name"":""Cusco""},{""adm1_code"":2336,""adm1_name"":""Huancavelica""},{""adm1_code"":2337,""adm1_name"":""Huánuco""},{""adm1_code"":2339,""adm1_name"":""Junín""},{""adm1_code"":2343,""adm1_name"":""Loreto""},{""adm1_code"":2345,""adm1_name"":""Moquegua""},{""adm1_code"":2346,""adm1_name"":""Pasco""},{""adm1_code"":2348,""adm1_name"":""Puno""},{""adm1_code"":2350,""adm1_name"":""Tacna""}]","[{""gid_1"":""PER.10_1"",""migration_date"":""2025-12-20"",""migration_method"":""jaccard1"",""name_1"":""Huánuco""},{""gid_1"":""PER.12_1"",""migration_date"":""2025-12-20"",""migration_method"":""jaccard1"",""name_1"":""Junín""},{""gid_1"":""PER.17_1"",""migration_date"":""2025-12-20"",""migration_method"":""jaccard1"",""name_1"":""Loreto""},{""gid_1"":""PER.19_1"",""migration_date"":""2025-12-20"",""migration_method"":""jaccard1"",""name_1"":""Moquegua""},{""gid_1"":""PER.20_1"",""migration_date"":""2025-12-20"",""migration_method"":""jaccard1"",""name_1"":""Pasco""},{""gid_1"":""PER.22_1"",""migration_date"":""2025-12-20"",""migration_method"":""jaccard1"",""name_1"":""Puno""},{""gid_1"":""PER.24_1"",""migration_date"":""2025-12-20"",""migration_method"":""jaccard1"",""name_1"":""Tacna""},{""gid_1"":""PER.3_1"",""migration_date"":""2025-12-20"",""migration_method"":""jaccard1"",""name_1"":""Apurímac""},{""gid_1"":""PER.4_1"",""migration_date"":""2025-12-20"",""migration_method"":""jaccard1"",""name_1"":""Arequipa""},{""gid_1"":""PER.5_1"",""migration_date"":""2025-12-20"",""migration_method"":""jaccard1"",""name_1"":""Ayacucho""},{""gid_1"":""PER.6_1"",""migration_date"":""2025-12-20"",""migration_method"":""jaccard1"",""name_1"":""Cajamarca""},{""gid_1"":""PER.8_1"",""migration_date"":""2025-12-20"",""migration_method"":""jaccard1"",""name_1"":""Cusco""},{""gid_1"":""PER.9_1"",""migration_date"":""2025-12-20"",""migration_method"":""jaccard1"",""name_1"":""Huancavelica""}]",2008-08-04,2025-12-20
2010-0156-PER,No,nat-hyd-mmw-lan,Natural,Hydrological,Mass movement (wet),Landslide (wet),GLIDE:LS-2010-000065,,PER,Peru,Latin America and the Caribbean,Americas,"Ancash, Cajamarca provinces ; Huanuco, Ambo districts (Huanuco province), Trujillo district (La Libertad province)",Heavy rains,,No,No,No,,,,,,,2010,4,1,2010,4,6,68,54,,1000,1054,,,,,,,67.73109452917775,"[{""adm1_code"":2329,""adm1_name"":""Ancash""},{""adm1_code"":2333,""adm1_name"":""Cajamarca""},{""adm2_code"":24092,""adm2_name"":""Ambo""},{""adm2_code"":24096,""adm2_name"":""Huenuco""},{""adm2_code"":24127,""adm2_name"":""Trujillo""}]","[{""gid_1"":""PER.2_1"",""migration_date"":""2025-12-20"",""migration_method"":""jaccard1"",""name_1"":""Ancash""},{""gid_1"":""PER.6_1"",""migration_date"":""2025-12-20"",""migration_method"":""jaccard1"",""name_1"":""Cajamarca""},{""gid_2"":""PER.10.1_1"",""migration_date"":""2025-12-20"",""migration_method"":""jaccard2"",""name_2"":""Ambo""},{""gid_2"":""PER.10.5_1"",""migration_date"":""2025-12-20"",""migration_method"":""jaccard2"",""name_2"":""Huenuco""},{""gid_2"":""PER.13.11_1"",""migration_date"":""2025-12-20"",""migration_method"":""jaccard2"",""name_2"":""Trujillo""}]",2011-03-15,2025-12-20
2011-0556-PER,No,nat-hyd-flo-riv,Natural,Hydrological,Flood,Riverine flood,,,PER,Peru,Latin America and the Caribbean,Americas,Ucayali province,,,No,No,No,,,Km2,,,,2011,5,26,2011,5,26,1,,3000,,3000,,,,,,,69.86926350886503,"[{""adm1_code"":2352,""adm1_name"":""Ucayali""}]","[{""gid_1"":""PER.26_1"",""migration_date"":""2025-12-20"",""migration_method"":""jaccard1"",""name_1"":""Ucayali""}]",2011-12-29,2025-12-20
2011-0583-PER,No,nat-met-sto-bli,Natural,Meteorological,Storm,Blizzard/Winter storm,,,PER,Peru,Latin America and the Caribbean,Americas,"Amazonas, Ancash, Apurimac, Arequipa, Ayacucho, Cajamarca, Callao, Cusco, Huancavelica, Huanuco, Ica, Junin, La Libertad, Lambayeque, Lima, Loreto, Madre de Dios, Moquegua, Pasco, Piura, Puno, San Martin, Tacna, Tumbes, Ucayali provinces",,,No,No,No,,,Kph,,,,2011,1,11,2011,1,15,16,,,,,,,,,,,69.86926350886503,"[{""adm1_code"":2328,""adm1_name"":""Amazonas""},{""adm1_code"":2329,""adm1_name"":""Ancash""},{""adm1_code"":2330,""adm1_name"":""Apurímac""},{""adm1_code"":2331,""adm1_name"":""Arequipa""},{""adm1_code"":2332,""adm1_name"":""Ayacucho""},{""adm1_code"":2333,""adm1_name"":""Cajamarca""},{""adm1_code"":2334,""adm1_name"":""Callao""},{""adm1_code"":2335,""adm1_name"":""Cusco""},{""adm1_code"":2336,""adm1_name"":""Huancavelica""},{""adm1_code"":2337,""adm1_name"":""Huánuco""},{""adm1_code"":2338,""adm1_name"":""Ica""},{""adm1_code"":2339,""adm1_name"":""Junín""},{""adm1_code"":2340,""adm1_name"":""La Libertad""},{""adm1_code"":2341,""adm1_name"":""Lambayeque""},{""adm1_code"":2342,""adm1_name"":""Lima""},{""adm1_code"":2343,""adm1_name"":""Loreto""},{""adm1_code"":2344,""adm1_name"":""Madre de Dios""},{""adm1_code"":2345,""adm1_name"":""Moquegua""},{""adm1_code"":2346,""adm1_name"":""Pasco""},{""adm1_code"":2347,""adm1_name"":""Piura""},{""adm1_code"":2348,""adm1_name"":""Puno""},{""adm1_code"":2349,""adm1_name"":""San Martín""},{""adm1_code"":2350,""adm1_name"":""Tacna""},{""adm1_code"":2351,""adm1_name"":""Tumbes""},{""adm1_code"":2352,""adm1_name"":""Ucayali""}]","[{""gid_1"":""PER.10_1"",""migration_date"":""2025-12-20"",""migration_method"":""jaccard1"",""name_1"":""Huánuco""},{""gid_1"":""PER.11_1"",""migration_date"":""2025-12-20"",""migration_method"":""jaccard1"",""name_1"":""Ica""},{""gid_1"":""PER.12_1"",""migration_date"":""2025-12-20"",""migration_method"":""jaccard1"",""name_1"":""Junín""},{""gid_1"":""PER.13_1"",""migration_date"":""2025-12-20"",""migration_method"":""jaccard1"",""name_1"":""La Libertad""},{""gid_1"":""PER.14_1"",""migration_date"":""2025-12-20"",""migration_method"":""jaccard1"",""name_1"":""Lambayeque""},{""gid_1"":""PER.15_1"",""migration_date"":""2025-12-20"",""migration_method"":""puzzle1_1"",""name_1"":""Lima Province""},{""gid_1"":""PER.16_1"",""migration_date"":""2025-12-20"",""migration_method"":""puzzle1_1"",""name_1"":""Lima""},{""gid_1"":""PER.17_1"",""migration_date"":""2025-12-20"",""migration_method"":""jaccard1"",""name_1"":""Loreto""},{""gid_1"":""PER.18_1"",""migration_date"":""2025-12-20"",""migration_method"":""jaccard1"",""name_1"":""Madre de Dios""},{""gid_1"":""PER.19_1"",""migration_date"":""2025-12-20"",""migration_method"":""jaccard1"",""name_1"":""Moquegua""},{""gid_1"":""PER.1_1"",""migration_date"":""2025-12-20"",""migration_method"":""jaccard1"",""name_1"":""Amazonas""},{""gid_1"":""PER.20_1"",""migration_date"":""2025-12-20"",""migration_method"":""jaccard1"",""name_1"":""Pasco""},{""gid_1"":""PER.21_1"",""migration_date"":""2025-12-20"",""migration_method"":""jaccard1"",""name_1"":""Piura""},{""gid_1"":""PER.22_1"",""migration_date"":""2025-12-20"",""migration_method"":""jaccard1"",""name_1"":""Puno""},{""gid_1"":""PER.23_1"",""migration_date"":""2025-12-20"",""migration_method"":""jaccard1"",""name_1"":""San Martín""},{""gid_1"":""PER.24_1"",""migration_date"":""2025-12-20"",""migration_method"":""jaccard1"",""name_1"":""Tacna""},{""gid_1"":""PER.25_1"",""migration_date"":""2025-12-20"",""migration_method"":""jaccard1"",""name_1"":""Tumbes""},{""gid_1"":""PER.26_1"",""migration_date"":""2025-12-20"",""migration_method"":""jaccard1"",""name_1"":""Ucayali""},{""gid_1"":""PER.2_1"",""migration_date"":""2025-12-20"",""migration_method"":""jaccard1"",""name_1"":""Ancash""},{""gid_1"":""PER.3_1"",""migration_date"":""2025-12-20"",""migration_method"":""jaccard1"",""name_1"":""Apurímac""},{""gid_1"":""PER.4_1"",""migration_date"":""2025-12-20"",""migration_method"":""jaccard1"",""name_1"":""Arequipa""},{""gid_1"":""PER.5_1"",""migration_date"":""2025-12-20"",""migration_method"":""jaccard1"",""name_1"":""Ayacucho""},{""gid_1"":""PER.6_1"",""migration_date"":""2025-12-20"",""migration_method"":""jaccard1"",""name_1"":""Cajamarca""},{""gid_1"":""PER.8_1"",""migration_date"":""2025-12-20"",""migration_method"":""jaccard1"",""name_1"":""Cusco""},{""gid_1"":""PER.9_1"",""migration_date"":""2025-12-20"",""migration_method"":""jaccard1"",""name_1"":""Huancavelica""}]",2012-01-03,2025-12-20
2012-0256-PER,No,nat-met-ext-col,Natural,Meteorological,Extreme temperature,Cold wave,GLIDE:CW-2012-000113,,PER,Peru,Latin America and the Caribbean,Americas,Arequipa province,,,No,No,No,,0.0,°C,,,,2012,6,,2012,6,,252,,30113,,30113,,,,,,,71.31508773357608,"[{""adm1_code"":2331,""adm1_name"":""Arequipa""}]","[{""gid_1"":""PER.4_1"",""migration_date"":""2025-12-20"",""migration_method"":""jaccard1"",""name_1"":""Arequipa""}]",2012-08-02,2025-12-20
1950-0005-PER,Yes,nat-geo-ear-gro,Natural,Geophysical,Earthquake,Ground movement,,,PER,Peru,Latin America and the Caribbean,Americas,Cusco,,,No,No,No,,6.0,Moment Magnitude,-13.5,-72.0,,1950,5,21,1950,5,21,83,200,,,200,,,,,,,7.484643009137654,,,2004-04-13,2023-09-25
1965-0072-PER,Yes,nat-hyd-flo-riv,Natural,Hydrological,Flood,Riverine flood,,,PER,Peru,Latin America and the Caribbean,Americas,,,,No,No,No,,,Km2,,,,1965,12,22,1965,12,22,60,,,,,,,,,,,9.78692867998099,,,2003-07-01,2023-09-25
1967-0003-PER,Yes,nat-hyd-flo-flo,Natural,Hydrological,Flood,Flood (General),,,PER,Peru,Latin America and the Caribbean,Americas,Vast Areas,,,Yes,No,No,,,Km2,,,,1967,1,,1967,1,,25,300,40000,10000,50300,,,,,15000.0,144766.0,10.361568495222222,,,2003-07-01,2023-09-25
1970-0032-PER,Yes,nat-geo-ear-gro,Natural,Geophysical,Earthquake,Ground movement,,,PER,Peru,Latin America and the Caribbean,Americas,"Chimbote, Pisco, Chiclayo",,"Flood|Slide (land, mud, snow, rock)",Yes,No,No,,7.8,Moment Magnitude,-9.183,-78.737,,1970,5,31,1970,5,31,66794,143331,3072909,,3216240,,,,,530000.0,4394843.0,12.059588142472828,,,2004-01-29,2023-09-25
1971-0012-PER,Yes,nat-hyd-flo-flo,Natural,Hydrological,Flood,Flood (General),,,PER,Peru,Latin America and the Caribbean,Americas,,,,Yes,No,No,,,Km2,,,,1971,2,,1971,2,,250,,330000,,330000,,,,,600.0,4771.0,12.577282266642609,,,2003-07-01,2023-09-25
1974-0050-PER,Yes,nat-geo-ear-gro,Natural,Geophysical,Earthquake,Ground movement,,,PER,Peru,Latin America and the Caribbean,Americas,"Lima area, Calleo",,Tsunami/Tidal wave,Yes,No,No,,7.6,Moment Magnitude,-12.265,-77.795,,1974,10,4,1974,10,4,78,2414,41260,,43674,,,,,10000.0,65292.0,15.315858342598924,,,2004-01-27,2023-09-25
1977-0067-PER,Yes,nat-bio-epi-vir,Natural,Biological,Epidemic,Viral disease,,Yellow fever,PER,Peru,Latin America and the Caribbean,Americas,,,,No,No,No,,,Vaccinated,,,,1977,5,,1977,5,,26,,,,,,,,,,,18.825796381323325,,,2003-07-01,2023-09-25
1978-0045-PER,Yes,nat-hyd-flo-flo,Natural,Hydrological,Flood,Flood (General),,,PER,Peru,Latin America and the Caribbean,Americas,San Martin,,,Yes,No,No,,,Km2,,,,1978,3,22,1978,3,22,2,,17000,5000,22000,,,,,2000.0,9871.0,20.26238855734611,,,2003-07-01,2023-09-25
1980-0100-PER,Yes,nat-geo-ear-gro,Natural,Geophysical,Earthquake,Ground movement,,,PER,Peru,Latin America and the Caribbean,Americas,Ayacucho,,,No,No,No,,4.9,Moment Magnitude,-13.347,-74.545,,1980,11,12,1980,11,12,7,,3000,,3000,,,,,1000.0,3907.0,25.59718752470056,,,2004-01-20,2023-09-25
1982-0050-PER,Yes,nat-hyd-flo-flo,Natural,Hydrological,Flood,Flood (General),,,PER,Peru,Latin America and the Caribbean,Americas,Ucayali river,,,No,No,No,,,Km2,,,,1982,4,13,1982,4,13,,,30000,,30000,,,,,,,29.974253466652957,,,2003-07-01,2023-09-25
1983-0070-PER,Yes,nat-geo-ear-gro,Natural,Geophysical,Earthquake,Ground movement,,,PER,Peru,Latin America and the Caribbean,Americas,Chimbote,,,No,No,No,,5.2,Moment Magnitude,-4.843,-78.103,,1983,4,12,1983,4,12,10,,,,,,,,,500.0,1616.0,30.937154672421162,,,2004-01-14,2023-09-25
1983-9007-PER,Yes,nat-cli-dro-dro,Natural,Climatological,Drought,Drought,,,PER,Peru,Latin America and the Caribbean,Americas,Puno department (Andean),,,Yes,No,No,,,Km2,,,,1983,1,,1983,,,,,620000,,620000,,,,,151800.0,490672.0,30.937154672421162,,,2006-09-11,2025-03-12
1984-0026-PER,Yes,nat-hyd-mmw-mud,Natural,Hydrological,Mass movement (wet),Mudslide,,,PER,Peru,Latin America and the Caribbean,Americas,Lima,,,No,No,No,,,,,,,1984,3,,1984,3,,7,,,,,,,,,3000.0,9297.0,32.26762246101086,,,2003-07-01,2023-09-25
1986-0150-PER,Yes,nat-geo-ear-gro,Natural,Geophysical,Earthquake,Ground movement,,,PER,Peru,Latin America and the Caribbean,Americas,Huarmey area,,,No,No,No,,5.3,Moment Magnitude,-9.505,-77.512,,1986,1,11,1986,1,11,1,,,100,100,,,,,,,34.04588878346234,,,2004-03-31,2023-09-25
1987-0023-PER,Yes,nat-hyd-flo-riv,Natural,Hydrological,Flood,Riverine flood,,,PER,Peru,Latin America and the Caribbean,Americas,"Villarica, Oxapampa (Pasco state)",,,No,No,No,,,Km2,,,,1987,2,,1987,2,,73,19,2500,500,3019,,,,,,,35.29351844458779,,,2003-07-01,2023-09-25
1988-0101-PER,Yes,nat-hyd-mmw-mud,Natural,Hydrological,Mass movement (wet),Mudslide,,,PER,Peru,Latin America and the Caribbean,Americas,"Apurimac, Cusco, Madre de dios, Huanugo provinces",,,No,No,No,,,,,,,1988,2,3,1988,2,3,80,25,5000,1000,6025,,,,,,,36.73269471079365,,,2003-07-01,2023-09-25
2000-0586-PER,No,nat-hyd-mmw-lan,Natural,Hydrological,Mass movement (wet),Landslide (wet),,,PER,Peru,Latin America and the Caribbean,Americas,"Arma village (La Convenci?n district, Cusco province)",,,No,No,No,,,,,,,2000,9,16,2000,9,16,11,,,,,,,,,,,53.48773668167872,"[{""adm2_code"":24080,""adm2_name"":""La Convención""}]","[{""gid_2"":""PER.8.9_1"",""migration_date"":""2025-12-20"",""migration_method"":""jaccard2"",""name_2"":""La Convención""}]",2003-07-01,2025-12-20
2001-0271-PER,No,nat-hyd-flo-fla,Natural,Hydrological,Flood,Flash flood,,,PER,Peru,Latin America and the Caribbean,Americas,"Mazamri area (Satipo district, Junin province)",Brief torrential rain,,No,No,No,,14800.0,Km2,,,,2001,4,25,2001,4,26,9,10,300,,310,,,,,,,54.99938526629536,"[{""adm2_code"":24114,""adm2_name"":""Satipo""}]","[{""gid_2"":""PER.12.7_1"",""migration_date"":""2025-12-20"",""migration_method"":""jaccard2"",""name_2"":""Satipo""}]",2005-09-19,2025-12-20
2001-0294-PER,No,nat-geo-ear-tsu,Natural,Geophysical,Earthquake,Tsunami,USGS:usp000ah4q,,PER,Peru,Latin America and the Caribbean,Americas,"Arequipa, Moquegua, Tacna, Ayacucho provinces",,Tsunami/Tidal wave,Yes,No,No,20777.0,8.4,Moment Magnitude,-16.265,-73.641,,2001,6,23,2001,6,23,145,2713,222400,124865,349978,,,50000.0,90910.0,300000.0,545461.0,54.99938526629536,"[{""adm1_code"":2331,""adm1_name"":""Arequipa""},{""adm1_code"":2332,""adm1_name"":""Ayacucho""},{""adm1_code"":2345,""adm1_name"":""Moquegua""},{""adm1_code"":2350,""adm1_name"":""Tacna""}]","[{""gid_1"":""PER.19_1"",""migration_date"":""2025-12-20"",""migration_method"":""jaccard1"",""name_1"":""Moquegua""},{""gid_1"":""PER.24_1"",""migration_date"":""2025-12-20"",""migration_method"":""jaccard1"",""name_1"":""Tacna""},{""gid_1"":""PER.4_1"",""migration_date"":""2025-12-20"",""migration_method"":""jaccard1"",""name_1"":""Arequipa""},{""gid_1"":""PER.5_1"",""migration_date"":""2025-12-20"",""migration_method"":""jaccard1"",""name_1"":""Ayacucho""}]",2003-09-05,2025-12-20
2001-0754-PER,No,nat-geo-ear-gro,Natural,Geophysical,Earthquake,Ground movement,USGS:usp000am2s,,PER,Peru,Latin America and the Caribbean,Americas,Antambaba district (Apurcmac province),,,No,No,No,,5.8,Moment Magnitude,-14.258,-72.683,,2001,8,9,2001,8,9,4,15,3950,,3965,,,,,,,54.99938526629536,"[{""adm2_code"":24034,""adm2_name"":""Antabamba""}]","[{""gid_2"":""PER.3.3_1"",""migration_date"":""2025-12-20"",""migration_method"":""jaccard2"",""name_2"":""Antabamba""}]",2008-05-08,2025-12-20
1997-0530-PER,Yes,nat-met-sto-tro,Natural,Meteorological,Storm,Tropical cyclone,,,PER,Peru,Latin America and the Caribbean,Americas,"Cusco, Lima, Ica, Tumbes, Piura, Lambayeque, La Libertad, Cajamarca, Ancash, Ayacucho, Junin, San Martin, Loreto, Huanuco, Amzanonas departments",El Nino phenomenom,"Flood|Slide (land, mud, snow, rock)",No,No,No,17184.0,540.0,Kph,,,,1997,12,24,1998,3,,518,730,580000,,580730,,,,,12000.0,24068.0,49.8587243562847,,,2013-11-14,2023-09-25
1998-0560-PER,Yes,nat-bio-epi-par,Natural,Biological,Epidemic,Parasitic disease,,,PER,Peru,Latin America and the Caribbean,Americas,"Tumbes, Piura, Lambayeque & Lima Departments",,,No,No,No,,,Vaccinated,,,,1998,4,,1998,4,,,,12000,,12000,,,,,,,50.63267777131614,,,2003-07-01,2023-09-25
1999-0434-PER,Yes,nat-geo-ear-gro,Natural,Geophysical,Earthquake,Ground movement,,,PER,Peru,Latin America and the Caribbean,Americas,"Quispillacta, Chuschi area (Ayacucho Department)",,,No,No,No,,4.4,Moment Magnitude,-13.64,-74.43,,1999,10,31,1999,10,31,,30,5500,1050,6580,,,,,1100.0,2126.0,51.74053097598619,,,2003-09-10,2023-09-25
2001-0117-PER,No,nat-hyd-flo-riv,Natural,Hydrological,Flood,Riverine flood,,,PER,Peru,Latin America and the Caribbean,Americas,"El Collao, Chucui­to, San Roman, Puno, Huancane districts (Puno province), Lima, Ica, Arequipa,Tacna, Moquegua provinces",,,No,No,No,23.0,17430.0,Km2,,,,2001,3,1,2001,3,21,,,46000,,46000,,,,,,,54.99938526629536,"[{""adm1_code"":2331,""adm1_name"":""Arequipa""},{""adm1_code"":2338,""adm1_name"":""Ica""},{""adm1_code"":2342,""adm1_name"":""Lima""},{""adm1_code"":2345,""adm1_name"":""Moquegua""},{""adm1_code"":2350,""adm1_name"":""Tacna""},{""adm2_code"":24165,""adm2_name"":""Azángaro""},{""adm2_code"":24167,""adm2_name"":""Chucuíto""},{""adm2_code"":24168,""adm2_name"":""El Collao""},{""adm2_code"":24169,""adm2_name"":""Huancane""},{""adm2_code"":24170,""adm2_name"":""Lampa""},{""adm2_code"":24173,""adm2_name"":""Puno""},{""adm2_code"":24174,""adm2_name"":""San Antonio de Putina""},{""adm2_code"":24175,""adm2_name"":""San Román""}]","[{""gid_1"":""PER.11_1"",""migration_date"":""2025-12-20"",""migration_method"":""jaccard1"",""name_1"":""Ica""},{""gid_1"":""PER.15_1"",""migration_date"":""2025-12-20"",""migration_method"":""puzzle1_1"",""name_1"":""Lima Province""},{""gid_1"":""PER.16_1"",""migration_date"":""2025-12-20"",""migration_method"":""puzzle1_1"",""name_1"":""Lima""},{""gid_1"":""PER.19_1"",""migration_date"":""2025-12-20"",""migration_method"":""jaccard1"",""name_1"":""Moquegua""},{""gid_1"":""PER.24_1"",""migration_date"":""2025-12-20"",""migration_method"":""jaccard1"",""name_1"":""Tacna""},{""gid_1"":""PER.4_1"",""migration_date"":""2025-12-20"",""migration_method"":""jaccard1"",""name_1"":""Arequipa""},{""gid_2"":""PER.22.10_1"",""migration_date"":""2025-12-20"",""migration_method"":""jaccard2"",""name_2"":""Puno""},{""gid_2"":""PER.22.11_1"",""migration_date"":""2025-12-20"",""migration_method"":""jaccard2"",""name_2"":""San Antonio de Putina""},{""gid_2"":""PER.22.12_1"",""migration_date"":""2025-12-20"",""migration_method"":""jaccard2"",""name_2"":""San Román""},{""gid_2"":""PER.22.1_1"",""migration_date"":""2025-12-20"",""migration_method"":""jaccard2"",""name_2"":""Azángaro""},{""gid_2"":""PER.22.3_1"",""migration_date"":""2025-12-20"",""migration_method"":""jaccard2"",""name_2"":""Chucuíto""},{""gid_2"":""PER.22.4_1"",""migration_date"":""2025-12-20"",""migration_method"":""jaccard2"",""name_2"":""El Collao""},{""gid_2"":""PER.22.5_1"",""migration_date"":""2025-12-20"",""migration_method"":""jaccard2"",""name_2"":""Huancane""},{""gid_2"":""PER.22.7_1"",""migration_date"":""2025-12-20"",""migration_method"":""jaccard2"",""name_2"":""Lampa""}]",2005-09-16,2025-12-20
2001-0604-PER,No,nat-hyd-mmw-lan,Natural,Hydrological,Mass movement (wet),Landslide (wet),,,PER,Peru,Latin America and the Caribbean,Americas,"Jachahuanca village (Junin district, Junin province)",,,No,No,No,,,,,,,2001,10,28,2001,10,28,20,,,150,150,,,,,,,54.99938526629536,"[{""adm2_code"":24113,""adm2_name"":""Junín""}]","[{""gid_2"":""PER.12.6_1"",""migration_date"":""2025-12-20"",""migration_method"":""jaccard2"",""name_2"":""Junín""}]",2003-07-01,2025-12-20
2002-0077-PER,No,nat-hyd-flo-riv,Natural,Hydrological,Flood,Riverine flood,,,PER,Peru,Latin America and the Caribbean,Americas,"Tumbes, Cajamarca, Lima, Juni­n, Cusco, Huancavelica, Puno, Piura, Lambayeque, Arequipa, Moquegua, Apurimac, Madre de Dios, La Libertad, Huanuco provinces",Heavy rain,"Slide (land, mud, snow, rock)",No,No,No,286.0,333200.0,Km2,,,"Rimac, Chillon, Caete Rivers",2002,2,4,2002,2,15,6,,8349,,8349,,,,,,,55.87169607405011,"[{""adm1_code"":2330,""adm1_name"":""Apurímac""},{""adm1_code"":2331,""adm1_name"":""Arequipa""},{""adm1_code"":2333,""adm1_name"":""Cajamarca""},{""adm1_code"":2335,""adm1_name"":""Cusco""},{""adm1_code"":2336,""adm1_name"":""Huancavelica""},{""adm1_code"":2337,""adm1_name"":""Huánuco""},{""adm1_code"":2339,""adm1_name"":""Junín""},{""adm1_code"":2340,""adm1_name"":""La Libertad""},{""adm1_code"":2341,""adm1_name"":""Lambayeque""},{""adm1_code"":2342,""adm1_name"":""Lima""},{""adm1_code"":2344,""adm1_name"":""Madre de Dios""},{""adm1_code"":2345,""adm1_name"":""Moquegua""},{""adm1_code"":2347,""adm1_name"":""Piura""},{""adm1_code"":2348,""adm1_name"":""Puno""},{""adm1_code"":2351,""adm1_name"":""Tumbes""}]","[{""gid_1"":""PER.10_1"",""migration_date"":""2025-12-20"",""migration_method"":""jaccard1"",""name_1"":""Huánuco""},{""gid_1"":""PER.12_1"",""migration_date"":""2025-12-20"",""migration_method"":""jaccard1"",""name_1"":""Junín""},{""gid_1"":""PER.13_1"",""migration_date"":""2025-12-20"",""migration_method"":""jaccard1"",""name_1"":""La Libertad""},{""gid_1"":""PER.14_1"",""migration_date"":""2025-12-20"",""migration_method"":""jaccard1"",""name_1"":""Lambayeque""},{""gid_1"":""PER.15_1"",""migration_date"":""2025-12-20"",""migration_method"":""puzzle1_1"",""name_1"":""Lima Province""},{""gid_1"":""PER.16_1"",""migration_date"":""2025-12-20"",""migration_method"":""puzzle1_1"",""name_1"":""Lima""},{""gid_1"":""PER.18_1"",""migration_date"":""2025-12-20"",""migration_method"":""jaccard1"",""name_1"":""Madre de Dios""},{""gid_1"":""PER.19_1"",""migration_date"":""2025-12-20"",""migration_method"":""jaccard1"",""name_1"":""Moquegua""},{""gid_1"":""PER.21_1"",""migration_date"":""2025-12-20"",""migration_method"":""jaccard1"",""name_1"":""Piura""},{""gid_1"":""PER.22_1"",""migration_date"":""2025-12-20"",""migration_method"":""jaccard1"",""name_1"":""Puno""},{""gid_1"":""PER.25_1"",""migration_date"":""2025-12-20"",""migration_method"":""jaccard1"",""name_1"":""Tumbes""},{""gid_1"":""PER.3_1"",""migration_date"":""2025-12-20"",""migration_method"":""jaccard1"",""name_1"":""Apurímac""},{""gid_1"":""PER.4_1"",""migration_date"":""2025-12-20"",""migration_method"":""jaccard1"",""name_1"":""Arequipa""},{""gid_1"":""PER.6_1"",""migration_date"":""2025-12-20"",""migration_method"":""jaccard1"",""name_1"":""Cajamarca""},{""gid_1"":""PER.8_1"",""migration_date"":""2025-12-20"",""migration_method"":""jaccard1"",""name_1"":""Cusco""},{""gid_1"":""PER.9_1"",""migration_date"":""2025-12-20"",""migration_method"":""jaccard1"",""name_1"":""Huancavelica""}]",2005-05-03,2025-12-20
2002-0187-PER,No,nat-hyd-flo-riv,Natural,Hydrological,Flood,Riverine flood,,,PER,Peru,Latin America and the Caribbean,Americas,"Tumbes, Puno provinces",Heavy rain,,No,No,No,,13770.0,Km2,,,"Zarumilla, Lake Titicaca",2002,3,17,2002,3,31,13,14,2155,,2169,,,,,,,55.87169607405011,"[{""adm1_code"":2348,""adm1_name"":""Puno""},{""adm1_code"":2351,""adm1_name"":""Tumbes""}]","[{""gid_1"":""PER.22_1"",""migration_date"":""2025-12-20"",""migration_method"":""jaccard1"",""name_1"":""Puno""},{""gid_1"":""PER.25_1"",""migration_date"":""2025-12-20"",""migration_method"":""jaccard1"",""name_1"":""Tumbes""}]",2005-09-22,2025-12-20
2002-9843-PER,No,nat-cli-dro-dro,Natural,Climatological,Drought,Drought,,,PER,Peru,Latin America and the Caribbean,Americas,"Amazonas, Ancash, Apurimac, Arequipa, Ayacucho, Cajamarca, Callao, Cusco, Huancavelica, Huanuco, Ica, Junin, La Libertad, Lambayeque, Lima, Loreto, Madre de Dios, Moquegua, Pasco, Piura, Puno, San Martin, Tacna, Tumbes, Ucayali provinces",,,No,No,No,,,Km2,,,,2002,3,,2002,,,,,21500,,21500,,,,,,,55.87169607405011,"[{""adm1_code"":2328,""adm1_name"":""Amazonas""},{""adm1_code"":2329,""adm1_name"":""Ancash""},{""adm1_code"":2330,""adm1_name"":""Apurímac""},{""adm1_code"":2331,""adm1_name"":""Arequipa""},{""adm1_code"":2332,""adm1_name"":""Ayacucho""},{""adm1_code"":2333,""adm1_name"":""Cajamarca""},{""adm1_code"":2334,""adm1_name"":""Callao""},{""adm1_code"":2335,""adm1_name"":""Cusco""},{""adm1_code"":2336,""adm1_name"":""Huancavelica""},{""adm1_code"":2337,""adm1_name"":""Huánuco""},{""adm1_code"":2338,""adm1_name"":""Ica""},{""adm1_code"":2339,""adm1_name"":""Junín""},{""adm1_code"":2340,""adm1_name"":""La Libertad""},{""adm1_code"":2341,""adm1_name"":""Lambayeque""},{""adm1_code"":2342,""adm1_name"":""Lima""},{""adm1_code"":2343,""adm1_name"":""Loreto""},{""adm1_code"":2344,""adm1_name"":""Madre de Dios""},{""adm1_code"":2345,""adm1_name"":""Moquegua""},{""adm1_code"":2346,""adm1_name"":""Pasco""},{""adm1_code"":2347,""adm1_name"":""Piura""},{""adm1_code"":2348,""adm1_name"":""Puno""},{""adm1_code"":2349,""adm1_name"":""San Martín""},{""adm1_code"":2350,""adm1_name"":""Tacna""},{""adm1_code"":2351,""adm1_name"":""Tumbes""},{""adm1_code"":2352,""adm1_name"":""Ucayali""}]","[{""gid_1"":""PER.10_1"",""migration_date"":""2025-12-20"",""migration_method"":""jaccard1"",""name_1"":""Huánuco""},{""gid_1"":""PER.11_1"",""migration_date"":""2025-12-20"",""migration_method"":""jaccard1"",""name_1"":""Ica""},{""gid_1"":""PER.12_1"",""migration_date"":""2025-12-20"",""migration_method"":""jaccard1"",""name_1"":""Junín""},{""gid_1"":""PER.13_1"",""migration_date"":""2025-12-20"",""migration_method"":""jaccard1"",""name_1"":""La Libertad""},{""gid_1"":""PER.14_1"",""migration_date"":""2025-12-20"",""migration_method"":""jaccard1"",""name_1"":""Lambayeque""},{""gid_1"":""PER.15_1"",""migration_date"":""2025-12-20"",""migration_method"":""puzzle1_1"",""name_1"":""Lima Province""},{""gid_1"":""PER.16_1"",""migration_date"":""2025-12-20"",""migration_method"":""puzzle1_1"",""name_1"":""Lima""},{""gid_1"":""PER.17_1"",""migration_date"":""2025-12-20"",""migration_method"":""jaccard1"",""name_1"":""Loreto""},{""gid_1"":""PER.18_1"",""migration_date"":""2025-12-20"",""migration_method"":""jaccard1"",""name_1"":""Madre de Dios""},{""gid_1"":""PER.19_1"",""migration_date"":""2025-12-20"",""migration_method"":""jaccard1"",""name_1"":""Moquegua""},{""gid_1"":""PER.1_1"",""migration_date"":""2025-12-20"",""migration_method"":""jaccard1"",""name_1"":""Amazonas""},{""gid_1"":""PER.20_1"",""migration_date"":""2025-12-20"",""migration_method"":""jaccard1"",""name_1"":""Pasco""},{""gid_1"":""PER.21_1"",""migration_date"":""2025-12-20"",""migration_method"":""jaccard1"",""name_1"":""Piura""},{""gid_1"":""PER.22_1"",""migration_date"":""2025-12-20"",""migration_method"":""jaccard1"",""name_1"":""Puno""},{""gid_1"":""PER.23_1"",""migration_date"":""2025-12-20"",""migration_method"":""jaccard1"",""name_1"":""San Martín""},{""gid_1"":""PER.24_1"",""migration_date"":""2025-12-20"",""migration_method"":""jaccard1"",""name_1"":""Tacna""},{""gid_1"":""PER.25_1"",""migration_date"":""2025-12-20"",""migration_method"":""jaccard1"",""name_1"":""Tumbes""},{""gid_1"":""PER.26_1"",""migration_date"":""2025-12-20"",""migration_method"":""jaccard1"",""name_1"":""Ucayali""},{""gid_1"":""PER.2_1"",""migration_date"":""2025-12-20"",""migration_method"":""jaccard1"",""name_1"":""Ancash""},{""gid_1"":""PER.3_1"",""migration_date"":""2025-12-20"",""migration_method"":""jaccard1"",""name_1"":""Apurímac""},{""gid_1"":""PER.4_1"",""migration_date"":""2025-12-20"",""migration_method"":""jaccard1"",""name_1"":""Arequipa""},{""gid_1"":""PER.5_1"",""migration_date"":""2025-12-20"",""migration_method"":""jaccard1"",""name_1"":""Ayacucho""},{""gid_1"":""PER.6_1"",""migration_date"":""2025-12-20"",""migration_method"":""jaccard1"",""name_1"":""Cajamarca""},{""gid_1"":""PER.8_1"",""migration_date"":""2025-12-20"",""migration_method"":""jaccard1"",""name_1"":""Cusco""},{""gid_1"":""PER.9_1"",""migration_date"":""2025-12-20"",""migration_method"":""jaccard1"",""name_1"":""Huancavelica""}]",2006-02-22,2025-12-20
2004-0156-PER,No,nat-hyd-mmw-mud,Natural,Hydrological,Mass movement (wet),Mudslide,,,PER,Peru,Latin America and the Caribbean,Americas,"Machu Picchu (Urubamba district, Cuzco province)",Heavy rains,Flood,No,No,No,,,,,,,2004,4,10,2004,4,10,11,6,,70,76,,,,,,,58.66980929334124,"[{""adm2_code"":24084,""adm2_name"":""Urubamba""}]","[{""gid_2"":""PER.8.13_1"",""migration_date"":""2025-12-20"",""migration_method"":""jaccard2"",""name_2"":""Urubamba""}]",2004-04-14,2025-12-20
2005-0558-PER,No,nat-geo-ear-gro,Natural,Geophysical,Earthquake,Ground movement,GLIDE:EQ-2005-000167|USGS:usp000e09h,,PER,Peru,Latin America and the Caribbean,Americas,"Moyobamba, Lamas districts (San Martin province)",,,No,No,No,,7.5,Moment Magnitude,-5.678,-76.398,,2005,9,26,2005,9,26,5,59,2446,,2505,,,,,,,60.66033175273918,"[{""adm2_code"":24182,""adm2_name"":""Lamas""},{""adm2_code"":24184,""adm2_name"":""Moyobamba""}]","[{""gid_2"":""PER.23.4_1"",""migration_date"":""2025-12-20"",""migration_method"":""jaccard2"",""name_2"":""Lamas""},{""gid_2"":""PER.23.6_1"",""migration_date"":""2025-12-20"",""migration_method"":""jaccard2"",""name_2"":""Moyobamba""}]",2014-02-27,2025-12-20
2009-0143-PER,No,nat-hyd-mmw-lan,Natural,Hydrological,Mass movement (wet),Landslide (wet),,,PER,Peru,Latin America and the Caribbean,Americas,"Retamas (Pataz district) Aricapampa, Chamanacucho (Sanchez Carrion district) (La Libertad province)",Heavy rains,,No,No,No,,,,,,,2009,4,12,2009,4,16,20,,1300,,1300,,,,,,,66.63820107166443,"[{""adm2_code"":24124,""adm2_name"":""Pataz""},{""adm2_code"":24125,""adm2_name"":""Sánchez Carrión""}]","[{""gid_2"":""PER.13.8_1"",""migration_date"":""2025-12-20"",""migration_method"":""jaccard2"",""name_2"":""Pataz""},{""gid_2"":""PER.13.9_1"",""migration_date"":""2025-12-20"",""migration_method"":""jaccard2"",""name_2"":""Sánchez Carrión""}]",2009-11-05,2025-12-20
2009-0301-PER,No,nat-met-ext-col,Natural,Meteorological,Extreme temperature,Cold wave,GLIDE:CW-2009-000111,,PER,Peru,Latin America and the Caribbean,Americas,"Amazonas, Ancash, Apurimac, Arequipa, Ayacucho, Cajamarca, Cusco, Huancavelica, Huanuco provinces",,,No,No,No,,0.0,°C,,,,2009,5,,2009,8,,274,24262,,,24262,,,,,,,66.63820107166443,"[{""adm1_code"":2328,""adm1_name"":""Amazonas""},{""adm1_code"":2329,""adm1_name"":""Ancash""},{""adm1_code"":2330,""adm1_name"":""Apurímac""},{""adm1_code"":2331,""adm1_name"":""Arequipa""},{""adm1_code"":2332,""adm1_name"":""Ayacucho""},{""adm1_code"":2333,""adm1_name"":""Cajamarca""},{""adm1_code"":2335,""adm1_name"":""Cusco""},{""adm1_code"":2336,""adm1_name"":""Huancavelica""},{""adm1_code"":2337,""adm1_name"":""Huánuco""}]","[{""gid_1"":""PER.10_1"",""migration_date"":""2025-12-20"",""migration_method"":""jaccard1"",""name_1"":""Huánuco""},{""gid_1"":""PER.1_1"",""migration_date"":""2025-12-20"",""migration_method"":""jaccard1"",""name_1"":""Amazonas""},{""gid_1"":""PER.2_1"",""migration_date"":""2025-12-20"",""migration_method"":""jaccard1"",""name_1"":""Ancash""},{""gid_1"":""PER.3_1"",""migration_date"":""2025-12-20"",""migration_method"":""jaccard1"",""name_1"":""Apurímac""},{""gid_1"":""PER.4_1"",""migration_date"":""2025-12-20"",""migration_method"":""jaccard1"",""name_1"":""Arequipa""},{""gid_1"":""PER.5_1"",""migration_date"":""2025-12-20"",""migration_method"":""jaccard1"",""name_1"":""Ayacucho""},{""gid_1"":""PER.6_1"",""migration_date"":""2025-12-20"",""migration_method"":""jaccard1"",""name_1"":""Cajamarca""},{""gid_1"":""PER.8_1"",""migration_date"":""2025-12-20"",""migration_method"":""jaccard1"",""name_1"":""Cusco""},{""gid_1"":""PER.9_1"",""migration_date"":""2025-12-20"",""migration_method"":""jaccard1"",""name_1"":""Huancavelica""}]",2009-08-06,2025-12-20
2009-0564-PER,No,nat-bio-epi-vir,Natural,Biological,Epidemic,Viral disease,,Dengue,PER,Peru,Latin America and the Caribbean,Americas,,,,No,No,No,,,Vaccinated,,,,2009,1,,2009,11,,,,14151,,14151,,,,,,,66.63820107166443,,,2009-12-21,2023-09-25
2009-0569-PER,No,nat-hyd-mmw-lan,Natural,Hydrological,Mass movement (wet),Landslide (wet),,,PER,Peru,Latin America and the Caribbean,Americas,"Ayachuco, Carmen Alto municipality (Huamanga district, Ayacucho province)",Heavy rain,,No,No,Yes,,,,,,,2009,12,16,2009,12,16,59,25,1128,,1153,,,,,,,66.63820107166443,"[{""adm2_code"":24049,""adm2_name"":""Huamanga""}]","[{""gid_2"":""PER.5.2_1"",""migration_date"":""2025-12-20"",""migration_method"":""jaccard2"",""name_2"":""Huamanga""}]",2009-12-21,2025-12-20
2010-0065-PER,No,nat-hyd-flo-riv,Natural,Hydrological,Flood,Riverine flood,GLIDE:FL-2010-000023,,PER,Peru,Latin America and the Caribbean,Americas,"La Esperanza, El Porvenir, Salaverry towns (Trujillo district, La Libertad province)",,,No,No,No,,305800.0,Km2,-4.68,-78.29,,2010,2,10,2010,2,17,20,,80000,,80000,,,,,,,67.73109452917775,"[{""adm2_code"":24127,""adm2_name"":""Trujillo""}]","[{""gid_2"":""PER.13.11_1"",""migration_date"":""2025-12-20"",""migration_method"":""jaccard2"",""name_2"":""Trujillo""}]",2010-02-19,2025-12-20
2011-0660-PER,No,nat-hyd-flo-riv,Natural,Hydrological,Flood,Riverine flood,GLIDE:FL-2011-000198,,PER,Peru,Latin America and the Caribbean,Americas,"Amazon, Ancash, Apurimac, Arequipa, Ayacucho, Cajamarca, Cusco, Huancavelica, Huanuco, Ica, Junin, La Libertad, Lambayeque, Lima, Loreto, Madre de Dios, Moquegua, Pasco, Piura, Puno, San Martin, Tacna, Ucayali provinces",,"Slide (land, mud, snow, rock)",No,No,Yes,,,Km2,,,Amazon river,2011,12,,2012,5,,65,107,809838,,809945,,,,,,,69.86926350886503,"[{""adm1_code"":2328,""adm1_name"":""Amazonas""},{""adm1_code"":2329,""adm1_name"":""Ancash""},{""adm1_code"":2330,""adm1_name"":""Apurímac""},{""adm1_code"":2331,""adm1_name"":""Arequipa""},{""adm1_code"":2332,""adm1_name"":""Ayacucho""},{""adm1_code"":2333,""adm1_name"":""Cajamarca""},{""adm1_code"":2335,""adm1_name"":""Cusco""},{""adm1_code"":2336,""adm1_name"":""Huancavelica""},{""adm1_code"":2337,""adm1_name"":""Huánuco""},{""adm1_code"":2338,""adm1_name"":""Ica""},{""adm1_code"":2339,""adm1_name"":""Junín""},{""adm1_code"":2340,""adm1_name"":""La Libertad""},{""adm1_code"":2341,""adm1_name"":""Lambayeque""},{""adm1_code"":2342,""adm1_name"":""Lima""},{""adm1_code"":2343,""adm1_name"":""Loreto""},{""adm1_code"":2344,""adm1_name"":""Madre de Dios""},{""adm1_code"":2345,""adm1_name"":""Moquegua""},{""adm1_code"":2346,""adm1_name"":""Pasco""},{""adm1_code"":2347,""adm1_name"":""Piura""},{""adm1_code"":2348,""adm1_name"":""Puno""},{""adm1_code"":2349,""adm1_name"":""San Martín""},{""adm1_code"":2350,""adm1_name"":""Tacna""},{""adm1_code"":2352,""adm1_name"":""Ucayali""}]","[{""gid_1"":""PER.10_1"",""migration_date"":""2025-12-20"",""migration_method"":""jaccard1"",""name_1"":""Huánuco""},{""gid_1"":""PER.11_1"",""migration_date"":""2025-12-20"",""migration_method"":""jaccard1"",""name_1"":""Ica""},{""gid_1"":""PER.12_1"",""migration_date"":""2025-12-20"",""migration_method"":""jaccard1"",""name_1"":""Junín""},{""gid_1"":""PER.13_1"",""migration_date"":""2025-12-20"",""migration_method"":""jaccard1"",""name_1"":""La Libertad""},{""gid_1"":""PER.14_1"",""migration_date"":""2025-12-20"",""migration_method"":""jaccard1"",""name_1"":""Lambayeque""},{""gid_1"":""PER.15_1"",""migration_date"":""2025-12-20"",""migration_method"":""puzzle1_1"",""name_1"":""Lima Province""},{""gid_1"":""PER.16_1"",""migration_date"":""2025-12-20"",""migration_method"":""puzzle1_1"",""name_1"":""Lima""},{""gid_1"":""PER.17_1"",""migration_date"":""2025-12-20"",""migration_method"":""jaccard1"",""name_1"":""Loreto""},{""gid_1"":""PER.18_1"",""migration_date"":""2025-12-20"",""migration_method"":""jaccard1"",""name_1"":""Madre de Dios""},{""gid_1"":""PER.19_1"",""migration_date"":""2025-12-20"",""migration_method"":""jaccard1"",""name_1"":""Moquegua""},{""gid_1"":""PER.1_1"",""migration_date"":""2025-12-20"",""migration_method"":""jaccard1"",""name_1"":""Amazonas""},{""gid_1"":""PER.20_1"",""migration_date"":""2025-12-20"",""migration_method"":""jaccard1"",""name_1"":""Pasco""},{""gid_1"":""PER.21_1"",""migration_date"":""2025-12-20"",""migration_method"":""jaccard1"",""name_1"":""Piura""},{""gid_1"":""PER.22_1"",""migration_date"":""2025-12-20"",""migration_method"":""jaccard1"",""name_1"":""Puno""},{""gid_1"":""PER.23_1"",""migration_date"":""2025-12-20"",""migration_method"":""jaccard1"",""name_1"":""San Martín""},{""gid_1"":""PER.24_1"",""migration_date"":""2025-12-20"",""migration_method"":""jaccard1"",""name_1"":""Tacna""},{""gid_1"":""PER.26_1"",""migration_date"":""2025-12-20"",""migration_method"":""jaccard1"",""name_1"":""Ucayali""},{""gid_1"":""PER.2_1"",""migration_date"":""2025-12-20"",""migration_method"":""jaccard1"",""name_1"":""Ancash""},{""gid_1"":""PER.3_1"",""migration_date"":""2025-12-20"",""migration_method"":""jaccard1"",""name_1"":""Apurímac""},{""gid_1"":""PER.4_1"",""migration_date"":""2025-12-20"",""migration_method"":""jaccard1"",""name_1"":""Arequipa""},{""gid_1"":""PER.5_1"",""migration_date"":""2025-12-20"",""migration_method"":""jaccard1"",""name_1"":""Ayacucho""},{""gid_1"":""PER.6_1"",""migration_date"":""2025-12-20"",""migration_method"":""jaccard1"",""name_1"":""Cajamarca""},{""gid_1"":""PER.8_1"",""migration_date"":""2025-12-20"",""migration_method"":""jaccard1"",""name_1"":""Cusco""},{""gid_1"":""PER.9_1"",""migration_date"":""2025-12-20"",""migration_method"":""jaccard1"",""name_1"":""Huancavelica""}]",2012-07-23,2025-12-20
2012-0020-PER,No,nat-geo-ear-gro,Natural,Geophysical,Earthquake,Ground movement,USGS:usp000je5n,,PER,Peru,Latin America and the Caribbean,Americas,"Ica, Chincha, Pisco districts (Ica province), Canete district (Lima province)",,,No,No,No,,6.4,Moment Magnitude,-14.168,-75.635,,2012,1,30,2012,1,30,,145,2905,1385,4435,,,,,,,71.31508773357608,"[{""adm2_code"":24103,""adm2_name"":""Chincha""},{""adm2_code"":24104,""adm2_name"":""Ica""},{""adm2_code"":24107,""adm2_name"":""Pisco""},{""adm2_code"":24134,""adm2_name"":""Cañete""}]","[{""gid_2"":""PER.11.1_1"",""migration_date"":""2025-12-20"",""migration_method"":""jaccard2"",""name_2"":""Chincha""},{""gid_2"":""PER.11.2_1"",""migration_date"":""2025-12-20"",""migration_method"":""jaccard2"",""name_2"":""Ica""},{""gid_2"":""PER.11.5_1"",""migration_date"":""2025-12-20"",""migration_method"":""jaccard2"",""name_2"":""Pisco""},{""gid_2"":""PER.16.3_1"",""migration_date"":""2025-12-20"",""migration_method"":""jaccard2"",""name_2"":""Cañete""}]",2013-02-01,2025-12-20
2012-0386-PER,No,nat-hyd-mmw-lan,Natural,Hydrological,Mass movement (wet),Landslide (wet),,,PER,Peru,Latin America and the Caribbean,Americas,"El Porvenir (Picota district, San Martin province)",Heavy rains,,No,No,No,,,,,,,2012,10,17,2012,10,17,22,,,,,,,,,,,71.31508773357608,"[{""adm2_code"":24185,""adm2_name"":""Picota""}]","[{""gid_2"":""PER.23.7_1"",""migration_date"":""2025-12-20"",""migration_method"":""jaccard2"",""name_2"":""Picota""}]",2012-10-19,2025-12-20
2013-0355-PER,No,nat-geo-vol-ash,Natural,Geophysical,Volcanic activity,Ash fall,,Mount Ubinas,PER,Peru,Latin America and the Caribbean,Americas,"Arequipa district (Arequipa province), General Sanchez Cerro district (Moquagua province)",,,No,No,Yes,,,,,,,2013,9,12,2014,5,23,,,1040,,1040,,,,,,,72.35973747892506,"[{""adm2_code"":24039,""adm2_name"":""Arequipa""},{""adm2_code"":24151,""adm2_name"":""General Sánchez Cerro""}]","[{""gid_2"":""PER.19.1_1"",""migration_date"":""2025-12-20"",""migration_method"":""jaccard2"",""name_2"":""General Sánchez Cerro""},{""gid_2"":""PER.4.1_1"",""migration_date"":""2025-12-20"",""migration_method"":""jaccard2"",""name_2"":""Arequipa""}]",2013-09-13,2025-12-20
2014-0334-PER,No,nat-geo-ear-gro,Natural,Geophysical,Earthquake,Ground movement,USGS:usb000sgt1,,PER,Peru,Latin America and the Caribbean,Americas,"Misca (Paruro district, Cusco province)",,,No,No,No,,4.9,Moment Magnitude,-13.843,-71.695,,2014,9,27,2014,9,27,8,4,600,,604,,,,,,,73.53357700926716,"[{""adm2_code"":24081,""adm2_name"":""Paruro""}]","[{""gid_2"":""PER.8.10_1"",""migration_date"":""2025-12-20"",""migration_method"":""jaccard2"",""name_2"":""Paruro""}]",2014-09-30,2025-12-20
2015-0199-PER,No,nat-hyd-flo-riv,Natural,Hydrological,Flood,Riverine flood,GLIDE:FL-2015-000011,,PER,Peru,Latin America and the Caribbean,Americas,"San Juan Bautista, Punchana, Belen, Indiana areas (Maynas district, Loreto province), Datem del Maranon, Requena, Mariscal Ramon Castilla, Ucayali, Loreto, Alto Amazonas districts (Loreto province)",,,No,No,Yes,,,Km2,,,,2015,4,9,2015,4,9,,,147405,,147405,,,,,,,73.62080293658643,"[{""adm2_code"":24143,""adm2_name"":""Loreto""},{""adm2_code"":24144,""adm2_name"":""Mariscal Ramón Castilla""},{""adm2_code"":24145,""adm2_name"":""Maynas""},{""adm2_code"":24146,""adm2_name"":""Requena""},{""adm2_code"":24147,""adm2_name"":""Ucayali""},{""adm2_code"":91842,""adm2_name"":""Datem del Maranon""},{""adm2_code"":91847,""adm2_name"":""Alto Amazonas""}]","[{""gid_2"":""PER.17.1_1"",""migration_date"":""2025-12-20"",""migration_method"":""jaccard2"",""name_2"":""Alto Amazonas""},{""gid_2"":""PER.17.1_1"",""migration_date"":""2025-12-20"",""migration_method"":""bufhaus2"",""name_2"":""Alto Amazonas""},{""gid_2"":""PER.17.2_1"",""migration_date"":""2025-12-20"",""migration_method"":""jaccard2"",""name_2"":""Loreto""},{""gid_2"":""PER.17.3_1"",""migration_date"":""2025-12-20"",""migration_method"":""jaccard2"",""name_2"":""Mariscal Ramón Castilla""},{""gid_2"":""PER.17.4_1"",""migration_date"":""2025-12-20"",""migration_method"":""jaccard2"",""name_2"":""Maynas""},{""gid_2"":""PER.17.5_1"",""migration_date"":""2025-12-20"",""migration_method"":""jaccard2"",""name_2"":""Requena""},{""gid_2"":""PER.17.6_1"",""migration_date"":""2025-12-20"",""migration_method"":""jaccard2"",""name_2"":""Ucayali""}]",2015-06-03,2025-12-20
2017-0084-PER,No,nat-hyd-flo-flo,Natural,Hydrological,Flood,Flood (General),GLIDE:FL-2017-000014,,PER,Peru,Latin America and the Caribbean,Americas,"Ancash department (Huarmey, Casma, El Santa provinces); Tumbes department (Zarumilla and Tumbes provinces); Lima department (Lima, Huarochirí and Canta provinces), La Libertad department (Trujillo province), Chiclayo department (Chiclayo province), Piura department (Piura province)","Hevy rains, El Nino","Slide (land, mud, snow, rock)",Yes,No,Yes,,810942.34,Km2,-11.004,-75.148,,2017,3,15,2017,3,19,184,505,1800000,,1800505,,,380000.0,499096.0,3100000.0,4071575.0,76.13760370577658,"[{""adm1_code"":2331,""adm1_name"":""Arequipa""},{""adm1_code"":2333,""adm1_name"":""Cajamarca""},{""adm1_code"":2334,""adm1_name"":""Callao""},{""adm1_code"":2336,""adm1_name"":""Huancavelica""},{""adm1_code"":2338,""adm1_name"":""Ica""},{""adm1_code"":2343,""adm1_name"":""Loreto""},{""adm2_code"":24018,""adm2_name"":""Casma""},{""adm2_code"":24029,""adm2_name"":""Santa""},{""adm2_code"":91836,""adm2_name"":""Huarmey""},{""adm2_code"":24127,""adm2_name"":""Trujillo""},{""adm2_code"":24129,""adm2_name"":""Chiclayo""},{""adm2_code"":24135,""adm2_name"":""Canta""},{""adm2_code"":24137,""adm2_name"":""Huarochiri""},{""adm2_code"":91841,""adm2_name"":""Lima""},{""adm2_code"":24161,""adm2_name"":""Piura""},{""adm2_code"":24194,""adm2_name"":""Tumbes""},{""adm2_code"":24195,""adm2_name"":""Zarumilla""}]","[{""gid_1"":""PER.11_1"",""migration_date"":""2025-12-20"",""migration_method"":""jaccard1"",""name_1"":""Ica""},{""gid_1"":""PER.17_1"",""migration_date"":""2025-12-20"",""migration_method"":""jaccard1"",""name_1"":""Loreto""},{""gid_1"":""PER.4_1"",""migration_date"":""2025-12-20"",""migration_method"":""jaccard1"",""name_1"":""Arequipa""},{""gid_1"":""PER.6_1"",""migration_date"":""2025-12-20"",""migration_method"":""jaccard1"",""name_1"":""Cajamarca""},{""gid_1"":""PER.9_1"",""migration_date"":""2025-12-20"",""migration_method"":""jaccard1"",""name_1"":""Huancavelica""},{""gid_2"":""PER.13.11_1"",""migration_date"":""2025-12-20"",""migration_method"":""jaccard2"",""name_2"":""Trujillo""},{""gid_2"":""PER.14.1_1"",""migration_date"":""2025-12-20"",""migration_method"":""jaccard2"",""name_2"":""Chiclayo""},{""gid_2"":""PER.15.1_1"",""migration_date"":""2025-12-20"",""migration_method"":""jaccard2"",""name_2"":""Lima""},{""gid_2"":""PER.16.4_1"",""migration_date"":""2025-12-20"",""migration_method"":""jaccard2"",""name_2"":""Canta""},{""gid_2"":""PER.16.6_1"",""migration_date"":""2025-12-20"",""migration_method"":""jaccard2"",""name_2"":""Huarochiri""},{""gid_2"":""PER.2.11_1"",""migration_date"":""2025-12-20"",""migration_method"":""jaccard2"",""name_2"":""Huarmey""},{""gid_2"":""PER.2.18_1"",""migration_date"":""2025-12-20"",""migration_method"":""jaccard2"",""name_2"":""Santa""},{""gid_2"":""PER.2.7_1"",""migration_date"":""2025-12-20"",""migration_method"":""jaccard2"",""name_2"":""Casma""},{""gid_2"":""PER.21.5_1"",""migration_date"":""2025-12-20"",""migration_method"":""jaccard2"",""name_2"":""Piura""},{""gid_2"":""PER.25.2_1"",""migration_date"":""2025-12-20"",""migration_method"":""jaccard2"",""name_2"":""Tumbes""},{""gid_2"":""PER.25.3_1"",""migration_date"":""2025-12-20"",""migration_method"":""jaccard2"",""name_2"":""Zarumilla""}]",2017-03-21,2025-12-20
2019-0093-PER,No,nat-hyd-flo-flo,Natural,Hydrological,Flood,Flood (General),GLIDE:FL-2019-000015,,PER,Peru,Latin America and the Caribbean,Americas,"Arequipa, Ancash, Loreto, Tacna, Moquegua",Heavy rains,"Slide (land, mud, snow, rock)",No,No,No,,,Km2,,,,2019,2,7,2019,2,7,10,,,,,,,,,,,79.41078460433721,"[{""adm1_code"":2329,""adm1_name"":""Ancash""},{""adm1_code"":2331,""adm1_name"":""Arequipa""},{""adm1_code"":2343,""adm1_name"":""Loreto""},{""adm1_code"":2345,""adm1_name"":""Moquegua""},{""adm1_code"":2350,""adm1_name"":""Tacna""}]","[{""gid_1"":""PER.17_1"",""migration_date"":""2025-12-20"",""migration_method"":""jaccard1"",""name_1"":""Loreto""},{""gid_1"":""PER.19_1"",""migration_date"":""2025-12-20"",""migration_method"":""jaccard1"",""name_1"":""Moquegua""},{""gid_1"":""PER.24_1"",""migration_date"":""2025-12-20"",""migration_method"":""jaccard1"",""name_1"":""Tacna""},{""gid_1"":""PER.2_1"",""migration_date"":""2025-12-20"",""migration_method"":""jaccard1"",""name_1"":""Ancash""},{""gid_1"":""PER.4_1"",""migration_date"":""2025-12-20"",""migration_method"":""jaccard1"",""name_1"":""Arequipa""}]",2019-03-08,2025-12-20
2020-0032-PER,No,nat-hyd-flo-fla,Natural,Hydrological,Flood,Flash flood,,,PER,Peru,Latin America and the Caribbean,Americas,Uchumayo (Arequipa); Monzón (Huanuco Department),Heavy rains,"Slide (land, mud, snow, rock)",No,No,No,,,Km2,,,,2020,1,23,2020,1,24,,,240,,240,,,,,,,80.39038300821143,"[{""adm2_code"":24039,""adm2_name"":""Arequipa""},{""adm2_code"":24095,""adm2_name"":""Huamalíes""}]","[{""gid_2"":""PER.10.4_1"",""migration_date"":""2025-12-20"",""migration_method"":""jaccard2"",""name_2"":""Huamalíes""},{""gid_2"":""PER.4.1_1"",""migration_date"":""2025-12-20"",""migration_method"":""jaccard2"",""name_2"":""Arequipa""}]",2020-01-24,2025-12-20
2020-0070-PER,No,nat-hyd-mmw-mud,Natural,Hydrological,Mass movement (wet),Mudslide,,,PER,Peru,Latin America and the Caribbean,Americas,"Santa Teresa District (La Convencion Province, Cusco Department); Pisac District (Calca Province, Cusco Department)",,Flood,No,No,No,,,,,,,2020,2,23,2020,2,23,15,13,,,13,,,,,,,80.39038300821143,"[{""adm2_code"":24074,""adm2_name"":""Calca""},{""adm2_code"":24080,""adm2_name"":""La Convención""}]","[{""gid_2"":""PER.8.3_1"",""migration_date"":""2025-12-20"",""migration_method"":""jaccard2"",""name_2"":""Calca""},{""gid_2"":""PER.8.9_1"",""migration_date"":""2025-12-20"",""migration_method"":""jaccard2"",""name_2"":""La Convención""}]",2020-02-28,2025-12-20
2020-0094-PER,No,nat-hyd-flo-fla,Natural,Hydrological,Flood,Flash flood,,,PER,Peru,Latin America and the Caribbean,Americas,"Arequipa, Tacna, Cusco",Seasonal rains,"Slide (land, mud, snow, rock)",No,No,No,,,Km2,,,,2020,2,17,2020,2,25,15,23,6438,,6461,,,,,10000.0,12439.0,80.39038300821143,"[{""adm1_code"":2331,""adm1_name"":""Arequipa""},{""adm1_code"":2335,""adm1_name"":""Cusco""},{""adm1_code"":2350,""adm1_name"":""Tacna""}]","[{""gid_1"":""PER.24_1"",""migration_date"":""2025-12-20"",""migration_method"":""jaccard1"",""name_1"":""Tacna""},{""gid_1"":""PER.4_1"",""migration_date"":""2025-12-20"",""migration_method"":""jaccard1"",""name_1"":""Arequipa""},{""gid_1"":""PER.8_1"",""migration_date"":""2025-12-20"",""migration_method"":""jaccard1"",""name_1"":""Cusco""}]",2020-03-09,2025-12-20
2022-0058-PER,No,nat-hyd-flo-fla,Natural,Hydrological,Flood,Flash flood,,,PER,Peru,Latin America and the Caribbean,Americas,Machu Picchu Pueblo District (Cusco Department),Heavy rains,"Slide (land, mud, snow, rock)",No,No,No,,,Km2,,,,2022,1,21,2022,1,23,1,,500,,500,,,,,,,90.9026974595266,"[{""adm2_code"":24084,""adm2_name"":""Urubamba""}]","[{""gid_2"":""PER.8.13_1"",""migration_date"":""2025-12-20"",""migration_method"":""jaccard2"",""name_2"":""Urubamba""}]",2022-01-27,2025-12-20
2024-0052-PER,No,nat-met-sto-sev,Natural,Meteorological,Storm,Severe weather,,,PER,Peru,Latin America and the Caribbean,Americas,"Velille District, Chumbivilcas Province, (Cusco department); Uchiza District, in Tocache Province (San Martìn Department)",,,No,No,No,,,Kph,,,"Chaychapam, Chontayacu and Tomás Rivers",2024,1,25,2024,1,28,,,149,,149,,,,,,,97.43617561613397,,,2024-02-01,2024-02-13
2024-0162-PER,No,nat-hyd-flo-flo,Natural,Hydrological,Flood,Flood (General),,,PER,Peru,Latin America and the Caribbean,Americas,"Molinos District, Juja Province, Junín Department; San Juan District, Sihuas Province, Ancash Department",Heavy rains,Flood,No,No,No,,,Km2,,,,2024,3,10,2024,3,12,,,203,,203,,,,,,,97.43617561613397,,,2024-03-27,2024-04-05
2024-0700-PER,No,nat-cli-wil-wil,Natural,Climatological,Wildfire,Wildfire (General),,,PER,Peru,Latin America and the Caribbean,Americas,"Amazonas, San Martin and Ucayali",,,No,No,Yes,,,Km2,,,,2024,7,1,2024,9,30,14,9,1876,,1885,,,,,190000.0,194999.0,97.43617561613397,,,2024-09-30,2024-11-28
2025-0115-PER,No,nat-hyd-flo-flo,Natural,Hydrological,Flood,Flood (General),,,PER,Peru,Latin America and the Caribbean,Americas,Tiquillaca district (Puno region),Heavy rains,,No,No,No,,,Km2,,,,2025,2,17,2025,2,21,,,150,,150,,,,,,,100.0,,,2025-02-21,2025-02-28
1981-0211-PER,Yes,nat-geo-ear-gro,Natural,Geophysical,Earthquake,Ground movement,,,PER,Peru,Latin America and the Caribbean,Americas,Ayacucho area,,,No,No,No,,4.8,Moment Magnitude,-13.144,-74.376,,1981,4,18,1981,4,18,8,15,,,15,,,,,,,28.24258175038004,,,2004-04-01,2023-09-25
1983-0005-PER,Yes,nat-hyd-mmw-lan,Natural,Hydrological,Mass movement (wet),Landslide (wet),,,PER,Peru,Latin America and the Caribbean,Americas,"Piura, Tumbes",,,Yes,No,No,,,,,,,1983,1,,1983,1,,364,,700000,,700000,,,,,988800.0,3196157.0,30.937154672421162,,,2003-07-01,2023-09-25
1983-0011-PER,Yes,nat-met-ext-hea,Natural,Meteorological,Extreme temperature,Heat wave,,,PER,Peru,Latin America and the Caribbean,Americas,Lima,,,No,No,No,,,°C,,,,1983,1,,1983,1,,17,,2700,,2700,,,,,,,30.937154672421162,,,2003-07-01,2023-09-25
1985-0071-PER,Yes,nat-geo-mmd-lan,Natural,Geophysical,Mass movement (dry),Landslide (dry),,,PER,Peru,Latin America and the Caribbean,Americas,La Hoyada region,,,No,No,No,,,,,,,1985,6,16,1985,6,16,,,,,,,,,,,,33.41171182488629,,,2003-07-01,2023-09-25
1985-0191-PER,Yes,nat-geo-ear-gro,Natural,Geophysical,Earthquake,Ground movement,,,PER,Peru,Latin America and the Caribbean,Americas,Chimbote area,,,No,No,No,,6.4,Moment Magnitude,-9.159,-78.887,,1985,8,21,1985,8,21,,100,,300,400,,,,,,,33.41171182488629,,,2004-03-31,2023-09-25
1986-0027-PER,Yes,nat-hyd-flo-riv,Natural,Hydrological,Flood,Riverine flood,,,PER,Peru,Latin America and the Caribbean,Americas,"Puno, Huanuco, Uacyali",,,Yes,No,No,,850.0,Km2,,,,1986,2,,1986,2,,62,,200000,,200000,,,,,1200.0,3525.0,34.04588878346234,,,2003-07-01,2023-09-25
1987-0225-PER,Yes,nat-hyd-mmw-mud,Natural,Hydrological,Mass movement (wet),Mudslide,,,PER,Peru,Latin America and the Caribbean,Americas,San Juan Ubirique (Junin area),,,No,No,No,,,,,,,1987,12,4,1987,12,4,70,,,,,,,,,,,35.29351844458779,,,2003-07-01,2023-09-25
1988-0454-PER,Yes,nat-bio-epi-vir,Natural,Biological,Epidemic,Viral disease,,Yellow fever,PER,Peru,Latin America and the Caribbean,Americas,,,,No,No,No,,,Vaccinated,,,,1988,10,,1988,10,,30,,,,,,,,,,,36.73269471079365,,,2003-07-01,2023-09-25
1991-0066-PER,Yes,nat-geo-ear-gro,Natural,Geophysical,Earthquake,Ground movement,,,PER,Peru,Latin America and the Caribbean,Americas,"Nueva Cajamarea (Near Mayobamba, Rioja, Union)",,,Yes,No,No,,6.9,Moment Magnitude,-5.982,-77.094,,1991,4,4,1991,4,4,53,750,45000,,45750,,,,,,,42.303043437143714,,,2004-03-30,2023-09-25
1914-0031-PER,Yes,nat-geo-ear-gro,Natural,Geophysical,Earthquake,Ground movement,,,PER,Peru,Latin America and the Caribbean,Americas,"Pararca, Paysa, Colta, Oyala",,,No,No,No,,,Moment Magnitude,-15.2,-73.2,,1914,12,2,1914,12,2,34,,,,,,,,,,,3.10566099964218,,,2019-08-07,2023-09-25
1940-0009-PER,Yes,nat-geo-ear-gro,Natural,Geophysical,Earthquake,Ground movement,,,PER,Peru,Latin America and the Caribbean,Americas,Callao,,Tsunami/Tidal wave,No,No,No,,8.2,Moment Magnitude,-10.5,-77.0,,1940,5,24,1940,5,24,179,3500,,,3500,,,,,,,4.347925399499052,,,2003-07-01,2023-09-25
1958-0006-PER,Yes,nat-geo-ear-gro,Natural,Geophysical,Earthquake,Ground movement,,,PER,Peru,Latin America and the Caribbean,Americas,Arequipa,,,No,No,No,,7.3,Moment Magnitude,-16.5,-72.0,,1958,1,15,1958,1,15,28,,,,,,,,,,,8.963803930668192,,,2004-04-13,2023-09-25
1966-0082-PER,Yes,nat-geo-ear-gro,Natural,Geophysical,Earthquake,Ground movement,,,PER,Peru,Latin America and the Caribbean,Americas,"Lima, Huacho, Kuaura, Chancay, Supe, San Nicolas",,Tsunami/Tidal wave,Yes,No,No,,8.1,Moment Magnitude,-10.665,-78.228,,1966,10,17,1966,10,17,120,1500,57600,49256,108356,,,,,15000.0,148780.0,10.082015582311417,,,2003-07-01,2023-09-25
1969-0098-PER,Yes,nat-geo-ear-gro,Natural,Geophysical,Earthquake,Ground movement,,,PER,Peru,Latin America and the Caribbean,Americas,"Huancayo, Pariach",,,Yes,No,No,,6.6,Moment Magnitude,-11.841,-75.051,,1969,10,1,1969,10,1,150,216,3000,,3216,,,,,5000.0,43881.0,11.394357929218126,,,2004-01-29,2023-09-25
1970-0002-PER,Yes,nat-hyd-flo-flo,Natural,Hydrological,Flood,Flood (General),,,PER,Peru,Latin America and the Caribbean,Americas,"(1) Lima, Sierra (2) Loreto department",,,Yes,No,No,,,Km2,,,,1970,1,,1970,1,,3,50,131000,5000,136050,,,,,5200.0,43119.0,12.059588142472828,,,2003-07-01,2023-09-25
1970-0133-PER,Yes,nat-geo-ear-gro,Natural,Geophysical,Earthquake,Ground movement,,,PER,Peru,Latin America and the Caribbean,Americas,"Panao, Chaclla, Quero, Ayllamarca, La Linda",,,No,No,No,,5.4,Moment Magnitude,-9.9,-75.6,,1970,2,14,1970,2,14,12,,,,,,,,,,,12.059588142472828,,,2020-04-08,2023-09-25
1973-0025-PER,Yes,nat-hyd-mmw-lan,Natural,Hydrological,Mass movement (wet),Landslide (wet),,,PER,Peru,Latin America and the Caribbean,Americas,Andes,,,No,No,No,,,,,,,1973,4,25,1973,4,25,500,,,,,,,,,,,13.791259858745745,,,2003-07-01,2023-09-25
1977-0135-PER,Yes,nat-hyd-flo-flo,Natural,Hydrological,Flood,Flood (General),,,PER,Peru,Latin America and the Caribbean,Americas,Cuzco city,,,No,No,No,,,Km2,,,,1977,11,17,1977,11,17,4,,640,,640,,,,,1000.0,5312.0,18.825796381323325,,,2003-07-01,2023-09-25
1979-0025-PER,Yes,nat-geo-ear-gro,Natural,Geophysical,Earthquake,Ground movement,,,PER,Peru,Latin America and the Caribbean,Americas,Arequipa,,,No,No,No,,6.9,Moment Magnitude,-16.39,-72.658,,1979,2,16,1979,2,16,13,1000,,100,1100,,,,,,,22.54281501454776,,,2010-03-12,2023-09-25
1980-0039-PER,Yes,nat-hyd-flo-flo,Natural,Hydrological,Flood,Flood (General),,,PER,Peru,Latin America and the Caribbean,Americas,Cuzco,,,No,No,No,,,Km2,,,,1980,4,,1980,4,,70,,36000,,36000,,,,,,,25.59718752470056,,,2003-07-01,2023-09-25
1981-0057-PER,Yes,nat-geo-ear-gro,Natural,Geophysical,Earthquake,Ground movement,,,PER,Peru,Latin America and the Caribbean,Americas,"Ayacucho, Huancavelica",,,Yes,No,No,,5.2,Moment Magnitude,-13.166,-74.522,,1981,6,22,1981,6,22,10,100,12156,,12256,,,,,,,28.24258175038004,,,2004-01-20,2023-09-25
1981-0266-PER,Yes,nat-hyd-flo-flo,Natural,Hydrological,Flood,Flood (General),,,PER,Peru,Latin America and the Caribbean,Americas,Central mountains,,,No,No,No,,,Km2,,,,1981,3,13,1981,3,13,70,,,5000,5000,,,,,6000.0,21245.0,28.24258175038004,,,2003-07-01,2023-09-25
1982-0025-PER,Yes,nat-hyd-flo-fla,Natural,Hydrological,Flood,Flash flood,,,PER,Peru,Latin America and the Caribbean,Americas,"Huallaga, Cuzco",,,No,No,No,,,Km2,,,,1982,1,25,1982,1,25,332,,20000,5000,25000,,,,,,,29.974253466652957,,,2003-07-01,2023-09-25
1985-0239-PER,Yes,nat-hyd-mmw-lan,Natural,Hydrological,Mass movement (wet),Landslide (wet),,,PER,Peru,Latin America and the Caribbean,Americas,Colcabamba department,,,Yes,No,No,,,,,,,1985,4,7,1985,4,7,150,,,4000,4000,,,,,,,33.41171182488629,,,2010-07-29,2023-09-25
1986-0041-PER,Yes,nat-hyd-mmw-lan,Natural,Hydrological,Mass movement (wet),Landslide (wet),,,PER,Peru,Latin America and the Caribbean,Americas,North Peru,,,No,No,No,,,,,,,1986,3,9,1986,3,9,40,,,366,366,,,,,,,34.04588878346234,,,2003-07-01,2023-09-25
1987-0073-PER,Yes,nat-hyd-flo-flo,Natural,Hydrological,Flood,Flood (General),,,PER,Peru,Latin America and the Caribbean,Americas,Chosica (Lima),,,No,No,No,,,Km2,,,,1987,3,9,1987,3,9,100,500,25000,,25500,,,,,,,35.29351844458779,,,2003-07-01,2023-09-25
1990-0029-PER,Yes,nat-geo-ear-gro,Natural,Geophysical,Earthquake,Ground movement,,,PER,Peru,Latin America and the Caribbean,Americas,Moyoyamba (San Martin) Amazon,,Volcanic activity,Yes,No,No,,6.6,Moment Magnitude,-6.016,-77.229,,1990,5,29,1990,5,29,200,800,70000,30000,100800,,,,,1000.0,2464.0,40.584306895946746,,,2003-12-18,2023-09-25
1990-0336-PER,Yes,nat-hyd-mmw-lan,Natural,Hydrological,Mass movement (wet),Landslide (wet),,,PER,Peru,Latin America and the Caribbean,Americas,San Miguel,,,No,No,No,,,,,,,1990,2,27,1990,2,27,33,,,,,,,,,,,40.584306895946746,,,2003-07-01,2023-09-25
1992-9229-PER,Yes,nat-cli-dro-dro,Natural,Climatological,Drought,Drought,,,PER,Peru,Latin America and the Caribbean,Americas,,El Nino,,No,No,No,,,Km2,,,,1992,7,,1992,,,,,1100000,,1100000,,,,,250000.0,573601.0,43.58432516729147,,,2006-02-13,2025-03-14
1993-0144-PER,Yes,nat-geo-ear-gro,Natural,Geophysical,Earthquake,Ground movement,,,PER,Peru,Latin America and the Caribbean,Americas,Lima region,,"Slide (land, mud, snow, rock)",No,No,No,,5.6,Moment Magnitude,-11.652,-76.53,,1993,4,18,1993,4,18,6,25,120,,145,,,,,,,44.87078243988567,,,2004-03-26,2023-09-25
1994-0017-PER,Yes,nat-hyd-flo-flo,Natural,Hydrological,Flood,Flood (General),,,PER,Peru,Latin America and the Caribbean,Americas,"Arequipa, Cuzco, Huancayo, Iquitos, Puno, Trujillo, Lima, Apurimac, Ayacucho, La Libertad, Huanuco, Junin, Cerro de Pasco, Huancavelica, Madre de Dios, San Martin, Pucallpa",,,Yes,No,No,479.0,299.0,Km2,,,,1994,2,21,1994,2,25,52,100,89000,12000,101100,,,,,50000.0,108599.0,46.040764240153905,,,2006-07-12,2023-09-25
1996-0261-PER,Yes,nat-geo-ear-gro,Natural,Geophysical,Earthquake,Ground movement,,,PER,Peru,Latin America and the Caribbean,Americas,"Ica, Palpa, Nazca, Caraveli, Lucanas, Huancavelica provinces",,,Yes,No,No,2052.0,7.3,Moment Magnitude,-14.9,-75.7,,1996,11,12,1996,11,12,14,585,55355,20030,75970,,,,,,,48.7198105348557,,,2003-12-03,2023-09-25
1997-0210-PER,Yes,nat-cli-wil-for,Natural,Climatological,Wildfire,Forest fire,,,PER,Peru,Latin America and the Caribbean,Americas,Machu Picchu,,,No,No,No,,6.0,Km2,,,,1997,9,7,1997,9,7,,,1000,,1000,,,,,,,49.8587243562847,,,2003-07-01,2023-09-25
1998-0014-PER,Yes,nat-hyd-mmw-lan,Natural,Hydrological,Mass movement (wet),Landslide (wet),,,PER,Peru,Latin America and the Caribbean,Americas,Santa Teresa,,,No,No,No,,,,,,,1998,1,14,1998,1,14,14,,2600,,2600,,,,,,,50.63267777131614,,,2003-07-01,2023-09-25
1998-0570-PER,Yes,nat-bio-epi-bac,Natural,Biological,Epidemic,Bacterial disease,,Cholera,PER,Peru,Latin America and the Caribbean,Americas,"Arequipa, Lima, La Libertad, Lambayeque, ancash and Cuzco departments",,,No,No,No,,,,,,,1998,1,1,1998,2,,16,,2863,,2863,,,,,,,50.63267777131614,,,2005-06-24,2023-09-25
1999-0160-PER,Yes,nat-hyd-flo-flo,Natural,Hydrological,Flood,Flood (General),,,PER,Peru,Latin America and the Caribbean,Americas,Loretto department,,,No,No,No,963.0,250.0,Km2,,,,1999,3,19,1999,3,19,60,1200,240000,,241200,,,,,,,51.74053097598619,,,2003-07-01,2023-09-25
2000-0129-PER,No,nat-hyd-flo-fla,Natural,Hydrological,Flood,Flash flood,,,PER,Peru,Latin America and the Caribbean,Americas,"Hipre village (Uraya area, Angaraes district, Huancavelica province)",Torrential rain,"Slide (land, mud, snow, rock)",No,No,No,,,Km2,,,,2000,3,16,2000,3,16,22,,,50,50,,,,,,,53.48773668167872,"[{""adm2_code"":24086,""adm2_name"":""Angaraes""}]","[{""gid_2"":""PER.9.2_1"",""migration_date"":""2025-12-20"",""migration_method"":""jaccard2"",""name_2"":""Angaraes""}]",2005-02-03,2025-12-20
2001-0751-PER,No,nat-geo-ear-gro,Natural,Geophysical,Earthquake,Ground movement,USGS:usp000atz4,,PER,Peru,Latin America and the Caribbean,Americas,"Pucuncho city (Cayarani municipality, Condesuyos district, Arequipa province) ; Chuquibamba municipality (Condesuyos district, Arequipa province)",,,No,No,No,,5.8,Moment Magnitude,-15.35,-72.516,,2001,12,4,2001,12,4,2,5,150,,155,,,,,,,54.99938526629536,"[{""adm2_code"":24044,""adm2_name"":""Condesuyos""}]","[{""gid_2"":""PER.4.6_1"",""migration_date"":""2025-12-20"",""migration_method"":""jaccard2"",""name_2"":""Condesuyos""}]",2014-02-27,2025-12-20
2002-0429-PER,No,nat-met-sto-bli,Natural,Meteorological,Storm,Blizzard/Winter storm,,,PER,Peru,Latin America and the Caribbean,Americas,"Puno, Arequipa, Tacna, Moquegua, Ayacucho, Huancavelica, Cusco, Apurimac provinces",,,No,No,No,2179.0,,Kph,,,,2002,7,,2002,7,,59,,86682,,86682,,,,,,,55.87169607405011,"[{""adm1_code"":2330,""adm1_name"":""Apurímac""},{""adm1_code"":2331,""adm1_name"":""Arequipa""},{""adm1_code"":2332,""adm1_name"":""Ayacucho""},{""adm1_code"":2335,""adm1_name"":""Cusco""},{""adm1_code"":2336,""adm1_name"":""Huancavelica""},{""adm1_code"":2345,""adm1_name"":""Moquegua""},{""adm1_code"":2348,""adm1_name"":""Puno""},{""adm1_code"":2350,""adm1_name"":""Tacna""}]","[{""gid_1"":""PER.19_1"",""migration_date"":""2025-12-20"",""migration_method"":""jaccard1"",""name_1"":""Moquegua""},{""gid_1"":""PER.22_1"",""migration_date"":""2025-12-20"",""migration_method"":""jaccard1"",""name_1"":""Puno""},{""gid_1"":""PER.24_1"",""migration_date"":""2025-12-20"",""migration_method"":""jaccard1"",""name_1"":""Tacna""},{""gid_1"":""PER.3_1"",""migration_date"":""2025-12-20"",""migration_method"":""jaccard1"",""name_1"":""Apurímac""},{""gid_1"":""PER.4_1"",""migration_date"":""2025-12-20"",""migration_method"":""jaccard1"",""name_1"":""Arequipa""},{""gid_1"":""PER.5_1"",""migration_date"":""2025-12-20"",""migration_method"":""jaccard1"",""name_1"":""Ayacucho""},{""gid_1"":""PER.8_1"",""migration_date"":""2025-12-20"",""migration_method"":""jaccard1"",""name_1"":""Cusco""},{""gid_1"":""PER.9_1"",""migration_date"":""2025-12-20"",""migration_method"":""jaccard1"",""name_1"":""Huancavelica""}]",2005-04-19,2025-12-20
2003-0051-PER,No,nat-hyd-flo-riv,Natural,Hydrological,Flood,Riverine flood,,,PER,Peru,Latin America and the Caribbean,Americas,"Melgar, Azangaro, Huancane, San Antonio de Putina, Carabaya districts (Puno province), Cusco, Madre de Dios, Apuri­mac, Arequipa, Ayacucho, Ucayali, Huancavelica, Ica provinces",Heavy rains,"Slide (land, mud, snow, rock)",Yes,No,Yes,325.0,78940.0,Km2,,,"Inambari, Puquir, Colorado, Manu, Tambopata, Choco, Huancane, Huatanaya, Ramis, Vilcanota",2003,1,23,2003,2,10,18,12,60000,,60012,,,,,,,57.1400352670416,"[{""adm1_code"":2330,""adm1_name"":""Apurímac""},{""adm1_code"":2331,""adm1_name"":""Arequipa""},{""adm1_code"":2332,""adm1_name"":""Ayacucho""},{""adm1_code"":2335,""adm1_name"":""Cusco""},{""adm1_code"":2336,""adm1_name"":""Huancavelica""},{""adm1_code"":2338,""adm1_name"":""Ica""},{""adm1_code"":2344,""adm1_name"":""Madre de Dios""},{""adm1_code"":2352,""adm1_name"":""Ucayali""},{""adm2_code"":24165,""adm2_name"":""Azángaro""},{""adm2_code"":24166,""adm2_name"":""Carabaya""},{""adm2_code"":24169,""adm2_name"":""Huancane""},{""adm2_code"":24171,""adm2_name"":""Melgar""},{""adm2_code"":24174,""adm2_name"":""San Antonio de Putina""}]","[{""gid_1"":""PER.11_1"",""migration_date"":""2025-12-20"",""migration_method"":""jaccard1"",""name_1"":""Ica""},{""gid_1"":""PER.18_1"",""migration_date"":""2025-12-20"",""migration_method"":""jaccard1"",""name_1"":""Madre de Dios""},{""gid_1"":""PER.26_1"",""migration_date"":""2025-12-20"",""migration_method"":""jaccard1"",""name_1"":""Ucayali""},{""gid_1"":""PER.3_1"",""migration_date"":""2025-12-20"",""migration_method"":""jaccard1"",""name_1"":""Apurímac""},{""gid_1"":""PER.4_1"",""migration_date"":""2025-12-20"",""migration_method"":""jaccard1"",""name_1"":""Arequipa""},{""gid_1"":""PER.5_1"",""migration_date"":""2025-12-20"",""migration_method"":""jaccard1"",""name_1"":""Ayacucho""},{""gid_1"":""PER.8_1"",""migration_date"":""2025-12-20"",""migration_method"":""jaccard1"",""name_1"":""Cusco""},{""gid_1"":""PER.9_1"",""migration_date"":""2025-12-20"",""migration_method"":""jaccard1"",""name_1"":""Huancavelica""},{""gid_2"":""PER.22.11_1"",""migration_date"":""2025-12-20"",""migration_method"":""jaccard2"",""name_2"":""San Antonio de Putina""},{""gid_2"":""PER.22.1_1"",""migration_date"":""2025-12-20"",""migration_method"":""jaccard2"",""name_2"":""Azángaro""},{""gid_2"":""PER.22.2_1"",""migration_date"":""2025-12-20"",""migration_method"":""jaccard2"",""name_2"":""Carabaya""},{""gid_2"":""PER.22.5_1"",""migration_date"":""2025-12-20"",""migration_method"":""jaccard2"",""name_2"":""Huancane""},{""gid_2"":""PER.22.8_1"",""migration_date"":""2025-12-20"",""migration_method"":""jaccard2"",""name_2"":""Melgar""}]",2005-04-13,2025-12-20
2003-0644-PER,No,nat-hyd-flo-riv,Natural,Hydrological,Flood,Riverine flood,,,PER,Peru,Latin America and the Caribbean,Americas,"El Dorado, Lamas, Picota, Moyobamaba, Bellavista, San Martin districts (San Martin province), Huancane, Lampa, Azangaro, San Roman districts (Puno province), Cusco, Apurimac, Collao, Madre de Dios, Huanuco provinces",Heavy rains,"Rain|Slide (land, mud, snow, rock)",No,No,Yes,,73130.0,Km2,,,"Ramis, Hauncane",2003,12,28,2004,1,14,4,,1500,3950,5450,,,,,,,57.1400352670416,"[{""adm1_code"":2330,""adm1_name"":""Apurímac""},{""adm1_code"":2334,""adm1_name"":""Callao""},{""adm1_code"":2335,""adm1_name"":""Cusco""},{""adm1_code"":2337,""adm1_name"":""Huánuco""},{""adm1_code"":2344,""adm1_name"":""Madre de Dios""},{""adm2_code"":24165,""adm2_name"":""Azángaro""},{""adm2_code"":24169,""adm2_name"":""Huancane""},{""adm2_code"":24170,""adm2_name"":""Lampa""},{""adm2_code"":24175,""adm2_name"":""San Román""},{""adm2_code"":24179,""adm2_name"":""Bellavista""},{""adm2_code"":24182,""adm2_name"":""Lamas""},{""adm2_code"":24184,""adm2_name"":""Moyobamba""},{""adm2_code"":24185,""adm2_name"":""Picota""},{""adm2_code"":24187,""adm2_name"":""San Martín""},{""adm2_code"":91844,""adm2_name"":""El Dorado""}]","[{""gid_1"":""PER.10_1"",""migration_date"":""2025-12-20"",""migration_method"":""jaccard1"",""name_1"":""Huánuco""},{""gid_1"":""PER.18_1"",""migration_date"":""2025-12-20"",""migration_method"":""jaccard1"",""name_1"":""Madre de Dios""},{""gid_1"":""PER.3_1"",""migration_date"":""2025-12-20"",""migration_method"":""jaccard1"",""name_1"":""Apurímac""},{""gid_1"":""PER.8_1"",""migration_date"":""2025-12-20"",""migration_method"":""jaccard1"",""name_1"":""Cusco""},{""gid_2"":""PER.22.12_1"",""migration_date"":""2025-12-20"",""migration_method"":""jaccard2"",""name_2"":""San Román""},{""gid_2"":""PER.22.1_1"",""migration_date"":""2025-12-20"",""migration_method"":""jaccard2"",""name_2"":""Azángaro""},{""gid_2"":""PER.22.5_1"",""migration_date"":""2025-12-20"",""migration_method"":""jaccard2"",""name_2"":""Huancane""},{""gid_2"":""PER.22.7_1"",""migration_date"":""2025-12-20"",""migration_method"":""jaccard2"",""name_2"":""Lampa""},{""gid_2"":""PER.23.1_1"",""migration_date"":""2025-12-20"",""migration_method"":""jaccard2"",""name_2"":""Bellavista""},{""gid_2"":""PER.23.2_1"",""migration_date"":""2025-12-20"",""migration_method"":""jaccard2"",""name_2"":""El Dorado""},{""gid_2"":""PER.23.4_1"",""migration_date"":""2025-12-20"",""migration_method"":""jaccard2"",""name_2"":""Lamas""},{""gid_2"":""PER.23.6_1"",""migration_date"":""2025-12-20"",""migration_method"":""jaccard2"",""name_2"":""Moyobamba""},{""gid_2"":""PER.23.7_1"",""migration_date"":""2025-12-20"",""migration_method"":""jaccard2"",""name_2"":""Picota""},{""gid_2"":""PER.23.9_1"",""migration_date"":""2025-12-20"",""migration_method"":""jaccard2"",""name_2"":""San Martín""}]",2004-02-17,2025-12-20
2004-0200-PER,No,nat-hyd-flo-riv,Natural,Hydrological,Flood,Riverine flood,,,PER,Peru,Latin America and the Caribbean,Americas,"Bagua district (Amazonas province), Sihuas district (Ancash province), San Martin province",Heavy rains,"Slide (land, mud, snow, rock)",No,No,No,,,Km2,,,"Brujopata, Grande",2004,5,7,2004,5,7,,,7500,,7500,,,,,,,58.66980929334124,"[{""adm1_code"":2349,""adm1_name"":""San Martín""},{""adm2_code"":24005,""adm2_name"":""Bagua""},{""adm2_code"":24030,""adm2_name"":""Sihuas""}]","[{""gid_1"":""PER.23_1"",""migration_date"":""2025-12-20"",""migration_method"":""jaccard1"",""name_1"":""San Martín""},{""gid_2"":""PER.1.1_1"",""migration_date"":""2025-12-20"",""migration_method"":""jaccard2"",""name_2"":""Bagua""},{""gid_2"":""PER.2.19_1"",""migration_date"":""2025-12-20"",""migration_method"":""jaccard2"",""name_2"":""Sihuas""}]",2004-05-10,2025-12-20
2004-0331-PER,No,nat-met-ext-col,Natural,Meteorological,Extreme temperature,Cold wave,,,PER,Peru,Latin America and the Caribbean,Americas,"Ancash, Puno, Cusco, Arequipa, Moquegua, Tacna, Apurimac, Ayacucho, Huancavelica, Huanuco, Junin, Lima, Madre de Dios, Pasco, Ucayali provinces",,Rain|Snow/ice,No,No,Yes,405.0,-35.0,°C,,,,2004,6,,2004,7,,90,1800000,337467,,2137467,,,,,,,58.66980929334124,"[{""adm1_code"":2329,""adm1_name"":""Ancash""},{""adm1_code"":2330,""adm1_name"":""Apurímac""},{""adm1_code"":2331,""adm1_name"":""Arequipa""},{""adm1_code"":2332,""adm1_name"":""Ayacucho""},{""adm1_code"":2335,""adm1_name"":""Cusco""},{""adm1_code"":2336,""adm1_name"":""Huancavelica""},{""adm1_code"":2337,""adm1_name"":""Huánuco""},{""adm1_code"":2339,""adm1_name"":""Junín""},{""adm1_code"":2342,""adm1_name"":""Lima""},{""adm1_code"":2344,""adm1_name"":""Madre de Dios""},{""adm1_code"":2345,""adm1_name"":""Moquegua""},{""adm1_code"":2346,""adm1_name"":""Pasco""},{""adm1_code"":2348,""adm1_name"":""Puno""},{""adm1_code"":2350,""adm1_name"":""Tacna""},{""adm1_code"":2352,""adm1_name"":""Ucayali""}]","[{""gid_1"":""PER.10_1"",""migration_date"":""2025-12-20"",""migration_method"":""jaccard1"",""name_1"":""Huánuco""},{""gid_1"":""PER.12_1"",""migration_date"":""2025-12-20"",""migration_method"":""jaccard1"",""name_1"":""Junín""},{""gid_1"":""PER.15_1"",""migration_date"":""2025-12-20"",""migration_method"":""puzzle1_1"",""name_1"":""Lima Province""},{""gid_1"":""PER.16_1"",""migration_date"":""2025-12-20"",""migration_method"":""puzzle1_1"",""name_1"":""Lima""},{""gid_1"":""PER.18_1"",""migration_date"":""2025-12-20"",""migration_method"":""jaccard1"",""name_1"":""Madre de Dios""},{""gid_1"":""PER.19_1"",""migration_date"":""2025-12-20"",""migration_method"":""jaccard1"",""name_1"":""Moquegua""},{""gid_1"":""PER.20_1"",""migration_date"":""2025-12-20"",""migration_method"":""jaccard1"",""name_1"":""Pasco""},{""gid_1"":""PER.22_1"",""migration_date"":""2025-12-20"",""migration_method"":""jaccard1"",""name_1"":""Puno""},{""gid_1"":""PER.24_1"",""migration_date"":""2025-12-20"",""migration_method"":""jaccard1"",""name_1"":""Tacna""},{""gid_1"":""PER.26_1"",""migration_date"":""2025-12-20"",""migration_method"":""jaccard1"",""name_1"":""Ucayali""},{""gid_1"":""PER.2_1"",""migration_date"":""2025-12-20"",""migration_method"":""jaccard1"",""name_1"":""Ancash""},{""gid_1"":""PER.3_1"",""migration_date"":""2025-12-20"",""migration_method"":""jaccard1"",""name_1"":""Apurímac""},{""gid_1"":""PER.4_1"",""migration_date"":""2025-12-20"",""migration_method"":""jaccard1"",""name_1"":""Arequipa""},{""gid_1"":""PER.5_1"",""migration_date"":""2025-12-20"",""migration_method"":""jaccard1"",""name_1"":""Ayacucho""},{""gid_1"":""PER.8_1"",""migration_date"":""2025-12-20"",""migration_method"":""jaccard1"",""name_1"":""Cusco""},{""gid_1"":""PER.9_1"",""migration_date"":""2025-12-20"",""migration_method"":""jaccard1"",""name_1"":""Huancavelica""}]",2005-04-12,2025-12-20
2008-0064-PER,No,nat-hyd-flo-riv,Natural,Hydrological,Flood,Riverine flood,GLIDE:FL-2008-000031,,PER,Peru,Latin America and the Caribbean,Americas,"Tumbes, Piura, Lambayeque, Amazonas, Loreto, San Martin, Huanuco, Pasco, Ucayali, Junin, Apurimac, Ica, Ayacucho, Arequipa, Puno, Moquegua, Tacna, Ancash, Cajamarca, Huancavelica, Madre de Dios, Lima provinces","Heavy rains, El Nina and El Nino","Slide (land, mud, snow, rock)",No,No,No,,456900.0,Km2,-10.11,-73.01,"Ucayali, Tarma, Huayabamba, Saposoa, Mayo, Paranupura",2008,2,4,2008,3,14,40,12,450000,,450012,,,,,,,66.87597417890872,"[{""adm1_code"":2328,""adm1_name"":""Amazonas""},{""adm1_code"":2329,""adm1_name"":""Ancash""},{""adm1_code"":2330,""adm1_name"":""Apurímac""},{""adm1_code"":2331,""adm1_name"":""Arequipa""},{""adm1_code"":2332,""adm1_name"":""Ayacucho""},{""adm1_code"":2333,""adm1_name"":""Cajamarca""},{""adm1_code"":2336,""adm1_name"":""Huancavelica""},{""adm1_code"":2337,""adm1_name"":""Huánuco""},{""adm1_code"":2338,""adm1_name"":""Ica""},{""adm1_code"":2339,""adm1_name"":""Junín""},{""adm1_code"":2341,""adm1_name"":""Lambayeque""},{""adm1_code"":2342,""adm1_name"":""Lima""},{""adm1_code"":2343,""adm1_name"":""Loreto""},{""adm1_code"":2344,""adm1_name"":""Madre de Dios""},{""adm1_code"":2345,""adm1_name"":""Moquegua""},{""adm1_code"":2346,""adm1_name"":""Pasco""},{""adm1_code"":2347,""adm1_name"":""Piura""},{""adm1_code"":2348,""adm1_name"":""Puno""},{""adm1_code"":2349,""adm1_name"":""San Martín""},{""adm1_code"":2350,""adm1_name"":""Tacna""},{""adm1_code"":2351,""adm1_name"":""Tumbes""},{""adm1_code"":2352,""adm1_name"":""Ucayali""}]","[{""gid_1"":""PER.10_1"",""migration_date"":""2025-12-20"",""migration_method"":""jaccard1"",""name_1"":""Huánuco""},{""gid_1"":""PER.11_1"",""migration_date"":""2025-12-20"",""migration_method"":""jaccard1"",""name_1"":""Ica""},{""gid_1"":""PER.12_1"",""migration_date"":""2025-12-20"",""migration_method"":""jaccard1"",""name_1"":""Junín""},{""gid_1"":""PER.14_1"",""migration_date"":""2025-12-20"",""migration_method"":""jaccard1"",""name_1"":""Lambayeque""},{""gid_1"":""PER.15_1"",""migration_date"":""2025-12-20"",""migration_method"":""puzzle1_1"",""name_1"":""Lima Province""},{""gid_1"":""PER.16_1"",""migration_date"":""2025-12-20"",""migration_method"":""puzzle1_1"",""name_1"":""Lima""},{""gid_1"":""PER.17_1"",""migration_date"":""2025-12-20"",""migration_method"":""jaccard1"",""name_1"":""Loreto""},{""gid_1"":""PER.18_1"",""migration_date"":""2025-12-20"",""migration_method"":""jaccard1"",""name_1"":""Madre de Dios""},{""gid_1"":""PER.19_1"",""migration_date"":""2025-12-20"",""migration_method"":""jaccard1"",""name_1"":""Moquegua""},{""gid_1"":""PER.1_1"",""migration_date"":""2025-12-20"",""migration_method"":""jaccard1"",""name_1"":""Amazonas""},{""gid_1"":""PER.20_1"",""migration_date"":""2025-12-20"",""migration_method"":""jaccard1"",""name_1"":""Pasco""},{""gid_1"":""PER.21_1"",""migration_date"":""2025-12-20"",""migration_method"":""jaccard1"",""name_1"":""Piura""},{""gid_1"":""PER.22_1"",""migration_date"":""2025-12-20"",""migration_method"":""jaccard1"",""name_1"":""Puno""},{""gid_1"":""PER.23_1"",""migration_date"":""2025-12-20"",""migration_method"":""jaccard1"",""name_1"":""San Martín""},{""gid_1"":""PER.24_1"",""migration_date"":""2025-12-20"",""migration_method"":""jaccard1"",""name_1"":""Tacna""},{""gid_1"":""PER.25_1"",""migration_date"":""2025-12-20"",""migration_method"":""jaccard1"",""name_1"":""Tumbes""},{""gid_1"":""PER.26_1"",""migration_date"":""2025-12-20"",""migration_method"":""jaccard1"",""name_1"":""Ucayali""},{""gid_1"":""PER.2_1"",""migration_date"":""2025-12-20"",""migration_method"":""jaccard1"",""name_1"":""Ancash""},{""gid_1"":""PER.3_1"",""migration_date"":""2025-12-20"",""migration_method"":""jaccard1"",""name_1"":""Apurímac""},{""gid_1"":""PER.4_1"",""migration_date"":""2025-12-20"",""migration_method"":""jaccard1"",""name_1"":""Arequipa""},{""gid_1"":""PER.5_1"",""migration_date"":""2025-12-20"",""migration_method"":""jaccard1"",""name_1"":""Ayacucho""},{""gid_1"":""PER.6_1"",""migration_date"":""2025-12-20"",""migration_method"":""jaccard1"",""name_1"":""Cajamarca""},{""gid_1"":""PER.9_1"",""migration_date"":""2025-12-20"",""migration_method"":""jaccard1"",""name_1"":""Huancavelica""}]",2009-03-18,2025-12-20
2009-0152-PER,No,nat-hyd-mmw-lan,Natural,Hydrological,Mass movement (wet),Landslide (wet),,,PER,Peru,Latin America and the Caribbean,Americas,"Chamanacucho municipality (Sanchez Carrion district, La Libertad province)",,,No,No,No,,,,,,,2009,5,5,2009,5,5,33,,12,150,162,,,,,,,66.63820107166443,"[{""adm2_code"":24125,""adm2_name"":""Sánchez Carrión""}]","[{""gid_2"":""PER.13.9_1"",""migration_date"":""2025-12-20"",""migration_method"":""jaccard2"",""name_2"":""Sánchez Carrión""}]",2009-05-05,2025-12-20
2010-0680-PER,No,nat-bio-epi-vir,Natural,Biological,Epidemic,Viral disease,,Dengue,PER,Peru,Latin America and the Caribbean,Americas,"Loreto, Madre Dios, Amazonas, San Martin, Ucayali, Tumbes, Piura, Lambayeque, La Libertad, Cajamarca, Ancash, Huanuco, Junin, Cerro de Pasco, Lima",,,No,No,No,,,Vaccinated,,,,2010,12,,2011,5,31,13,,31703,,31703,,,,,,,67.73109452917775,,,2011-09-22,2023-09-25
2011-0201-PER,No,nat-met-ext-col,Natural,Meteorological,Extreme temperature,Cold wave,,,PER,Peru,Latin America and the Caribbean,Americas,"Huancavelica, Cusco, Ayacucho, Arequipa, Moquegua provinces",,,No,No,No,,,°C,,,,2011,5,,2011,6,,20,,13440,,13440,,,,,,,69.86926350886503,"[{""adm1_code"":2331,""adm1_name"":""Arequipa""},{""adm1_code"":2332,""adm1_name"":""Ayacucho""},{""adm1_code"":2335,""adm1_name"":""Cusco""},{""adm1_code"":2336,""adm1_name"":""Huancavelica""},{""adm1_code"":2345,""adm1_name"":""Moquegua""}]","[{""gid_1"":""PER.19_1"",""migration_date"":""2025-12-20"",""migration_method"":""jaccard1"",""name_1"":""Moquegua""},{""gid_1"":""PER.4_1"",""migration_date"":""2025-12-20"",""migration_method"":""jaccard1"",""name_1"":""Arequipa""},{""gid_1"":""PER.5_1"",""migration_date"":""2025-12-20"",""migration_method"":""jaccard1"",""name_1"":""Ayacucho""},{""gid_1"":""PER.8_1"",""migration_date"":""2025-12-20"",""migration_method"":""jaccard1"",""name_1"":""Cusco""},{""gid_1"":""PER.9_1"",""migration_date"":""2025-12-20"",""migration_method"":""jaccard1"",""name_1"":""Huancavelica""}]",2011-06-09,2025-12-20
2011-0443-PER,No,nat-geo-ear-gro,Natural,Geophysical,Earthquake,Ground movement,USGS:usp000ja1p,,PER,Peru,Latin America and the Caribbean,Americas,"Ica municipality (Ica district, Ica province), San Vicente de Canete municipality (Cañete district, Lima province)",,,No,No,No,,6.9,Moment Magnitude,-14.438,-75.966,,2011,10,28,2011,10,28,1,106,870,1705,2681,,,,,,,69.86926350886503,"[{""adm2_code"":24104,""adm2_name"":""Ica""},{""adm2_code"":24134,""adm2_name"":""Cañete""}]","[{""gid_2"":""PER.11.2_1"",""migration_date"":""2025-12-20"",""migration_method"":""jaccard2"",""name_2"":""Ica""},{""gid_2"":""PER.16.3_1"",""migration_date"":""2025-12-20"",""migration_method"":""jaccard2"",""name_2"":""Cañete""}]",2014-02-27,2025-12-20
2013-0056-PER,No,nat-hyd-flo-riv,Natural,Hydrological,Flood,Riverine flood,,,PER,Peru,Latin America and the Caribbean,Americas,"Loreto, Arequipa, Cusco, Ancash, Huancavelica, Huanuco, Pasco provinces",Heavy rains,,No,No,No,,577782.56,Km2,-20.3461,-69.09,,2013,1,1,2013,2,20,67,32,180734,,180766,,,,,,,72.35973747892506,"[{""adm1_code"":2329,""adm1_name"":""Ancash""},{""adm1_code"":2331,""adm1_name"":""Arequipa""},{""adm1_code"":2335,""adm1_name"":""Cusco""},{""adm1_code"":2336,""adm1_name"":""Huancavelica""},{""adm1_code"":2337,""adm1_name"":""Huánuco""},{""adm1_code"":2343,""adm1_name"":""Loreto""},{""adm1_code"":2346,""adm1_name"":""Pasco""}]","[{""gid_1"":""PER.10_1"",""migration_date"":""2025-12-20"",""migration_method"":""jaccard1"",""name_1"":""Huánuco""},{""gid_1"":""PER.17_1"",""migration_date"":""2025-12-20"",""migration_method"":""jaccard1"",""name_1"":""Loreto""},{""gid_1"":""PER.20_1"",""migration_date"":""2025-12-20"",""migration_method"":""jaccard1"",""name_1"":""Pasco""},{""gid_1"":""PER.2_1"",""migration_date"":""2025-12-20"",""migration_method"":""jaccard1"",""name_1"":""Ancash""},{""gid_1"":""PER.4_1"",""migration_date"":""2025-12-20"",""migration_method"":""jaccard1"",""name_1"":""Arequipa""},{""gid_1"":""PER.8_1"",""migration_date"":""2025-12-20"",""migration_method"":""jaccard1"",""name_1"":""Cusco""},{""gid_1"":""PER.9_1"",""migration_date"":""2025-12-20"",""migration_method"":""jaccard1"",""name_1"":""Huancavelica""}]",2014-08-11,2025-12-20
2013-0357-PER,No,nat-met-ext-sev,Natural,Meteorological,Extreme temperature,Severe winter conditions,GLIDE:CW-2013-000110,,PER,Peru,Latin America and the Caribbean,Americas,"Puno, Cusco, Ayacucho, Apurimac, Huancavelica, Junin, Moquegua, Tacna provinces",,Cold wave|Snow/ice,No,No,Yes,,,°C,,,,2013,8,23,2013,9,12,1,,87454,5247,92701,,,,,,,72.35973747892506,"[{""adm1_code"":2330,""adm1_name"":""Apurímac""},{""adm1_code"":2332,""adm1_name"":""Ayacucho""},{""adm1_code"":2335,""adm1_name"":""Cusco""},{""adm1_code"":2336,""adm1_name"":""Huancavelica""},{""adm1_code"":2339,""adm1_name"":""Junín""},{""adm1_code"":2345,""adm1_name"":""Moquegua""},{""adm1_code"":2348,""adm1_name"":""Puno""},{""adm1_code"":2350,""adm1_name"":""Tacna""}]","[{""gid_1"":""PER.12_1"",""migration_date"":""2025-12-20"",""migration_method"":""jaccard1"",""name_1"":""Junín""},{""gid_1"":""PER.19_1"",""migration_date"":""2025-12-20"",""migration_method"":""jaccard1"",""name_1"":""Moquegua""},{""gid_1"":""PER.22_1"",""migration_date"":""2025-12-20"",""migration_method"":""jaccard1"",""name_1"":""Puno""},{""gid_1"":""PER.24_1"",""migration_date"":""2025-12-20"",""migration_method"":""jaccard1"",""name_1"":""Tacna""},{""gid_1"":""PER.3_1"",""migration_date"":""2025-12-20"",""migration_method"":""jaccard1"",""name_1"":""Apurímac""},{""gid_1"":""PER.5_1"",""migration_date"":""2025-12-20"",""migration_method"":""jaccard1"",""name_1"":""Ayacucho""},{""gid_1"":""PER.8_1"",""migration_date"":""2025-12-20"",""migration_method"":""jaccard1"",""name_1"":""Cusco""},{""gid_1"":""PER.9_1"",""migration_date"":""2025-12-20"",""migration_method"":""jaccard1"",""name_1"":""Huancavelica""}]",2014-03-21,2025-12-20
2013-0409-PER,No,nat-geo-ear-gro,Natural,Geophysical,Earthquake,Ground movement,USGS:usb000jzma,,PER,Peru,Latin America and the Caribbean,Americas,"Arequipa, Ayacucho, Ica provinces",,,No,No,No,,7.1,Moment Magnitude,-15.8385,-74.5112,,2013,9,25,2013,9,25,,29,7055,,7084,,,,,,,72.35973747892506,"[{""adm1_code"":2331,""adm1_name"":""Arequipa""},{""adm1_code"":2332,""adm1_name"":""Ayacucho""},{""adm1_code"":2338,""adm1_name"":""Ica""}]","[{""gid_1"":""PER.11_1"",""migration_date"":""2025-12-20"",""migration_method"":""jaccard1"",""name_1"":""Ica""},{""gid_1"":""PER.4_1"",""migration_date"":""2025-12-20"",""migration_method"":""jaccard1"",""name_1"":""Arequipa""},{""gid_1"":""PER.5_1"",""migration_date"":""2025-12-20"",""migration_method"":""jaccard1"",""name_1"":""Ayacucho""}]",2013-11-27,2025-12-20
2014-0040-PER,No,nat-hyd-flo-riv,Natural,Hydrological,Flood,Riverine flood,,,PER,Peru,Latin America and the Caribbean,Americas,"Madre de Dios, Cusco, Puno, Apurimac, Pasco provinces",Heavy rains,"Slide (land, mud, snow, rock)",No,No,No,,,Km2,,,,2014,1,24,2014,1,27,,,6300,2700,9000,,,,,,,73.53357700926716,"[{""adm1_code"":2330,""adm1_name"":""Apurímac""},{""adm1_code"":2335,""adm1_name"":""Cusco""},{""adm1_code"":2344,""adm1_name"":""Madre de Dios""},{""adm1_code"":2346,""adm1_name"":""Pasco""},{""adm1_code"":2348,""adm1_name"":""Puno""}]","[{""gid_1"":""PER.18_1"",""migration_date"":""2025-12-20"",""migration_method"":""jaccard1"",""name_1"":""Madre de Dios""},{""gid_1"":""PER.20_1"",""migration_date"":""2025-12-20"",""migration_method"":""jaccard1"",""name_1"":""Pasco""},{""gid_1"":""PER.22_1"",""migration_date"":""2025-12-20"",""migration_method"":""jaccard1"",""name_1"":""Puno""},{""gid_1"":""PER.3_1"",""migration_date"":""2025-12-20"",""migration_method"":""jaccard1"",""name_1"":""Apurímac""},{""gid_1"":""PER.8_1"",""migration_date"":""2025-12-20"",""migration_method"":""jaccard1"",""name_1"":""Cusco""}]",2014-02-06,2025-12-20
2016-0298-PER,No,nat-geo-ear-gro,Natural,Geophysical,Earthquake,Ground movement,GLIDE:EQ-2016-000083|USGS:us10006du3,,PER,Peru,Latin America and the Caribbean,Americas,"Yanque, Achoma (Arequipa region); Chivay, Achoma, Ichupampa, Cabanoconde, Yanque, Coporaque, Maca, Madrigal, Tapay, Lari, Tuti, Callalli (Caylloma province)",,,No,No,No,,5.5,Moment Magnitude,-15.64,-71.68,,2016,8,14,2016,8,14,4,67,11115,,11182,,,,,,,74.54960298643441,"[{""adm2_code"":24043,""adm2_name"":""Caylloma""}]","[{""gid_2"":""PER.4.5_1"",""migration_date"":""2025-12-20"",""migration_method"":""jaccard2"",""name_2"":""Caylloma""}]",2016-08-16,2026-01-30
2018-0011-PER,No,nat-geo-ear-gro,Natural,Geophysical,Earthquake,Ground movement,USGS:us2000cjfy,,PER,Peru,Latin America and the Caribbean,Americas,"Yauca, Quicaca, Acari, Jaqui, Lomas districts (Caraveli Province), Rio Grande district (Condesuyos province) (Arequipa department), Sancos district, Lucanas, Pullo district, Parinacochas, Paucar del Sara Sara provinces (Ayacucho department), Nazca district (Nazca province-Ica department)",,,No,No,No,,7.1,Moment Magnitude,-15.759,74.71,,2018,1,14,2018,1,14,2,139,7885,1295,9319,,,,,,,77.99726518795474,"[{""adm2_code"":24041,""adm2_name"":""Caravelí""},{""adm2_code"":24044,""adm2_name"":""Condesuyos""},{""adm2_code"":24053,""adm2_name"":""Lucanas""},{""adm2_code"":24054,""adm2_name"":""Parinacochas""},{""adm2_code"":24055,""adm2_name"":""Paucar del Sara Sara""},{""adm2_code"":24105,""adm2_name"":""Nazca""}]","[{""gid_2"":""PER.11.3_1"",""migration_date"":""2025-12-20"",""migration_method"":""jaccard2"",""name_2"":""Nazca""},{""gid_2"":""PER.4.3_1"",""migration_date"":""2025-12-20"",""migration_method"":""jaccard2"",""name_2"":""Caravelí""},{""gid_2"":""PER.4.6_1"",""migration_date"":""2025-12-20"",""migration_method"":""jaccard2"",""name_2"":""Condesuyos""},{""gid_2"":""PER.5.6_1"",""migration_date"":""2025-12-20"",""migration_method"":""jaccard2"",""name_2"":""Lucanas""},{""gid_2"":""PER.5.7_1"",""migration_date"":""2025-12-20"",""migration_method"":""jaccard2"",""name_2"":""Parinacochas""},{""gid_2"":""PER.5.8_1"",""migration_date"":""2025-12-20"",""migration_method"":""jaccard2"",""name_2"":""Paucar del Sara Sara""}]",2018-01-15,2026-02-04
2021-0094-PER,No,nat-hyd-flo-flo,Natural,Hydrological,Flood,Flood (General),GLIDE:FL-2021-000019,,PER,Peru,Latin America and the Caribbean,Americas,Santa Ana District and Echarate District (La Convención Province); Cusco region,Heavy rains,,No,No,No,,,Km2,,,,2021,2,16,2021,2,19,10,,45,39,84,,,,,,,84.16698295725244,"[{""adm2_code"":24080,""adm2_name"":""La Convención""}]","[{""gid_2"":""PER.8.9_1"",""migration_date"":""2025-12-20"",""migration_method"":""jaccard2"",""name_2"":""La Convención""}]",2021-02-23,2025-12-20
2021-0101-PER,No,nat-hyd-flo-fla,Natural,Hydrological,Flood,Flash flood,,,PER,Peru,Latin America and the Caribbean,Americas,"Santa Rosa de Alto Yanajanca district, Marañón province (Huanuco Department)",,"Slide (land, mud, snow, rock)",No,No,No,,,Km2,,,Santa Martha River,2021,2,10,2021,2,11,1,,1875,,1875,,,,,,,84.16698295725244,"[{""adm2_code"":24099,""adm2_name"":""Marañón""}]","[{""gid_2"":""PER.10.8_1"",""migration_date"":""2025-12-20"",""migration_method"":""jaccard2"",""name_2"":""Marañón""}]",2021-02-25,2025-12-20
2022-0163-PER,No,nat-hyd-mmw-lan,Natural,Hydrological,Mass movement (wet),Landslide (wet),,,PER,Peru,Latin America and the Caribbean,Americas,"Retamas (Pataz Province, La Libertad Department); Callalli District (Caylloma Province, Arequipa Region); Piura Region",Heavy rains,Flood,No,No,No,,,,,,,2022,3,15,2022,3,15,10,,3113,,3113,,,,,,,90.9026974595266,"[{""adm1_code"":2347,""adm1_name"":""Piura""},{""adm2_code"":24043,""adm2_name"":""Caylloma""},{""adm2_code"":24124,""adm2_name"":""Pataz""}]","[{""gid_1"":""PER.21_1"",""migration_date"":""2025-12-20"",""migration_method"":""jaccard1"",""name_1"":""Piura""},{""gid_2"":""PER.13.8_1"",""migration_date"":""2025-12-20"",""migration_method"":""jaccard2"",""name_2"":""Pataz""},{""gid_2"":""PER.4.5_1"",""migration_date"":""2025-12-20"",""migration_method"":""jaccard2"",""name_2"":""Caylloma""}]",2022-03-23,2025-12-20
2021-0462-PER,No,nat-geo-ear-gro,Natural,Geophysical,Earthquake,Ground movement,GLIDE:EQ-2021-000101,,PER,Peru,Latin America and the Caribbean,Americas,Piura region,,,No,No,No,,6.2,Moment Magnitude,,,,2021,7,30,2021,7,30,,721,700,,1421,,,,,,,84.16698295725244,"[{""adm1_code"":2347,""adm1_name"":""Piura""}]","[{""gid_1"":""PER.21_1"",""migration_date"":""2025-12-20"",""migration_method"":""jaccard1"",""name_1"":""Piura""}]",2021-08-02,2025-12-20
2020-0122-PER,No,nat-hyd-flo-fla,Natural,Hydrological,Flood,Flash flood,DFO:4898,,PER,Peru,Latin America and the Caribbean,Americas,"Maranon Province , Huanuco Department (central Peru)",Heavy rains,"Slide (land, mud, snow, rock)",No,No,No,,152175.01,Km2,-7.011,-76.88,,2020,3,28,2020,4,2,,,550,,550,,,,,,,80.39038300821143,"[{""adm2_code"":24099,""adm2_name"":""Marañón""}]","[{""gid_2"":""PER.10.8_1"",""migration_date"":""2025-12-20"",""migration_method"":""jaccard2"",""name_2"":""Marañón""}]",2020-04-01,2025-12-20
2021-0098-PER,No,nat-hyd-flo-riv,Natural,Hydrological,Flood,Riverine flood,,,PER,Peru,Latin America and the Caribbean,Americas,"Tambopata, Tahuamanu, Manu Provinces; Ucayali, Loreto, Junín, Cusco regions (Madre de Dios Department)",Heavy rains,"Slide (land, mud, snow, rock)",No,No,Yes,,,Km2,,,,2021,2,12,2021,2,20,10,,12000,,12000,,,,,25000.0,29703.0,84.16698295725244,"[{""adm1_code"":2335,""adm1_name"":""Cusco""},{""adm1_code"":2339,""adm1_name"":""Junín""},{""adm1_code"":2343,""adm1_name"":""Loreto""},{""adm1_code"":2352,""adm1_name"":""Ucayali""},{""adm2_code"":24149,""adm2_name"":""Tahuamanu""},{""adm2_code"":24150,""adm2_name"":""Tambopata""}]","[{""gid_1"":""PER.12_1"",""migration_date"":""2025-12-20"",""migration_method"":""jaccard1"",""name_1"":""Junín""},{""gid_1"":""PER.17_1"",""migration_date"":""2025-12-20"",""migration_method"":""jaccard1"",""name_1"":""Loreto""},{""gid_1"":""PER.26_1"",""migration_date"":""2025-12-20"",""migration_method"":""jaccard1"",""name_1"":""Ucayali""},{""gid_1"":""PER.8_1"",""migration_date"":""2025-12-20"",""migration_method"":""jaccard1"",""name_1"":""Cusco""},{""gid_2"":""PER.18.2_1"",""migration_date"":""2025-12-20"",""migration_method"":""jaccard2"",""name_2"":""Tahuamanu""},{""gid_2"":""PER.18.3_1"",""migration_date"":""2025-12-20"",""migration_method"":""jaccard2"",""name_2"":""Tambopata""}]",2021-02-25,2025-12-20
2021-0170-PER,No,nat-hyd-flo-flo,Natural,Hydrological,Flood,Flood (General),,,PER,Peru,Latin America and the Caribbean,Americas,"Yurimaguas District (Alto Amazonas Province, Loreto Region); Piura, Amazonas, and San Martin regions",Heavy rains,,No,No,No,,,Km2,,,,2021,3,20,2021,3,31,1,,9000,,9000,,,,,,,84.16698295725244,"[{""adm1_code"":2328,""adm1_name"":""Amazonas""},{""adm1_code"":2347,""adm1_name"":""Piura""},{""adm1_code"":2349,""adm1_name"":""San Martín""},{""adm2_code"":91847,""adm2_name"":""Alto Amazonas""}]","[{""gid_1"":""PER.1_1"",""migration_date"":""2025-12-20"",""migration_method"":""jaccard1"",""name_1"":""Amazonas""},{""gid_1"":""PER.21_1"",""migration_date"":""2025-12-20"",""migration_method"":""jaccard1"",""name_1"":""Piura""},{""gid_1"":""PER.23_1"",""migration_date"":""2025-12-20"",""migration_method"":""jaccard1"",""name_1"":""San Martín""},{""gid_2"":""PER.17.1_1"",""migration_date"":""2025-12-20"",""migration_method"":""bufhaus2"",""name_2"":""Alto Amazonas""}]",2021-03-22,2025-12-20
2021-0212-PER,No,nat-hyd-flo-flo,Natural,Hydrological,Flood,Flood (General),,,PER,Peru,Latin America and the Caribbean,Americas,Nauta District (Loreto Province); San Martin region,,"Slide (land, mud, snow, rock)",No,No,No,,,Km2,,,,2021,4,1,2021,4,15,,,2595,,2595,,,,,,,84.16698295725244,"[{""adm1_code"":2349,""adm1_name"":""San Martín""},{""adm2_code"":24143,""adm2_name"":""Loreto""}]","[{""gid_1"":""PER.23_1"",""migration_date"":""2025-12-20"",""migration_method"":""jaccard1"",""name_1"":""San Martín""},{""gid_2"":""PER.17.2_1"",""migration_date"":""2025-12-20"",""migration_method"":""jaccard2"",""name_2"":""Loreto""}]",2021-04-16,2025-12-20
2021-0235-PER,No,nat-hyd-flo-flo,Natural,Hydrological,Flood,Flood (General),,,PER,Peru,Latin America and the Caribbean,Americas,"Pichari and Kimbiri, La Convención Province (Cusco Region); Vizcatán del Ene district, Satipo province in Junín Region",Heavy rains,"Slide (land, mud, snow, rock)",No,No,No,,,Km2,,,"Cuscomayo, San Martín, Santa Fey and Otari",2021,4,20,2021,4,21,,,105,,105,,,,,,,84.16698295725244,"[{""adm2_code"":24080,""adm2_name"":""La Convención""},{""adm2_code"":24114,""adm2_name"":""Satipo""}]","[{""gid_2"":""PER.12.7_1"",""migration_date"":""2025-12-20"",""migration_method"":""jaccard2"",""name_2"":""Satipo""},{""gid_2"":""PER.8.9_1"",""migration_date"":""2025-12-20"",""migration_method"":""jaccard2"",""name_2"":""La Convención""}]",2021-04-29,2025-12-20
2021-0758-PER,No,nat-geo-ear-gro,Natural,Geophysical,Earthquake,Ground movement,GLIDE:EQ-2021-000192,,PER,Peru,Latin America and the Caribbean,Americas,"Condorcanqui, Rodriguez de Mendoza, Bongará, Luya, Chachapoyas, Bagua, Utcubamba (Amazonas); Cajamarca, San Marcos, Cutervo, San Ignacio, Celendín, San Miguel, Jaén, Chota (Cajamarca); Alto Amazonas, Datem del Marañón (Loreto); San Martín, Moyobamba, Picota, Rioja, Lamas, Dorado, Huallaga, Bellavista, Mariscal Cáceres (San Martín); Sihuas (Ancash); Huanuco; Julcán, Bolívar, Otuzco (La Libertad); Lambayeque, Chiclayo, Ferreñafe (Lambayeque); Huancabamba, Piura, Ayabaca (Piura); Huánuco, Dos de Mayo, Yarowilca (Huánuco); Pasco, Daniel Alcides Carrión (Pasco)",,,No,No,Yes,,7.2,Moment Magnitude,-4.49,-76.846,,2021,11,28,2021,11,28,,3,17909,,17912,,,,,,,84.16698295725244,"[{""adm2_code"":24005,""adm2_name"":""Bagua""},{""adm2_code"":24006,""adm2_name"":""Bongará""},{""adm2_code"":24007,""adm2_name"":""Chachapoyas""},{""adm2_code"":24008,""adm2_name"":""Condorcanqui""},{""adm2_code"":24009,""adm2_name"":""Luya""},{""adm2_code"":24010,""adm2_name"":""Rodríguez de Mendoza""},{""adm2_code"":24011,""adm2_name"":""Utcubamba""},{""adm2_code"":24030,""adm2_name"":""Sihuas""},{""adm2_code"":24059,""adm2_name"":""Cajamarca""},{""adm2_code"":24060,""adm2_name"":""Celendín""},{""adm2_code"":24061,""adm2_name"":""Chota""},{""adm2_code"":24063,""adm2_name"":""Cutervo""},{""adm2_code"":24065,""adm2_name"":""Jaén""},{""adm2_code"":24066,""adm2_name"":""San Ignacio""},{""adm2_code"":24067,""adm2_name"":""San Marcos""},{""adm2_code"":24068,""adm2_name"":""San Miguel""},{""adm2_code"":24096,""adm2_name"":""Huenuco""},{""adm2_code"":24102,""adm2_name"":""Yarowilca""},{""adm2_code"":91840,""adm2_name"":""Dos de Mayo""},{""adm2_code"":24118,""adm2_name"":""Bolívar""},{""adm2_code"":24121,""adm2_name"":""Julcan""},{""adm2_code"":24122,""adm2_name"":""Otuzco""},{""adm2_code"":24129,""adm2_name"":""Chiclayo""},{""adm2_code"":24130,""adm2_name"":""Ferreñafe""},{""adm2_code"":91842,""adm2_name"":""Datem del Maranon""},{""adm2_code"":91847,""adm2_name"":""Alto Amazonas""},{""adm2_code"":24154,""adm2_name"":""Daniel Alcides Carrión""},{""adm2_code"":24156,""adm2_name"":""Pasco""},{""adm2_code"":24157,""adm2_name"":""Ayabaca""},{""adm2_code"":24158,""adm2_name"":""Huancabamba""},{""adm2_code"":24161,""adm2_name"":""Piura""},{""adm2_code"":24179,""adm2_name"":""Bellavista""},{""adm2_code"":24182,""adm2_name"":""Lamas""},{""adm2_code"":24184,""adm2_name"":""Moyobamba""},{""adm2_code"":24185,""adm2_name"":""Picota""},{""adm2_code"":24186,""adm2_name"":""Rioja""},{""adm2_code"":91844,""adm2_name"":""El Dorado""},{""adm2_code"":91845,""adm2_name"":""Huallaga""},{""adm2_code"":91846,""adm2_name"":""Mariscal Cáceres""}]","[{""gid_2"":""PER.1.1_1"",""migration_date"":""2025-12-20"",""migration_method"":""jaccard2"",""name_2"":""Bagua""},{""gid_2"":""PER.1.2_1"",""migration_date"":""2025-12-20"",""migration_method"":""jaccard2"",""name_2"":""Bongará""},{""gid_2"":""PER.1.3_1"",""migration_date"":""2025-12-20"",""migration_method"":""jaccard2"",""name_2"":""Chachapoyas""},{""gid_2"":""PER.1.4_1"",""migration_date"":""2025-12-20"",""migration_method"":""jaccard2"",""name_2"":""Condorcanqui""},{""gid_2"":""PER.1.5_1"",""migration_date"":""2025-12-20"",""migration_method"":""jaccard2"",""name_2"":""Luya""},{""gid_2"":""PER.1.6_1"",""migration_date"":""2025-12-20"",""migration_method"":""jaccard2"",""name_2"":""Rodríguez de Mendoza""},{""gid_2"":""PER.1.7_1"",""migration_date"":""2025-12-20"",""migration_method"":""jaccard2"",""name_2"":""Utcubamba""},{""gid_2"":""PER.10.11_1"",""migration_date"":""2025-12-20"",""migration_method"":""jaccard2"",""name_2"":""Yarowilca""},{""gid_2"":""PER.10.2_1"",""migration_date"":""2025-12-20"",""migration_method"":""jaccard2"",""name_2"":""Dos de Mayo""},{""gid_2"":""PER.10.5_1"",""migration_date"":""2025-12-20"",""migration_method"":""jaccard2"",""name_2"":""Huenuco""},{""gid_2"":""PER.13.2_1"",""migration_date"":""2025-12-20"",""migration_method"":""jaccard2"",""name_2"":""Bolívar""},{""gid_2"":""PER.13.5_1"",""migration_date"":""2025-12-20"",""migration_method"":""jaccard2"",""name_2"":""Julcan""},{""gid_2"":""PER.13.6_1"",""migration_date"":""2025-12-20"",""migration_method"":""jaccard2"",""name_2"":""Otuzco""},{""gid_2"":""PER.14.1_1"",""migration_date"":""2025-12-20"",""migration_method"":""jaccard2"",""name_2"":""Chiclayo""},{""gid_2"":""PER.14.2_1"",""migration_date"":""2025-12-20"",""migration_method"":""jaccard2"",""name_2"":""Ferreñafe""},{""gid_2"":""PER.17.1_1"",""migration_date"":""2025-12-20"",""migration_method"":""jaccard2"",""name_2"":""Alto Amazonas""},{""gid_2"":""PER.17.1_1"",""migration_date"":""2025-12-20"",""migration_method"":""bufhaus2"",""name_2"":""Alto Amazonas""},{""gid_2"":""PER.2.19_1"",""migration_date"":""2025-12-20"",""migration_method"":""jaccard2"",""name_2"":""Sihuas""},{""gid_2"":""PER.20.1_1"",""migration_date"":""2025-12-20"",""migration_method"":""jaccard2"",""name_2"":""Daniel Alcides Carrión""},{""gid_2"":""PER.20.3_1"",""migration_date"":""2025-12-20"",""migration_method"":""jaccard2"",""name_2"":""Pasco""},{""gid_2"":""PER.21.1_1"",""migration_date"":""2025-12-20"",""migration_method"":""jaccard2"",""name_2"":""Ayabaca""},{""gid_2"":""PER.21.2_1"",""migration_date"":""2025-12-20"",""migration_method"":""jaccard2"",""name_2"":""Huancabamba""},{""gid_2"":""PER.21.5_1"",""migration_date"":""2025-12-20"",""migration_method"":""jaccard2"",""name_2"":""Piura""},{""gid_2"":""PER.23.1_1"",""migration_date"":""2025-12-20"",""migration_method"":""jaccard2"",""name_2"":""Bellavista""},{""gid_2"":""PER.23.2_1"",""migration_date"":""2025-12-20"",""migration_method"":""jaccard2"",""name_2"":""El Dorado""},{""gid_2"":""PER.23.3_1"",""migration_date"":""2025-12-20"",""migration_method"":""jaccard2"",""name_2"":""Huallaga""},{""gid_2"":""PER.23.4_1"",""migration_date"":""2025-12-20"",""migration_method"":""jaccard2"",""name_2"":""Lamas""},{""gid_2"":""PER.23.5_1"",""migration_date"":""2025-12-20"",""migration_method"":""jaccard2"",""name_2"":""Mariscal Cáceres""},{""gid_2"":""PER.23.6_1"",""migration_date"":""2025-12-20"",""migration_method"":""jaccard2"",""name_2"":""Moyobamba""},{""gid_2"":""PER.23.7_1"",""migration_date"":""2025-12-20"",""migration_method"":""jaccard2"",""name_2"":""Picota""},{""gid_2"":""PER.23.8_1"",""migration_date"":""2025-12-20"",""migration_method"":""jaccard2"",""name_2"":""Rioja""},{""gid_2"":""PER.6.10_1"",""migration_date"":""2025-12-20"",""migration_method"":""jaccard2"",""name_2"":""San Marcos""},{""gid_2"":""PER.6.11_1"",""migration_date"":""2025-12-20"",""migration_method"":""jaccard2"",""name_2"":""San Miguel""},{""gid_2"":""PER.6.2_1"",""migration_date"":""2025-12-20"",""migration_method"":""jaccard2"",""name_2"":""Cajamarca""},{""gid_2"":""PER.6.3_1"",""migration_date"":""2025-12-20"",""migration_method"":""jaccard2"",""name_2"":""Celendín""},{""gid_2"":""PER.6.4_1"",""migration_date"":""2025-12-20"",""migration_method"":""jaccard2"",""name_2"":""Chota""},{""gid_2"":""PER.6.6_1"",""migration_date"":""2025-12-20"",""migration_method"":""jaccard2"",""name_2"":""Cutervo""},{""gid_2"":""PER.6.8_1"",""migration_date"":""2025-12-20"",""migration_method"":""jaccard2"",""name_2"":""Jaén""},{""gid_2"":""PER.6.9_1"",""migration_date"":""2025-12-20"",""migration_method"":""jaccard2"",""name_2"":""San Ignacio""}]",2021-11-30,2025-12-20
2022-0026-PER,No,nat-geo-vol-ash,Natural,Geophysical,Volcanic activity,Ash fall,GLIDE:VO-2022-000005,Hunga-Tonga-Hunga-Ha'apai,PER,Peru,Latin America and the Caribbean,Americas,Ventanilla district,,Oil spill|Tsunami/Tidal wave,No,No,Yes,,,,,,,2022,1,15,2022,1,15,2,,,,,,,,,,,90.9026974595266,"[{""adm1_code"":2334,""adm1_name"":""Callao""}]","[{""gid_1"":""PER.7_1"",""name_1"":""Callao""}]",2022-01-21,2026-02-10
2022-0430-PER,No,nat-geo-ear-gro,Natural,Geophysical,Earthquake,Ground movement,,,PER,Peru,Latin America and the Caribbean,Americas,La Capilla district (Moquegua department); Arequipa department,,,No,No,No,,5.5,Moment Magnitude,-16.783,-71.31,,2022,7,12,2022,7,12,,2,300,,302,,,,,,,90.9026974595266,"[{""adm1_code"":2331,""adm1_name"":""Arequipa""},{""adm1_code"":2345,""adm1_name"":""Moquegua""}]","[{""gid_1"":""PER.19_1"",""migration_date"":""2025-12-20"",""migration_method"":""jaccard1"",""name_1"":""Moquegua""},{""gid_1"":""PER.4_1"",""migration_date"":""2025-12-20"",""migration_method"":""jaccard1"",""name_1"":""Arequipa""}]",2022-07-19,2025-12-20
2023-0066-PER,No,nat-hyd-mmw-lan,Natural,Hydrological,Mass movement (wet),Landslide (wet),,,PER,Peru,Latin America and the Caribbean,Americas,Camaná Province (Arequipa Department),Heavy rains,Flood,No,No,Yes,,,,,,,2023,2,5,2023,2,7,38,27,6300,,6327,,,,,,,94.6446220103845,"[{""adm2_code"":24040,""adm2_name"":""Camaná""}]","[{""gid_2"":""PER.4.2_1"",""migration_date"":""2025-12-20"",""migration_method"":""jaccard2"",""name_2"":""Camaná""}]",2023-02-07,2025-12-20
2023-0155-PER,No,nat-geo-ear-gro,Natural,Geophysical,Earthquake,Ground movement,GLIDE:EQ-2023-000038,,PER,Peru,Latin America and the Caribbean,Americas,Tumbes,,,No,No,No,,6.8,Moment Magnitude,-2.837,-79.844,,2023,3,18,2023,3,18,1,1,140,,141,,,,,,,94.6446220103845,,,2023-03-22,2023-09-26
2024-0103-PER,No,nat-hyd-flo-flo,Natural,Hydrological,Flood,Flood (General),,,PER,Peru,Latin America and the Caribbean,Americas,Contralmirante Villar and Tumbes Provinces (Tumbes Region); Tahuamanu Province,Heavy rains,,No,No,No,,,Km2,,,Acre and Yaverija Rivers,2024,2,19,2024,2,21,,,346,,346,,,,,,,97.43617561613397,,,2024-02-27,2024-04-03
2024-0473-PER,No,nat-geo-ear-gro,Natural,Geophysical,Earthquake,Ground movement,,,PER,Peru,Latin America and the Caribbean,Americas,Near Arequipa province,,"Slide (land, mud, snow, rock)|Tsunami/Tidal wave",No,No,No,,7.2,Moment Magnitude,-15.827,-74.464,,2024,6,28,2024,6,28,,30,9000,33,9063,,,,,,,97.43617561613397,,,2024-07-12,2025-03-18
2025-0199-PER,No,nat-hyd-flo-flo,Natural,Hydrological,Flood,Flood (General),,,PER,Peru,Latin America and the Caribbean,Americas,"Amazonas, Áncash, Apurímac, Arequipa, Ayacucho, Cusco, Huancavelica, Huánuco, Ica, Junín, La Libertad, Lima, Moquegua, Pasco, Piura, Tacna, Tumbes, and Ucayali provinces",Heavy rains,,No,No,Yes,,,Km2,,,,2025,3,1,2025,3,6,,,7966,,7966,,,,,,,100.0,,,2025-03-20,2025-04-01
1998-0039-PER,Yes,nat-hyd-mmw-ava,Natural,Hydrological,Mass movement (wet),Avalanche (wet),,,PER,Peru,Latin America and the Caribbean,Americas,Near Choco,,,No,No,No,,,,,,,1998,1,29,1998,1,29,31,7,,,7,,,,,,,50.63267777131614,,,2003-07-01,2023-09-25
1998-0105-PER,Yes,nat-bio-epi-bac,Natural,Biological,Epidemic,Bacterial disease,,Cholera,PER,Peru,Latin America and the Caribbean,Americas,Tumbes & Piura Departments,,,No,No,No,,,,,,,1998,4,,1998,4,,,,18900,,18900,,,,,,,50.63267777131614,,,2003-07-01,2023-09-25
1999-0384-PER,Yes,nat-geo-ear-gro,Natural,Geophysical,Earthquake,Ground movement,,,PER,Peru,Latin America and the Caribbean,Americas,Arequipa Area,,"Slide (land, mud, snow, rock)",No,No,No,,6.8,Moment Magnitude,-16.66,-72.662,,1999,4,3,1999,4,3,1,50,1500,,1550,,,,,,,51.74053097598619,,,2003-09-10,2023-09-25
1999-0704-PER,Yes,nat-hyd-flo-flo,Natural,Hydrological,Flood,Flood (General),,,PER,Peru,Latin America and the Caribbean,Americas,"Iquitos (Loreto province),",Brief torrential rain,,No,No,No,,,Km2,,,"Amazon river, Itaya and Nanay tributaries",1999,5,13,1999,5,24,14,,,250000,250000,,,,,,,51.74053097598619,,,2005-10-25,2023-09-25
2000-0403-PER,No,nat-bio-inf-loc,Natural,Biological,Infestation,Locust infestation,,,PER,Peru,Latin America and the Caribbean,Americas,"Cajamarca, Lambayeque",,,No,No,No,,,,,,,2000,6,,2000,6,,,,,,,,,,,,,53.48773668167872,,,2003-07-01,2023-09-25
2005-0321-PER,No,nat-geo-ear-gro,Natural,Geophysical,Earthquake,Ground movement,GLIDE:EQ-2005-000088|USGS:usp000dsw1,,PER,Peru,Latin America and the Caribbean,Americas,"Arequipa district (Arequipa province), Ilo, General Sanchez Cerro, Mariscal Nieto districts (Moquega province), Candarave, Jorge Basadre, Tacna, Tarata districts (Tacna province) ; Punta de Bombon (Islay district, Arequipa province)",,,No,No,No,,7.8,Moment Magnitude,-19.987,-69.197,,2005,6,13,2005,6,13,,,,,,,,,,50.0,82.0,60.66033175273918,"[{""adm2_code"":24039,""adm2_name"":""Arequipa""},{""adm2_code"":24045,""adm2_name"":""Islay""},{""adm2_code"":24151,""adm2_name"":""General Sánchez Cerro""},{""adm2_code"":24152,""adm2_name"":""Ilo""},{""adm2_code"":24153,""adm2_name"":""Mariscal Nieto""},{""adm2_code"":24189,""adm2_name"":""Candarave""},{""adm2_code"":24190,""adm2_name"":""Jorge Basadre""},{""adm2_code"":24191,""adm2_name"":""Tacna""},{""adm2_code"":24192,""adm2_name"":""Tarata""}]","[{""gid_2"":""PER.19.1_1"",""migration_date"":""2025-12-20"",""migration_method"":""jaccard2"",""name_2"":""General Sánchez Cerro""},{""gid_2"":""PER.19.2_1"",""migration_date"":""2025-12-20"",""migration_method"":""jaccard2"",""name_2"":""Ilo""},{""gid_2"":""PER.19.3_1"",""migration_date"":""2025-12-20"",""migration_method"":""jaccard2"",""name_2"":""Mariscal Nieto""},{""gid_2"":""PER.24.1_1"",""migration_date"":""2025-12-20"",""migration_method"":""jaccard2"",""name_2"":""Candarave""},{""gid_2"":""PER.24.2_1"",""migration_date"":""2025-12-20"",""migration_method"":""jaccard2"",""name_2"":""Jorge Basadre""},{""gid_2"":""PER.24.3_1"",""migration_date"":""2025-12-20"",""migration_method"":""jaccard2"",""name_2"":""Tacna""},{""gid_2"":""PER.24.4_1"",""migration_date"":""2025-12-20"",""migration_method"":""jaccard2"",""name_2"":""Tarata""},{""gid_2"":""PER.4.1_1"",""migration_date"":""2025-12-20"",""migration_method"":""jaccard2"",""name_2"":""Arequipa""},{""gid_2"":""PER.4.7_1"",""migration_date"":""2025-12-20"",""migration_method"":""jaccard2"",""name_2"":""Islay""}]",2014-02-19,2025-12-20
2006-0213-PER,No,nat-geo-vol-ash,Natural,Geophysical,Volcanic activity,Ash fall,,Ubinas,PER,Peru,Latin America and the Caribbean,Americas,"Ubinas, Matalaque, Chojata, Lloque, Yunga, Ichuna, Coalaque, La Capilla, Omate, Puquina, Quinistaquillas municipalities (General Sanchez Cerro districts, Moquegua province), San Juan de Taracuni municipality (Arequipa district ,Arequipa province)",,,No,No,Yes,61.0,,,-16.355,-70.9,,2006,3,27,2006,4,23,,,3000,,3000,,,,,,,62.617194781034534,"[{""adm2_code"":24039,""adm2_name"":""Arequipa""},{""adm2_code"":24151,""adm2_name"":""General Sánchez Cerro""}]","[{""gid_2"":""PER.19.1_1"",""migration_date"":""2025-12-20"",""migration_method"":""jaccard2"",""name_2"":""General Sánchez Cerro""},{""gid_2"":""PER.4.1_1"",""migration_date"":""2025-12-20"",""migration_method"":""jaccard2"",""name_2"":""Arequipa""}]",2014-07-24,2025-12-20
2007-0039-PER,No,nat-hyd-flo-riv,Natural,Hydrological,Flood,Riverine flood,GLIDE:FL-2007-000009,,PER,Peru,Latin America and the Caribbean,Americas,"Junin, Pasco, Ucayali, Huanuco, Cusco, Huancavelica, La Libertad, San Martin provinces",Heavy rain,"Slide (land, mud, snow, rock)",No,No,No,,,Km2,-11.47,-74.46,"Tulumayo, Chanchamayo, Huacara rivers",2007,1,21,2007,2,10,17,11,47703,,47714,,,,,,,64.40346368476521,"[{""adm1_code"":2335,""adm1_name"":""Cusco""},{""adm1_code"":2336,""adm1_name"":""Huancavelica""},{""adm1_code"":2337,""adm1_name"":""Huánuco""},{""adm1_code"":2339,""adm1_name"":""Junín""},{""adm1_code"":2340,""adm1_name"":""La Libertad""},{""adm1_code"":2346,""adm1_name"":""Pasco""},{""adm1_code"":2349,""adm1_name"":""San Martín""},{""adm1_code"":2352,""adm1_name"":""Ucayali""}]","[{""gid_1"":""PER.10_1"",""migration_date"":""2025-12-20"",""migration_method"":""jaccard1"",""name_1"":""Huánuco""},{""gid_1"":""PER.12_1"",""migration_date"":""2025-12-20"",""migration_method"":""jaccard1"",""name_1"":""Junín""},{""gid_1"":""PER.13_1"",""migration_date"":""2025-12-20"",""migration_method"":""jaccard1"",""name_1"":""La Libertad""},{""gid_1"":""PER.20_1"",""migration_date"":""2025-12-20"",""migration_method"":""jaccard1"",""name_1"":""Pasco""},{""gid_1"":""PER.23_1"",""migration_date"":""2025-12-20"",""migration_method"":""jaccard1"",""name_1"":""San Martín""},{""gid_1"":""PER.26_1"",""migration_date"":""2025-12-20"",""migration_method"":""jaccard1"",""name_1"":""Ucayali""},{""gid_1"":""PER.8_1"",""migration_date"":""2025-12-20"",""migration_method"":""jaccard1"",""name_1"":""Cusco""},{""gid_1"":""PER.9_1"",""migration_date"":""2025-12-20"",""migration_method"":""jaccard1"",""name_1"":""Huancavelica""}]",2008-08-04,2025-12-20
2007-0362-PER,No,nat-geo-ear-gro,Natural,Geophysical,Earthquake,Ground movement,GLIDE:EQ-2007-000133|USGS:usp000fjta,,PER,Peru,Latin America and the Caribbean,Americas,"Pisco, Ica, Chincha districts (Ica province), Canete, Lima districts (Lima province) ; Paracas city (Pisco district, Ica province), San Vicente de Canete city (Canete district, Lima province)",,"Slide (land, mud, snow, rock)|Tsunami/Tidal wave",Yes,Yes,Yes,52191.0,8.0,Moment Magnitude,-13.386,-76.603,,2007,8,15,2007,8,15,593,1366,656965,,658331,,,200000.0,310542.0,600000.0,931627.0,64.40346368476521,"[{""adm2_code"":24103,""adm2_name"":""Chincha""},{""adm2_code"":24104,""adm2_name"":""Ica""},{""adm2_code"":24107,""adm2_name"":""Pisco""},{""adm2_code"":24134,""adm2_name"":""Cañete""},{""adm2_code"":91841,""adm2_name"":""Lima""}]","[{""gid_2"":""PER.11.1_1"",""migration_date"":""2025-12-20"",""migration_method"":""jaccard2"",""name_2"":""Chincha""},{""gid_2"":""PER.11.2_1"",""migration_date"":""2025-12-20"",""migration_method"":""jaccard2"",""name_2"":""Ica""},{""gid_2"":""PER.11.5_1"",""migration_date"":""2025-12-20"",""migration_method"":""jaccard2"",""name_2"":""Pisco""},{""gid_2"":""PER.15.1_1"",""migration_date"":""2025-12-20"",""migration_method"":""jaccard2"",""name_2"":""Lima""},{""gid_2"":""PER.16.3_1"",""migration_date"":""2025-12-20"",""migration_method"":""jaccard2"",""name_2"":""Cañete""}]",2014-02-27,2025-12-20
2009-0086-PER,No,nat-hyd-mmw-roc,Natural,Hydrological,Mass movement (wet),Rockfall (wet),GLIDE:LS-2009-000054,,PER,Peru,Latin America and the Caribbean,Americas,"Huanchumay village (Carabaya district, Puno province)",Heavy rains,,No,No,No,,,,,,,2009,3,2,2009,3,2,33,,,,,,,,,,,66.63820107166443,"[{""adm2_code"":24166,""adm2_name"":""Carabaya""}]","[{""gid_2"":""PER.22.2_1"",""migration_date"":""2025-12-20"",""migration_method"":""jaccard2"",""name_2"":""Carabaya""}]",2010-03-05,2025-12-20
2009-0660-PER,No,nat-hyd-flo-riv,Natural,Hydrological,Flood,Riverine flood,GLIDE:FL-2009-000261,,PER,Peru,Latin America and the Caribbean,Americas,"Lima district (Lima province), Maranon district (Huanucco province), Anta, Acomayo, Calca, Canas, Canchis, Chumbivililcas, Cusco, Paruro, Paucartambo, Quispicanchi, Urubamba districts (Cusco province), Acobamba, Angaraes, Castrovirreyna, Huancavelica districts (Huancavelica province), Abancay, Andahuaylas, Aymaraes, Cotabambas, Chincheros districts (Apurimac province), Melgar, Huancane, Azangaro, San Roman districts (Puno province), Concepcion, Huancayo, Jauja, Satipo districts (Junin province), Huanta district (Ayacucho province)",Torrential rain,"Slide (land, mud, snow, rock)",No,No,Yes,,135300.0,Km2,-12.99,-72.94,,2009,12,,2010,3,,158,422,235886,,236308,,,,,,,66.63820107166443,"[{""adm2_code"":24032,""adm2_name"":""Abancay""},{""adm2_code"":24033,""adm2_name"":""Andahuaylas""},{""adm2_code"":24035,""adm2_name"":""Aymaraes""},{""adm2_code"":24036,""adm2_name"":""Chincheros""},{""adm2_code"":24037,""adm2_name"":""Cotabambas""},{""adm2_code"":24051,""adm2_name"":""Huanta""},{""adm2_code"":24072,""adm2_name"":""Acomayo""},{""adm2_code"":24073,""adm2_name"":""Anta""},{""adm2_code"":24074,""adm2_name"":""Calca""},{""adm2_code"":24075,""adm2_name"":""Canas""},{""adm2_code"":24076,""adm2_name"":""Canchis""},{""adm2_code"":24077,""adm2_name"":""Chumbivilcas""},{""adm2_code"":24078,""adm2_name"":""Cusco""},{""adm2_code"":24081,""adm2_name"":""Paruro""},{""adm2_code"":24082,""adm2_name"":""Paucartambo""},{""adm2_code"":24083,""adm2_name"":""Quispicanchi""},{""adm2_code"":24084,""adm2_name"":""Urubamba""},{""adm2_code"":24085,""adm2_name"":""Acobamba""},{""adm2_code"":24086,""adm2_name"":""Angaraes""},{""adm2_code"":24087,""adm2_name"":""Castrovirreyna""},{""adm2_code"":24089,""adm2_name"":""Huancavelica""},{""adm2_code"":24099,""adm2_name"":""Marañón""},{""adm2_code"":24110,""adm2_name"":""Concepción""},{""adm2_code"":24111,""adm2_name"":""Huancayo""},{""adm2_code"":24112,""adm2_name"":""Jauja""},{""adm2_code"":24114,""adm2_name"":""Satipo""},{""adm2_code"":91841,""adm2_name"":""Lima""},{""adm2_code"":24165,""adm2_name"":""Azángaro""},{""adm2_code"":24169,""adm2_name"":""Huancane""},{""adm2_code"":24171,""adm2_name"":""Melgar""},{""adm2_code"":24175,""adm2_name"":""San Román""}]","[{""gid_2"":""PER.10.8_1"",""migration_date"":""2025-12-20"",""migration_method"":""jaccard2"",""name_2"":""Marañón""},{""gid_2"":""PER.12.3_1"",""migration_date"":""2025-12-20"",""migration_method"":""jaccard2"",""name_2"":""Concepción""},{""gid_2"":""PER.12.4_1"",""migration_date"":""2025-12-20"",""migration_method"":""jaccard2"",""name_2"":""Huancayo""},{""gid_2"":""PER.12.5_1"",""migration_date"":""2025-12-20"",""migration_method"":""jaccard2"",""name_2"":""Jauja""},{""gid_2"":""PER.12.7_1"",""migration_date"":""2025-12-20"",""migration_method"":""jaccard2"",""name_2"":""Satipo""},{""gid_2"":""PER.15.1_1"",""migration_date"":""2025-12-20"",""migration_method"":""jaccard2"",""name_2"":""Lima""},{""gid_2"":""PER.22.12_1"",""migration_date"":""2025-12-20"",""migration_method"":""jaccard2"",""name_2"":""San Román""},{""gid_2"":""PER.22.1_1"",""migration_date"":""2025-12-20"",""migration_method"":""jaccard2"",""name_2"":""Azángaro""},{""gid_2"":""PER.22.5_1"",""migration_date"":""2025-12-20"",""migration_method"":""jaccard2"",""name_2"":""Huancane""},{""gid_2"":""PER.22.8_1"",""migration_date"":""2025-12-20"",""migration_method"":""jaccard2"",""name_2"":""Melgar""},{""gid_2"":""PER.3.1_1"",""migration_date"":""2025-12-20"",""migration_method"":""jaccard2"",""name_2"":""Abancay""},{""gid_2"":""PER.3.2_1"",""migration_date"":""2025-12-20"",""migration_method"":""jaccard2"",""name_2"":""Andahuaylas""},{""gid_2"":""PER.3.4_1"",""migration_date"":""2025-12-20"",""migration_method"":""jaccard2"",""name_2"":""Aymaraes""},{""gid_2"":""PER.3.5_1"",""migration_date"":""2025-12-20"",""migration_method"":""jaccard2"",""name_2"":""Chincheros""},{""gid_2"":""PER.3.6_1"",""migration_date"":""2025-12-20"",""migration_method"":""jaccard2"",""name_2"":""Cotabambas""},{""gid_2"":""PER.5.4_1"",""migration_date"":""2025-12-20"",""migration_method"":""jaccard2"",""name_2"":""Huanta""},{""gid_2"":""PER.8.10_1"",""migration_date"":""2025-12-20"",""migration_method"":""jaccard2"",""name_2"":""Paruro""},{""gid_2"":""PER.8.11_1"",""migration_date"":""2025-12-20"",""migration_method"":""jaccard2"",""name_2"":""Paucartambo""},{""gid_2"":""PER.8.12_1"",""migration_date"":""2025-12-20"",""migration_method"":""jaccard2"",""name_2"":""Quispicanchi""},{""gid_2"":""PER.8.13_1"",""migration_date"":""2025-12-20"",""migration_method"":""jaccard2"",""name_2"":""Urubamba""},{""gid_2"":""PER.8.1_1"",""migration_date"":""2025-12-20"",""migration_method"":""jaccard2"",""name_2"":""Acomayo""},{""gid_2"":""PER.8.2_1"",""migration_date"":""2025-12-20"",""migration_method"":""jaccard2"",""name_2"":""Anta""},{""gid_2"":""PER.8.3_1"",""migration_date"":""2025-12-20"",""migration_method"":""jaccard2"",""name_2"":""Calca""},{""gid_2"":""PER.8.4_1"",""migration_date"":""2025-12-20"",""migration_method"":""jaccard2"",""name_2"":""Canas""},{""gid_2"":""PER.8.5_1"",""migration_date"":""2025-12-20"",""migration_method"":""jaccard2"",""name_2"":""Canchis""},{""gid_2"":""PER.8.6_1"",""migration_date"":""2025-12-20"",""migration_method"":""jaccard2"",""name_2"":""Chumbivilcas""},{""gid_2"":""PER.8.7_1"",""migration_date"":""2025-12-20"",""migration_method"":""jaccard2"",""name_2"":""Cusco""},{""gid_2"":""PER.9.1_1"",""migration_date"":""2025-12-20"",""migration_method"":""jaccard2"",""name_2"":""Acobamba""},{""gid_2"":""PER.9.2_1"",""migration_date"":""2025-12-20"",""migration_method"":""jaccard2"",""name_2"":""Angaraes""},{""gid_2"":""PER.9.3_1"",""migration_date"":""2025-12-20"",""migration_method"":""jaccard2"",""name_2"":""Castrovirreyna""},{""gid_2"":""PER.9.5_1"",""migration_date"":""2025-12-20"",""migration_method"":""jaccard2"",""name_2"":""Huancavelica""}]",2010-10-04,2025-12-20
2010-0343-PER,No,nat-met-ext-col,Natural,Meteorological,Extreme temperature,Cold wave,GLIDE:CW-2010-000143,,PER,Peru,Latin America and the Caribbean,Americas,"Ancash, Apurimac, Arequipa, Ayacucho, Cusco, Huanvelica, Huanuco, Junin, Lima, Moquegua, Pasco, Puno, Tacna, Madre de Dios, Ucayali, Loreto provinces",,,No,No,Yes,56.0,,°C,,,,2010,7,,2011,1,,409,,57600,,57600,,,,,,,67.73109452917775,"[{""adm1_code"":2329,""adm1_name"":""Ancash""},{""adm1_code"":2330,""adm1_name"":""Apurímac""},{""adm1_code"":2331,""adm1_name"":""Arequipa""},{""adm1_code"":2332,""adm1_name"":""Ayacucho""},{""adm1_code"":2335,""adm1_name"":""Cusco""},{""adm1_code"":2336,""adm1_name"":""Huancavelica""},{""adm1_code"":2337,""adm1_name"":""Huánuco""},{""adm1_code"":2339,""adm1_name"":""Junín""},{""adm1_code"":2342,""adm1_name"":""Lima""},{""adm1_code"":2343,""adm1_name"":""Loreto""},{""adm1_code"":2344,""adm1_name"":""Madre de Dios""},{""adm1_code"":2345,""adm1_name"":""Moquegua""},{""adm1_code"":2346,""adm1_name"":""Pasco""},{""adm1_code"":2348,""adm1_name"":""Puno""},{""adm1_code"":2350,""adm1_name"":""Tacna""},{""adm1_code"":2352,""adm1_name"":""Ucayali""}]","[{""gid_1"":""PER.10_1"",""migration_date"":""2025-12-20"",""migration_method"":""jaccard1"",""name_1"":""Huánuco""},{""gid_1"":""PER.12_1"",""migration_date"":""2025-12-20"",""migration_method"":""jaccard1"",""name_1"":""Junín""},{""gid_1"":""PER.15_1"",""migration_date"":""2025-12-20"",""migration_method"":""puzzle1_1"",""name_1"":""Lima Province""},{""gid_1"":""PER.16_1"",""migration_date"":""2025-12-20"",""migration_method"":""puzzle1_1"",""name_1"":""Lima""},{""gid_1"":""PER.17_1"",""migration_date"":""2025-12-20"",""migration_method"":""jaccard1"",""name_1"":""Loreto""},{""gid_1"":""PER.18_1"",""migration_date"":""2025-12-20"",""migration_method"":""jaccard1"",""name_1"":""Madre de Dios""},{""gid_1"":""PER.19_1"",""migration_date"":""2025-12-20"",""migration_method"":""jaccard1"",""name_1"":""Moquegua""},{""gid_1"":""PER.20_1"",""migration_date"":""2025-12-20"",""migration_method"":""jaccard1"",""name_1"":""Pasco""},{""gid_1"":""PER.22_1"",""migration_date"":""2025-12-20"",""migration_method"":""jaccard1"",""name_1"":""Puno""},{""gid_1"":""PER.24_1"",""migration_date"":""2025-12-20"",""migration_method"":""jaccard1"",""name_1"":""Tacna""},{""gid_1"":""PER.26_1"",""migration_date"":""2025-12-20"",""migration_method"":""jaccard1"",""name_1"":""Ucayali""},{""gid_1"":""PER.2_1"",""migration_date"":""2025-12-20"",""migration_method"":""jaccard1"",""name_1"":""Ancash""},{""gid_1"":""PER.3_1"",""migration_date"":""2025-12-20"",""migration_method"":""jaccard1"",""name_1"":""Apurímac""},{""gid_1"":""PER.4_1"",""migration_date"":""2025-12-20"",""migration_method"":""jaccard1"",""name_1"":""Arequipa""},{""gid_1"":""PER.5_1"",""migration_date"":""2025-12-20"",""migration_method"":""jaccard1"",""name_1"":""Ayacucho""},{""gid_1"":""PER.8_1"",""migration_date"":""2025-12-20"",""migration_method"":""jaccard1"",""name_1"":""Cusco""},{""gid_1"":""PER.9_1"",""migration_date"":""2025-12-20"",""migration_method"":""jaccard1"",""name_1"":""Huancavelica""}]",2011-01-06,2025-12-20
2011-0064-PER,No,nat-hyd-flo-riv,Natural,Hydrological,Flood,Riverine flood,,,PER,Peru,Latin America and the Caribbean,Americas,"Apurimac, Madre de Dios, Puno, San Martin provinces",Heavy rains,"Slide (land, mud, snow, rock)",No,No,No,,,Km2,,,,2011,1,,2011,2,,6,,10000,,10000,,,,,,,69.86926350886503,"[{""adm1_code"":2330,""adm1_name"":""Apurímac""},{""adm1_code"":2344,""adm1_name"":""Madre de Dios""},{""adm1_code"":2348,""adm1_name"":""Puno""},{""adm1_code"":2349,""adm1_name"":""San Martín""}]","[{""gid_1"":""PER.18_1"",""migration_date"":""2025-12-20"",""migration_method"":""jaccard1"",""name_1"":""Madre de Dios""},{""gid_1"":""PER.22_1"",""migration_date"":""2025-12-20"",""migration_method"":""jaccard1"",""name_1"":""Puno""},{""gid_1"":""PER.23_1"",""migration_date"":""2025-12-20"",""migration_method"":""jaccard1"",""name_1"":""San Martín""},{""gid_1"":""PER.3_1"",""migration_date"":""2025-12-20"",""migration_method"":""jaccard1"",""name_1"":""Apurímac""}]",2011-03-07,2025-12-20
2012-0402-PER,No,nat-hyd-flo-riv,Natural,Hydrological,Flood,Riverine flood,,,PER,Peru,Latin America and the Caribbean,Americas,"Amazonas, Ancash, Apurimac, Arequipa, Ayacucho, Cajamarca, Callao, Cusco, Huancavelica, Huanuco, Ica, Junin, La Libertad, Lambayeque, Lima, Loreto, Madre de Dios, Moquegua, Pasco, Piura, Puno, San Martin, Tacna, Tumbes, Ucayali provinces",,"Broken Dam/Burst bank|Slide (land, mud, snow, rock)",No,No,Yes,,,Km2,,,,2012,2,8,2012,3,13,14,29,,50000,50029,,,,,,,71.31508773357608,"[{""adm1_code"":2328,""adm1_name"":""Amazonas""},{""adm1_code"":2329,""adm1_name"":""Ancash""},{""adm1_code"":2330,""adm1_name"":""Apurímac""},{""adm1_code"":2331,""adm1_name"":""Arequipa""},{""adm1_code"":2332,""adm1_name"":""Ayacucho""},{""adm1_code"":2333,""adm1_name"":""Cajamarca""},{""adm1_code"":2334,""adm1_name"":""Callao""},{""adm1_code"":2335,""adm1_name"":""Cusco""},{""adm1_code"":2336,""adm1_name"":""Huancavelica""},{""adm1_code"":2337,""adm1_name"":""Huánuco""},{""adm1_code"":2338,""adm1_name"":""Ica""},{""adm1_code"":2339,""adm1_name"":""Junín""},{""adm1_code"":2340,""adm1_name"":""La Libertad""},{""adm1_code"":2341,""adm1_name"":""Lambayeque""},{""adm1_code"":2342,""adm1_name"":""Lima""},{""adm1_code"":2343,""adm1_name"":""Loreto""},{""adm1_code"":2344,""adm1_name"":""Madre de Dios""},{""adm1_code"":2345,""adm1_name"":""Moquegua""},{""adm1_code"":2346,""adm1_name"":""Pasco""},{""adm1_code"":2347,""adm1_name"":""Piura""},{""adm1_code"":2348,""adm1_name"":""Puno""},{""adm1_code"":2349,""adm1_name"":""San Martín""},{""adm1_code"":2350,""adm1_name"":""Tacna""},{""adm1_code"":2351,""adm1_name"":""Tumbes""},{""adm1_code"":2352,""adm1_name"":""Ucayali""}]","[{""gid_1"":""PER.10_1"",""migration_date"":""2025-12-20"",""migration_method"":""jaccard1"",""name_1"":""Huánuco""},{""gid_1"":""PER.11_1"",""migration_date"":""2025-12-20"",""migration_method"":""jaccard1"",""name_1"":""Ica""},{""gid_1"":""PER.12_1"",""migration_date"":""2025-12-20"",""migration_method"":""jaccard1"",""name_1"":""Junín""},{""gid_1"":""PER.13_1"",""migration_date"":""2025-12-20"",""migration_method"":""jaccard1"",""name_1"":""La Libertad""},{""gid_1"":""PER.14_1"",""migration_date"":""2025-12-20"",""migration_method"":""jaccard1"",""name_1"":""Lambayeque""},{""gid_1"":""PER.15_1"",""migration_date"":""2025-12-20"",""migration_method"":""puzzle1_1"",""name_1"":""Lima Province""},{""gid_1"":""PER.16_1"",""migration_date"":""2025-12-20"",""migration_method"":""puzzle1_1"",""name_1"":""Lima""},{""gid_1"":""PER.17_1"",""migration_date"":""2025-12-20"",""migration_method"":""jaccard1"",""name_1"":""Loreto""},{""gid_1"":""PER.18_1"",""migration_date"":""2025-12-20"",""migration_method"":""jaccard1"",""name_1"":""Madre de Dios""},{""gid_1"":""PER.19_1"",""migration_date"":""2025-12-20"",""migration_method"":""jaccard1"",""name_1"":""Moquegua""},{""gid_1"":""PER.1_1"",""migration_date"":""2025-12-20"",""migration_method"":""jaccard1"",""name_1"":""Amazonas""},{""gid_1"":""PER.20_1"",""migration_date"":""2025-12-20"",""migration_method"":""jaccard1"",""name_1"":""Pasco""},{""gid_1"":""PER.21_1"",""migration_date"":""2025-12-20"",""migration_method"":""jaccard1"",""name_1"":""Piura""},{""gid_1"":""PER.22_1"",""migration_date"":""2025-12-20"",""migration_method"":""jaccard1"",""name_1"":""Puno""},{""gid_1"":""PER.23_1"",""migration_date"":""2025-12-20"",""migration_method"":""jaccard1"",""name_1"":""San Martín""},{""gid_1"":""PER.24_1"",""migration_date"":""2025-12-20"",""migration_method"":""jaccard1"",""name_1"":""Tacna""},{""gid_1"":""PER.25_1"",""migration_date"":""2025-12-20"",""migration_method"":""jaccard1"",""name_1"":""Tumbes""},{""gid_1"":""PER.26_1"",""migration_date"":""2025-12-20"",""migration_method"":""jaccard1"",""name_1"":""Ucayali""},{""gid_1"":""PER.2_1"",""migration_date"":""2025-12-20"",""migration_method"":""jaccard1"",""name_1"":""Ancash""},{""gid_1"":""PER.3_1"",""migration_date"":""2025-12-20"",""migration_method"":""jaccard1"",""name_1"":""Apurímac""},{""gid_1"":""PER.4_1"",""migration_date"":""2025-12-20"",""migration_method"":""jaccard1"",""name_1"":""Arequipa""},{""gid_1"":""PER.5_1"",""migration_date"":""2025-12-20"",""migration_method"":""jaccard1"",""name_1"":""Ayacucho""},{""gid_1"":""PER.6_1"",""migration_date"":""2025-12-20"",""migration_method"":""jaccard1"",""name_1"":""Cajamarca""},{""gid_1"":""PER.8_1"",""migration_date"":""2025-12-20"",""migration_method"":""jaccard1"",""name_1"":""Cusco""},{""gid_1"":""PER.9_1"",""migration_date"":""2025-12-20"",""migration_method"":""jaccard1"",""name_1"":""Huancavelica""}]",2012-10-23,2025-12-20
2012-0599-PER,No,nat-bio-epi-vir,Natural,Biological,Epidemic,Viral disease,,Dengue,PER,Peru,Latin America and the Caribbean,Americas,"Calleria, Yarinacocha, Mananty districts (Coronel province, Ucayali department)",,,No,No,Yes,,,Vaccinated,,,,2012,10,,2012,11,26,11,,20106,,20106,,,,,,,71.31508773357608,,,2013-02-26,2023-09-25
2014-0529-PER,No,nat-hyd-flo-riv,Natural,Hydrological,Flood,Riverine flood,,,PER,Peru,Latin America and the Caribbean,Americas,"Loreto, San Martin, Junin, Ucayali, Arequipa provinces",,,No,No,Yes,,,Km2,,,,2014,10,,2015,1,31,20,,83878,,83878,,,,,,,73.53357700926716,"[{""adm1_code"":2331,""adm1_name"":""Arequipa""},{""adm1_code"":2339,""adm1_name"":""Junín""},{""adm1_code"":2343,""adm1_name"":""Loreto""},{""adm1_code"":2349,""adm1_name"":""San Martín""},{""adm1_code"":2352,""adm1_name"":""Ucayali""}]","[{""gid_1"":""PER.12_1"",""migration_date"":""2025-12-20"",""migration_method"":""jaccard1"",""name_1"":""Junín""},{""gid_1"":""PER.17_1"",""migration_date"":""2025-12-20"",""migration_method"":""jaccard1"",""name_1"":""Loreto""},{""gid_1"":""PER.23_1"",""migration_date"":""2025-12-20"",""migration_method"":""jaccard1"",""name_1"":""San Martín""},{""gid_1"":""PER.26_1"",""migration_date"":""2025-12-20"",""migration_method"":""jaccard1"",""name_1"":""Ucayali""},{""gid_1"":""PER.4_1"",""migration_date"":""2025-12-20"",""migration_method"":""jaccard1"",""name_1"":""Arequipa""}]",2015-02-12,2025-12-20
2014-0534-PER,No,nat-hyd-flo-riv,Natural,Hydrological,Flood,Riverine flood,,,PER,Peru,Latin America and the Caribbean,Americas,"Cusco, Huancavelica provinces",,,No,No,No,,,Km2,,,,2014,1,1,2014,1,20,21,,,,,,,,,,,73.53357700926716,"[{""adm1_code"":2335,""adm1_name"":""Cusco""},{""adm1_code"":2336,""adm1_name"":""Huancavelica""}]","[{""gid_1"":""PER.8_1"",""migration_date"":""2025-12-20"",""migration_method"":""jaccard1"",""name_1"":""Cusco""},{""gid_1"":""PER.9_1"",""migration_date"":""2025-12-20"",""migration_method"":""jaccard1"",""name_1"":""Huancavelica""}]",2015-03-25,2025-12-20
2015-0522-PER,No,nat-hyd-flo-riv,Natural,Hydrological,Flood,Riverine flood,GLIDE:FL-2015-000011,,PER,Peru,Latin America and the Caribbean,Americas,"Pedegral area (Camana district, Arequipa province), Quirio, Chosica, Lurigancho areas (Lima district, Lima province), La Trinchera area (Tacna district, Tacna province), Santa Eulalia area (Huarochiri district, Lima province), La Libertad province",,"Slide (land, mud, snow, rock)",No,No,No,,,Km2,,,,2015,3,23,2015,3,23,9,55,3180,,3235,,,,,,,73.62080293658643,"[{""adm1_code"":2340,""adm1_name"":""La Libertad""},{""adm2_code"":24040,""adm2_name"":""Camaná""},{""adm2_code"":24137,""adm2_name"":""Huarochiri""},{""adm2_code"":91841,""adm2_name"":""Lima""},{""adm2_code"":24191,""adm2_name"":""Tacna""}]","[{""gid_1"":""PER.13_1"",""migration_date"":""2025-12-20"",""migration_method"":""jaccard1"",""name_1"":""La Libertad""},{""gid_2"":""PER.15.1_1"",""migration_date"":""2025-12-20"",""migration_method"":""jaccard2"",""name_2"":""Lima""},{""gid_2"":""PER.16.6_1"",""migration_date"":""2025-12-20"",""migration_method"":""jaccard2"",""name_2"":""Huarochiri""},{""gid_2"":""PER.24.3_1"",""migration_date"":""2025-12-20"",""migration_method"":""jaccard2"",""name_2"":""Tacna""},{""gid_2"":""PER.4.2_1"",""migration_date"":""2025-12-20"",""migration_method"":""jaccard2"",""name_2"":""Camaná""}]",2015-12-02,2025-12-20
2016-0054-PER,No,nat-hyd-flo-flo,Natural,Hydrological,Flood,Flood (General),,,PER,Peru,Latin America and the Caribbean,Americas,"Puno, Arequipa, Cusco, Junin provinces",,"Slide (land, mud, snow, rock)",No,No,No,,,Km2,,,"Ralis, Sullca, Urubamba, Coschireni rivers",2016,2,20,2016,2,25,2,,10000,,10000,,,,,2000.0,2683.0,74.54960298643441,"[{""adm1_code"":2331,""adm1_name"":""Arequipa""},{""adm1_code"":2335,""adm1_name"":""Cusco""},{""adm1_code"":2339,""adm1_name"":""Junín""},{""adm1_code"":2348,""adm1_name"":""Puno""}]","[{""gid_1"":""PER.12_1"",""migration_date"":""2025-12-20"",""migration_method"":""jaccard1"",""name_1"":""Junín""},{""gid_1"":""PER.22_1"",""migration_date"":""2025-12-20"",""migration_method"":""jaccard1"",""name_1"":""Puno""},{""gid_1"":""PER.4_1"",""migration_date"":""2025-12-20"",""migration_method"":""jaccard1"",""name_1"":""Arequipa""},{""gid_1"":""PER.8_1"",""migration_date"":""2025-12-20"",""migration_method"":""jaccard1"",""name_1"":""Cusco""}]",2016-03-15,2025-12-20
2016-0518-PER,No,nat-bio-epi-vir,Natural,Biological,Epidemic,Viral disease,,Yellow fever,PER,Peru,Latin America and the Caribbean,Americas,Junin,,,No,No,No,,,Vaccinated,,,,2016,,,2017,1,4,26,54,,,54,,,,,,,74.54960298643441,"[{""adm1_code"":2339,""adm1_name"":""Junín""}]","[{""gid_1"":""PER.12_1"",""migration_date"":""2025-12-20"",""migration_method"":""jaccard1"",""name_1"":""Junín""}]",2017-01-10,2025-12-20
2019-0027-PER,No,nat-hyd-mmw-mud,Natural,Hydrological,Mass movement (wet),Mudslide,,,PER,Peru,Latin America and the Caribbean,Americas,Apurimac department (Abancay province),Heavy rains,,No,No,No,,,,,,,2019,1,25,2019,1,26,15,28,,,28,,,,,,,79.41078460433721,"[{""adm1_code"":2330,""adm1_name"":""Apurímac""}]","[{""gid_1"":""PER.3_1"",""migration_date"":""2025-12-20"",""migration_method"":""jaccard1"",""name_1"":""Apurímac""}]",2019-01-28,2025-12-20
2019-0243-PER,No,nat-geo-ear-gro,Natural,Geophysical,Earthquake,Ground movement,GLIDE:EQ-2019-000049|USGS:us60003sc0,,PER,Peru,Latin America and the Caribbean,Americas,"Libertad, Loreto, Cajamarca, San Martín departments",,,No,No,Yes,,8.0,Moment Magnitude,-5.812,-75.27,,2019,5,26,2019,5,26,2,15,4257,,4272,,,,,,,79.41078460433721,"[{""adm1_code"":2333,""adm1_name"":""Cajamarca""},{""adm1_code"":2340,""adm1_name"":""La Libertad""},{""adm1_code"":2343,""adm1_name"":""Loreto""},{""adm1_code"":2349,""adm1_name"":""San Martín""}]","[{""gid_1"":""PER.13_1"",""migration_date"":""2025-12-20"",""migration_method"":""jaccard1"",""name_1"":""La Libertad""},{""gid_1"":""PER.17_1"",""migration_date"":""2025-12-20"",""migration_method"":""jaccard1"",""name_1"":""Loreto""},{""gid_1"":""PER.23_1"",""migration_date"":""2025-12-20"",""migration_method"":""jaccard1"",""name_1"":""San Martín""},{""gid_1"":""PER.6_1"",""migration_date"":""2025-12-20"",""migration_method"":""jaccard1"",""name_1"":""Cajamarca""}]",2019-06-18,2026-01-25
