{
"type": "FeatureCollection",
"name": "LAD_MAY_(2024)_EW_BUC_to_Rural_Urban_Classification",
"crs": { "type": "name", "properties": { "name": "urn:ogc:def:crs:OGC:1.3:CRS84" } },
"features": [
{ "type": "Feature", "properties": { "FID": 1, "LAD24CD": "E06000001", "LAD24NM": "Hartlepool", "LAD24NMW": " ", "BNG_E": 447161, "BNG_N": 531473, "LONG": -1.27017, "LAT": 54.6761, "GlobalID": "3f58aa35-9ea6-4001-a80f-8aab0e41313f", "LAD24CD_1": "E06000001", "LAD24NM_1": "Hartlepool", "RUC21CD": "UUN", "RUC21NM": "Urban: Majority nearer to a major town or city", "Urban_rura": "Urban", "Shape_Leng": 50746.500918500002, "Shape__Area": 96609658.032226562, "Shape__Length": 50746.500918483202 }, "geometry": { "type": "Polygon", "coordinates": [ [ [ -1.24133014385077, 54.723443218739099 ], [ -1.24099446513821, 54.723193896748 ], [ -1.17616941170087, 54.697686436506999 ], [ -1.17401462890231, 54.691875569265001 ], [ -1.17419451268315, 54.691882288986299 ], [ -1.19625576549429, 54.698583733191803 ], [ -1.18804188222018, 54.693361674578803 ], [ -1.18885010384787, 54.692428833519699 ], [ -1.19207534478084, 54.6925488464572 ], [ -1.19438271801602, 54.686041527831897 ], [ -1.19910675817445, 54.680585938526903 ], [ -1.17588335601125, 54.653420342657498 ], [ -1.15763713826617, 54.648205977120597 ], [ -1.17316596143816, 54.633715398461298 ], [ -1.18824961393819, 54.632604527553703 ], [ -1.19227998362176, 54.629465958216599 ], [ -1.20939331192185, 54.621684994719899 ], [ -1.23421018610497, 54.628877457919103 ], [ -1.25671736456406, 54.6233505289714 ], [ -1.29901427298173, 54.627981887596803 ], [ -1.31636432536428, 54.645234851562897 ], [ -1.32886363882166, 54.644001608404103 ], [ -1.3350609290001, 54.631323967168498 ], [ -1.38084708286666, 54.643802223850599 ], [ -1.34125422761501, 54.650211897756499 ], [ -1.34787134473742, 54.662429231492901 ], [ -1.33094416840882, 54.682161718427203 ], [ -1.34453719886964, 54.691121664426802 ], [ -1.31936389932285, 54.691297448795503 ], [ -1.30132484271011, 54.708091651878298 ], [ -1.30539662216899, 54.717614445798198 ], [ -1.2702517668578, 54.727168686892099 ], [ -1.25186499193155, 54.719622988956502 ], [ -1.24133014385077, 54.723443218739099 ] ] ] } },
{ "type": "Feature", "properties": { "FID": 2, "LAD24CD": "E06000002", "LAD24NM": "Middlesbrough", "LAD24NMW": " ", "BNG_E": 451141, "BNG_N": 516887, "LONG": -1.21099, "LAT": 54.5447, "GlobalID": "c5bc1c3e-111f-46db-8e41-362fbbc78d30", "LAD24CD_1": "E06000002", "LAD24NM_1": "Middlesbrough", "RUC21CD": "UUN", "RUC21NM": "Urban: Majority nearer to a major town or city", "Urban_rura": "Urban", "Shape_Leng": 35500.289987900003, "Shape__Area": 55230925.923553467, "Shape__Length": 35500.289987919532 }, "geometry": { "type": "Polygon", "coordinates": [ [ [ -1.19860514666249, 54.582867595820197 ], [ -1.16664379236633, 54.554234403153998 ], [ -1.19906310206351, 54.544497232240801 ], [ -1.16131999257655, 54.524979361680799 ], [ -1.15974002031795, 54.515836503613102 ], [ -1.13736871919394, 54.514995131872297 ], [ -1.14619694918505, 54.5028216114721 ], [ -1.2348659056463, 54.510316044553903 ], [ -1.28224939504062, 54.518380441760399 ], [ -1.28543171080611, 54.536249953167399 ], [ -1.27061195907946, 54.556024483361298 ], [ -1.28262621501787, 54.565283566273401 ], [ -1.26255895403343, 54.570292828794997 ], [ -1.25235914677446, 54.591314542192698 ], [ -1.19860514666249, 54.582867595820197 ] ] ] } },
{ "type": "Feature", "properties": { "FID": 3, "LAD24CD": "E06000003", "LAD24NM": "Redcar and Cleveland", "LAD24NMW": " ", "BNG_E": 464330, "BNG_N": 519596, "LONG": -1.00656, "LAT": 54.5675, "GlobalID": "29afa1cb-8719-44c2-9906-38bc7bae2981", "LAD24CD_1": "E06000003", "LAD24NM_1": "Redcar and Cleveland", "RUC21CD": "UIN", "RUC21NM": "Intermediate urban: Majority nearer to a major town or city", "Urban_rura": "Urban", "Shape_Leng": 85068.788856, "Shape__Area": 248307582.50860596, "Shape__Length": 85068.78885596605 }, "geometry": { "type": "Polygon", "coordinates": [ [ [ -0.791798036788257, 54.558312749627 ], [ -0.80041918962436, 54.551010925391601 ], [ -0.827081463556422, 54.548518705194503 ], [ -0.848647297024731, 54.530003828816596 ], [ -0.848530740694743, 54.487972936765701 ], [ -0.880825023321814, 54.4970468603547 ], [ -0.952589374508347, 54.488015342326399 ], [ -1.00340105305077, 54.503012099388499 ], [ -1.0368514550928, 54.494044059631101 ], [ -1.09473696863192, 54.506695609022003 ], [ -1.11838000658732, 54.498198569693997 ], [ -1.14619694918505, 54.5028216114721 ], [ -1.13736871919394, 54.514995131872297 ], [ -1.15974002031795, 54.515836503613102 ], [ -1.16131999257655, 54.524979361680799 ], [ -1.19906310206351, 54.544497232240801 ], [ -1.16664379236633, 54.554234403153998 ], [ -1.19860514666249, 54.582867595820197 ], [ -1.18771768746909, 54.589741103533697 ], [ -1.19751626703973, 54.582109547699801 ], [ -1.1601890467375, 54.604500094165502 ], [ -1.1467473278275, 54.599081912808103 ], [ -1.15753376316828, 54.6054167299732 ], [ -1.15177599272898, 54.614531300097397 ], [ -1.13228972511792, 54.6085739693834 ], [ -1.15084115505409, 54.615135762212901 ], [ -1.15433161080956, 54.627702751484499 ], [ -1.13538931589707, 54.629695145788403 ], [ -1.13691855249623, 54.643100871375403 ], [ -1.12521523567209, 54.637742677402599 ], [ -1.11278072375207, 54.6277089362667 ], [ -1.07234156599659, 54.620162632924398 ], [ -1.05257983062295, 54.616469002165999 ], [ -1.04039175322035, 54.611032252263598 ], [ -1.03671818017596, 54.608531676293502 ], [ -1.02715619965237, 54.605125222345002 ], [ -1.00054364237584, 54.593238483636704 ], [ -0.961483425260444, 54.584913190623801 ], [ -0.946967590726685, 54.587428808566003 ], [ -0.93631196624251, 54.588127677086803 ], [ -0.898265057834884, 54.5712655985119 ], [ -0.853433805366454, 54.571780276664597 ], [ -0.844236166514544, 54.569709983716699 ], [ -0.794250934628727, 54.558442948407503 ], [ -0.791798036788257, 54.558312749627 ] ] ] } },
{ "type": "Feature", "properties": { "FID": 4, "LAD24CD": "E06000004", "LAD24NM": "Stockton-on-Tees", "LAD24NMW": " ", "BNG_E": 444940, "BNG_N": 518179, "LONG": -1.30664, "LAT": 54.5569, "GlobalID": "8ebb86c0-86bb-466e-ae7e-a832eeb755ff", "LAD24CD_1": "E06000004", "LAD24NM_1": "Stockton-on-Tees", "RUC21CD": "UUN", "RUC21NM": "Urban: Majority nearer to a major town or city", "Urban_rura": "Urban", "Shape_Leng": 88841.993471299997, "Shape__Area": 205176021.51075745, "Shape__Length": 88841.993471338705 }, "geometry": { "type": "Polygon", "coordinates": [ [ [ -1.19227998362176, 54.629465958216599 ], [ -1.20065229905146, 54.622944200792901 ], [ -1.1729776845626, 54.621541637044103 ], [ -1.16796351841264, 54.629334770685801 ], [ -1.15997501820635, 54.611328570155401 ], [ -1.18557933801797, 54.591406059620802 ], [ -1.18771768746909, 54.589741103533697 ], [ -1.19860514666249, 54.582867595820197 ], [ -1.25235914677446, 54.591314542192698 ], [ -1.26255895403343, 54.570292828794997 ], [ -1.28262621501787, 54.565283566273401 ], [ -1.27061195907946, 54.556024483361298 ], [ -1.28543171080611, 54.536249953167399 ], [ -1.28224939504062, 54.518380441760399 ], [ -1.2348659056463, 54.510316044553903 ], [ -1.25667466779605, 54.501107912784597 ], [ -1.25740307371, 54.487321829136803 ], [ -1.28109315435744, 54.490567247828999 ], [ -1.30043052365099, 54.475822004787098 ], [ -1.3436289617262, 54.464155412131603 ], [ -1.34491503450455, 54.472408008361697 ], [ -1.36441713758622, 54.465952408782002 ], [ -1.37256157635986, 54.472307460922202 ], [ -1.38101055095849, 54.494028930667596 ], [ -1.39505004776972, 54.485679972137099 ], [ -1.4070888004288, 54.493529638149496 ], [ -1.4127863622095, 54.477195398317299 ], [ -1.43211777207151, 54.479454565171999 ], [ -1.43490529222604, 54.4874931710252 ], [ -1.42148546431813, 54.519637608403201 ], [ -1.44960745554185, 54.532967919582099 ], [ -1.44675561644352, 54.555668350414301 ], [ -1.41134632042076, 54.564819296500701 ], [ -1.40729171028139, 54.593728412587701 ], [ -1.42332719850805, 54.603126865250999 ], [ -1.43835548898022, 54.5950796110357 ], [ -1.45089749591544, 54.610558385928698 ], [ -1.41253632830273, 54.6168008789531 ], [ -1.38084708286666, 54.643802223850599 ], [ -1.3350609290001, 54.631323967168498 ], [ -1.32886363882166, 54.644001608404103 ], [ -1.31636432536428, 54.645234851562897 ], [ -1.29901427298173, 54.627981887596803 ], [ -1.25671736456406, 54.6233505289714 ], [ -1.23421018610497, 54.628877457919103 ], [ -1.20939331192185, 54.621684994719899 ], [ -1.19227998362176, 54.629465958216599 ] ] ] } },
{ "type": "Feature", "properties": { "FID": 5, "LAD24CD": "E06000005", "LAD24NM": "Darlington", "LAD24NMW": " ", "BNG_E": 428029, "BNG_N": 515648, "LONG": -1.56835, "LAT": 54.5353, "GlobalID": "bf2173db-02e1-4b58-9617-e775100f58ec", "LAD24CD_1": "E06000005", "LAD24NM_1": "Darlington", "RUC21CD": "UUN", "RUC21NM": "Urban: Majority nearer to a major town or city", "Urban_rura": "Urban", "Shape_Leng": 90977.686391199997, "Shape__Area": 198236890.87088013, "Shape__Length": 90977.686391216048 }, "geometry": { "type": "Polygon", "coordinates": [ [ [ -1.43835548898022, 54.5950796110357 ], [ -1.42332719850805, 54.603126865250999 ], [ -1.40729171028139, 54.593728412587701 ], [ -1.41134632042076, 54.564819296500701 ], [ -1.44675561644352, 54.555668350414301 ], [ -1.44960745554185, 54.532967919582099 ], [ -1.42148546431813, 54.519637608403201 ], [ -1.43490529222604, 54.4874931710252 ], [ -1.45850783644379, 54.503918888844503 ], [ -1.47484256726738, 54.500426523217399 ], [ -1.45838201882701, 54.4925217623978 ], [ -1.46231204065857, 54.451228505718198 ], [ -1.475464579469, 54.473907568983201 ], [ -1.49878945098745, 54.475342828799299 ], [ -1.49177548206257, 54.486200491717 ], [ -1.51134080604103, 54.475012260766697 ], [ -1.51413191899894, 54.483775091249598 ], [ -1.52883695102378, 54.484813737723897 ], [ -1.51969374190879, 54.471115224487797 ], [ -1.54567271781715, 54.471238475872802 ], [ -1.55519520906131, 54.484978190792503 ], [ -1.58298032825201, 54.497100732816897 ], [ -1.57921485380734, 54.505187684486302 ], [ -1.5918807025688, 54.504300860563397 ], [ -1.58106853741621, 54.5128456586148 ], [ -1.60249810301447, 54.510488636217701 ], [ -1.61148472706396, 54.520000786952501 ], [ -1.63344443619249, 54.514112291359297 ], [ -1.63377378148266, 54.525364378957001 ], [ -1.65467519937522, 54.5246500961671 ], [ -1.65793716561516, 54.534588922200399 ], [ -1.69692636355207, 54.536006428816101 ], [ -1.70527424961459, 54.549171955813598 ], [ -1.69120671271364, 54.556244628115699 ], [ -1.70928210885412, 54.563179461326698 ], [ -1.70898440615518, 54.574141686474597 ], [ -1.69402783337592, 54.586893849582601 ], [ -1.67931169574512, 54.585973328691097 ], [ -1.68242215879617, 54.617771132562503 ], [ -1.60676411917432, 54.6175403651472 ], [ -1.60621813900068, 54.603440241536603 ], [ -1.58419280946254, 54.6104860456919 ], [ -1.59340930184247, 54.595077163171098 ], [ -1.57626627480123, 54.580198487735103 ], [ -1.55282400409124, 54.5823421860065 ], [ -1.55864448318351, 54.592116847494303 ], [ -1.5267640482967, 54.596454121281802 ], [ -1.46885572081472, 54.600527334544203 ], [ -1.45170547077754, 54.590827979870802 ], [ -1.43835548898022, 54.5950796110357 ] ] ] } },
{ "type": "Feature", "properties": { "FID": 6, "LAD24CD": "E06000006", "LAD24NM": "Halton", "LAD24NMW": " ", "BNG_E": 354246, "BNG_N": 382146, "LONG": -2.68853, "LAT": 53.3342, "GlobalID": "ddd614c5-f413-45dd-8a69-ac621d2967d8", "LAD24CD_1": "E06000006", "LAD24NM_1": "Halton", "RUC21CD": "UUN", "RUC21NM": "Urban: Majority nearer to a major town or city", "Urban_rura": "Urban", "Shape_Leng": 67017.044213400004, "Shape__Area": 80380640.657730103, "Shape__Length": 67017.044213440386 }, "geometry": { "type": "MultiPolygon", "coordinates": [ [ [ [ -2.63062192979903, 53.364049819271798 ], [ -2.63146774491781, 53.346033520200201 ], [ -2.60660651159164, 53.342995890081603 ], [ -2.61912539675201, 53.331070640113097 ], [ -2.59522305170231, 53.322454370264303 ], [ -2.60908651552069, 53.312071212475303 ], [ -2.61996173477241, 53.320265248369097 ], [ -2.62412274757937, 53.309398192199801 ], [ -2.64506142803031, 53.310135071241298 ], [ -2.64155693821446, 53.3050347961562 ], [ -2.68515177103575, 53.315451461192602 ], [ -2.70079895863185, 53.305792818330197 ], [ -2.72355800180627, 53.313125423220598 ], [ -2.73892866186995, 53.306764272115601 ], [ -2.75245521144682, 53.314787016506401 ], [ -2.76339190544171, 53.327675428836102 ], [ -2.75433708739384, 53.343159428137703 ], [ -2.7189977032762, 53.344837517928497 ], [ -2.69935240672089, 53.356709862773101 ], [ -2.67868932329394, 53.354782051597603 ], [ -2.67464077832375, 53.353664357706599 ], [ -2.63062192979903, 53.364049819271798 ] ] ], [ [ [ -2.69063279918862, 53.385388218670997 ], [ -2.69088091909772, 53.360805737373802 ], [ -2.6933786824617, 53.361816187280297 ], [ -2.73430922778042, 53.347774565058202 ], [ -2.76449140010952, 53.355286452030398 ], [ -2.75913359064553, 53.3496073895287 ], [ -2.77822048536501, 53.332626042654802 ], [ -2.78428782985774, 53.336430976493503 ], [ -2.77769098803628, 53.329280277329197 ], [ -2.78863136183167, 53.322539617091998 ], [ -2.82666108251466, 53.3316567904658 ], [ -2.82786480033037, 53.331472366918298 ], [ -2.83233934882774, 53.337286254345102 ], [ -2.81873167222311, 53.339803332307397 ], [ -2.81880693241227, 53.348000707051703 ], [ -2.78730169890451, 53.356290394576803 ], [ -2.77667109006624, 53.381058712355902 ], [ -2.75765407352424, 53.380737869210797 ], [ -2.74517463855405, 53.402095645574498 ], [ -2.71522678914772, 53.399034898825001 ], [ -2.71280344145918, 53.390626007461201 ], [ -2.69063279918862, 53.385388218670997 ] ] ] ] } },
{ "type": "Feature", "properties": { "FID": 7, "LAD24CD": "E06000007", "LAD24NM": "Warrington", "LAD24NMW": " ", "BNG_E": 362744, "BNG_N": 388457, "LONG": -2.56167, "LAT": 53.3916, "GlobalID": "22f7144c-05cf-40ad-8ae3-a8c32204beea", "LAD24CD_1": "E06000007", "LAD24NM_1": "Warrington", "RUC21CD": "UUN", "RUC21NM": "Urban: Majority nearer to a major town or city", "Urban_rura": "Urban", "Shape_Leng": 72259.489219700001, "Shape__Area": 178558338.84410858, "Shape__Length": 72259.489219702489 }, "geometry": { "type": "Polygon", "coordinates": [ [ [ -2.48971382174961, 53.4602822965361 ], [ -2.44937818830286, 53.415891443377497 ], [ -2.47804769508193, 53.395704239028497 ], [ -2.42658992510444, 53.387461516033099 ], [ -2.43987999487119, 53.366662644706899 ], [ -2.48687843882333, 53.367903799538901 ], [ -2.52104960816655, 53.347900481777202 ], [ -2.51839296054763, 53.342390274529798 ], [ -2.56187507812781, 53.323342849982403 ], [ -2.58628969384403, 53.329396804271902 ], [ -2.59522305170231, 53.322454370264303 ], [ -2.61912539675201, 53.331070640113097 ], [ -2.60660651159164, 53.342995890081603 ], [ -2.63146774491781, 53.346033520200201 ], [ -2.63062192979903, 53.364049819271798 ], [ -2.67464077832375, 53.353664357706599 ], [ -2.67868932329394, 53.354782051597603 ], [ -2.67518815433053, 53.354455029159702 ], [ -2.69088091909772, 53.360805737373802 ], [ -2.69063279918862, 53.385388218670997 ], [ -2.67631721273559, 53.387619364297997 ], [ -2.66355469839731, 53.428713659398703 ], [ -2.67526772503103, 53.432965303668603 ], [ -2.66851362188863, 53.440907050891099 ], [ -2.68207563750069, 53.438901408675598 ], [ -2.67718842620519, 53.452779864872099 ], [ -2.63913593419739, 53.444391019329601 ], [ -2.62746241529418, 53.434412601498401 ], [ -2.59623052707265, 53.442666292094898 ], [ -2.59868492292473, 53.450413766861097 ], [ -2.58529604429635, 53.439807215158702 ], [ -2.57666478059629, 53.446085272369501 ], [ -2.57032006670683, 53.458533679155799 ], [ -2.54908962869768, 53.4615115557556 ], [ -2.55263854410147, 53.4678134060186 ], [ -2.4963344588829, 53.4809294210487 ], [ -2.48971382174961, 53.4602822965361 ] ] ] } },
{ "type": "Feature", "properties": { "FID": 8, "LAD24CD": "E06000008", "LAD24NM": "Blackburn with Darwen", "LAD24NMW": " ", "BNG_E": 369489, "BNG_N": 422806, "LONG": -2.46361, "LAT": 53.7008, "GlobalID": "919d8186-050c-447d-9deb-e4e8946f4750", "LAD24CD_1": "E06000008", "LAD24NM_1": "Blackburn with Darwen", "RUC21CD": "UUN", "RUC21NM": "Urban: Majority nearer to a major town or city", "Urban_rura": "Urban", "Shape_Leng": 55078.422875999997, "Shape__Area": 139459841.09999084, "Shape__Length": 55078.422875958378 }, "geometry": { "type": "Polygon", "coordinates": [ [ [ -2.41099828503281, 53.705175815882697 ], [ -2.39834827805747, 53.691559861981503 ], [ -2.37442427465371, 53.687254433348897 ], [ -2.37123619444388, 53.667080653592997 ], [ -2.36264954975664, 53.6559199377865 ], [ -2.37009698250137, 53.631948066849098 ], [ -2.37912645804028, 53.6308524479524 ], [ -2.42169643500597, 53.623835572973597 ], [ -2.43868216156574, 53.646072033412104 ], [ -2.45970004381105, 53.620042693298103 ], [ -2.47918554429441, 53.617010416699998 ], [ -2.51132292934796, 53.626994965816898 ], [ -2.53236956619436, 53.664876293568902 ], [ -2.51565600534206, 53.692402941282403 ], [ -2.53977957143907, 53.702184298643999 ], [ -2.56160160852994, 53.7469013534173 ], [ -2.55126201509644, 53.756366349594103 ], [ -2.46580771374763, 53.780813407037598 ], [ -2.44631709415123, 53.766589700152203 ], [ -2.45163333979243, 53.756468381281501 ], [ -2.44006779499927, 53.7494181195393 ], [ -2.4336882915626, 53.719214341033698 ], [ -2.41099828503281, 53.705175815882697 ] ] ] } },
{ "type": "Feature", "properties": { "FID": 9, "LAD24CD": "E06000009", "LAD24NM": "Blackpool", "LAD24NMW": " ", "BNG_E": 332817, "BNG_N": 436635, "LONG": -3.02202, "LAT": 53.8216, "GlobalID": "63773c58-2081-460c-b980-97388b32a248", "LAD24CD_1": "E06000009", "LAD24NM_1": "Blackpool", "RUC21CD": "UUN", "RUC21NM": "Urban: Majority nearer to a major town or city", "Urban_rura": "Urban", "Shape_Leng": 29869.5879829, "Shape__Area": 33580097.335037231, "Shape__Length": 29869.587982882986 }, "geometry": { "type": "Polygon", "coordinates": [ [ [ -3.01065293005663, 53.826193899821199 ], [ -2.99500424807209, 53.8184887236051 ], [ -2.98335722276106, 53.793803444443 ], [ -3.00388680512874, 53.7913422859517 ], [ -2.99647825993957, 53.774504024569701 ], [ -3.02880130418184, 53.773116778904502 ], [ -3.03282276979925, 53.780861672533 ], [ -3.05710546677166, 53.776533414136303 ], [ -3.05001345229291, 53.851645244580098 ], [ -3.04783860629561, 53.874625632963102 ], [ -3.0197498931885, 53.868599577970599 ], [ -3.01065293005663, 53.826193899821199 ] ] ] } },
{ "type": "Feature", "properties": { "FID": 10, "LAD24CD": "E06000010", "LAD24NM": "Kingston upon Hull, City of", "LAD24NMW": " ", "BNG_E": 511892, "BNG_N": 431651, "LONG": -0.30385, "LAT": 53.7692, "GlobalID": "fdd41c18-f2c5-4fbd-a240-bd7c4f344c0a", "LAD24CD_1": "E06000010", "LAD24NM_1": "Kingston upon Hull, City of", "RUC21CD": "UUN", "RUC21NM": "Urban: Majority nearer to a major town or city", "Urban_rura": "Urban", "Shape_Leng": 40935.309217200003, "Shape__Area": 70864418.969619751, "Shape__Length": 40935.30921716024 }, "geometry": { "type": "Polygon", "coordinates": [ [ [ -0.251299781876292, 53.7335992624797 ], [ -0.286639848236336, 53.742545208841399 ], [ -0.331215339638069, 53.738312826909301 ], [ -0.419109372020862, 53.7196022676968 ], [ -0.422301309344807, 53.731504290693103 ], [ -0.401939174774099, 53.749987299792103 ], [ -0.422275951488394, 53.750980069735 ], [ -0.418203810999879, 53.760632344222998 ], [ -0.388109704295119, 53.769345391764602 ], [ -0.392219628895841, 53.791132880584797 ], [ -0.359405407063181, 53.793404011796497 ], [ -0.362337858605689, 53.804928202625703 ], [ -0.316134326202857, 53.8132701663897 ], [ -0.278250259007925, 53.7820601867137 ], [ -0.252324831097553, 53.781328332367202 ], [ -0.254260015416039, 53.763470066142297 ], [ -0.241453823958227, 53.754755826419498 ], [ -0.251299781876292, 53.7335992624797 ] ] ] } },
{ "type": "Feature", "properties": { "FID": 11, "LAD24CD": "E06000011", "LAD24NM": "East Riding of Yorkshire", "LAD24NMW": " ", "BNG_E": 488056, "BNG_N": 443597, "LONG": -0.66195, "LAT": 53.8811, "GlobalID": "83650e5a-03de-4bf7-aa40-a32fcd77b9af", "LAD24CD_1": "E06000011", "LAD24NM_1": "East Riding of Yorkshire", "RUC21CD": "RIN", "RUC21NM": "Intermediate rural: Majority nearer to a major town or city", "Urban_rura": "Rural", "Shape_Leng": 344813.91943499999, "Shape__Area": 2407197673.4244232, "Shape__Length": 344813.91943532584 }, "geometry": { "type": "Polygon", "coordinates": [ [ [ -0.212665525348072, 54.157733894727102 ], [ -0.212509855046284, 54.157692030608899 ], [ -0.16436260193432, 54.145855505390799 ], [ -0.097005320888501, 54.129252925914699 ], [ -0.079657047358896, 54.118684607644703 ], [ -0.076304635387503, 54.116359988532203 ], [ -0.104481722870351, 54.104145557797899 ], [ -0.166436540220089, 54.0988956925111 ], [ -0.166815043322521, 54.098863516696703 ], [ -0.176326887741143, 54.090024840387898 ], [ -0.1921566350738, 54.079981249014502 ], [ -0.197203409178707, 54.070609418602103 ], [ -0.212282575480449, 54.056571764005703 ], [ -0.212518941953322, 54.042140385961602 ], [ -0.213210056125428, 54.040854728584797 ], [ -0.212613254812448, 54.036377233019202 ], [ -0.2128365261777, 54.022723235620496 ], [ -0.213085827109281, 54.007459223934603 ], [ -0.173653310527935, 53.934388723390597 ], [ -0.156013256944389, 53.901613991963998 ], [ -0.134093632819087, 53.880883796091403 ], [ -0.128170898330497, 53.871299162061497 ], [ -0.089441802320165, 53.838579736727397 ], [ -0.037125668962884, 53.788885731784902 ], [ 0.116534301015206, 53.663106088432102 ], [ 0.117246141473237, 53.661754390456601 ], [ 0.119360621178712, 53.6577387386236 ], [ 0.145639402472557, 53.607767195900898 ], [ 0.146248628374523, 53.603490715782101 ], [ 0.145112414019298, 53.598862840563797 ], [ 0.141991934060034, 53.595714331728097 ], [ 0.112915084949757, 53.575104641843403 ], [ 0.108765502396469, 53.572161052469397 ], [ 0.108793674158114, 53.572224819639402 ], [ 0.112925046562089, 53.575304668477898 ], [ 0.142476631948672, 53.597316401834497 ], [ 0.144683014700431, 53.604607557602698 ], [ 0.142362087313204, 53.609437106621897 ], [ 0.11531715302394, 53.623209226167397 ], [ 0.081428289664299, 53.640445531061701 ], [ 0.032466990058059, 53.649346026048697 ], [ -0.053896068009883, 53.629078612698301 ], [ -0.103431308926768, 53.635285221683802 ], [ -0.143677489379657, 53.662105150971598 ], [ -0.184283928069472, 53.689117342313402 ], [ -0.214019080189804, 53.708867420355197 ], [ -0.227145797843287, 53.708495805823098 ], [ -0.230224209345142, 53.733553087808602 ], [ -0.243074244918635, 53.7294645897748 ], [ -0.244332662413289, 53.737176327978602 ], [ -0.244040643165144, 53.737532039793003 ], [ -0.247304680963925, 53.741171379242999 ], [ -0.245133176730637, 53.7365589715547 ], [ -0.250157330935867, 53.733309825359498 ], [ -0.251299781876292, 53.7335992624797 ], [ -0.241453823958227, 53.754755826419498 ], [ -0.254260015416039, 53.763470066142297 ], [ -0.252324831097553, 53.781328332367202 ], [ -0.278250259007925, 53.7820601867137 ], [ -0.316134326202857, 53.8132701663897 ], [ -0.362337858605689, 53.804928202625703 ], [ -0.359405407063181, 53.793404011796497 ], [ -0.392219628895841, 53.791132880584797 ], [ -0.388109704295119, 53.769345391764602 ], [ -0.418203810999879, 53.760632344222998 ], [ -0.422275951488394, 53.750980069735 ], [ -0.401939174774099, 53.749987299792103 ], [ -0.422301309344807, 53.731504290693103 ], [ -0.419109372020862, 53.7196022676968 ], [ -0.419208056089771, 53.719581213181598 ], [ -0.426051077084705, 53.718966562035497 ], [ -0.434129218393796, 53.718998916414698 ], [ -0.434550404076907, 53.718202592280903 ], [ -0.486294740293649, 53.713539900581999 ], [ -0.5425646281524, 53.708442836678401 ], [ -0.583338025607579, 53.726600466685603 ], [ -0.630217952702746, 53.733993522805797 ], [ -0.637248965621267, 53.728893451294901 ], [ -0.618534438772313, 53.730510237473702 ], [ -0.671611925277973, 53.721842736787799 ], [ -0.695979861644625, 53.704361982442201 ], [ -0.742598590885512, 53.706981520267298 ], [ -0.712492069703981, 53.70233466434 ], [ -0.698526469683329, 53.697733473036301 ], [ -0.70997840572146, 53.695864421192702 ], [ -0.699725310049221, 53.695693402053401 ], [ -0.699125441023546, 53.690296757896697 ], [ -0.702380787457698, 53.6774872648326 ], [ -0.72176846098143, 53.679360608630702 ], [ -0.774499549375076, 53.6562092282606 ], [ -0.772135989616307, 53.664075275445803 ], [ -0.788743473253485, 53.659209735365799 ], [ -0.84826408757923, 53.6330366601861 ], [ -0.865338726025611, 53.637708232142501 ], [ -0.946844642823067, 53.659141766583097 ], [ -1.04866263627315, 53.656057479088197 ], [ -1.10335931463428, 53.669499314106297 ], [ -1.08105979945912, 53.684526115425101 ], [ -1.07491406055148, 53.703942805986699 ], [ -1.06165845001237, 53.706765886114198 ], [ -1.03892593442347, 53.693882297966702 ], [ -0.98031983964866, 53.696945118914599 ], [ -0.980546833755429, 53.7049832379344 ], [ -0.962649915494684, 53.7007959036698 ], [ -0.957714760664253, 53.714835485632697 ], [ -0.90373907840941, 53.718359393918703 ], [ -0.910951228887268, 53.732670257920603 ], [ -0.960825708909963, 53.736002981079501 ], [ -0.973593546117509, 53.7498570421794 ], [ -0.9282535548479, 53.7655984443713 ], [ -0.934499012722836, 53.801777189050398 ], [ -0.920106077429086, 53.816092992986199 ], [ -0.940610986349814, 53.823518466318099 ], [ -0.948190213018105, 53.861582699169297 ], [ -0.92340332414165, 53.880719618315503 ], [ -0.920841870612821, 53.890690343251499 ], [ -0.949519693908425, 53.893914804392502 ], [ -0.921532912196918, 53.921406529836702 ], [ -0.921212172316722, 53.960422223828999 ], [ -0.934106000959381, 53.9684564223408 ], [ -0.925294992911636, 53.9915183740072 ], [ -0.893902669681898, 53.999535079818401 ], [ -0.878427062104742, 54.017199645490003 ], [ -0.800704633922219, 54.024118618454899 ], [ -0.799191011163153, 54.019054838634901 ], [ -0.734257303331504, 54.030258773784901 ], [ -0.730489261578151, 54.012700834952199 ], [ -0.68350162911553, 54.008801852825698 ], [ -0.687039074332374, 54.030767659659503 ], [ -0.659484342246755, 54.037169825802202 ], [ -0.644653954650704, 54.055113096794102 ], [ -0.660316933915928, 54.063100052885602 ], [ -0.615523445115742, 54.070493708808598 ], [ -0.563137247607814, 54.093999525552 ], [ -0.524612344870749, 54.085474746733802 ], [ -0.465942458016893, 54.107632976882698 ], [ -0.454351131499513, 54.116762511462497 ], [ -0.458539666811106, 54.125973608353398 ], [ -0.427093852639448, 54.137442560997599 ], [ -0.433168631458221, 54.164072714525403 ], [ -0.418427787901165, 54.174025311517497 ], [ -0.390747238234669, 54.176520705341702 ], [ -0.37492744814463, 54.154113152906099 ], [ -0.346397161515299, 54.146872941629503 ], [ -0.323841934250232, 54.150296933654801 ], [ -0.304236423519452, 54.136261851658901 ], [ -0.265419797803465, 54.1405585091454 ], [ -0.22974662180302, 54.132440354904702 ], [ -0.212665525348072, 54.157733894727102 ] ] ] } },
{ "type": "Feature", "properties": { "FID": 12, "LAD24CD": "E06000012", "LAD24NM": "North East Lincolnshire", "LAD24NMW": " ", "BNG_E": 523465, "BNG_N": 404564, "LONG": -0.13911, "LAT": 53.5233, "GlobalID": "f01b6dea-6495-41d6-bacd-7a49b8780de4", "LAD24CD_1": "E06000012", "LAD24NM_1": "North East Lincolnshire", "RUC21CD": "UUN", "RUC21NM": "Urban: Majority nearer to a major town or city", "Urban_rura": "Urban", "Shape_Leng": 78307.124004600002, "Shape__Area": 190584874.03523254, "Shape__Length": 78307.124004627374 }, "geometry": { "type": "Polygon", "coordinates": [ [ [ 0.015507456115982, 53.527945834361702 ], [ -0.014799288854528, 53.515368571996802 ], [ -0.065045410609838, 53.518739656868902 ], [ -0.075262003890499, 53.489335739025499 ], [ -0.095488450310831, 53.485988995655603 ], [ -0.089803735537529, 53.4776824143987 ], [ -0.10782063241139, 53.4698627568227 ], [ -0.082209345071156, 53.451151005479801 ], [ -0.120343715760136, 53.4335649224696 ], [ -0.131844979439125, 53.435925543466901 ], [ -0.149227746736442, 53.446699664488001 ], [ -0.153680016923717, 53.4656777570993 ], [ -0.181804717740498, 53.468649411350498 ], [ -0.188565229273785, 53.484538057592196 ], [ -0.210604976147154, 53.486288474239601 ], [ -0.204086448790055, 53.511767341910101 ], [ -0.210589579218055, 53.531706464101703 ], [ -0.219882527217496, 53.532606490772103 ], [ -0.189340889945024, 53.565922587625302 ], [ -0.195185374970214, 53.571619356694598 ], [ -0.222558901329779, 53.568016927362599 ], [ -0.234668675193634, 53.586250418497301 ], [ -0.251395553409818, 53.584653076087299 ], [ -0.24847604907361, 53.593663691688 ], [ -0.29211512919743, 53.613267430318203 ], [ -0.232616662304542, 53.624002988455302 ], [ -0.200792478870285, 53.640020775785402 ], [ -0.200723603455493, 53.639965970677601 ], [ -0.186723670633616, 53.632277153712401 ], [ -0.093843961973294, 53.581155683453602 ], [ -0.079272873674365, 53.576956442590699 ], [ -0.065150255196428, 53.583285432196902 ], [ -0.0619974617725, 53.582471500809902 ], [ -0.015037666755076, 53.551509059243401 ], [ -0.003520029235385, 53.546719607098701 ], [ -0.008541075727788, 53.555669039132603 ], [ 0.015507456115982, 53.527945834361702 ] ] ] } },
{ "type": "Feature", "properties": { "FID": 13, "LAD24CD": "E06000013", "LAD24NM": "North Lincolnshire", "LAD24NMW": " ", "BNG_E": 497800, "BNG_N": 410993, "LONG": -0.52407, "LAT": 53.5864, "GlobalID": "9c8159f5-04f7-48ed-9bbc-97c827f8a7ed", "LAD24CD_1": "E06000013", "LAD24NM_1": "North Lincolnshire", "RUC21CD": "RIN", "RUC21NM": "Intermediate rural: Majority nearer to a major town or city", "Urban_rura": "Rural", "Shape_Leng": 183045.19243200001, "Shape__Area": 849076821.83840942, "Shape__Length": 183045.19243173118 }, "geometry": { "type": "MultiPolygon", "coordinates": [ [ [ [ -0.520770416932692, 53.685218805142 ], [ -0.535747782738275, 53.681256422974698 ], [ -0.55371706680489, 53.690332456919599 ], [ -0.520770416932692, 53.685218805142 ] ] ], [ [ [ -0.294150161665221, 53.714141502555499 ], [ -0.252402518158884, 53.6810366954169 ], [ -0.237895867927804, 53.663594661885703 ], [ -0.203332045112787, 53.6420414032984 ], [ -0.200792478870285, 53.640020775785402 ], [ -0.232616662304542, 53.624002988455302 ], [ -0.29211512919743, 53.613267430318203 ], [ -0.308555246775199, 53.614328756958699 ], [ -0.300743140941247, 53.595283630075599 ], [ -0.335938821094677, 53.558626591336498 ], [ -0.41696297298743, 53.563214688994599 ], [ -0.429001046046789, 53.5745247142208 ], [ -0.467018371437879, 53.5489606914837 ], [ -0.490926930402738, 53.545874922877097 ], [ -0.50125785289296, 53.537461575709301 ], [ -0.430664749921137, 53.546337155555598 ], [ -0.408145080459695, 53.532108867697097 ], [ -0.405074524830151, 53.517616902462301 ], [ -0.488383657821996, 53.504860223602599 ], [ -0.486630004727343, 53.480470166881197 ], [ -0.471749465254693, 53.474872900867901 ], [ -0.551788631166795, 53.459519986388699 ], [ -0.629752674978015, 53.458218991559498 ], [ -0.624491104429227, 53.512839213956397 ], [ -0.739591684118626, 53.519935948176503 ], [ -0.752113860480161, 53.500530607754499 ], [ -0.768109606084077, 53.498925607439602 ], [ -0.771568244935175, 53.479201559762998 ], [ -0.784388777567045, 53.476669214816901 ], [ -0.784364875033277, 53.463379545697201 ], [ -0.797483349537156, 53.455064446009303 ], [ -0.871919281432214, 53.466310803052998 ], [ -0.916249020723134, 53.460295688813503 ], [ -0.920246794246959, 53.465507649668503 ], [ -0.9004706270826, 53.475155866377399 ], [ -0.935564625288195, 53.502516528489302 ], [ -0.932094163383945, 53.510671822714997 ], [ -0.950009087300711, 53.513657433567701 ], [ -0.943715825340442, 53.530643017766899 ], [ -0.892295380495885, 53.537466962944201 ], [ -0.901265910078631, 53.547908424349103 ], [ -0.890995208077955, 53.566558981391097 ], [ -0.901117807880235, 53.5687242257127 ], [ -0.897926451077773, 53.583277437693098 ], [ -0.865338726025611, 53.637708232142501 ], [ -0.84826408757923, 53.6330366601861 ], [ -0.788743473253485, 53.659209735365799 ], [ -0.772135989616307, 53.664075275445803 ], [ -0.774499549375076, 53.6562092282606 ], [ -0.72176846098143, 53.679360608630702 ], [ -0.702380787457698, 53.6774872648326 ], [ -0.699125441023546, 53.690296757896697 ], [ -0.698493650558127, 53.684611237992797 ], [ -0.691738953885145, 53.678753297463899 ], [ -0.684916026531492, 53.672834288575601 ], [ -0.694908836006212, 53.6945228861888 ], [ -0.639504133860446, 53.710169187424697 ], [ -0.610655001720264, 53.714458248840302 ], [ -0.586254456949993, 53.693338751797498 ], [ -0.523512658257057, 53.676993729994997 ], [ -0.487081675840563, 53.691610148422299 ], [ -0.470575723188397, 53.698225460501597 ], [ -0.443415969655919, 53.697354177095598 ], [ -0.442844430384238, 53.689281217896998 ], [ -0.442570645390069, 53.697331323551303 ], [ -0.39494446993873, 53.700048212195099 ], [ -0.390496302246744, 53.6892467230766 ], [ -0.387605025750805, 53.702188828088602 ], [ -0.294150161665221, 53.714141502555499 ] ] ] ] } },
{ "type": "Feature", "properties": { "FID": 14, "LAD24CD": "E06000014", "LAD24NM": "York", "LAD24NMW": " ", "BNG_E": 460863, "BNG_N": 452590, "LONG": -1.07376, "LAT": 53.9658, "GlobalID": "ceaa0b43-7063-4238-8ed7-4a0ffc601f45", "LAD24CD_1": "E06000014", "LAD24NM_1": "York", "RUC21CD": "UUN", "RUC21NM": "Urban: Majority nearer to a major town or city", "Urban_rura": "Urban", "Shape_Leng": 84097.299413500004, "Shape__Area": 274859577.35604858, "Shape__Length": 84097.299413501212 }, "geometry": { "type": "Polygon", "coordinates": [ [ [ -0.925294992911636, 53.9915183740072 ], [ -0.934106000959381, 53.9684564223408 ], [ -0.921212172316722, 53.960422223828999 ], [ -0.921532912196918, 53.921406529836702 ], [ -0.949519693908425, 53.893914804392502 ], [ -0.920841870612821, 53.890690343251499 ], [ -0.92340332414165, 53.880719618315503 ], [ -0.94398126304104, 53.888058428021402 ], [ -0.992803085961669, 53.875191697697097 ], [ -1.00818565733314, 53.889935803523599 ], [ -1.06498679396312, 53.874610674648203 ], [ -1.09116902566234, 53.885788592390199 ], [ -1.10526167148522, 53.875657280147898 ], [ -1.19949479443534, 53.925351273628102 ], [ -1.22371908740097, 53.974754630544197 ], [ -1.21659687756026, 53.985612542519398 ], [ -1.18210315303178, 53.985345264194102 ], [ -1.18880639954997, 54.002480155483298 ], [ -1.15168802423516, 53.989115439583799 ], [ -1.13699822638128, 53.991082621879698 ], [ -1.14909066483636, 54.002947379844699 ], [ -1.14079656188959, 54.029858813859398 ], [ -1.12017616405721, 54.029026362059 ], [ -1.08940781055503, 54.048014557231099 ], [ -1.05873382513449, 54.0478451030326 ], [ -1.05971214270556, 54.056882884450701 ], [ -1.01437741453304, 54.049321815395103 ], [ -1.00208473428272, 54.055263067143997 ], [ -0.966863590182243, 54.022966561680803 ], [ -0.984707223975977, 54.0025472492025 ], [ -0.975366299699151, 54.004731572160203 ], [ -0.971919430860755, 53.996710165673498 ], [ -0.9948365230849, 53.983064170792197 ], [ -0.925294992911636, 53.9915183740072 ] ] ] } },
{ "type": "Feature", "properties": { "FID": 15, "LAD24CD": "E06000015", "LAD24NM": "Derby", "LAD24NMW": " ", "BNG_E": 435611, "BNG_N": 335375, "LONG": -1.47186, "LAT": 52.9146, "GlobalID": "ac9823fe-ffe5-4f6e-978e-6a841264b6bf", "LAD24CD_1": "E06000015", "LAD24NM_1": "Derby", "RUC21CD": "UUN", "RUC21NM": "Urban: Majority nearer to a major town or city", "Urban_rura": "Urban", "Shape_Leng": 40192.935493700003, "Shape__Area": 78263996.643249512, "Shape__Length": 40192.935493679033 }, "geometry": { "type": "Polygon", "coordinates": [ [ [ -1.3883558021229, 52.901473724551501 ], [ -1.4027722736366, 52.900462451954603 ], [ -1.41891258900273, 52.884546471058599 ], [ -1.42356745031987, 52.865078048183697 ], [ -1.44622683054701, 52.861309423351003 ], [ -1.46408640129894, 52.872559913646 ], [ -1.49369587016386, 52.869752531437499 ], [ -1.50311222561322, 52.884845447122302 ], [ -1.54169100450497, 52.889539926534397 ], [ -1.5568346800686, 52.914645454546601 ], [ -1.54406849888716, 52.924207737898001 ], [ -1.508028820759, 52.937451808785902 ], [ -1.49540548177514, 52.965879361987803 ], [ -1.4746889725232, 52.965909349222301 ], [ -1.46855219193081, 52.9506623052824 ], [ -1.40928062885273, 52.950322643132097 ], [ -1.42396412434777, 52.935651068267198 ], [ -1.38307440746764, 52.925931568736402 ], [ -1.3883558021229, 52.901473724551501 ] ] ] } },
{ "type": "Feature", "properties": { "FID": 16, "LAD24CD": "E06000016", "LAD24NM": "Leicester", "LAD24NMW": " ", "BNG_E": 458946, "BNG_N": 304594, "LONG": -1.1304, "LAT": 52.6359, "GlobalID": "c8cadc27-7da7-4ca2-802a-04828ed442dd", "LAD24CD_1": "E06000016", "LAD24NM_1": "Leicester", "RUC21CD": "UUN", "RUC21NM": "Urban: Majority nearer to a major town or city", "Urban_rura": "Urban", "Shape_Leng": 40836.091869000003, "Shape__Area": 73578513.636772156, "Shape__Length": 40836.091869034273 }, "geometry": { "type": "Polygon", "coordinates": [ [ [ -1.04861278988328, 52.654995955484203 ], [ -1.04696224710518, 52.634620080345698 ], [ -1.07048970747673, 52.618066830475499 ], [ -1.09661352028508, 52.616491380846298 ], [ -1.10365075505458, 52.5959117935341 ], [ -1.12017085196089, 52.597544075963903 ], [ -1.14361854307226, 52.588025425686197 ], [ -1.14949577431606, 52.5810241148586 ], [ -1.16094169838228, 52.582530549003302 ], [ -1.15789024255452, 52.590821988086198 ], [ -1.17422436304014, 52.592926340815602 ], [ -1.16549861830906, 52.613102635920498 ], [ -1.215980784602, 52.634533555367597 ], [ -1.20725216803536, 52.642587970705101 ], [ -1.19065594938898, 52.640393858533997 ], [ -1.18528923933493, 52.660644095281498 ], [ -1.17810614733343, 52.678010449969399 ], [ -1.15725203286727, 52.691523025163598 ], [ -1.14326236102496, 52.687157157171697 ], [ -1.12922467843509, 52.665389781485999 ], [ -1.11881182169027, 52.673186317951803 ], [ -1.0750788495323, 52.669625636595299 ], [ -1.04861278988328, 52.654995955484203 ] ] ] } },
{ "type": "Feature", "properties": { "FID": 17, "LAD24CD": "E06000017", "LAD24NM": "Rutland", "LAD24NMW": " ", "BNG_E": 492992, "BNG_N": 308655, "LONG": -0.6263, "LAT": 52.6676, "GlobalID": "5d18fe53-e30d-4bb2-975e-47c220f9a789", "LAD24CD_1": "E06000017", "LAD24NM_1": "Rutland", "RUC21CD": "RMF", "RUC21NM": "Majority rural: Majority further from a major town or city", "Urban_rura": "Rural", "Shape_Leng": 96490.915144, "Shape__Area": 391226387.94873047, "Shape__Length": 96490.915144018625 }, "geometry": { "type": "Polygon", "coordinates": [ [ [ -0.495025802128916, 52.640236384337598 ], [ -0.517203112387242, 52.642441732220199 ], [ -0.540260653382861, 52.625965768249998 ], [ -0.552938000985828, 52.601411862340697 ], [ -0.544175784928157, 52.592865856363503 ], [ -0.558080856418455, 52.594509213690699 ], [ -0.571903726305604, 52.585803368904699 ], [ -0.58147859321182, 52.595883350319497 ], [ -0.588743270020906, 52.586793334089201 ], [ -0.602968554664781, 52.588651611526501 ], [ -0.660912737595725, 52.568945704531998 ], [ -0.713658337963826, 52.524963967447498 ], [ -0.742206489930266, 52.539485976112502 ], [ -0.738864421751923, 52.548883337066101 ], [ -0.759893743806875, 52.564906033456602 ], [ -0.765276706324838, 52.582498190589497 ], [ -0.792435455444373, 52.597614169051802 ], [ -0.820950352829114, 52.596454860809203 ], [ -0.805824670618499, 52.620687877435202 ], [ -0.80876039097453, 52.6461209877668 ], [ -0.782041592366397, 52.669481437632697 ], [ -0.786037151849535, 52.6947509395089 ], [ -0.821752864472964, 52.7156751836391 ], [ -0.813435226931193, 52.729129731980102 ], [ -0.776484384415236, 52.743934190847597 ], [ -0.751697884509706, 52.736712185263599 ], [ -0.664101453534753, 52.756710460027598 ], [ -0.610288468749071, 52.759821378729498 ], [ -0.6054438425778, 52.750492943509201 ], [ -0.572636470370485, 52.753109037212297 ], [ -0.539974276076003, 52.738401753862902 ], [ -0.542433641184147, 52.723281448529697 ], [ -0.49453090710973, 52.709653278868302 ], [ -0.430443229209799, 52.7054219465724 ], [ -0.434054536211506, 52.683705070839601 ], [ -0.456191200774775, 52.670393432484197 ], [ -0.50667432122478, 52.659525920384702 ], [ -0.523586001633851, 52.665233719338602 ], [ -0.495025802128916, 52.640236384337598 ] ] ] } },
{ "type": "Feature", "properties": { "FID": 18, "LAD24CD": "E06000018", "LAD24NM": "Nottingham", "LAD24NMW": " ", "BNG_E": 456082, "BNG_N": 339970, "LONG": -1.16667, "LAT": 52.9542, "GlobalID": "f236450c-9be6-4372-a53a-e70b2bf6bd04", "LAD24CD_1": "E06000018", "LAD24NM_1": "Nottingham", "RUC21CD": "UUN", "RUC21NM": "Urban: Majority nearer to a major town or city", "Urban_rura": "Urban", "Shape_Leng": 49587.972296200001, "Shape__Area": 75902564.096694946, "Shape__Length": 49587.972296168628 }, "geometry": { "type": "Polygon", "coordinates": [ [ [ -1.08611507246246, 52.948569883054802 ], [ -1.0996766978426, 52.9419751345077 ], [ -1.13176001590183, 52.942815924829603 ], [ -1.14188338396034, 52.931989529996599 ], [ -1.15228878148246, 52.9370264514246 ], [ -1.15856393277553, 52.900035796845501 ], [ -1.17653752595521, 52.889027753150401 ], [ -1.21391985222849, 52.904414786702802 ], [ -1.21089944638808, 52.912152758570898 ], [ -1.1990092076238, 52.909478866636803 ], [ -1.1823012510609, 52.917336269623497 ], [ -1.24689074252863, 52.953195702378203 ], [ -1.23197884944612, 52.967642705662399 ], [ -1.24683864344809, 52.984543193681198 ], [ -1.22617837809272, 52.981142182214903 ], [ -1.20336759608895, 52.987509694350301 ], [ -1.21911498293446, 52.991444493990798 ], [ -1.22519109963406, 53.008137068347601 ], [ -1.21003739743806, 53.0181167427913 ], [ -1.1827461829988, 53.0185691449839 ], [ -1.14352769902839, 53.006510089096103 ], [ -1.15365597377739, 52.997185216965399 ], [ -1.13825471637456, 52.9948435779378 ], [ -1.14248865969578, 52.986288404457198 ], [ -1.12278627374494, 52.983466948202199 ], [ -1.12010685417214, 52.967825393329498 ], [ -1.08611507246246, 52.948569883054802 ] ] ] } },
{ "type": "Feature", "properties": { "FID": 19, "LAD24CD": "E06000019", "LAD24NM": "Herefordshire, County of", "LAD24NMW": " ", "BNG_E": 349434, "BNG_N": 242842, "LONG": -2.73931, "LAT": 52.0816, "GlobalID": "fe338083-711c-43a7-a593-e5e0ed4239f0", "LAD24CD_1": "E06000019", "LAD24NM_1": "Herefordshire, County of", "RUC21CD": "RMF", "RUC21NM": "Majority rural: Majority further from a major town or city", "Urban_rura": "Rural", "Shape_Leng": 285477.62583600002, "Shape__Area": 2180498643.0029373, "Shape__Length": 285477.62583626492 }, "geometry": { "type": "Polygon", "coordinates": [ [ [ -2.61809524430103, 52.3069466451511 ], [ -2.66320730775251, 52.303951449074198 ], [ -2.63988032086721, 52.286311216930599 ], [ -2.59793122459573, 52.281617712547799 ], [ -2.62829691741787, 52.261164579593299 ], [ -2.6289691880592, 52.240372916097797 ], [ -2.57420551071335, 52.252731384160803 ], [ -2.53167300470246, 52.253276766081598 ], [ -2.52589623273457, 52.248167118357998 ], [ -2.49565385062614, 52.256907832747501 ], [ -2.50311281254, 52.277449562337999 ], [ -2.45140272258487, 52.285082774055603 ], [ -2.42799581004903, 52.270609934792503 ], [ -2.46809895102878, 52.256038010595198 ], [ -2.47470174108041, 52.241359085981699 ], [ -2.46497842153313, 52.234383008136597 ], [ -2.42307129047108, 52.237245287203699 ], [ -2.38419832847772, 52.225222737465401 ], [ -2.40392023874367, 52.221481548536303 ], [ -2.39267869727477, 52.2086147371595 ], [ -2.4078942095378, 52.2027409573219 ], [ -2.42207066277723, 52.172347065413398 ], [ -2.43518169514866, 52.168218893410497 ], [ -2.41500125501049, 52.145164124874597 ], [ -2.37938385825026, 52.155055201974299 ], [ -2.35140196148415, 52.144624133750099 ], [ -2.35214734429092, 52.103485587856802 ], [ -2.33796261565779, 52.089884619324998 ], [ -2.35137852244174, 52.021359028124699 ], [ -2.39289223171328, 52.0129587691277 ], [ -2.3990184898963, 51.996145946964504 ], [ -2.41319627507641, 51.994090306896801 ], [ -2.43729372314514, 51.997167042513901 ], [ -2.43655767424144, 52.0148038378181 ], [ -2.46337278472343, 52.014042446842403 ], [ -2.4640393485931, 52.023248006987799 ], [ -2.47893230092191, 52.022530410125299 ], [ -2.49198479935107, 52.007661874586702 ], [ -2.47099259337338, 51.994736072193 ], [ -2.49491293332375, 51.981075205911701 ], [ -2.49224484623915, 51.964128776399001 ], [ -2.50090645407367, 51.960609143371201 ], [ -2.46557353500141, 51.951704584373097 ], [ -2.4660430006938, 51.9279745026219 ], [ -2.44818479288624, 51.918668231321703 ], [ -2.43927491603518, 51.897382285240703 ], [ -2.48779469274655, 51.880417544992802 ], [ -2.50862440109418, 51.885169056029603 ], [ -2.53162394037576, 51.860771545985799 ], [ -2.58076385588478, 51.861588880685098 ], [ -2.58281688241695, 51.849577352030998 ], [ -2.60121663304725, 51.856216263492698 ], [ -2.62546695815918, 51.838964001538301 ], [ -2.63671005341688, 51.8430952603725 ], [ -2.65040070567432, 51.826124688022098 ], [ -2.66619753963782, 51.8356235561264 ], [ -2.69329553822647, 51.833841011250101 ], [ -2.69730211579747, 51.844809126748899 ], [ -2.71512837058452, 51.840243926792901 ], [ -2.71966531119947, 51.848869689110302 ], [ -2.73884858634764, 51.836616509463198 ], [ -2.77879887552431, 51.865859065781997 ], [ -2.76830730538435, 51.880444840720202 ], [ -2.83610650626024, 51.906053538119103 ], [ -2.84194532227904, 51.917727812754002 ], [ -2.86187161480982, 51.913979070428397 ], [ -2.84499642015606, 51.922087189750599 ], [ -2.87783522764085, 51.933814375218297 ], [ -2.97184633087118, 51.904981625872601 ], [ -2.97666533447377, 51.927490198269403 ], [ -3.00812331564277, 51.927130545758097 ], [ -3.02592825998755, 51.957270769139001 ], [ -3.06737674091607, 51.983136296546299 ], [ -3.09919890693024, 52.0226858076554 ], [ -3.08628664345927, 52.040194373574799 ], [ -3.09058811273154, 52.050513287011 ], [ -3.1258956184989, 52.078310820691797 ], [ -3.12267991084996, 52.103148785591998 ], [ -3.10534931223889, 52.105417821815998 ], [ -3.10492212967307, 52.116741892895199 ], [ -3.14192072484887, 52.127867184510499 ], [ -3.13587330508285, 52.137908391339003 ], [ -3.09369007605061, 52.144305995509299 ], [ -3.0725382658941, 52.155773233873703 ], [ -3.08254318096633, 52.1630471599712 ], [ -3.09889603996449, 52.154733885173798 ], [ -3.12243047087079, 52.163419604666402 ], [ -3.09465104889233, 52.183742272120803 ], [ -3.10208187078616, 52.202720424728199 ], [ -3.07209180392951, 52.213087286731898 ], [ -3.07303671037743, 52.235876919723502 ], [ -3.04421511696905, 52.2379274553372 ], [ -3.04831809735968, 52.250232908346298 ], [ -3.03586088954314, 52.2567570179136 ], [ -3.00577598466957, 52.26425950182 ], [ -2.97718162692593, 52.259686146293198 ], [ -2.94963475580722, 52.269468233310803 ], [ -3.01262166661965, 52.279206804999099 ], [ -3.0008661669243, 52.321765802528503 ], [ -2.96680116367831, 52.329449073725598 ], [ -2.95465135625057, 52.349154761937797 ], [ -2.93314924449305, 52.350052133551898 ], [ -2.93888929692198, 52.3610579821258 ], [ -2.9261433373763, 52.366995254893197 ], [ -2.90080513581716, 52.367270260508398 ], [ -2.92231079516907, 52.375147345610003 ], [ -2.9176851490735, 52.386288478536201 ], [ -2.89309757739588, 52.3740857996955 ], [ -2.88841573955345, 52.385170425236502 ], [ -2.85503772047807, 52.395486018717001 ], [ -2.81822288080805, 52.391229952015998 ], [ -2.80543256064045, 52.388252070047997 ], [ -2.80732909741049, 52.375911448165702 ], [ -2.79250462990759, 52.375283533226302 ], [ -2.79242010801848, 52.356863603044097 ], [ -2.73274009474419, 52.355515417804199 ], [ -2.74844780693571, 52.334904567603701 ], [ -2.76700541828437, 52.336157462090803 ], [ -2.71423508446195, 52.308834679896897 ], [ -2.67981117516044, 52.312023092025697 ], [ -2.68912776448561, 52.316605481808303 ], [ -2.66513163045228, 52.342284248375499 ], [ -2.62393298559876, 52.321388085152499 ], [ -2.61809524430103, 52.3069466451511 ] ] ] } },
{ "type": "Feature", "properties": { "FID": 20, "LAD24CD": "E06000020", "LAD24NM": "Telford and Wrekin", "LAD24NMW": " ", "BNG_E": 367035, "BNG_N": 313057, "LONG": -2.48941, "LAT": 52.7142, "GlobalID": "57516615-faa2-4752-b9f1-a9ce146857e4", "LAD24CD_1": "E06000020", "LAD24NM_1": "Telford and Wrekin", "RUC21CD": "UUN", "RUC21NM": "Urban: Majority nearer to a major town or city", "Urban_rura": "Urban", "Shape_Leng": 93581.729502000002, "Shape__Area": 291774659.55693817, "Shape__Length": 93581.729501965383 }, "geometry": { "type": "Polygon", "coordinates": [ [ [ -2.31220797845677, 52.740837714166197 ], [ -2.3156367525332, 52.732939982822003 ], [ -2.35776744733042, 52.731246474034997 ], [ -2.37654762449238, 52.739597061599198 ], [ -2.41902901166181, 52.662892015508902 ], [ -2.41829505360872, 52.633774940159199 ], [ -2.43663474871759, 52.627094046925798 ], [ -2.43809990290042, 52.614568343448603 ], [ -2.50177354912493, 52.629018813300704 ], [ -2.54838538604587, 52.654634348597298 ], [ -2.55564737354675, 52.671098106833199 ], [ -2.62259601335968, 52.699024462948699 ], [ -2.59741996828975, 52.718251168973303 ], [ -2.66019992044015, 52.731724105292201 ], [ -2.66351492320801, 52.760402699433698 ], [ -2.64306350259403, 52.7670763844908 ], [ -2.63232466481739, 52.759574675779902 ], [ -2.6210084701581, 52.7764659011576 ], [ -2.59226703186324, 52.776819444760299 ], [ -2.59813350120405, 52.797996048316101 ], [ -2.58277402480627, 52.805597505129597 ], [ -2.55176917292884, 52.802515654394398 ], [ -2.53369894147206, 52.793999526914902 ], [ -2.53745077758983, 52.785058440149399 ], [ -2.5219476722418, 52.798909126711898 ], [ -2.50293179651684, 52.796615180776797 ], [ -2.48650658342808, 52.8052457102673 ], [ -2.47712088994151, 52.799378551548003 ], [ -2.48970354173007, 52.7829732890199 ], [ -2.47280977449132, 52.7804223268923 ], [ -2.45625527532494, 52.784186452172897 ], [ -2.47289499273347, 52.820803418862802 ], [ -2.41634660240013, 52.827005990096801 ], [ -2.37765452619335, 52.811642814618402 ], [ -2.37132740406142, 52.795304436730603 ], [ -2.38503500767273, 52.789589101470497 ], [ -2.31220797845677, 52.740837714166197 ] ] ] } },
{ "type": "Feature", "properties": { "FID": 21, "LAD24CD": "E06000021", "LAD24NM": "Stoke-on-Trent", "LAD24NMW": " ", "BNG_E": 389438, "BNG_N": 346650, "LONG": -2.15888, "LAT": 53.0171, "GlobalID": "7a1bbebb-792e-4114-ab89-edd97230e841", "LAD24CD_1": "E06000021", "LAD24NM_1": "Stoke-on-Trent", "RUC21CD": "UUN", "RUC21NM": "Urban: Majority nearer to a major town or city", "Urban_rura": "Urban", "Shape_Leng": 51328.380975699998, "Shape__Area": 92984992.617523193, "Shape__Length": 51328.380975671033 }, "geometry": { "type": "Polygon", "coordinates": [ [ [ -2.18114817752347, 53.089843858558702 ], [ -2.17170015872383, 53.089447147167803 ], [ -2.16110100828987, 53.070083842539297 ], [ -2.12537270499514, 53.064614900878702 ], [ -2.11658296910728, 53.048032923977303 ], [ -2.13177855900004, 53.047333881596103 ], [ -2.12376331441735, 53.0215895937799 ], [ -2.10346667550099, 53.010857964004899 ], [ -2.10501609434108, 52.997658255257697 ], [ -2.08851755084279, 52.997066430477098 ], [ -2.09199697509273, 52.985568340539899 ], [ -2.07923858928417, 52.9745002720746 ], [ -2.0881312250497, 52.973848352147897 ], [ -2.08123086259215, 52.9669020160554 ], [ -2.12165690294565, 52.956086240706597 ], [ -2.13040308885892, 52.9711763974028 ], [ -2.14571072867989, 52.976110797668397 ], [ -2.16259461482334, 52.953365373421498 ], [ -2.17681385739838, 52.953693614810902 ], [ -2.18156045981073, 52.946158157062101 ], [ -2.21251365491189, 52.980575068887902 ], [ -2.20434090153092, 52.981398210850301 ], [ -2.21553062616227, 53.015283135137999 ], [ -2.20251669188531, 53.019959884292803 ], [ -2.23876135172224, 53.073339264678097 ], [ -2.19856288702297, 53.092733167682503 ], [ -2.18114817752347, 53.089843858558702 ] ] ] } },
{ "type": "Feature", "properties": { "FID": 22, "LAD24CD": "E06000022", "LAD24NM": "Bath and North East Somerset", "LAD24NMW": " ", "BNG_E": 366215, "BNG_N": 161999, "LONG": -2.48657, "LAT": 51.356, "GlobalID": "d39b22b4-89b8-4cdc-a6ea-e518a292b09c", "LAD24CD_1": "E06000022", "LAD24NM_1": "Bath and North East Somerset", "RUC21CD": "UIN", "RUC21NM": "Intermediate urban: Majority nearer to a major town or city", "Urban_rura": "Urban", "Shape_Leng": 107032.09459199999, "Shape__Area": 348634061.16124344, "Shape__Length": 107032.09459238581 }, "geometry": { "type": "Polygon", "coordinates": [ [ [ -2.29464220744988, 51.4288037084834 ], [ -2.27853827641173, 51.415815180572203 ], [ -2.29080374096335, 51.405716497767301 ], [ -2.28191115864131, 51.397210410294399 ], [ -2.29670873229616, 51.394846192281904 ], [ -2.29204208281613, 51.3695656579971 ], [ -2.34433841756594, 51.345563721980703 ], [ -2.29640906948892, 51.342661984108702 ], [ -2.30092693165784, 51.333222531071897 ], [ -2.28909082429693, 51.325272047624502 ], [ -2.38718077281427, 51.294643447876503 ], [ -2.40091745014227, 51.304800232129999 ], [ -2.45172260312224, 51.274251402271801 ], [ -2.47377164397769, 51.277970944123602 ], [ -2.47800109139509, 51.273096743081602 ], [ -2.50635614425412, 51.278990778880001 ], [ -2.49722110687873, 51.2908409030412 ], [ -2.55782420176251, 51.302661395090603 ], [ -2.6274364897476, 51.2828239542877 ], [ -2.63862471913682, 51.294800322747903 ], [ -2.6948765814064, 51.318076389021499 ], [ -2.68718162543518, 51.330358042307203 ], [ -2.70789213030415, 51.337803225015897 ], [ -2.69050128551099, 51.349528268206903 ], [ -2.69419132196097, 51.379836880031299 ], [ -2.67968832706256, 51.360085361257099 ], [ -2.66872547084079, 51.360613703515099 ], [ -2.67656947866913, 51.341939864140798 ], [ -2.65897203199174, 51.341507465166202 ], [ -2.64440530457317, 51.375133767901197 ], [ -2.63002323391255, 51.375213050593104 ], [ -2.62695332738531, 51.387133973950903 ], [ -2.61405177046776, 51.380879456319597 ], [ -2.62270430622918, 51.389409177641497 ], [ -2.60311593760598, 51.388824196833099 ], [ -2.59013231973091, 51.397545207148902 ], [ -2.57075429208891, 51.399369160453297 ], [ -2.56087461617567, 51.411721259249298 ], [ -2.53600697442852, 51.411136807941197 ], [ -2.5262905152521, 51.434777170878 ], [ -2.51046233684169, 51.428782162794199 ], [ -2.49171567270931, 51.429034856889402 ], [ -2.49272573969773, 51.418152323332798 ], [ -2.48095542089661, 51.421578489615698 ], [ -2.46945193676625, 51.415901805228998 ], [ -2.34328969454878, 51.439533491893002 ], [ -2.32502844496388, 51.436990629681901 ], [ -2.31261574802172, 51.422446180922002 ], [ -2.29464220744988, 51.4288037084834 ] ] ] } },
{ "type": "Feature", "properties": { "FID": 23, "LAD24CD": "E06000023", "LAD24NM": "Bristol, City of", "LAD24NMW": " ", "BNG_E": 359990, "BNG_N": 174844, "LONG": -2.57742, "LAT": 51.4711, "GlobalID": "e4dc7fab-fd57-453f-8de9-d913dc26fd44", "LAD24CD_1": "E06000023", "LAD24NM_1": "Bristol, City of", "RUC21CD": "UUN", "RUC21NM": "Urban: Majority nearer to a major town or city", "Urban_rura": "Urban", "Shape_Leng": 75333.8537449, "Shape__Area": 111171802.17595291, "Shape__Length": 75333.853744884284 }, "geometry": { "type": "MultiPolygon", "coordinates": [ [ [ [ -2.83054623186366, 51.466454763506199 ], [ -2.8576659934318, 51.4482515860104 ], [ -2.85277205424544, 51.4528615287972 ], [ -2.83054623186366, 51.466454763506199 ] ] ], [ [ [ -2.68465355541014, 51.480513696459703 ], [ -2.68484840255875, 51.480462071649796 ], [ -2.72732262040413, 51.501887639191601 ], [ -2.71648224169541, 51.500608323513397 ], [ -2.68465355541014, 51.480513696459703 ] ] ], [ [ [ -2.72907477256531, 51.502094322103297 ], [ -2.73256637495998, 51.492462894428002 ], [ -2.74333401364315, 51.493089300167597 ], [ -2.73259059994563, 51.492486587280901 ], [ -2.73052469336393, 51.5022653331486 ], [ -2.72907477256531, 51.502094322103297 ] ] ], [ [ [ -2.67381351919379, 51.544431061036697 ], [ -2.65254055854146, 51.513098164555899 ], [ -2.58098846828396, 51.517408823626198 ], [ -2.58814992658474, 51.5012347002423 ], [ -2.55185112128077, 51.492248816201297 ], [ -2.51586501173572, 51.493867345491999 ], [ -2.51224610442628, 51.4623332954924 ], [ -2.52177049603221, 51.450100344409101 ], [ -2.53932530809583, 51.445842989343497 ], [ -2.51046233684169, 51.428782162794199 ], [ -2.5262905152521, 51.434777170878 ], [ -2.53600697442852, 51.411136807941197 ], [ -2.56087461617567, 51.411721259249298 ], [ -2.57075429208891, 51.399369160453297 ], [ -2.59013231973091, 51.397545207148902 ], [ -2.63328561591729, 51.403475874758698 ], [ -2.62952463445009, 51.437371785837897 ], [ -2.64008287540491, 51.440463427787599 ], [ -2.62580146261484, 51.448754618727698 ], [ -2.63486374373569, 51.467186107746798 ], [ -2.66175446088305, 51.486577746609797 ], [ -2.68464986489814, 51.480514674748903 ], [ -2.70881598627728, 51.497799258287998 ], [ -2.71821750267118, 51.508239764794702 ], [ -2.70774593536939, 51.516781390755398 ], [ -2.67381351919379, 51.544431061036697 ] ] ] ] } },
{ "type": "Feature", "properties": { "FID": 24, "LAD24CD": "E06000024", "LAD24NM": "North Somerset", "LAD24NMW": " ", "BNG_E": 347614, "BNG_N": 166718, "LONG": -2.75438, "LAT": 51.3971, "GlobalID": "ce09c636-bab0-4fd4-8c00-5d5834e296e4", "LAD24CD_1": "E06000024", "LAD24NM_1": "North Somerset", "RUC21CD": "UIN", "RUC21NM": "Intermediate urban: Majority nearer to a major town or city", "Urban_rura": "Urban", "Shape_Leng": 114548.76564500001, "Shape__Area": 373598414.15589142, "Shape__Length": 114548.76564511249 }, "geometry": { "type": "MultiPolygon", "coordinates": [ [ [ [ -2.98635736448069, 51.3124639203131 ], [ -2.98695466470382, 51.311458950705102 ], [ -2.98664958724306, 51.312781381728797 ], [ -2.98635736448069, 51.3124639203131 ] ] ], [ [ [ -2.99427657404061, 51.321065258989897 ], [ -2.99011400394716, 51.316544622079199 ], [ -3.00013840924515, 51.322129344042203 ], [ -2.99427657404061, 51.321065258989897 ] ] ], [ [ [ -2.72732262040413, 51.501887639191601 ], [ -2.68484840255875, 51.480462071649796 ], [ -2.68465355541014, 51.480513696459703 ], [ -2.68461040352096, 51.480486434662303 ], [ -2.68464986489814, 51.480514674748903 ], [ -2.66175446088305, 51.486577746609797 ], [ -2.63486374373569, 51.467186107746798 ], [ -2.62580146261484, 51.448754618727698 ], [ -2.64008287540491, 51.440463427787599 ], [ -2.62952463445009, 51.437371785837897 ], [ -2.63328561591729, 51.403475874758698 ], [ -2.59013231973091, 51.397545207148902 ], [ -2.60311593760598, 51.388824196833099 ], [ -2.62270430622918, 51.389409177641497 ], [ -2.61405177046776, 51.380879456319597 ], [ -2.62695332738531, 51.387133973950903 ], [ -2.63002323391255, 51.375213050593104 ], [ -2.64440530457317, 51.375133767901197 ], [ -2.65897203199174, 51.341507465166202 ], [ -2.67656947866913, 51.341939864140798 ], [ -2.66872547084079, 51.360613703515099 ], [ -2.67968832706256, 51.360085361257099 ], [ -2.69419132196097, 51.379836880031299 ], [ -2.69050128551099, 51.349528268206903 ], [ -2.70789213030415, 51.337803225015897 ], [ -2.68718162543518, 51.330358042307203 ], [ -2.6948765814064, 51.318076389021499 ], [ -2.81472248237028, 51.3270244796554 ], [ -2.81023646544598, 51.3014243111013 ], [ -2.87718865145921, 51.3001036495628 ], [ -2.88493601533683, 51.3066603104431 ], [ -2.89710380982307, 51.290614578200497 ], [ -2.93687950389505, 51.303078852054398 ], [ -2.9620389423923, 51.304790993291903 ], [ -2.97261926639963, 51.295712481436297 ], [ -2.9898200343769, 51.299034776901699 ], [ -2.98810382352796, 51.306477009171203 ], [ -2.98297645880641, 51.312015416202499 ], [ -2.98961293632401, 51.317492429908597 ], [ -2.98585367069829, 51.334934107733197 ], [ -2.98278785857956, 51.349149110966501 ], [ -2.99457587649122, 51.356524364079803 ], [ -2.96749710835432, 51.363664745876697 ], [ -2.9622008781648, 51.3747651603314 ], [ -2.9630511038088, 51.382933786732302 ], [ -2.98082379743117, 51.388428995621602 ], [ -2.9710258223432, 51.390753658736202 ], [ -2.93964350299917, 51.396416379725601 ], [ -2.9392792076602, 51.391022923460397 ], [ -2.91731265341787, 51.395865609024703 ], [ -2.89045814212137, 51.387499997572398 ], [ -2.91279750503947, 51.396241404077401 ], [ -2.86466928548709, 51.441652717867498 ], [ -2.8576659934318, 51.4482515860104 ], [ -2.83054623186366, 51.466454763506199 ], [ -2.79986609904919, 51.485198459327499 ], [ -2.75574630647793, 51.493784398069302 ], [ -2.74333401364315, 51.493089300167597 ], [ -2.73256637495998, 51.492462894428002 ], [ -2.72907477256531, 51.502094322103297 ], [ -2.72732262040413, 51.501887639191601 ] ] ] ] } },
{ "type": "Feature", "properties": { "FID": 25, "LAD24CD": "E06000025", "LAD24NM": "South Gloucestershire", "LAD24NMW": " ", "BNG_E": 367556, "BNG_N": 183197, "LONG": -2.46926, "LAT": 51.5467, "GlobalID": "f2d26686-1792-4624-8c91-8bfd9802bc6b", "LAD24CD_1": "E06000025", "LAD24NM_1": "South Gloucestershire", "RUC21CD": "UUN", "RUC21NM": "Urban: Majority nearer to a major town or city", "Urban_rura": "Urban", "Shape_Leng": 114738.652411, "Shape__Area": 500440999.86225128, "Shape__Length": 114738.65241071289 }, "geometry": { "type": "Polygon", "coordinates": [ [ [ -2.291637286721, 51.593695920185397 ], [ -2.28274577923905, 51.578516561106497 ], [ -2.27263015199504, 51.577557405479503 ], [ -2.26028641253826, 51.5698801480534 ], [ -2.26652266822564, 51.536267915279502 ], [ -2.25240978443968, 51.526889666463298 ], [ -2.32427608910811, 51.497516600535597 ], [ -2.3115304857608, 51.487257996752 ], [ -2.29046578148789, 51.486651003091602 ], [ -2.29574294629382, 51.458590038425001 ], [ -2.28509443323933, 51.457884865453003 ], [ -2.29464220744988, 51.4288037084834 ], [ -2.31261574802172, 51.422446180922002 ], [ -2.32502844496388, 51.436990629681901 ], [ -2.34328969454878, 51.439533491893002 ], [ -2.46945193676625, 51.415901805228998 ], [ -2.48095542089661, 51.421578489615698 ], [ -2.49272573969773, 51.418152323332798 ], [ -2.49171567270931, 51.429034856889402 ], [ -2.51046233684169, 51.428782162794199 ], [ -2.53932530809583, 51.445842989343497 ], [ -2.52177049603221, 51.450100344409101 ], [ -2.51224610442628, 51.4623332954924 ], [ -2.51586501173572, 51.493867345491999 ], [ -2.55185112128077, 51.492248816201297 ], [ -2.58814992658474, 51.5012347002423 ], [ -2.58098846828396, 51.517408823626198 ], [ -2.65254055854146, 51.513098164555899 ], [ -2.67381351919379, 51.544431061036697 ], [ -2.66344644179591, 51.573623847558203 ], [ -2.62779006181031, 51.605645995210203 ], [ -2.57928639445979, 51.629506559320099 ], [ -2.57546194363991, 51.6313860484494 ], [ -2.56910626844932, 51.655546758584599 ], [ -2.53478909673859, 51.677283616453501 ], [ -2.54235461055758, 51.681540255436303 ], [ -2.54081319713281, 51.682397096222601 ], [ -2.48964630141277, 51.663964509500701 ], [ -2.49067532485481, 51.644833983052798 ], [ -2.44298607534301, 51.652486624672399 ], [ -2.38598850246378, 51.639943108714 ], [ -2.40047490634886, 51.635143480194401 ], [ -2.38890966915367, 51.627540373650703 ], [ -2.39465737965729, 51.597368823119297 ], [ -2.37042970085191, 51.597573428840597 ], [ -2.36564150390742, 51.603741118934003 ], [ -2.33106255956941, 51.591602189699003 ], [ -2.291637286721, 51.593695920185397 ] ] ] } },
{ "type": "Feature", "properties": { "FID": 26, "LAD24CD": "E06000026", "LAD24NM": "Plymouth", "LAD24NMW": " ", "BNG_E": 249945, "BNG_N": 58255, "LONG": -4.11297, "LAT": 50.4049, "GlobalID": "b6a61e53-6bad-4b6e-9484-5b6256da6c83", "LAD24CD_1": "E06000026", "LAD24NM_1": "Plymouth", "RUC21CD": "UUN", "RUC21NM": "Urban: Majority nearer to a major town or city", "Urban_rura": "Urban", "Shape_Leng": 56032.133584900002, "Shape__Area": 81941932.712481499, "Shape__Length": 56032.133584913143 }, "geometry": { "type": "MultiPolygon", "coordinates": [ [ [ [ -4.17321191852709, 50.423889752089103 ], [ -4.1766700353812, 50.422568614075402 ], [ -4.1852828688216, 50.426423755680602 ], [ -4.17321191852709, 50.423889752089103 ] ] ], [ [ [ -4.11348830320443, 50.444153800712897 ], [ -4.10954061298207, 50.432094654622801 ], [ -4.082667475929, 50.4246563981471 ], [ -4.07150999070002, 50.401850322608603 ], [ -4.03964982237787, 50.401420471949201 ], [ -4.02116944556102, 50.391777036906397 ], [ -4.02706143660235, 50.37903167044 ], [ -4.05019965234195, 50.377470733320997 ], [ -4.05294433052337, 50.356519983099901 ], [ -4.09061840685327, 50.340897018004199 ], [ -4.12311384756411, 50.346767512922597 ], [ -4.12343244404699, 50.347098140032102 ], [ -4.13081802302357, 50.358998444409004 ], [ -4.10538735791812, 50.356507199683598 ], [ -4.11243592643045, 50.359434755120702 ], [ -4.09978229616671, 50.379272508509899 ], [ -4.10143722883704, 50.382691286263501 ], [ -4.11570407347047, 50.3617862707085 ], [ -4.13273094717388, 50.3620795957967 ], [ -4.13347905385787, 50.363284448173196 ], [ -4.14070667766838, 50.3622160759301 ], [ -4.15282869438648, 50.3624224125615 ], [ -4.15438127815243, 50.367547514058998 ], [ -4.16408426761573, 50.358917970582802 ], [ -4.16368010547366, 50.369448502026003 ], [ -4.17436329346099, 50.3667781667653 ], [ -4.18250130415644, 50.367092063812798 ], [ -4.192916776614, 50.390076343851 ], [ -4.17978116718415, 50.396627802850098 ], [ -4.19454319582552, 50.392086008711999 ], [ -4.1962319946347, 50.393251276677098 ], [ -4.20172123456523, 50.406524658056703 ], [ -4.19520520006229, 50.419118223903801 ], [ -4.19232419822018, 50.424683868606301 ], [ -4.16547770379296, 50.419723922741802 ], [ -4.1635274939179, 50.427588666140899 ], [ -4.16565101392996, 50.426777713322203 ], [ -4.15585554605072, 50.436427012952699 ], [ -4.13566341622028, 50.432928439317401 ], [ -4.11348830320443, 50.444153800712897 ] ] ] ] } },
{ "type": "Feature", "properties": { "FID": 27, "LAD24CD": "E06000027", "LAD24NM": "Torbay", "LAD24NMW": " ", "BNG_E": 289730, "BNG_N": 64613, "LONG": -3.55523, "LAT": 50.4709, "GlobalID": "fb914f12-3aca-47d9-beb4-44fac4125fa5", "LAD24CD_1": "E06000027", "LAD24NM_1": "Torbay", "RUC21CD": "UUF", "RUC21NM": "Urban: Majority further from a major town or city", "Urban_rura": "Urban", "Shape_Leng": 55431.848626799998, "Shape__Area": 65451162.0508461, "Shape__Length": 55431.848626819534 }, "geometry": { "type": "Polygon", "coordinates": [ [ [ -3.50910978149381, 50.516619934817697 ], [ -3.50913535137322, 50.516578669239102 ], [ -3.51484222293155, 50.481758301197097 ], [ -3.48059441325885, 50.463518049979299 ], [ -3.51593414740442, 50.453762796069803 ], [ -3.54067000210069, 50.461069517041402 ], [ -3.55650036914243, 50.429418678327103 ], [ -3.55953632203826, 50.423343787832898 ], [ -3.54483096895344, 50.402106248571101 ], [ -3.51952206080181, 50.403175497676699 ], [ -3.51191461824754, 50.395899098379303 ], [ -3.50518248052754, 50.400004690160301 ], [ -3.51298626449597, 50.405627864113598 ], [ -3.48238785725264, 50.400026911843 ], [ -3.50764454709004, 50.3791676271588 ], [ -3.50768090711007, 50.379051300211998 ], [ -3.54417851822823, 50.3734426014463 ], [ -3.57474380089074, 50.394134434227901 ], [ -3.5798511279214, 50.410205188772203 ], [ -3.59903835412775, 50.409336708761202 ], [ -3.62795399249945, 50.425949373741801 ], [ -3.62512865723184, 50.441274289302001 ], [ -3.58688486139577, 50.452229599081598 ], [ -3.58424985487516, 50.477723117190401 ], [ -3.56978204388095, 50.4907027590043 ], [ -3.5647735727694, 50.4869669708308 ], [ -3.5299434424377, 50.504552822504998 ], [ -3.52082991405517, 50.517698377359899 ], [ -3.50910978149381, 50.516619934817697 ] ] ] } },
{ "type": "Feature", "properties": { "FID": 28, "LAD24CD": "E06000030", "LAD24NM": "Swindon", "LAD24NMW": " ", "BNG_E": 418550, "BNG_N": 186565, "LONG": -1.73369, "LAT": 51.5776, "GlobalID": "ae777cb6-9f5d-4027-b1c7-9a99a65a0a5e", "LAD24CD_1": "E06000030", "LAD24NM_1": "Swindon", "RUC21CD": "UUN", "RUC21NM": "Urban: Majority nearer to a major town or city", "Urban_rura": "Urban", "Shape_Leng": 83694.735786599995, "Shape__Area": 227705224.92477417, "Shape__Length": 83694.735786607402 }, "geometry": { "type": "Polygon", "coordinates": [ [ [ -1.68313461199299, 51.690126376809701 ], [ -1.70021189280661, 51.670883073928003 ], [ -1.69188577119606, 51.652161750439902 ], [ -1.65992419135007, 51.635015924216297 ], [ -1.67372908103647, 51.622836342486004 ], [ -1.66698974337017, 51.616219450748297 ], [ -1.69059536080077, 51.605411233467898 ], [ -1.69110586307939, 51.583505683665898 ], [ -1.67654765821201, 51.569390936641298 ], [ -1.65504259728401, 51.576493359986301 ], [ -1.64768626504516, 51.571934708560697 ], [ -1.60282488305727, 51.518309724635898 ], [ -1.71908165367462, 51.500705539334099 ], [ -1.71573673989899, 51.488383345261802 ], [ -1.77433053529391, 51.4824545724898 ], [ -1.79779682111143, 51.484445931994301 ], [ -1.81345034633343, 51.5070421792337 ], [ -1.83758492292658, 51.500837469140698 ], [ -1.8467213359405, 51.524440398189199 ], [ -1.83698745012491, 51.510861615523098 ], [ -1.83009405215828, 51.515403323985304 ], [ -1.85390577104808, 51.546242674534703 ], [ -1.84920317425281, 51.553341780519297 ], [ -1.86512047840834, 51.559588160536897 ], [ -1.86009282557496, 51.565220353001102 ], [ -1.84511997889254, 51.561747067854597 ], [ -1.84310540516334, 51.578705135799503 ], [ -1.823733053229, 51.582209197273698 ], [ -1.83758612085906, 51.587219957198897 ], [ -1.83180132055688, 51.5967364007752 ], [ -1.84228479519275, 51.612517751745997 ], [ -1.82789707256142, 51.625326811172599 ], [ -1.78864233032141, 51.632714988236401 ], [ -1.79917222668193, 51.662491136437502 ], [ -1.78860021502991, 51.6670069386902 ], [ -1.75382175989693, 51.662173205011896 ], [ -1.727488092936, 51.667208566799999 ], [ -1.71098922041805, 51.671791194520203 ], [ -1.69661143422916, 51.692099700945001 ], [ -1.68313461199299, 51.690126376809701 ] ] ] } },
{ "type": "Feature", "properties": { "FID": 29, "LAD24CD": "E06000031", "LAD24NM": "Peterborough", "LAD24NMW": " ", "BNG_E": 517372, "BNG_N": 300777, "LONG": -0.26874, "LAT": 52.5921, "GlobalID": "622ec1f3-fa2e-40fc-b2a2-481797f2b900", "LAD24CD_1": "E06000031", "LAD24NM_1": "Peterborough", "RUC21CD": "UUN", "RUC21NM": "Urban: Majority nearer to a major town or city", "Urban_rura": "Urban", "Shape_Leng": 97197.357651600003, "Shape__Area": 341522886.91404724, "Shape__Length": 97197.357651627797 }, "geometry": { "type": "Polygon", "coordinates": [ [ [ -0.031270683265058, 52.661532743076101 ], [ -0.012751835145391, 52.594246227313803 ], [ -0.186980183895209, 52.568506748733903 ], [ -0.197873350783597, 52.550805830790999 ], [ -0.187849987826575, 52.541863097285599 ], [ -0.200398362872374, 52.545215846433102 ], [ -0.217663960470306, 52.537923425315 ], [ -0.234798325598806, 52.543667193309702 ], [ -0.244780466792031, 52.522998864087 ], [ -0.269294934340273, 52.520824570292099 ], [ -0.293289613103781, 52.506889108621898 ], [ -0.332735786022453, 52.546545436849499 ], [ -0.325458398681252, 52.5528890317213 ], [ -0.348477510272296, 52.564370087887603 ], [ -0.38545106933809, 52.567189710816301 ], [ -0.396839712356373, 52.582998337385199 ], [ -0.415381402678347, 52.578742638837902 ], [ -0.478814868225147, 52.573645146154902 ], [ -0.492664861408748, 52.581900262479699 ], [ -0.470921180908155, 52.623559337138502 ], [ -0.494688679013636, 52.640265260030702 ], [ -0.452832300952799, 52.654274914733797 ], [ -0.405694618313302, 52.6480559470603 ], [ -0.350076984266874, 52.661670038330797 ], [ -0.335037147761973, 52.674865972717001 ], [ -0.289240338532188, 52.670276187597999 ], [ -0.260753908799236, 52.6514179769663 ], [ -0.212501332962663, 52.666679492114497 ], [ -0.192867813968712, 52.652438510143597 ], [ -0.180020104975691, 52.660561157637801 ], [ -0.14106199482318, 52.651507423873099 ], [ -0.102195958212229, 52.672206194476097 ], [ -0.087752503198597, 52.666786091774398 ], [ -0.063713814376574, 52.675233093712102 ], [ -0.031270683265058, 52.661532743076101 ] ] ] } },
{ "type": "Feature", "properties": { "FID": 30, "LAD24CD": "E06000032", "LAD24NM": "Luton", "LAD24NMW": " ", "BNG_E": 508606, "BNG_N": 222559, "LONG": -0.42319, "LAT": 51.891, "GlobalID": "836dbe58-528d-4c96-9d72-04c440a3eced", "LAD24CD_1": "E06000032", "LAD24NM_1": "Luton", "RUC21CD": "UUN", "RUC21NM": "Urban: Majority nearer to a major town or city", "Urban_rura": "Urban", "Shape_Leng": 30777.4208698, "Shape__Area": 44071111.128578186, "Shape__Length": 30777.420869764013 }, "geometry": { "type": "Polygon", "coordinates": [ [ [ -0.385615555724027, 51.915680395063802 ], [ -0.377489882291102, 51.898433095562801 ], [ -0.349836724804763, 51.878675672646203 ], [ -0.354833888657066, 51.874014528385203 ], [ -0.369755351222524, 51.8681152294903 ], [ -0.39586015374901, 51.870581025373902 ], [ -0.422774558845709, 51.854551935590798 ], [ -0.455274925246212, 51.882287033415203 ], [ -0.505923085960359, 51.900612496211799 ], [ -0.482276166347529, 51.907794721820899 ], [ -0.485701416266266, 51.922701189201298 ], [ -0.436106923836832, 51.927666336985098 ], [ -0.421681634403011, 51.925680737047699 ], [ -0.419064998588213, 51.912303644281899 ], [ -0.385615555724027, 51.915680395063802 ] ] ] } },
{ "type": "Feature", "properties": { "FID": 31, "LAD24CD": "E06000033", "LAD24NM": "Southend-on-Sea", "LAD24NMW": " ", "BNG_E": 587777, "BNG_N": 186837, "LONG": 0.706923, "LAT": 51.5492, "GlobalID": "776bd661-aae0-4d96-a420-5ce4d802720d", "LAD24CD_1": "E06000033", "LAD24NM_1": "Southend-on-Sea", "RUC21CD": "UUN", "RUC21NM": "Urban: Majority nearer to a major town or city", "Urban_rura": "Urban", "Shape_Leng": 36510.702630100001, "Shape__Area": 44700956.314735413, "Shape__Length": 36510.702630117354 }, "geometry": { "type": "MultiPolygon", "coordinates": [ [ [ [ 0.627086241765192, 51.532577644243901 ], [ 0.626697489580456, 51.532127667080999 ], [ 0.625920991053543, 51.532246339706802 ], [ 0.626621157486853, 51.536603820283702 ], [ 0.645828637789079, 51.539222369151801 ], [ 0.627427300641537, 51.533090516844702 ], [ 0.627086241765192, 51.532577644243901 ] ] ], [ [ [ 0.786689932259859, 51.552943395670603 ], [ 0.788990551027069, 51.542444125464797 ], [ 0.819168409590216, 51.5422065399787 ], [ 0.820841262671775, 51.540856789667401 ], [ 0.78209563454212, 51.521336012999498 ], [ 0.669513307307074, 51.538473736909097 ], [ 0.648004939163022, 51.538353490609801 ], [ 0.64641140820195, 51.539550418572603 ], [ 0.62688695736313, 51.5382577881267 ], [ 0.632077284564213, 51.570529474846303 ], [ 0.638950939122342, 51.576801070508402 ], [ 0.675333610589035, 51.572867975490702 ], [ 0.786689932259859, 51.552943395670603 ] ] ] ] } },
{ "type": "Feature", "properties": { "FID": 32, "LAD24CD": "E06000034", "LAD24NM": "Thurrock", "LAD24NMW": " ", "BNG_E": 562124, "BNG_N": 181588, "LONG": 0.334874, "LAT": 51.51, "GlobalID": "810429fd-c881-4590-8d4a-1da216950c3d", "LAD24CD_1": "E06000034", "LAD24NM_1": "Thurrock", "RUC21CD": "UUN", "RUC21NM": "Urban: Majority nearer to a major town or city", "Urban_rura": "Urban", "Shape_Leng": 73520.598109300001, "Shape__Area": 161565237.67784119, "Shape__Length": 73520.598109299288 }, "geometry": { "type": "MultiPolygon", "coordinates": [ [ [ [ 0.548030413942597, 51.515743318628402 ], [ 0.548618769264489, 51.512724073240697 ], [ 0.543174399678314, 51.5157938153054 ], [ 0.548030413942597, 51.515743318628402 ] ] ], [ [ [ 0.418649311114341, 51.556670469044398 ], [ 0.427649758787028, 51.545098763608799 ], [ 0.461697348176906, 51.553688896633403 ], [ 0.466748362555259, 51.5466955219336 ], [ 0.481978280556521, 51.548596422385401 ], [ 0.509063702337398, 51.534233764957001 ], [ 0.521688493998144, 51.516237262215199 ], [ 0.541250286443781, 51.512577839113398 ], [ 0.441789429693932, 51.500826850202799 ], [ 0.42336977005769, 51.514533278862103 ], [ 0.435804562732395, 51.500116888772197 ], [ 0.44556716826376, 51.498014378100301 ], [ 0.444111319060525, 51.493457052714803 ], [ 0.433901513174793, 51.461470384038797 ], [ 0.405311094329377, 51.453987411312902 ], [ 0.340862890078857, 51.4523336788615 ], [ 0.318409966717706, 51.474158674227397 ], [ 0.302381184292331, 51.472638986187299 ], [ 0.29778055114939, 51.472202383121498 ], [ 0.281446487010772, 51.461393096686201 ], [ 0.211792634982751, 51.489752992697397 ], [ 0.214156929096117, 51.496039609880299 ], [ 0.229965349544136, 51.499365918716499 ], [ 0.226597286350539, 51.506563242715899 ], [ 0.241919319161816, 51.507960126895298 ], [ 0.23717600954358, 51.519334433490599 ], [ 0.248964774122808, 51.528674028827801 ], [ 0.253834318187163, 51.517885871583097 ], [ 0.263682923643184, 51.517869792103397 ], [ 0.265347272043956, 51.532150265061098 ], [ 0.334024218329939, 51.540503803766697 ], [ 0.313035079940716, 51.565818131885003 ], [ 0.38260509348446, 51.565823815928198 ], [ 0.391753003150787, 51.567190620302199 ], [ 0.393500848006137, 51.5577113045874 ], [ 0.418649311114341, 51.556670469044398 ] ] ] ] } },
{ "type": "Feature", "properties": { "FID": 33, "LAD24CD": "E06000035", "LAD24NM": "Medway", "LAD24NMW": " ", "BNG_E": 578207, "BNG_N": 175198, "LONG": 0.563174, "LAT": 51.4477, "GlobalID": "ecfed2b8-a53d-4556-8d66-6e6aa0cb7bcb", "LAD24CD_1": "E06000035", "LAD24NM_1": "Medway", "RUC21CD": "UUN", "RUC21NM": "Urban: Majority nearer to a major town or city", "Urban_rura": "Urban", "Shape_Leng": 115776.949242, "Shape__Area": 190701602.0212326, "Shape__Length": 115776.94924228408 }, "geometry": { "type": "MultiPolygon", "coordinates": [ [ [ [ 0.608113907189036, 51.4015436382047 ], [ 0.615324178551404, 51.395384122901397 ], [ 0.597014785817756, 51.396079789766297 ], [ 0.608113907189036, 51.4015436382047 ] ] ], [ [ [ 0.582572584376833, 51.403134185372302 ], [ 0.561520430470315, 51.402233421404603 ], [ 0.564435834328907, 51.4079545418085 ], [ 0.582572584376833, 51.403134185372302 ] ] ], [ [ [ 0.590771860836167, 51.479371345098997 ], [ 0.615242150910657, 51.475110976472301 ], [ 0.659953033847257, 51.477669408954903 ], [ 0.690283421546067, 51.459378386985399 ], [ 0.671336659776413, 51.472264523583704 ], [ 0.700321276501137, 51.472595748733397 ], [ 0.720507730715131, 51.459762820491697 ], [ 0.723477057480236, 51.444512520104297 ], [ 0.710336835188912, 51.434830673038498 ], [ 0.677839495660246, 51.4331777815026 ], [ 0.672000159962251, 51.448006821079098 ], [ 0.658921251336351, 51.447366815257297 ], [ 0.636037588004861, 51.446243464450497 ], [ 0.618998377363623, 51.437460973884697 ], [ 0.605211274930445, 51.420548381084302 ], [ 0.617350756357686, 51.428430177628002 ], [ 0.623750538591582, 51.424115764690697 ], [ 0.610877332774769, 51.417401698659098 ], [ 0.58704291822536, 51.413451098061998 ], [ 0.563548610624482, 51.409551416275598 ], [ 0.532457405934914, 51.412675200393302 ], [ 0.515656065280089, 51.400355169650503 ], [ 0.522582468802749, 51.385099999581001 ], [ 0.537549271413019, 51.410280749814397 ], [ 0.560969312344262, 51.394790196390801 ], [ 0.585647977848983, 51.388731220603198 ], [ 0.594530655271358, 51.3865487391421 ], [ 0.602097565642982, 51.390635013923998 ], [ 0.596739085161682, 51.386825953740001 ], [ 0.612054542068478, 51.378845114167497 ], [ 0.619609325176722, 51.388160352756799 ], [ 0.632369758969761, 51.388935763701099 ], [ 0.626121810076958, 51.378812549074802 ], [ 0.623292522422213, 51.369222640599801 ], [ 0.63490813345762, 51.366369983625503 ], [ 0.601403554174045, 51.3333011039513 ], [ 0.563457198962716, 51.3387431241012 ], [ 0.544003569633395, 51.327896411451597 ], [ 0.525641085381921, 51.334717166143903 ], [ 0.505845958766913, 51.342936974613401 ], [ 0.503039344873498, 51.354710561853203 ], [ 0.456233540778611, 51.368762842889701 ], [ 0.453485925272683, 51.340610430273799 ], [ 0.418594662757666, 51.3479121911408 ], [ 0.399919664491311, 51.344456901687202 ], [ 0.401283124306125, 51.352954761670198 ], [ 0.431109487937637, 51.388033025739503 ], [ 0.45332222350032, 51.3913787695002 ], [ 0.451853402814579, 51.398321020193798 ], [ 0.467687121016724, 51.398301373186001 ], [ 0.475140243345384, 51.4129471375146 ], [ 0.489235421459888, 51.415325901836702 ], [ 0.487960076101346, 51.4432845738514 ], [ 0.457560479333401, 51.458295715984498 ], [ 0.454345031858931, 51.463419885887198 ], [ 0.467729303920621, 51.464295627131101 ], [ 0.458122647129502, 51.466957563523401 ], [ 0.468461923525824, 51.4826582319848 ], [ 0.546076139506005, 51.487138094623297 ], [ 0.590771860836167, 51.479371345098997 ] ] ] ] } },
{ "type": "Feature", "properties": { "FID": 34, "LAD24CD": "E06000036", "LAD24NM": "Bracknell Forest", "LAD24NMW": " ", "BNG_E": 488168, "BNG_N": 168791, "LONG": -0.73364, "LAT": 51.4113, "GlobalID": "c285eb8b-029e-45c5-bae3-75b47ff914dd", "LAD24CD_1": "E06000036", "LAD24NM_1": "Bracknell Forest", "RUC21CD": "UUN", "RUC21NM": "Urban: Majority nearer to a major town or city", "Urban_rura": "Urban", "Shape_Leng": 57919.790503900003, "Shape__Area": 108239293.12039185, "Shape__Length": 57919.790503873315 }, "geometry": { "type": "Polygon", "coordinates": [ [ [ -0.667634283855982, 51.384571344693398 ], [ -0.735335360826244, 51.365009582350503 ], [ -0.775466206963731, 51.3319589023235 ], [ -0.837373716901633, 51.3528861216693 ], [ -0.813571306715723, 51.370318486060398 ], [ -0.788839993914029, 51.371750705899501 ], [ -0.801521116860122, 51.405301033258901 ], [ -0.792505466831662, 51.408849629644003 ], [ -0.800038271695469, 51.441179916609002 ], [ -0.78256490664671, 51.468690075212798 ], [ -0.76462816963277, 51.459722618824998 ], [ -0.724526232749236, 51.456139151698601 ], [ -0.71441818197128, 51.4671441631669 ], [ -0.688866170515666, 51.466959857785596 ], [ -0.672746126800362, 51.457849112222199 ], [ -0.656755756603434, 51.461494159942298 ], [ -0.661982328325828, 51.444319332868702 ], [ -0.630552938632745, 51.442192360344897 ], [ -0.631309270281672, 51.414454542512097 ], [ -0.676260503648725, 51.4315828689342 ], [ -0.696540470455116, 51.410910368865501 ], [ -0.667634283855982, 51.384571344693398 ] ] ] } },
{ "type": "Feature", "properties": { "FID": 35, "LAD24CD": "E06000037", "LAD24NM": "West Berkshire", "LAD24NMW": " ", "BNG_E": 450573, "BNG_N": 172095, "LONG": -1.27367, "LAT": 51.4456, "GlobalID": "69e68343-fb29-4647-805d-f15fc169116d", "LAD24CD_1": "E06000037", "LAD24NM_1": "West Berkshire", "RUC21CD": "RIN", "RUC21NM": "Intermediate rural: Majority nearer to a major town or city", "Urban_rura": "Rural", "Shape_Leng": 143133.13839599999, "Shape__Area": 701196226.29665375, "Shape__Length": 143133.13839613588 }, "geometry": { "type": "Polygon", "coordinates": [ [ [ -1.22679203559485, 51.535158461170099 ], [ -1.20464416143085, 51.537603893977597 ], [ -1.20465030082425, 51.528394514518801 ], [ -1.14037476539537, 51.542911300876298 ], [ -1.14205314180795, 51.516195439449099 ], [ -1.1130174680504, 51.509488695219503 ], [ -1.10217985266957, 51.489673570413899 ], [ -1.0878821588534, 51.485754414272499 ], [ -1.05134983656427, 51.491859937679102 ], [ -1.03655747758827, 51.475226752867897 ], [ -1.05297452901207, 51.460369934450902 ], [ -1.04918512239338, 51.451411299136097 ], [ -1.03398294957401, 51.452727533036501 ], [ -1.00125899029542, 51.426341259715997 ], [ -1.01188405929674, 51.3928666269885 ], [ -0.981724611413117, 51.375748782735997 ], [ -0.986123750530059, 51.362848287645903 ], [ -1.05008141284422, 51.358109166083302 ], [ -1.08664067565436, 51.383911204206001 ], [ -1.1154571911925, 51.374214908495297 ], [ -1.11579091152374, 51.360466163962101 ], [ -1.13858996979348, 51.357191071563697 ], [ -1.17689427560879, 51.357324052900502 ], [ -1.25113955136333, 51.372040528510702 ], [ -1.34978173494559, 51.367119575245802 ], [ -1.41111323915575, 51.372858345147797 ], [ -1.42847578984356, 51.356699562115899 ], [ -1.44411579097067, 51.354913831372698 ], [ -1.42970566274725, 51.3365441680575 ], [ -1.49828689474575, 51.329361716732897 ], [ -1.48561782031052, 51.347650688664501 ], [ -1.50063304963128, 51.356321126633702 ], [ -1.49537262165059, 51.369657897745803 ], [ -1.55559663765941, 51.395538653160202 ], [ -1.55292234102159, 51.410037421108903 ], [ -1.57096980348612, 51.415294595655801 ], [ -1.56511865145832, 51.422043433161001 ], [ -1.52653517029054, 51.423971890694801 ], [ -1.52402343880987, 51.447472427815697 ], [ -1.58240025292512, 51.494254424588398 ], [ -1.58469504578326, 51.524922060157301 ], [ -1.58118687450076, 51.536994962064099 ], [ -1.55500824660554, 51.5533709391893 ], [ -1.53095864819817, 51.5460694657245 ], [ -1.51293889355992, 51.550759808951 ], [ -1.47074436480117, 51.528606838039302 ], [ -1.46442254094774, 51.5385166978133 ], [ -1.44783186160006, 51.536426542013999 ], [ -1.42659119274702, 51.545598858948502 ], [ -1.42276866886813, 51.535764926732803 ], [ -1.4048577107684, 51.547235217570801 ], [ -1.38377881234937, 51.540426210036898 ], [ -1.3673210476583, 51.552466716690901 ], [ -1.34240310935362, 51.543686279773603 ], [ -1.3287207966799, 51.563712412585097 ], [ -1.26065559107578, 51.537789904235403 ], [ -1.22679203559485, 51.535158461170099 ] ] ] } },
{ "type": "Feature", "properties": { "FID": 36, "LAD24CD": "E06000038", "LAD24NM": "Reading", "LAD24NMW": " ", "BNG_E": 470223, "BNG_N": 173153, "LONG": -0.99075, "LAT": 51.453, "GlobalID": "0f9c7624-cbb6-4757-9c48-3a50361d6348", "LAD24CD_1": "E06000038", "LAD24NM_1": "Reading", "RUC21CD": "UUN", "RUC21NM": "Urban: Majority nearer to a major town or city", "Urban_rura": "Urban", "Shape_Leng": 31042.9770302, "Shape__Area": 41097551.059669495, "Shape__Length": 31042.977030186747 }, "geometry": { "type": "Polygon", "coordinates": [ [ [ -0.949167813963054, 51.459513324034702 ], [ -0.928560000159745, 51.445056972205997 ], [ -0.945215133170977, 51.446169874819802 ], [ -0.943398584563263, 51.4293098401508 ], [ -0.961925701360532, 51.412344905904497 ], [ -0.973789854915503, 51.409753889194597 ], [ -0.981369938339059, 51.4206280949982 ], [ -0.99628348779658, 51.419596300531403 ], [ -1.00125899029542, 51.426341259715997 ], [ -1.03398294957401, 51.452727533036501 ], [ -1.04918512239338, 51.451411299136097 ], [ -1.05297452901207, 51.460369934450902 ], [ -1.03655747758827, 51.475226752867897 ], [ -1.01356370078558, 51.466292018903999 ], [ -0.99839893680447, 51.484304819275501 ], [ -0.957486894679264, 51.493080550242503 ], [ -0.941136942883797, 51.474977650079602 ], [ -0.955183902930422, 51.465333840164298 ], [ -0.949167813963054, 51.459513324034702 ] ] ] } },
{ "type": "Feature", "properties": { "FID": 37, "LAD24CD": "E06000039", "LAD24NM": "Slough", "LAD24NMW": " ", "BNG_E": 498920, "BNG_N": 179246, "LONG": -0.57617, "LAT": 51.5035, "GlobalID": "fa8ba6d0-10ad-4ba0-95b0-89cb65ecf51b", "LAD24CD_1": "E06000039", "LAD24NM_1": "Slough", "RUC21CD": "UUN", "RUC21NM": "Urban: Majority nearer to a major town or city", "Urban_rura": "Urban", "Shape_Leng": 36996.600294199998, "Shape__Area": 32188270.786155701, "Shape__Length": 36996.600294232827 }, "geometry": { "type": "Polygon", "coordinates": [ [ [ -0.490024731164425, 51.494747634376097 ], [ -0.509807321692741, 51.469207263698998 ], [ -0.524358681535487, 51.471528483123002 ], [ -0.534354978818388, 51.486785333040402 ], [ -0.560550664270769, 51.497211714929101 ], [ -0.565568404210051, 51.491342016733299 ], [ -0.600575771452686, 51.502304474975801 ], [ -0.607716162352804, 51.497251501423101 ], [ -0.626529885484881, 51.504413714141798 ], [ -0.642211995205478, 51.5006272374956 ], [ -0.659271318680068, 51.504902356551703 ], [ -0.659944895908714, 51.528446980560403 ], [ -0.6305355776221, 51.5388952064257 ], [ -0.589867740822717, 51.522676704381603 ], [ -0.567256016672106, 51.532981035176498 ], [ -0.57509465893991, 51.529299871317903 ], [ -0.56870897687743, 51.511269046566703 ], [ -0.526981060815463, 51.509505601613 ], [ -0.531819526768283, 51.493394461224803 ], [ -0.490024731164425, 51.494747634376097 ] ] ] } },
{ "type": "Feature", "properties": { "FID": 38, "LAD24CD": "E06000040", "LAD24NM": "Windsor and Maidenhead", "LAD24NMW": " ", "BNG_E": 492079, "BNG_N": 176541, "LONG": -0.67541, "LAT": 51.4803, "GlobalID": "4040dd37-d1ca-495e-ab06-c5ac0421a81b", "LAD24CD_1": "E06000040", "LAD24NM_1": "Windsor and Maidenhead", "RUC21CD": "UUN", "RUC21NM": "Urban: Majority nearer to a major town or city", "Urban_rura": "Urban", "Shape_Leng": 102773.48617600001, "Shape__Area": 197830118.3322525, "Shape__Length": 102773.48617563506 }, "geometry": { "type": "Polygon", "coordinates": [ [ [ -0.642211995205478, 51.5006272374956 ], [ -0.626529885484881, 51.504413714141798 ], [ -0.607716162352804, 51.497251501423101 ], [ -0.600575771452686, 51.502304474975801 ], [ -0.565568404210051, 51.491342016733299 ], [ -0.560550664270769, 51.497211714929101 ], [ -0.534354978818388, 51.486785333040402 ], [ -0.524358681535487, 51.471528483123002 ], [ -0.54061316396913, 51.457852126659198 ], [ -0.522777872600698, 51.435303708297297 ], [ -0.571675217761157, 51.451007630816903 ], [ -0.594015154893955, 51.441675246664097 ], [ -0.618495201013367, 51.392388252515701 ], [ -0.616344267326498, 51.3835395914641 ], [ -0.667634283855982, 51.384571344693398 ], [ -0.696540470455116, 51.410910368865501 ], [ -0.676260503648725, 51.4315828689342 ], [ -0.631309270281672, 51.414454542512097 ], [ -0.630552938632745, 51.442192360344897 ], [ -0.661982328325828, 51.444319332868702 ], [ -0.656755756603434, 51.461494159942298 ], [ -0.672746126800362, 51.457849112222199 ], [ -0.688866170515666, 51.466959857785596 ], [ -0.71441818197128, 51.4671441631669 ], [ -0.724526232749236, 51.456139151698601 ], [ -0.76462816963277, 51.459722618824998 ], [ -0.78256490664671, 51.468690075212798 ], [ -0.800038271695469, 51.441179916609002 ], [ -0.818085732865223, 51.443190994166699 ], [ -0.833754365368195, 51.4640986831118 ], [ -0.821784170089364, 51.47260246522 ], [ -0.829375464515667, 51.487069196433701 ], [ -0.817390197616722, 51.507237545903202 ], [ -0.853907491772685, 51.526073107593298 ], [ -0.842708591070275, 51.544771573790797 ], [ -0.792963793969878, 51.551359082276001 ], [ -0.774336543774476, 51.566922754008097 ], [ -0.757072515977257, 51.564799997772397 ], [ -0.718102246096498, 51.577550288361898 ], [ -0.711794367842966, 51.564771293154102 ], [ -0.69647360090748, 51.565203503251098 ], [ -0.691203240309587, 51.556819134673503 ], [ -0.70316470355774, 51.511106735382199 ], [ -0.652125325213239, 51.485493641478698 ], [ -0.633881969088683, 51.492381768608197 ], [ -0.642211995205478, 51.5006272374956 ] ] ] } },
{ "type": "Feature", "properties": { "FID": 39, "LAD24CD": "E06000041", "LAD24NM": "Wokingham", "LAD24NMW": " ", "BNG_E": 476624, "BNG_N": 169903, "LONG": -0.89935, "LAT": 51.423, "GlobalID": "e95481e9-1b59-4700-9d00-4ad1bf53545d", "LAD24CD_1": "E06000041", "LAD24NM_1": "Wokingham", "RUC21CD": "UUN", "RUC21NM": "Urban: Majority nearer to a major town or city", "Urban_rura": "Urban", "Shape_Leng": 76405.837277400002, "Shape__Area": 179381694.01980591, "Shape__Length": 76405.837277430313 }, "geometry": { "type": "Polygon", "coordinates": [ [ [ -0.842708591070275, 51.544771573790797 ], [ -0.853907491772685, 51.526073107593298 ], [ -0.817390197616722, 51.507237545903202 ], [ -0.829375464515667, 51.487069196433701 ], [ -0.821784170089364, 51.47260246522 ], [ -0.833754365368195, 51.4640986831118 ], [ -0.818085732865223, 51.443190994166699 ], [ -0.800038271695469, 51.441179916609002 ], [ -0.792505466831662, 51.408849629644003 ], [ -0.801521116860122, 51.405301033258901 ], [ -0.788839993914029, 51.371750705899501 ], [ -0.813571306715723, 51.370318486060398 ], [ -0.837373716901633, 51.3528861216693 ], [ -0.878057285570353, 51.3526294424531 ], [ -0.92369481434098, 51.366010494413104 ], [ -0.986740059567131, 51.359855623904501 ], [ -0.986123750530059, 51.362848287645903 ], [ -0.981724611413117, 51.375748782735997 ], [ -1.01188405929674, 51.3928666269885 ], [ -1.00125899029542, 51.426341259715997 ], [ -0.99628348779658, 51.419596300531403 ], [ -0.981369938339059, 51.4206280949982 ], [ -0.973789854915503, 51.409753889194597 ], [ -0.961925701360532, 51.412344905904497 ], [ -0.943398584563263, 51.4293098401508 ], [ -0.945215133170977, 51.446169874819802 ], [ -0.928560000159745, 51.445056972205997 ], [ -0.949167813963054, 51.459513324034702 ], [ -0.921698113854484, 51.467931456325601 ], [ -0.893850446902064, 51.496642616988296 ], [ -0.870304673324217, 51.503592887231498 ], [ -0.878512270321433, 51.523485638895899 ], [ -0.900134311968213, 51.5366613890914 ], [ -0.896882190115767, 51.544863012469399 ], [ -0.879723063740375, 51.562127578353298 ], [ -0.842708591070275, 51.544771573790797 ] ] ] } },
{ "type": "Feature", "properties": { "FID": 40, "LAD24CD": "E06000042", "LAD24NM": "Milton Keynes", "LAD24NMW": " ", "BNG_E": 486408, "BNG_N": 242308, "LONG": -0.7407, "LAT": 52.0724, "GlobalID": "0a81ba8c-c69c-45c0-a076-1db428261ec4", "LAD24CD_1": "E06000042", "LAD24NM_1": "Milton Keynes", "RUC21CD": "UUN", "RUC21NM": "Urban: Majority nearer to a major town or city", "Urban_rura": "Urban", "Shape_Leng": 87914.854406, "Shape__Area": 309296512.48681641, "Shape__Length": 87914.854405952457 }, "geometry": { "type": "Polygon", "coordinates": [ [ [ -0.591810331121503, 52.110691887186 ], [ -0.66897597717708, 52.048716839862102 ], [ -0.643047384421451, 52.037249437545498 ], [ -0.640200287337004, 52.024065781718299 ], [ -0.650960161931678, 52.018546983064198 ], [ -0.643460193916601, 52.0109005916404 ], [ -0.661689665376442, 51.999736384431301 ], [ -0.645680806107934, 51.972228310399402 ], [ -0.653016974736432, 51.969249436171602 ], [ -0.713113480946886, 51.9898099432652 ], [ -0.713941366477039, 51.977870503685502 ], [ -0.740379237640103, 51.969862626266 ], [ -0.761997302027608, 51.985558475119703 ], [ -0.803659591001856, 51.985523164874003 ], [ -0.819817648789318, 52.0122859284442 ], [ -0.871273944930241, 52.040219926588797 ], [ -0.852446930044217, 52.050705093085 ], [ -0.862678645822757, 52.060934037842898 ], [ -0.839594622604854, 52.063795932375001 ], [ -0.831313005313099, 52.072006337662799 ], [ -0.846712543491745, 52.091508702557697 ], [ -0.869530890831007, 52.100037659413097 ], [ -0.871472753510848, 52.111779731054199 ], [ -0.887033141552335, 52.114214933163602 ], [ -0.880758452631504, 52.126292151435401 ], [ -0.828204674516664, 52.1326105518988 ], [ -0.831966629471785, 52.1436835078038 ], [ -0.814018926401135, 52.142474513498399 ], [ -0.807587882658753, 52.156979013471201 ], [ -0.792091270533438, 52.151329459537699 ], [ -0.777975100575612, 52.168732492077297 ], [ -0.749734768722189, 52.1668767675297 ], [ -0.705455584072188, 52.1915706998724 ], [ -0.668135637658982, 52.195034110862601 ], [ -0.627446652788111, 52.181545467407098 ], [ -0.630687617590423, 52.155024121024503 ], [ -0.640765866741152, 52.152817627175097 ], [ -0.635451654776416, 52.139253619973601 ], [ -0.607249381411581, 52.133868750870398 ], [ -0.591810331121503, 52.110691887186 ] ] ] } },
{ "type": "Feature", "properties": { "FID": 41, "LAD24CD": "E06000043", "LAD24NM": "Brighton and Hove", "LAD24NMW": " ", "BNG_E": 530278, "BNG_N": 106850, "LONG": -0.15081, "LAT": 50.8465, "GlobalID": "99ce9331-1480-4056-ac9e-3e5076336221", "LAD24CD_1": "E06000043", "LAD24NM_1": "Brighton and Hove", "RUC21CD": "UUN", "RUC21NM": "Urban: Majority nearer to a major town or city", "Urban_rura": "Urban", "Shape_Leng": 48488.385505899998, "Shape__Area": 85559374.198635101, "Shape__Length": 48488.385505860708 }, "geometry": { "type": "Polygon", "coordinates": [ [ [ -0.135004643104498, 50.886650495681103 ], [ -0.135279339082157, 50.8780983575218 ], [ -0.12179965145279, 50.873428154355501 ], [ -0.097519263621995, 50.877945424463498 ], [ -0.084927634243044, 50.873119628553702 ], [ -0.07345234138296, 50.841214562552501 ], [ -0.036860053495818, 50.841173246115503 ], [ -0.045968393113643, 50.821824660808197 ], [ -0.02042837615218, 50.8218303547022 ], [ -0.016002358369668, 50.814875064362802 ], [ -0.038476663423358, 50.799056519398199 ], [ -0.038564200397724, 50.799077367863099 ], [ -0.042847332158408, 50.799768931082397 ], [ -0.092470110080727, 50.810778660294602 ], [ -0.091938310475496, 50.807682621796801 ], [ -0.109427138493549, 50.810496279881001 ], [ -0.108976000653549, 50.812873871887199 ], [ -0.191715011118555, 50.823695453560198 ], [ -0.216033878994041, 50.827583763270503 ], [ -0.216816880754834, 50.827640680624 ], [ -0.244970867103618, 50.863808903471501 ], [ -0.239238286310074, 50.8678855958754 ], [ -0.226719329968901, 50.878180637750603 ], [ -0.18773445855603, 50.868570469073397 ], [ -0.182416849918432, 50.888271046641101 ], [ -0.168577549008713, 50.8923794438684 ], [ -0.168124071976243, 50.880769500623501 ], [ -0.135004643104498, 50.886650495681103 ] ] ] } },
{ "type": "Feature", "properties": { "FID": 42, "LAD24CD": "E06000044", "LAD24NM": "Portsmouth", "LAD24NMW": " ", "BNG_E": 465619, "BNG_N": 101352, "LONG": -1.07006, "LAT": 50.808, "GlobalID": "39ac44d2-69ae-4b5b-88ab-6ad0fb7abb96", "LAD24CD_1": "E06000044", "LAD24NM_1": "Portsmouth", "RUC21CD": "UUN", "RUC21NM": "Urban: Majority nearer to a major town or city", "Urban_rura": "Urban", "Shape_Leng": 54669.227798100001, "Shape__Area": 38569006.662059784, "Shape__Length": 54669.22779807273 }, "geometry": { "type": "MultiPolygon", "coordinates": [ [ [ [ -1.0926096752797, 50.815110570740202 ], [ -1.10147485536478, 50.813592285757302 ], [ -1.09649634846136, 50.820638526882099 ], [ -1.0926096752797, 50.815110570740202 ] ] ], [ [ [ -1.04423118218365, 50.831694412648901 ], [ -1.0442455495371, 50.795636703937902 ], [ -1.04424761456082, 50.790514921039197 ], [ -1.03383543370569, 50.795551249888803 ], [ -1.03143440541691, 50.796712359791002 ], [ -1.03102001282028, 50.795527946657202 ], [ -1.0288625506635, 50.789360495509797 ], [ -1.08852110188206, 50.7777284834212 ], [ -1.0960270993862, 50.782154735321903 ], [ -1.1089236745791, 50.7904384617432 ], [ -1.10982548345459, 50.796155860091098 ], [ -1.11152102865734, 50.806901858313601 ], [ -1.0911786242944, 50.8090688086318 ], [ -1.09471376135908, 50.811799838335801 ], [ -1.09063230593382, 50.816497112029197 ], [ -1.09402758438586, 50.823007598695803 ], [ -1.10022301474976, 50.8266865552377 ], [ -1.08446852615611, 50.824819763975597 ], [ -1.07581268676816, 50.8370070784582 ], [ -1.04423118218365, 50.831694412648901 ] ] ], [ [ [ -1.15692892882084, 50.838304220845501 ], [ -1.15694255830349, 50.8375250531899 ], [ -1.16130195636781, 50.838112567051503 ], [ -1.15692892882084, 50.838304220845501 ] ] ], [ [ [ -1.15448347429157, 50.845055315904702 ], [ -1.11842762122027, 50.837282619339398 ], [ -1.11890952857625, 50.835501567656202 ], [ -1.14916592768439, 50.843526565924499 ], [ -1.154329577075, 50.844895069272503 ], [ -1.17118516081388, 50.839976604012399 ], [ -1.17122223272469, 50.840853833018002 ], [ -1.15448347429157, 50.845055315904702 ] ] ], [ [ [ -1.02263575697472, 50.852101032216297 ], [ -1.02395193712883, 50.8315863631422 ], [ -1.02497406356872, 50.826441945270297 ], [ -1.03631095415884, 50.835425747102398 ], [ -1.07800676573634, 50.8373184624689 ], [ -1.0886515334146, 50.828453489344703 ], [ -1.10630712763256, 50.837893930429203 ], [ -1.1027076678488, 50.846078140406803 ], [ -1.11393420663218, 50.8435300869724 ], [ -1.11578319799786, 50.858273848525897 ], [ -1.0540820707523, 50.856530229351698 ], [ -1.02263575697472, 50.852101032216297 ] ] ] ] } },
{ "type": "Feature", "properties": { "FID": 43, "LAD24CD": "E06000045", "LAD24NM": "Southampton", "LAD24NMW": " ", "BNG_E": 442303, "BNG_N": 113700, "LONG": -1.39952, "LAT": 50.9212, "GlobalID": "9d259a04-a4b0-4fff-b40e-7e59a243234f", "LAD24CD_1": "E06000045", "LAD24NM_1": "Southampton", "RUC21CD": "UUN", "RUC21NM": "Urban: Majority nearer to a major town or city", "Urban_rura": "Urban", "Shape_Leng": 37973.153077299998, "Shape__Area": 51630345.737304688, "Shape__Length": 37973.153077313757 }, "geometry": { "type": "Polygon", "coordinates": [ [ [ -1.37989189534768, 50.947518069458901 ], [ -1.35468995194608, 50.9410218335276 ], [ -1.35793338490146, 50.930731345071003 ], [ -1.33335691001506, 50.9198827706944 ], [ -1.32197756217243, 50.900953498154699 ], [ -1.3628763085646, 50.8787499615093 ], [ -1.36512907204106, 50.8800269756318 ], [ -1.38431679018768, 50.8915521141681 ], [ -1.38487443276622, 50.903995773604798 ], [ -1.37170356962312, 50.912130281854999 ], [ -1.37627533653745, 50.910689058050501 ], [ -1.38796442062754, 50.9069045627515 ], [ -1.39325416408114, 50.883028691710201 ], [ -1.39902102115988, 50.894567665591801 ], [ -1.43246292376788, 50.907329618467699 ], [ -1.44261242259214, 50.9111996243264 ], [ -1.44705578373211, 50.9037918213686 ], [ -1.46512306441935, 50.910343747004298 ], [ -1.47451382628847, 50.924285757979099 ], [ -1.4770603549891, 50.928668795254502 ], [ -1.44954581112644, 50.949911352341701 ], [ -1.42366272212772, 50.947233496546097 ], [ -1.40613979538219, 50.956127452731799 ], [ -1.37989189534768, 50.947518069458901 ] ] ] } },
{ "type": "Feature", "properties": { "FID": 44, "LAD24CD": "E06000046", "LAD24NM": "Isle of Wight", "LAD24NMW": " ", "BNG_E": 447183, "BNG_N": 85949, "LONG": -1.33366, "LAT": 50.6713, "GlobalID": "075a2309-162e-4b46-a97e-32e7a5918f91", "LAD24CD_1": "E06000046", "LAD24NM_1": "Isle of Wight", "RUC21CD": "RIF", "RUC21NM": "Intermediate rural: Majority further from a major town or city", "Urban_rura": "Rural", "Shape_Leng": 114591.275882, "Shape__Area": 379658930.69691849, "Shape__Length": 114591.27588162853 }, "geometry": { "type": "Polygon", "coordinates": [ [ [ -1.31218296180879, 50.767182173207097 ], [ -1.29611132075159, 50.761802583989599 ], [ -1.29490456966031, 50.762006710650397 ], [ -1.28295875523301, 50.730032862006297 ], [ -1.2913885264743, 50.762601377781401 ], [ -1.27459463179189, 50.765439998366901 ], [ -1.24778603600004, 50.751865284047398 ], [ -1.24252178054301, 50.738537424492499 ], [ -1.23491441338319, 50.743276105119698 ], [ -1.22798645204893, 50.741544963615198 ], [ -1.21645368702037, 50.735172080705503 ], [ -1.21665461703654, 50.734941919515499 ], [ -1.21600636197654, 50.734924836443398 ], [ -1.2145563402121, 50.734123352955599 ], [ -1.19088214946592, 50.734259953698597 ], [ -1.15457965044967, 50.733289944191803 ], [ -1.1511820185163, 50.732358786070797 ], [ -1.10870001252852, 50.720703291561399 ], [ -1.096090623818, 50.694389280345803 ], [ -1.10288960453021, 50.699878747034198 ], [ -1.10829185102894, 50.693503405989603 ], [ -1.08599683440506, 50.6943257316331 ], [ -1.07023823123607, 50.687498682348902 ], [ -1.09854495096676, 50.664969248050902 ], [ -1.09927126672666, 50.664911531516402 ], [ -1.12348871274578, 50.663720286131202 ], [ -1.12588013848551, 50.662793815433297 ], [ -1.13172351876458, 50.6623279094688 ], [ -1.1526153945459, 50.652906750051201 ], [ -1.16036019623443, 50.649412360604899 ], [ -1.17602804388635, 50.616784023954203 ], [ -1.18539974651291, 50.597244746576301 ], [ -1.30143545455964, 50.575539618056602 ], [ -1.35976763818627, 50.609683879121597 ], [ -1.37388252468608, 50.618014821108098 ], [ -1.38897028308281, 50.626915011633798 ], [ -1.43568272412706, 50.640281420014098 ], [ -1.44808171948387, 50.643824892635401 ], [ -1.48155979104243, 50.664961284820698 ], [ -1.48411274947434, 50.666635338082799 ], [ -1.48420820439628, 50.666632090035698 ], [ -1.4844124540677, 50.666760937181898 ], [ -1.58649592887456, 50.663126952802102 ], [ -1.58384632570064, 50.6641924235579 ], [ -1.54822423813342, 50.6782809179713 ], [ -1.52212991804372, 50.7070184503132 ], [ -1.5202972644244, 50.707122992248799 ], [ -1.50156827688998, 50.706807023159698 ], [ -1.50967039709627, 50.705814954816198 ], [ -1.4998352834462, 50.697953686439099 ], [ -1.4965850924012, 50.700934739842701 ], [ -1.50393007609483, 50.705653435942899 ], [ -1.46946387054805, 50.709555640001099 ], [ -1.43468656889706, 50.723273958347399 ], [ -1.42809031213019, 50.7258737754793 ], [ -1.41697392371548, 50.725229964324001 ], [ -1.41175296320724, 50.724376006758398 ], [ -1.42201026864972, 50.724615612445099 ], [ -1.41298551253039, 50.7186244553112 ], [ -1.41423674916251, 50.715303334057602 ], [ -1.41305623728034, 50.703532161314698 ], [ -1.41190284892874, 50.714476804888299 ], [ -1.39774295879168, 50.710448030214899 ], [ -1.40811946505584, 50.719081264814299 ], [ -1.38482203025885, 50.722476365612799 ], [ -1.40356717940559, 50.726557118738697 ], [ -1.39526301326001, 50.728822813939701 ], [ -1.35329639919519, 50.7390898055694 ], [ -1.31218296180879, 50.767182173207097 ] ] ] } },
{ "type": "Feature", "properties": { "FID": 45, "LAD24CD": "E06000047", "LAD24NM": "County Durham", "LAD24NMW": " ", "BNG_E": 410383, "BNG_N": 532242, "LONG": -1.84047, "LAT": 54.6851, "GlobalID": "3866708d-c69c-4ae3-be49-5c34866bd21c", "LAD24CD_1": "E06000047", "LAD24NM_1": "County Durham", "RUC21CD": "RIN", "RUC21NM": "Intermediate rural: Majority nearer to a major town or city", "Urban_rura": "Rural", "Shape_Leng": 264012.85119100002, "Shape__Area": 2231287862.1747284, "Shape__Length": 264012.85119070433 }, "geometry": { "type": "Polygon", "coordinates": [ [ [ -1.55942719513736, 54.882000489940602 ], [ -1.56191438267007, 54.875692832639999 ], [ -1.531781773186, 54.878188386356101 ], [ -1.50653070203232, 54.8710801008353 ], [ -1.50427968057368, 54.831229809810303 ], [ -1.48185556201966, 54.809651413646598 ], [ -1.49072646804405, 54.799304135223103 ], [ -1.4225524435527, 54.803170906139997 ], [ -1.41295475126421, 54.823654708166401 ], [ -1.42157982749195, 54.839471059216699 ], [ -1.34741175455449, 54.860486040419701 ], [ -1.32085204613017, 54.837576893276598 ], [ -1.32937635351434, 54.838101233255301 ], [ -1.30204383445095, 54.768473351047803 ], [ -1.28092724463302, 54.752826288919103 ], [ -1.24133014385077, 54.723443218739099 ], [ -1.25186499193155, 54.719622988956502 ], [ -1.2702517668578, 54.727168686892099 ], [ -1.30539662216899, 54.717614445798198 ], [ -1.30132484271011, 54.708091651878298 ], [ -1.31936389932285, 54.691297448795503 ], [ -1.34453719886964, 54.691121664426802 ], [ -1.33094416840882, 54.682161718427203 ], [ -1.34787134473742, 54.662429231492901 ], [ -1.34125422761501, 54.650211897756499 ], [ -1.38084708286666, 54.643802223850599 ], [ -1.41253632830273, 54.6168008789531 ], [ -1.45089749591544, 54.610558385928698 ], [ -1.43835548898022, 54.5950796110357 ], [ -1.45170547077754, 54.590827979870802 ], [ -1.46885572081472, 54.600527334544203 ], [ -1.5267640482967, 54.596454121281802 ], [ -1.55864448318351, 54.592116847494303 ], [ -1.55282400409124, 54.5823421860065 ], [ -1.57626627480123, 54.580198487735103 ], [ -1.59340930184247, 54.595077163171098 ], [ -1.58419280946254, 54.6104860456919 ], [ -1.60621813900068, 54.603440241536603 ], [ -1.60676411917432, 54.6175403651472 ], [ -1.68242215879617, 54.617771132562503 ], [ -1.67931169574512, 54.585973328691097 ], [ -1.69402783337592, 54.586893849582601 ], [ -1.70898440615518, 54.574141686474597 ], [ -1.70928210885412, 54.563179461326698 ], [ -1.69120671271364, 54.556244628115699 ], [ -1.70527424961459, 54.549171955813598 ], [ -1.69692636355207, 54.536006428816101 ], [ -1.7213108898176, 54.5423017243929 ], [ -1.73309136190533, 54.527736412339301 ], [ -1.77969652861129, 54.531872993918398 ], [ -1.77613231485782, 54.506728504167199 ], [ -1.79297648414091, 54.484492428708798 ], [ -1.83943329269054, 54.508437235597803 ], [ -1.85780051144888, 54.503539794395998 ], [ -1.85912998438283, 54.481857902425197 ], [ -1.94254323627035, 54.453395354101502 ], [ -1.97005959181258, 54.451521541020803 ], [ -1.99676437249469, 54.466903448345398 ], [ -2.04472952149334, 54.475186273307799 ], [ -2.04319843418637, 54.483599447538602 ], [ -2.11659617374357, 54.462263477975803 ], [ -2.17021302340634, 54.4581987846828 ], [ -2.15899719522345, 54.472029635374 ], [ -2.17239803091537, 54.532444115295696 ], [ -2.19753056810017, 54.532703965037101 ], [ -2.20948818801938, 54.551713372325899 ], [ -2.30451453732035, 54.596197845187298 ], [ -2.32493776754246, 54.631650236169101 ], [ -2.28797868797798, 54.6504801032182 ], [ -2.29287495116333, 54.663885291118198 ], [ -2.32728766378882, 54.670727718681903 ], [ -2.35176911416252, 54.685930850029699 ], [ -2.35574349125271, 54.697652178566301 ], [ -2.32574674351607, 54.726629229687802 ], [ -2.31208952139602, 54.791015045936803 ], [ -2.28267781083991, 54.798252075821701 ], [ -2.21890675191817, 54.782377382839798 ], [ -2.19860065839177, 54.806736277385099 ], [ -2.16947003967283, 54.803609973355499 ], [ -2.13978896462199, 54.841870719851102 ], [ -2.08257516389669, 54.838169243087599 ], [ -2.03965493918131, 54.848240985598203 ], [ -2.00096698452765, 54.869667711959401 ], [ -1.98023634067633, 54.868183456799301 ], [ -1.94930606160323, 54.852978945387498 ], [ -1.93261549256872, 54.854160835520197 ], [ -1.9136194476563, 54.834007083482597 ], [ -1.91367076069486, 54.839673691299801 ], [ -1.87010387418602, 54.850865684507603 ], [ -1.85443666752614, 54.891184546391798 ], [ -1.82063707341034, 54.905771086171299 ], [ -1.79452230430584, 54.903574123416803 ], [ -1.78163702129734, 54.9115565985377 ], [ -1.7687448779223, 54.9067261179705 ], [ -1.73611952843859, 54.918557822760697 ], [ -1.72492282931812, 54.908844550082399 ], [ -1.69848150976366, 54.909045501998001 ], [ -1.69168984097383, 54.902597603273698 ], [ -1.6747777845835, 54.909560144331799 ], [ -1.67557639645876, 54.898096853788701 ], [ -1.64931878603612, 54.892987311576498 ], [ -1.65055954794471, 54.879323553256697 ], [ -1.59422138886645, 54.902000415194799 ], [ -1.57990946563576, 54.877770147902297 ], [ -1.55942719513736, 54.882000489940602 ] ] ] } },
{ "type": "Feature", "properties": { "FID": 46, "LAD24CD": "E06000049", "LAD24NM": "Cheshire East", "LAD24NMW": " ", "BNG_E": 380510, "BNG_N": 363462, "LONG": -2.29299, "LAT": 53.1679, "GlobalID": "3b04c572-288b-49cd-a669-c63c26eedcb2", "LAD24CD_1": "E06000049", "LAD24NM_1": "Cheshire East", "RUC21CD": "UUN", "RUC21NM": "Urban: Majority nearer to a major town or city", "Urban_rura": "Urban", "Shape_Leng": 236519.35052199999, "Shape__Area": 1168703022.8524857, "Shape__Length": 236519.35052192825 }, "geometry": { "type": "Polygon", "coordinates": [ [ [ -2.31401249663183, 53.357430416540701 ], [ -2.29701253705802, 53.348647459516599 ], [ -2.30135901104771, 53.340120619455902 ], [ -2.25644728585402, 53.3606768403736 ], [ -2.24079008412411, 53.359574266088501 ], [ -2.18543826739703, 53.352651582338098 ], [ -2.18097727745663, 53.344043800235198 ], [ -2.19416286501527, 53.338650440155298 ], [ -2.16071094860953, 53.327200346978898 ], [ -2.14409931007101, 53.342871006571102 ], [ -2.15119059702052, 53.348133134454201 ], [ -2.13902531020559, 53.3673170106985 ], [ -2.12326623398133, 53.361907904007502 ], [ -2.09511992692868, 53.366073647951502 ], [ -2.06823913874582, 53.357363732235001 ], [ -2.04056362489501, 53.374087765493499 ], [ -2.031058463243, 53.370262385206601 ], [ -2.00678505242821, 53.354572111650498 ], [ -2.0094248420728, 53.260614722742901 ], [ -1.97487979601863, 53.230954988958899 ], [ -1.99024867768893, 53.223022290227 ], [ -1.98737982955689, 53.2136037465838 ], [ -2.00174927099309, 53.192955723290403 ], [ -2.04610965363786, 53.1927771374014 ], [ -2.07021816358765, 53.171653124680297 ], [ -2.11186950066067, 53.168636488411202 ], [ -2.1403630699576, 53.183849778313601 ], [ -2.14142291774514, 53.156612488773 ], [ -2.15554543171792, 53.159653494282601 ], [ -2.21131492476988, 53.115824463220498 ], [ -2.24742276488468, 53.089870046221598 ], [ -2.25324848942767, 53.093976993525601 ], [ -2.29337580822217, 53.078326386388603 ], [ -2.31805569446669, 53.081407516697801 ], [ -2.34758567133388, 53.056170291525397 ], [ -2.38148099775442, 53.052475103171403 ], [ -2.38422739107302, 53.026167576359398 ], [ -2.37042155075988, 53.0145296481573 ], [ -2.38304468514478, 53.007786785454201 ], [ -2.38079367936827, 52.998411061348598 ], [ -2.43676051035908, 52.9862560826448 ], [ -2.43466847192472, 52.9695572514768 ], [ -2.48113332913399, 52.958836584215497 ], [ -2.52136030854293, 52.974341819955001 ], [ -2.52951582206291, 52.947164876593703 ], [ -2.56126288258472, 52.964952104207597 ], [ -2.58641372797688, 52.955379087810499 ], [ -2.59769347128031, 52.963005989058601 ], [ -2.59488906784906, 52.9796071465965 ], [ -2.63265093996284, 52.9966707862961 ], [ -2.67466228547344, 52.9856628094808 ], [ -2.69929243706707, 52.995438797765203 ], [ -2.66881731014789, 53.038653935616999 ], [ -2.70241055647356, 53.054321249810201 ], [ -2.71826281201215, 53.0442140948537 ], [ -2.7529286634929, 53.069226238483601 ], [ -2.73173861065917, 53.091808983303999 ], [ -2.71136358397739, 53.093642401880899 ], [ -2.70605412094603, 53.118509130631701 ], [ -2.67114512359379, 53.115870011655197 ], [ -2.65973028828682, 53.130716416072502 ], [ -2.64126344182425, 53.128421103359898 ], [ -2.62524282834534, 53.150842985234497 ], [ -2.59200516674297, 53.144515893220799 ], [ -2.59650472428264, 53.158872068828899 ], [ -2.58358096941245, 53.1554979019595 ], [ -2.57240251940964, 53.163472223455102 ], [ -2.54292435422605, 53.149772173605001 ], [ -2.49974071074995, 53.164151958843298 ], [ -2.46886728049918, 53.152736689762598 ], [ -2.44375960478923, 53.159883239268403 ], [ -2.44347744623549, 53.170838202397299 ], [ -2.45737416426073, 53.1766939319131 ], [ -2.45655683567035, 53.202612957469498 ], [ -2.4306634553297, 53.1979652841746 ], [ -2.40636653381983, 53.174087455557199 ], [ -2.3921096750195, 53.179915217529398 ], [ -2.37831956492192, 53.172012913107999 ], [ -2.36868607467663, 53.1829171557292 ], [ -2.37255434004135, 53.1955828981745 ], [ -2.41016086415475, 53.205696358620997 ], [ -2.41418179859763, 53.219299764532501 ], [ -2.40117228412505, 53.221758758234898 ], [ -2.39628927821287, 53.234362355123999 ], [ -2.36379985115036, 53.223570843268 ], [ -2.34905575054226, 53.249014323678402 ], [ -2.36465011579822, 53.2486797173746 ], [ -2.394115156195, 53.266754307316702 ], [ -2.41445485676336, 53.2683193993036 ], [ -2.42746080927847, 53.261169532134701 ], [ -2.45317072412463, 53.284550756923103 ], [ -2.49800605204794, 53.289908955323398 ], [ -2.51228119048505, 53.321346209547301 ], [ -2.49396788490726, 53.343298572779403 ], [ -2.51839296054763, 53.342390274529798 ], [ -2.52104960816655, 53.347900481777202 ], [ -2.48687843882333, 53.367903799538901 ], [ -2.43987999487119, 53.366662644706899 ], [ -2.42658992510444, 53.387461516033099 ], [ -2.36958798162436, 53.363634025220001 ], [ -2.33997311542925, 53.367444640111202 ], [ -2.31401249663183, 53.357430416540701 ] ] ] } },
{ "type": "Feature", "properties": { "FID": 47, "LAD24CD": "E06000050", "LAD24NM": "Cheshire West and Chester", "LAD24NMW": " ", "BNG_E": 353097, "BNG_N": 363145, "LONG": -2.70298, "LAT": 53.1634, "GlobalID": "38cb93a4-34d1-4f64-93eb-dba0abb29c72", "LAD24CD_1": "E06000050", "LAD24NM_1": "Cheshire West and Chester", "RUC21CD": "UIN", "RUC21NM": "Intermediate urban: Majority nearer to a major town or city", "Urban_rura": "Urban", "Shape_Leng": 226900.96949700001, "Shape__Area": 919469346.73521423, "Shape__Length": 226900.96949656343 }, "geometry": { "type": "Polygon", "coordinates": [ [ [ -2.69929243706707, 52.995438797765203 ], [ -2.7268406065337, 52.983272945391498 ], [ -2.7599401790776, 52.986419665564298 ], [ -2.76827535224616, 52.994860503285899 ], [ -2.80331096693005, 52.989594183574901 ], [ -2.83599558996295, 52.997150145918702 ], [ -2.84406201373811, 53.017668366167399 ], [ -2.86104429459502, 53.022848654091398 ], [ -2.85571506741516, 53.037255903346797 ], [ -2.87011791101549, 53.045360592317998 ], [ -2.85924038438122, 53.054255526990502 ], [ -2.87255483685911, 53.058615538811701 ], [ -2.86147506310468, 53.060660399277999 ], [ -2.88164358493242, 53.074392083098701 ], [ -2.87572225442175, 53.081522027627997 ], [ -2.90207396485116, 53.092039424097401 ], [ -2.88109940909981, 53.121603717496299 ], [ -2.91023233565262, 53.112638963328301 ], [ -2.96381312518341, 53.132757524162102 ], [ -2.97949802680966, 53.150621645143801 ], [ -2.99508831009331, 53.154195961059798 ], [ -2.92783850918185, 53.1714114098192 ], [ -2.92229929317117, 53.1892926708204 ], [ -2.9983782407184, 53.235858643366598 ], [ -3.0360241317657, 53.251804982644103 ], [ -3.08601484756326, 53.256798983839701 ], [ -3.08607619005066, 53.256829760670698 ], [ -3.10739770594214, 53.271765098785998 ], [ -3.10724540426193, 53.271973555202003 ], [ -3.08881215107436, 53.26800040202 ], [ -3.08554879096477, 53.272254066397402 ], [ -3.11006071297982, 53.276794613341998 ], [ -3.07754938947303, 53.279577862997201 ], [ -3.10810266511703, 53.278338794255198 ], [ -3.10290442052463, 53.280478425739702 ], [ -3.09863297109461, 53.279927464428198 ], [ -3.08920538430642, 53.286115086836503 ], [ -3.10226063606944, 53.280743381062102 ], [ -3.10744932529457, 53.2819101536791 ], [ -3.09698129328709, 53.289348201536797 ], [ -3.10961297000744, 53.282579951808003 ], [ -3.1202681364413, 53.288576635021599 ], [ -3.10520696776839, 53.291636288911597 ], [ -3.12300428172316, 53.289303951071801 ], [ -3.11387067598427, 53.2943716318239 ], [ -3.09631673017228, 53.2939504443545 ], [ -3.1090482669874, 53.297046635047302 ], [ -3.07416551138978, 53.316380902432897 ], [ -3.02613955180197, 53.297748657679499 ], [ -2.99273779101907, 53.307108757447203 ], [ -2.96803333271532, 53.301255109030201 ], [ -2.93960850114793, 53.3103882157802 ], [ -2.9317023798692, 53.306036140815202 ], [ -2.92884421120653, 53.308389814759401 ], [ -2.92863596687009, 53.308202087746501 ], [ -2.90165051426276, 53.295415828176203 ], [ -2.88947025232767, 53.289640023898002 ], [ -2.90053434197305, 53.297009922778201 ], [ -2.85556828280237, 53.292021956918703 ], [ -2.85728106183669, 53.286907504084503 ], [ -2.83960110742911, 53.298736924941203 ], [ -2.84638345444798, 53.306944490263199 ], [ -2.81595600396396, 53.3061631560265 ], [ -2.788795747642, 53.295408851211498 ], [ -2.75278930962497, 53.314569609204703 ], [ -2.75243197509548, 53.314759623559702 ], [ -2.75245521144682, 53.314787016506401 ], [ -2.73892866186995, 53.306764272115601 ], [ -2.72355800180627, 53.313125423220598 ], [ -2.70079895863185, 53.305792818330197 ], [ -2.68515177103575, 53.315451461192602 ], [ -2.64155693821446, 53.3050347961562 ], [ -2.64506142803031, 53.310135071241298 ], [ -2.62412274757937, 53.309398192199801 ], [ -2.61996173477241, 53.320265248369097 ], [ -2.60908651552069, 53.312071212475303 ], [ -2.59522305170231, 53.322454370264303 ], [ -2.58628969384403, 53.329396804271902 ], [ -2.56187507812781, 53.323342849982403 ], [ -2.51839296054763, 53.342390274529798 ], [ -2.49396788490726, 53.343298572779403 ], [ -2.51228119048505, 53.321346209547301 ], [ -2.49800605204794, 53.289908955323398 ], [ -2.45317072412463, 53.284550756923103 ], [ -2.42746080927847, 53.261169532134701 ], [ -2.41445485676336, 53.2683193993036 ], [ -2.394115156195, 53.266754307316702 ], [ -2.36465011579822, 53.2486797173746 ], [ -2.34905575054226, 53.249014323678402 ], [ -2.36379985115036, 53.223570843268 ], [ -2.39628927821287, 53.234362355123999 ], [ -2.40117228412505, 53.221758758234898 ], [ -2.41418179859763, 53.219299764532501 ], [ -2.41016086415475, 53.205696358620997 ], [ -2.37255434004135, 53.1955828981745 ], [ -2.36868607467663, 53.1829171557292 ], [ -2.37831956492192, 53.172012913107999 ], [ -2.3921096750195, 53.179915217529398 ], [ -2.40636653381983, 53.174087455557199 ], [ -2.4306634553297, 53.1979652841746 ], [ -2.45655683567035, 53.202612957469498 ], [ -2.45737416426073, 53.1766939319131 ], [ -2.44347744623549, 53.170838202397299 ], [ -2.44375960478923, 53.159883239268403 ], [ -2.46886728049918, 53.152736689762598 ], [ -2.49974071074995, 53.164151958843298 ], [ -2.54292435422605, 53.149772173605001 ], [ -2.57240251940964, 53.163472223455102 ], [ -2.58358096941245, 53.1554979019595 ], [ -2.59650472428264, 53.158872068828899 ], [ -2.59200516674297, 53.144515893220799 ], [ -2.62524282834534, 53.150842985234497 ], [ -2.64126344182425, 53.128421103359898 ], [ -2.65973028828682, 53.130716416072502 ], [ -2.67114512359379, 53.115870011655197 ], [ -2.70605412094603, 53.118509130631701 ], [ -2.71136358397739, 53.093642401880899 ], [ -2.73173861065917, 53.091808983303999 ], [ -2.7529286634929, 53.069226238483601 ], [ -2.71826281201215, 53.0442140948537 ], [ -2.70241055647356, 53.054321249810201 ], [ -2.66881731014789, 53.038653935616999 ], [ -2.69929243706707, 52.995438797765203 ] ] ] } },
{ "type": "Feature", "properties": { "FID": 48, "LAD24CD": "E06000051", "LAD24NM": "Shropshire", "LAD24NMW": " ", "BNG_E": 350227, "BNG_N": 302957, "LONG": -2.73667, "LAT": 52.6221, "GlobalID": "45bfa4d0-105c-4635-be3a-39a37fefbc30", "LAD24CD_1": "E06000051", "LAD24NM_1": "Shropshire", "RUC21CD": "RMN", "RUC21NM": "Majority rural: Majority nearer to a major town or city", "Urban_rura": "Rural", "Shape_Leng": 469679.996728, "Shape__Area": 3188408020.0935211, "Shape__Length": 469679.9967275724 }, "geometry": { "type": "Polygon", "coordinates": [ [ [ -2.37893788163928, 52.891720523138403 ], [ -2.39375624971319, 52.836620037667103 ], [ -2.41634660240013, 52.827005990096801 ], [ -2.47289499273347, 52.820803418862802 ], [ -2.45625527532494, 52.784186452172897 ], [ -2.47280977449132, 52.7804223268923 ], [ -2.48970354173007, 52.7829732890199 ], [ -2.47712088994151, 52.799378551548003 ], [ -2.48650658342808, 52.8052457102673 ], [ -2.50293179651684, 52.796615180776797 ], [ -2.5219476722418, 52.798909126711898 ], [ -2.53745077758983, 52.785058440149399 ], [ -2.53369894147206, 52.793999526914902 ], [ -2.55176917292884, 52.802515654394398 ], [ -2.58277402480627, 52.805597505129597 ], [ -2.59813350120405, 52.797996048316101 ], [ -2.59226703186324, 52.776819444760299 ], [ -2.6210084701581, 52.7764659011576 ], [ -2.63232466481739, 52.759574675779902 ], [ -2.64306350259403, 52.7670763844908 ], [ -2.66351492320801, 52.760402699433698 ], [ -2.66019992044015, 52.731724105292201 ], [ -2.59741996828975, 52.718251168973303 ], [ -2.62259601335968, 52.699024462948699 ], [ -2.55564737354675, 52.671098106833199 ], [ -2.54838538604587, 52.654634348597298 ], [ -2.50177354912493, 52.629018813300704 ], [ -2.43809990290042, 52.614568343448603 ], [ -2.43663474871759, 52.627094046925798 ], [ -2.41829505360872, 52.633774940159199 ], [ -2.41902901166181, 52.662892015508902 ], [ -2.37654762449238, 52.739597061599198 ], [ -2.35776744733042, 52.731246474034997 ], [ -2.3156367525332, 52.732939982822003 ], [ -2.30860350792447, 52.720746136461401 ], [ -2.3248336041539, 52.7053358302013 ], [ -2.3199078211235, 52.6953977618642 ], [ -2.30304049939528, 52.682952779118402 ], [ -2.2476955172485, 52.683043070725901 ], [ -2.23871532272218, 52.663701315492098 ], [ -2.24768735730075, 52.656660134795601 ], [ -2.23470907735918, 52.655854156626198 ], [ -2.23289449572096, 52.647694205333799 ], [ -2.25617061500712, 52.609798291934602 ], [ -2.28158430525676, 52.605873850579101 ], [ -2.32379942705026, 52.612953104822097 ], [ -2.32202449570949, 52.593636047175004 ], [ -2.30029269773898, 52.593027100169301 ], [ -2.26193773864192, 52.569059801400201 ], [ -2.28247661716922, 52.553396073927402 ], [ -2.25642651698257, 52.541741503336098 ], [ -2.2692153554449, 52.530688796592102 ], [ -2.26094318513366, 52.524102415494397 ], [ -2.29139000182827, 52.5116799240514 ], [ -2.3127491667011, 52.489208828246397 ], [ -2.28738237113974, 52.455316927592797 ], [ -2.31175006207078, 52.437531176504898 ], [ -2.36352792484789, 52.4394258300714 ], [ -2.3729571483549, 52.4019338452947 ], [ -2.33555409893311, 52.385337268779999 ], [ -2.36735191957292, 52.388063002361399 ], [ -2.39067324035235, 52.381527854953298 ], [ -2.41047383637194, 52.387153291197897 ], [ -2.41469594598204, 52.368248038744099 ], [ -2.47474855503537, 52.367180495797299 ], [ -2.48838300008294, 52.355401788254603 ], [ -2.48179590843371, 52.331077746473802 ], [ -2.51320477489778, 52.329213911295703 ], [ -2.51212945833582, 52.337110258606401 ], [ -2.53914994730822, 52.344139087403597 ], [ -2.56221899576703, 52.3331082823467 ], [ -2.56257481693948, 52.311090153372803 ], [ -2.57467429972343, 52.317618664325899 ], [ -2.61809524430103, 52.3069466451511 ], [ -2.62393298559876, 52.321388085152499 ], [ -2.66513163045228, 52.342284248375499 ], [ -2.68912776448561, 52.316605481808303 ], [ -2.67981117516044, 52.312023092025697 ], [ -2.71423508446195, 52.308834679896897 ], [ -2.76700541828437, 52.336157462090803 ], [ -2.74844780693571, 52.334904567603701 ], [ -2.73274009474419, 52.355515417804199 ], [ -2.79242010801848, 52.356863603044097 ], [ -2.79250462990759, 52.375283533226302 ], [ -2.80732909741049, 52.375911448165702 ], [ -2.80543256064045, 52.388252070047997 ], [ -2.81822288080805, 52.391229952015998 ], [ -2.85503772047807, 52.395486018717001 ], [ -2.88841573955345, 52.385170425236502 ], [ -2.89309757739588, 52.3740857996955 ], [ -2.9176851490735, 52.386288478536201 ], [ -2.92231079516907, 52.375147345610003 ], [ -2.90080513581716, 52.367270260508398 ], [ -2.9261433373763, 52.366995254893197 ], [ -2.93888929692198, 52.3610579821258 ], [ -2.93314924449305, 52.350052133551898 ], [ -2.95465135625057, 52.349154761937797 ], [ -2.97450325778266, 52.354700771080402 ], [ -3.04017440612675, 52.344326448647003 ], [ -3.06066441920979, 52.348239528791602 ], [ -3.11060650812059, 52.377192857708501 ], [ -3.15444662965246, 52.387715171253497 ], [ -3.17885189317182, 52.409445301076303 ], [ -3.21954231380943, 52.421246565300898 ], [ -3.23555343310675, 52.442511183188799 ], [ -3.19724017301225, 52.475989403595896 ], [ -3.18021448078352, 52.4739344849595 ], [ -3.11101713479608, 52.4989348274703 ], [ -3.02920219998827, 52.501268024987397 ], [ -3.03237893922629, 52.523731342419403 ], [ -3.00387364775971, 52.519833036237102 ], [ -2.99416397610144, 52.552910873339897 ], [ -3.014230447679, 52.5754965428671 ], [ -3.08727582526502, 52.551331507343001 ], [ -3.08541228712571, 52.534502701906 ], [ -3.13307842958419, 52.5274720738946 ], [ -3.1370447146752, 52.534044809851501 ], [ -3.11149542440582, 52.541363763929603 ], [ -3.13950076571608, 52.585719807162903 ], [ -3.11741414899447, 52.585763146624302 ], [ -3.08955816271373, 52.599506297111503 ], [ -3.09362257365342, 52.609339086746701 ], [ -3.07318689672821, 52.6289626614398 ], [ -3.05981991551762, 52.630710332343099 ], [ -3.08356627752097, 52.6412925192923 ], [ -3.05112433418108, 52.647370319046601 ], [ -3.03858027691564, 52.675373165924803 ], [ -3.04704782420661, 52.691265840017202 ], [ -3.0224859512498, 52.706667941247503 ], [ -3.02035717507642, 52.725102241172003 ], [ -3.00055465557069, 52.720275309819201 ], [ -2.97759195389928, 52.726591675103499 ], [ -2.97810302517224, 52.715357324982001 ], [ -2.96107942399414, 52.716465693738201 ], [ -2.96506569361931, 52.732268063928501 ], [ -2.99131975668694, 52.733818000783799 ], [ -2.99199278312435, 52.743756037640402 ], [ -3.02180979863464, 52.751940780915902 ], [ -3.01081496516033, 52.758474134017597 ], [ -3.01714764503031, 52.767621763327298 ], [ -3.03536166527588, 52.764032715930298 ], [ -3.03898545182156, 52.770394726268499 ], [ -3.05254038732917, 52.768588347859499 ], [ -3.04779141568697, 52.772635573375801 ], [ -3.07951607132088, 52.771513911764004 ], [ -3.09168246698264, 52.786662978685897 ], [ -3.08663218442715, 52.795593155843903 ], [ -3.11828683786622, 52.783582420066402 ], [ -3.16085535746191, 52.795745085153897 ], [ -3.15319003437988, 52.806368624926499 ], [ -3.16820515656899, 52.807328442098999 ], [ -3.16788753046969, 52.819266678782 ], [ -3.15126038171278, 52.842564887384199 ], [ -3.16301475130881, 52.847490944346497 ], [ -3.12771287514737, 52.867103031903099 ], [ -3.15241672487316, 52.878747886248 ], [ -3.13552413220342, 52.885013666063401 ], [ -3.14750393983102, 52.890169344893899 ], [ -3.11416217688046, 52.893978215602601 ], [ -3.09602579987912, 52.930332992994302 ], [ -3.07651316772971, 52.925479343120003 ], [ -3.03512347363092, 52.929462488537901 ], [ -3.00964949707879, 52.956199472327498 ], [ -2.98202234589558, 52.9591982537615 ], [ -2.97502999812956, 52.9689845232229 ], [ -2.9598133204483, 52.951169554783803 ], [ -2.9288886576968, 52.938678829368399 ], [ -2.88743132915924, 52.952529889976397 ], [ -2.88353939739913, 52.946639216146401 ], [ -2.84101496067848, 52.942623714099497 ], [ -2.79884789455756, 52.895758763330903 ], [ -2.75532645758129, 52.924628036358499 ], [ -2.72843937384749, 52.925301862485803 ], [ -2.72417751071701, 52.957121654699201 ], [ -2.73529356518204, 52.9699461891475 ], [ -2.7268406065337, 52.983272945391498 ], [ -2.69929243706707, 52.995438797765203 ], [ -2.67466228547344, 52.9856628094808 ], [ -2.63265093996284, 52.9966707862961 ], [ -2.59488906784906, 52.9796071465965 ], [ -2.59769347128031, 52.963005989058601 ], [ -2.58641372797688, 52.955379087810499 ], [ -2.56126288258472, 52.964952104207597 ], [ -2.52951582206291, 52.947164876593703 ], [ -2.52136030854293, 52.974341819955001 ], [ -2.48113332913399, 52.958836584215497 ], [ -2.43466847192472, 52.9695572514768 ], [ -2.43676051035908, 52.9862560826448 ], [ -2.38079367936827, 52.998411061348598 ], [ -2.3687305558901, 52.979359488873897 ], [ -2.37971828550886, 52.976065262611797 ], [ -2.38620832086667, 52.9532172773078 ], [ -2.4129171269442, 52.961770731323803 ], [ -2.40550267573913, 52.947317554374102 ], [ -2.42515061577032, 52.950012640570897 ], [ -2.43672273371605, 52.943869822693102 ], [ -2.4707891204993, 52.905863029707902 ], [ -2.446096803267, 52.874002989390199 ], [ -2.44041158371091, 52.8812272999022 ], [ -2.37893788163928, 52.891720523138403 ] ] ] } },
{ "type": "Feature", "properties": { "FID": 49, "LAD24CD": "E06000052", "LAD24NM": "Cornwall", "LAD24NMW": " ", "BNG_E": 212497, "BNG_N": 64493, "LONG": -4.64254, "LAT": 50.4502, "GlobalID": "2c2b4e39-3cca-414b-9a78-5abeac6c1817", "LAD24CD_1": "E06000052", "LAD24NM_1": "Cornwall", "RUC21CD": "RMF", "RUC21NM": "Majority rural: Majority further from a major town or city", "Urban_rura": "Rural", "Shape_Leng": 562588.46608200006, "Shape__Area": 3574560849.3729219, "Shape__Length": 562588.46608189819 }, "geometry": { "type": "MultiPolygon", "coordinates": [ [ [ [ -4.72691368032223, 50.682872282025301 ], [ -4.72664429787625, 50.682568820937099 ], [ -4.72712191373254, 50.682581436743099 ], [ -4.72691368032223, 50.682872282025301 ] ] ], [ [ [ -5.02706908428298, 50.215520351155 ], [ -5.02410564064617, 50.222503196012497 ], [ -5.00599656401254, 50.227605932380101 ], [ -5.01444083432751, 50.227089058494798 ], [ -5.0215558274724, 50.2446925686097 ], [ -5.01677046190736, 50.2263475722946 ], [ -5.02923365316934, 50.222837659450498 ], [ -5.0293210943765, 50.215758583982598 ], [ -5.03131570973379, 50.210671590898301 ], [ -5.03897711050394, 50.212663799837898 ], [ -5.04307926557348, 50.2042995904158 ], [ -5.04807629797126, 50.209025507093202 ], [ -5.04392239662628, 50.203309892593403 ], [ -5.05897012060523, 50.193243612885098 ], [ -5.06343224726339, 50.196185980187998 ], [ -5.05435220385665, 50.180327663216701 ], [ -5.077300177426, 50.184220872526097 ], [ -5.05118952052524, 50.177132524791503 ], [ -5.04770530779035, 50.171607663517896 ], [ -5.05287885627186, 50.163549339985501 ], [ -5.05446725620211, 50.1623885440086 ], [ -5.07164346085944, 50.165035223245198 ], [ -5.07751083465274, 50.166814260328202 ], [ -5.07661228111735, 50.165800289412999 ], [ -5.08197845044786, 50.166626268440602 ], [ -5.10225182912795, 50.169744311525399 ], [ -5.08155507610197, 50.160050621671701 ], [ -5.0635196605772, 50.151597097062499 ], [ -5.04997871702225, 50.155606711647302 ], [ -5.04926314774928, 50.155774817472697 ], [ -5.04197669419801, 50.1439277410323 ], [ -5.04402310593358, 50.144558222680502 ], [ -5.05506064042703, 50.148285186403797 ], [ -5.07653089329431, 50.140478017869299 ], [ -5.07308595037723, 50.134198001630502 ], [ -5.07972538859807, 50.131579741561403 ], [ -5.09369318239742, 50.126069398341798 ], [ -5.08176872321673, 50.109394766520502 ], [ -5.09481231645603, 50.102279618193798 ], [ -5.12193269272264, 50.099976979141097 ], [ -5.13471163953856, 50.100103524327103 ], [ -5.13752913570795, 50.102990924271602 ], [ -5.13033910379376, 50.1101941906498 ], [ -5.13790875184084, 50.111724287717898 ], [ -5.14046160587167, 50.105995695813199 ], [ -5.14063128243512, 50.1061695421634 ], [ -5.14530227909471, 50.098693842657397 ], [ -5.16050759840784, 50.097021280780403 ], [ -5.1635723032622, 50.100393516240601 ], [ -5.16490019912657, 50.112600493028999 ], [ -5.16913174459194, 50.099783245885298 ], [ -5.16356647116155, 50.096430346098302 ], [ -5.16345810933324, 50.0958893297625 ], [ -5.162765917933, 50.095947977011001 ], [ -5.15951885509899, 50.093991320070799 ], [ -5.1723155362568, 50.090990966760998 ], [ -5.1544092913989, 50.092744657689202 ], [ -5.14763815752199, 50.085343025913701 ], [ -5.15059771133675, 50.093117575241301 ], [ -5.13887512603401, 50.094263613026101 ], [ -5.13573329458321, 50.091374569861003 ], [ -5.10735138176172, 50.094108733621603 ], [ -5.09999416200844, 50.091998565729902 ], [ -5.09481055247348, 50.089123038192497 ], [ -5.10412338945242, 50.086687293670401 ], [ -5.09929400256908, 50.086645477076203 ], [ -5.11790259288018, 50.0822811580923 ], [ -5.0767712743002, 50.085520555818697 ], [ -5.07599929093324, 50.085581214602897 ], [ -5.07659664036765, 50.082792711424403 ], [ -5.07959444544096, 50.068793386370203 ], [ -5.07567543994389, 50.068407453143401 ], [ -5.06773438937121, 50.067625012237102 ], [ -5.057817176001, 50.052779382999397 ], [ -5.06605209702107, 50.039582011447202 ], [ -5.0688420544995, 50.035109126996097 ], [ -5.07345412867179, 50.033667859219001 ], [ -5.09680343681117, 50.026367122219703 ], [ -5.09116078321612, 50.015712851147804 ], [ -5.1013098316807, 50.004247611531603 ], [ -5.12258712760523, 50.0092388548331 ], [ -5.16662818005827, 50.0037724344051 ], [ -5.18876739779647, 49.973876674179401 ], [ -5.18586954877603, 49.962983344109603 ], [ -5.21012104975046, 49.960198022495803 ], [ -5.2191177950202, 49.970042231103498 ], [ -5.2195468820196, 49.971445469657297 ], [ -5.23265455693843, 49.973526959588902 ], [ -5.24567399493205, 49.976175735784899 ], [ -5.24399064782674, 49.984099951593102 ], [ -5.24520149191487, 49.985115304215498 ], [ -5.24510605170029, 49.985435285159802 ], [ -5.2581158820745, 49.995941125537399 ], [ -5.26839851415113, 50.004556185355298 ], [ -5.26700371731642, 50.006732539150597 ], [ -5.25593314512732, 50.021617039645697 ], [ -5.25657188232939, 50.023003243037401 ], [ -5.25645829653449, 50.023180340852903 ], [ -5.25675312087382, 50.023396556217101 ], [ -5.26175226153283, 50.034242597166703 ], [ -5.26177388949383, 50.034289508667797 ], [ -5.28004728510995, 50.041859786578499 ], [ -5.2794218854401, 50.056372669236602 ], [ -5.31630488856993, 50.0852227586712 ], [ -5.33911567039403, 50.091971852037098 ], [ -5.34355066984747, 50.091423810978903 ], [ -5.34630676644422, 50.0921595586751 ], [ -5.36234176162727, 50.089099749261997 ], [ -5.36318976286291, 50.0889947922009 ], [ -5.39177770374754, 50.103500873449597 ], [ -5.42935984415677, 50.096906074992503 ], [ -5.4291539233978, 50.105455369777502 ], [ -5.43476013559069, 50.107720303008101 ], [ -5.46344938705126, 50.122730623915103 ], [ -5.46706638480588, 50.120762510683001 ], [ -5.48390152718835, 50.127552310935997 ], [ -5.5301080151592, 50.1237122083865 ], [ -5.53103494652719, 50.114267649915099 ], [ -5.54936096412508, 50.106482026217599 ], [ -5.54842719763947, 50.105438219666802 ], [ -5.54883169807437, 50.105259464122902 ], [ -5.53970229355693, 50.095682380732299 ], [ -5.53329185762811, 50.088511376507299 ], [ -5.54217471898191, 50.070569028592097 ], [ -5.57722483584557, 50.051775863269 ], [ -5.585697358194, 50.051632350642599 ], [ -5.61914106394694, 50.051218410388501 ], [ -5.63279198350019, 50.0422939146803 ], [ -5.63560294803083, 50.040455597868799 ], [ -5.63631734961741, 50.039991750872097 ], [ -5.64843089756447, 50.043827468966398 ], [ -5.65362964553451, 50.041895145065602 ], [ -5.67674112690866, 50.035655352488597 ], [ -5.68089445544604, 50.036798926629601 ], [ -5.69033150108712, 50.049437275618999 ], [ -5.6925770556485, 50.054014197925397 ], [ -5.69456526199398, 50.054465483478097 ], [ -5.71313731657535, 50.062330781878202 ], [ -5.71406170259477, 50.063891188413997 ], [ -5.69253123818344, 50.0873346285235 ], [ -5.68858613803498, 50.0902955019627 ], [ -5.71017591339613, 50.127360139580297 ], [ -5.67305967252751, 50.166244133922099 ], [ -5.642267278536, 50.167286066368497 ], [ -5.62907261461017, 50.167730023953403 ], [ -5.62764855991808, 50.1690146294481 ], [ -5.62602395912256, 50.169105144722202 ], [ -5.6020639515258, 50.1920795945409 ], [ -5.60070161992286, 50.193307001680303 ], [ -5.60013818030862, 50.193087129722301 ], [ -5.59085525409839, 50.188662991905602 ], [ -5.55921554117229, 50.2054281218306 ], [ -5.53878391415607, 50.216243714666099 ], [ -5.5366448344079, 50.216435997977001 ], [ -5.48158641489222, 50.219156996420999 ], [ -5.47731226032961, 50.2189734706389 ], [ -5.47238763732675, 50.209173996152998 ], [ -5.47200533405347, 50.208070099771902 ], [ -5.46916469606142, 50.199865980246997 ], [ -5.4368083441993, 50.193524325345201 ], [ -5.43369843341748, 50.193729103886596 ], [ -5.41347651735217, 50.209805668245302 ], [ -5.39362517988591, 50.225573978025601 ], [ -5.39525333986408, 50.240515791905104 ], [ -5.37810149923982, 50.244071030577501 ], [ -5.36837711660057, 50.236165836429102 ], [ -5.36700157237685, 50.236421835370301 ], [ -5.32480734271536, 50.244265357823203 ], [ -5.30375843529999, 50.261728028750099 ], [ -5.28918518512171, 50.261045710008297 ], [ -5.2813732301954, 50.270655092808397 ], [ -5.25134579865601, 50.282570235894497 ], [ -5.25055361579782, 50.284256474766899 ], [ -5.24369581011188, 50.2868723324152 ], [ -5.23705558115503, 50.312970901502098 ], [ -5.23453521824273, 50.3183287821902 ], [ -5.20061060049716, 50.320142698864899 ], [ -5.18149101875634, 50.3403352364478 ], [ -5.15384624653133, 50.346137155516701 ], [ -5.14648531118574, 50.375265417565103 ], [ -5.15313999389024, 50.383776763258403 ], [ -5.15179276203488, 50.389301415659098 ], [ -5.143585713295, 50.388904681613802 ], [ -5.14542424091583, 50.397296330303 ], [ -5.14718796088821, 50.405343554195497 ], [ -5.14594465638391, 50.405741167729502 ], [ -5.10962986479997, 50.412823387504297 ], [ -5.10243484541206, 50.413113897762003 ], [ -5.09980119308785, 50.425641701150496 ], [ -5.0963559746437, 50.4243815831558 ], [ -5.07753458894287, 50.415842370641997 ], [ -5.05477689103968, 50.425726889454999 ], [ -5.04378825275585, 50.442229061294803 ], [ -5.04260514533663, 50.462062335820299 ], [ -5.04205767263876, 50.4642901820948 ], [ -5.03186440119644, 50.467616904478596 ], [ -5.03966620896786, 50.474019573863799 ], [ -5.03602727023607, 50.488817061658402 ], [ -5.03604549025655, 50.488831874016398 ], [ -5.03482681494771, 50.493687447057503 ], [ -5.04680707283456, 50.497826790526901 ], [ -5.02404518805437, 50.508721228635899 ], [ -5.02835717116405, 50.517651175350601 ], [ -5.02691140403154, 50.523978330737897 ], [ -5.02263757019703, 50.526539455427397 ], [ -5.03652515550441, 50.549558704119001 ], [ -5.03594328805995, 50.549485557312799 ], [ -4.98386583043079, 50.542210791158503 ], [ -4.97207706892609, 50.5577801689778 ], [ -4.94511999886469, 50.569147442393103 ], [ -4.94959409039878, 50.5565619800024 ], [ -4.93511380726353, 50.548986806472001 ], [ -4.93090721010886, 50.530003477629599 ], [ -4.92473037937437, 50.531175625410199 ], [ -4.92637128298768, 50.545285854335198 ], [ -4.93144375727827, 50.564810910426402 ], [ -4.91580041395331, 50.575877822017901 ], [ -4.92823437129905, 50.582877054167298 ], [ -4.93537580608854, 50.586895506295903 ], [ -4.92144400929732, 50.593240243201201 ], [ -4.91549517220222, 50.591458037912197 ], [ -4.90828934590339, 50.584507094744403 ], [ -4.89890560222236, 50.583611538798401 ], [ -4.88522893865096, 50.582304861891799 ], [ -4.88055307696711, 50.584066866353901 ], [ -4.86752465562518, 50.588974703669301 ], [ -4.86998617228391, 50.595370475742001 ], [ -4.86988998403666, 50.595386481935897 ], [ -4.83822538965683, 50.594415101488899 ], [ -4.8324389873183, 50.592135674695498 ], [ -4.82712854372422, 50.593006646267902 ], [ -4.79622009594882, 50.598070548426399 ], [ -4.79165946662158, 50.602372015148902 ], [ -4.79058315844047, 50.602641267013396 ], [ -4.78946948519192, 50.604437214625499 ], [ -4.77044152123395, 50.622371814093299 ], [ -4.75871806437452, 50.6528499691522 ], [ -4.76058072014637, 50.653323473569301 ], [ -4.7644968758956, 50.669589748240199 ], [ -4.76446329901571, 50.6698212744461 ], [ -4.74329441842283, 50.676379729595098 ], [ -4.74109431612882, 50.6759288064586 ], [ -4.73505131576147, 50.6715033399676 ], [ -4.73306263728457, 50.674282224476201 ], [ -4.72978467353415, 50.673609996435403 ], [ -4.72606190064329, 50.684061948775003 ], [ -4.68024568558363, 50.695993582981799 ], [ -4.68102224451159, 50.702700765882902 ], [ -4.68065211402407, 50.704624995819003 ], [ -4.65457628700499, 50.716266537731997 ], [ -4.65387837474375, 50.739811011166402 ], [ -4.63915331615706, 50.740401638910697 ], [ -4.63881034704763, 50.740711967563897 ], [ -4.6345223589513, 50.740960414025501 ], [ -4.63456308019599, 50.744554609046901 ], [ -4.62466313817244, 50.753508454830403 ], [ -4.58550550826297, 50.770887490763997 ], [ -4.56194358672404, 50.781332424210099 ], [ -4.55868322816147, 50.828761768762 ], [ -4.55732284413912, 50.8288967985985 ], [ -4.54667214375138, 50.829953439515599 ], [ -4.5561170737732, 50.836861642977503 ], [ -4.55835139376797, 50.847706946669 ], [ -4.55986636229716, 50.855057420227503 ], [ -4.55926840281847, 50.865704720222197 ], [ -4.56681594784925, 50.888741803816202 ], [ -4.56991556816818, 50.903747742720498 ], [ -4.56187902707891, 50.912049483204697 ], [ -4.54606650554743, 50.928373623384502 ], [ -4.54597272667831, 50.9288058690734 ], [ -4.45605816327938, 50.928869185013902 ], [ -4.46268330272599, 50.913489781870297 ], [ -4.42095916744729, 50.866086164694202 ], [ -4.43372646821496, 50.865509254052697 ], [ -4.44224390037994, 50.846942672939903 ], [ -4.44679067285866, 50.808223722719397 ], [ -4.49349652984377, 50.7929237606321 ], [ -4.45132992301361, 50.785654195046199 ], [ -4.42394702206902, 50.764549403022599 ], [ -4.40872280864792, 50.762416889244797 ], [ -4.41441712623775, 50.774395581193197 ], [ -4.39355754148501, 50.778232551252103 ], [ -4.38102508886451, 50.770550946586397 ], [ -4.38499915489107, 50.747755824212099 ], [ -4.3615861065167, 50.718767206798297 ], [ -4.36934075645349, 50.702341342131398 ], [ -4.34894080349311, 50.689538256503504 ], [ -4.33522645925439, 50.6465405353918 ], [ -4.32563065951261, 50.637730709764099 ], [ -4.30030704765174, 50.633852437955703 ], [ -4.31162974247687, 50.586077468160703 ], [ -4.30691506779935, 50.578585066205299 ], [ -4.29132756980882, 50.583857877144403 ], [ -4.28606176960213, 50.574942197972 ], [ -4.28598133511437, 50.584665423768897 ], [ -4.27114961706166, 50.582214201974097 ], [ -4.27951593682655, 50.569173334744796 ], [ -4.25928500625728, 50.545846765285702 ], [ -4.271526014024, 50.536585196809099 ], [ -4.24789096992557, 50.543922188652601 ], [ -4.23229543056486, 50.531017466351003 ], [ -4.20730714918843, 50.533562684210303 ], [ -4.20279303109881, 50.503179827385701 ], [ -4.18575017328832, 50.508357209478397 ], [ -4.18070463552914, 50.503728028548998 ], [ -4.1993570856001, 50.492368763434698 ], [ -4.22086898555329, 50.498072722241801 ], [ -4.2180822401953, 50.475942871968499 ], [ -4.23859198555515, 50.463969166085199 ], [ -4.22957621468745, 50.455782449146703 ], [ -4.21511461185356, 50.466596547556399 ], [ -4.20073188916644, 50.436423346199 ], [ -4.22228115682423, 50.4262356965096 ], [ -4.23831164789496, 50.4390433574723 ], [ -4.22387210622313, 50.421983188983198 ], [ -4.20991099724708, 50.425439816315702 ], [ -4.21040823359946, 50.418830643425203 ], [ -4.21147168903477, 50.4046835676657 ], [ -4.22675168880529, 50.393511596893902 ], [ -4.22730195729596, 50.393296557052103 ], [ -4.23301521332515, 50.393556465869402 ], [ -4.23083331927338, 50.390526128103197 ], [ -4.23085946547008, 50.390507002406501 ], [ -4.23082586429694, 50.390515773654201 ], [ -4.2307657805096, 50.3904323196466 ], [ -4.20221408312714, 50.388383242463497 ], [ -4.2094682466173, 50.385666444050898 ], [ -4.1947836548681, 50.371856563738099 ], [ -4.20923499262772, 50.368932188496402 ], [ -4.20893199398154, 50.368698004375901 ], [ -4.20918521546659, 50.368650819512197 ], [ -4.20827035771723, 50.368186620501 ], [ -4.19711586759944, 50.359562952994501 ], [ -4.20761609787209, 50.346906915772003 ], [ -4.17242256543236, 50.358661755971497 ], [ -4.17156949680821, 50.357395919331999 ], [ -4.17050263194944, 50.345824001287099 ], [ -4.19987138190048, 50.333333467906897 ], [ -4.2012714929036, 50.332872504123301 ], [ -4.18840249187205, 50.317731306967602 ], [ -4.18950971752307, 50.317538425163697 ], [ -4.21039274509117, 50.3182168584678 ], [ -4.22117592757433, 50.312017008862597 ], [ -4.22274381237893, 50.3117433720832 ], [ -4.22330488139463, 50.313672619781798 ], [ -4.21952359652147, 50.324606027741503 ], [ -4.2291698060828, 50.333504167427499 ], [ -4.24990627703412, 50.340836013784198 ], [ -4.30815097061245, 50.361397493044201 ], [ -4.41022406369339, 50.364147414613399 ], [ -4.43658028864627, 50.361020845521097 ], [ -4.45110107143495, 50.350918882158403 ], [ -4.45063459874991, 50.348188692811497 ], [ -4.47268923139113, 50.333208637172199 ], [ -4.4975251869775, 50.337390479389903 ], [ -4.49800566177262, 50.336636618010701 ], [ -4.53829330850314, 50.323846035679097 ], [ -4.53895801877531, 50.323722290410501 ], [ -4.578492219299, 50.332570174297501 ], [ -4.59841531946951, 50.323887090511299 ], [ -4.60665219748755, 50.328961324985499 ], [ -4.63304769106389, 50.324360236237702 ], [ -4.63847827748767, 50.329860446925601 ], [ -4.63381873108401, 50.331131888048397 ], [ -4.61794659654515, 50.3352945594483 ], [ -4.61824597548531, 50.335379395905697 ], [ -4.60883484075742, 50.337944961475699 ], [ -4.62059318337059, 50.336044500439399 ], [ -4.63108190923905, 50.339015764347202 ], [ -4.64212877742846, 50.332113113714897 ], [ -4.66761504459016, 50.323078772914599 ], [ -4.6725498155824, 50.313876382203702 ], [ -4.68482549730037, 50.320122975898698 ], [ -4.68491866564187, 50.3206846089927 ], [ -4.68242459992516, 50.338011261717398 ], [ -4.6880818296431, 50.339743740537401 ], [ -4.6894612144636, 50.348049789169103 ], [ -4.75561134098283, 50.331382061292203 ], [ -4.75647245112486, 50.331186867935202 ], [ -4.75649522641574, 50.331159021876402 ], [ -4.75684792499123, 50.331070019159 ], [ -4.76691588624591, 50.320829049607397 ], [ -4.76604933259818, 50.3194745963374 ], [ -4.76613431223596, 50.319370639611201 ], [ -4.75264882920183, 50.298507710278997 ], [ -4.76413446815713, 50.300420634580398 ], [ -4.78124321981332, 50.2901344660172 ], [ -4.7870179658562, 50.269499999500098 ], [ -4.78568369137301, 50.261756712397499 ], [ -4.76698708423713, 50.256639887390499 ], [ -4.78554633144658, 50.245571273343998 ], [ -4.78096412345119, 50.237483628867103 ], [ -4.78424762976489, 50.236027689529898 ], [ -4.79826333204283, 50.230199598944097 ], [ -4.79835162776805, 50.2262605468404 ], [ -4.79850280458658, 50.219515107123499 ], [ -4.80521188588127, 50.223484826284398 ], [ -4.80945051303905, 50.225992250876601 ], [ -4.81892073428986, 50.231592958333103 ], [ -4.86245624775839, 50.2360275709242 ], [ -4.87869624379253, 50.224296645772903 ], [ -4.90295333946182, 50.206759708132203 ], [ -4.91699249636439, 50.1972377103178 ], [ -4.93373777428959, 50.207093445699797 ], [ -4.95590609134957, 50.202933529302499 ], [ -4.97360302186291, 50.185648331698502 ], [ -4.98196994791055, 50.151806083669399 ], [ -5.00960196427503, 50.139299175556197 ], [ -5.00972337435064, 50.139435968908501 ], [ -5.01777617454373, 50.149102612234799 ], [ -5.01776344179754, 50.149110219144198 ], [ -5.00406486264834, 50.150602624690301 ], [ -4.9995982260643, 50.159958965322701 ], [ -4.99576807226838, 50.162245463657896 ], [ -4.99881932358825, 50.161590186969697 ], [ -4.99876424958417, 50.161705520460103 ], [ -4.99895466807204, 50.161561118218302 ], [ -5.02403587159373, 50.1561710389756 ], [ -5.01435519472635, 50.190474179057603 ], [ -5.02560420397386, 50.182219195893403 ], [ -5.03483214266901, 50.203917562713301 ], [ -5.02677316208619, 50.203961793550498 ], [ -5.02841026410205, 50.209915917772499 ], [ -5.02848960353537, 50.209936554690799 ], [ -5.02751800154651, 50.210479839199103 ], [ -5.02706908428298, 50.215520351155 ] ] ] ] } },
{ "type": "Feature", "properties": { "FID": 50, "LAD24CD": "E06000053", "LAD24NM": "Isles of Scilly", "LAD24NMW": " ", "BNG_E": 91327, "BNG_N": 11447, "LONG": -6.30217, "LAT": 49.9233, "GlobalID": "10015513-fa6a-47ac-a7a5-80167adb5366", "LAD24CD_1": "E06000053", "LAD24NM_1": "Isles of Scilly", "RUC21CD": "RMF", "RUC21NM": "Majority rural: Majority further from a major town or city", "Urban_rura": "Rural", "Shape_Leng": 40409.876239800004, "Shape__Area": 13576118.045599759, "Shape__Length": 40409.876239757228 }, "geometry": { "type": "MultiPolygon", "coordinates": [ [ [ [ -6.34905063698858, 49.898219876456899 ], [ -6.32842255580921, 49.892456307224499 ], [ -6.32851419772116, 49.892051971013302 ], [ -6.33779744285269, 49.893129229999403 ], [ -6.33833748048622, 49.893412859143503 ], [ -6.34126068734852, 49.8823405162684 ], [ -6.34234643782324, 49.882885459132702 ], [ -6.3527673717682, 49.889226001214297 ], [ -6.34905063698858, 49.898219876456899 ] ] ], [ [ [ -6.27583724948072, 49.921227196232401 ], [ -6.28782904813455, 49.910022177054103 ], [ -6.30300390583224, 49.911533232823402 ], [ -6.30393769094131, 49.903196217656998 ], [ -6.30608773151811, 49.905425523627201 ], [ -6.31287821027284, 49.9132390734705 ], [ -6.31336103528759, 49.912965077754897 ], [ -6.31353200551293, 49.913142272270598 ], [ -6.3136454087717, 49.912803697850599 ], [ -6.32051455072413, 49.908904978752503 ], [ -6.3266371152401, 49.911622595769799 ], [ -6.32764388449862, 49.912574743209099 ], [ -6.30909420519122, 49.916618439611298 ], [ -6.31035804438423, 49.919516939970499 ], [ -6.3121245194452, 49.928535951664401 ], [ -6.29777466555399, 49.936794050194102 ], [ -6.27662950341114, 49.928781587420303 ], [ -6.27583724948072, 49.921227196232401 ] ] ], [ [ [ -6.33190786624801, 49.939591972852902 ], [ -6.33248011696287, 49.939504660230803 ], [ -6.34431732204487, 49.960568685096597 ], [ -6.3464636798, 49.9669251114628 ], [ -6.32066634211293, 49.9540682065632 ], [ -6.3199715000141, 49.952471729497297 ], [ -6.33190786624801, 49.939591972852902 ] ] ], [ [ [ -6.34949393521094, 49.951920999517498 ], [ -6.35573538641128, 49.946450940892497 ], [ -6.36029701223157, 49.948978081957698 ], [ -6.35872037824527, 49.967013103190702 ], [ -6.34807363717607, 49.955652633159801 ], [ -6.34949393521094, 49.951920999517498 ] ] ], [ [ [ -6.29357062842997, 49.978322373339097 ], [ -6.28974765410629, 49.970063591543003 ], [ -6.28874857988966, 49.966172328002997 ], [ -6.26202928274106, 49.962899176935402 ], [ -6.26159087607226, 49.962839585979502 ], [ -6.28385574982226, 49.956335736720803 ], [ -6.28611478223784, 49.956857429266897 ], [ -6.29418647395836, 49.960023117705397 ], [ -6.29418806046087, 49.960385499655096 ], [ -6.29439236185564, 49.960103853292701 ], [ -6.30234433278397, 49.963221589133497 ], [ -6.30369000244075, 49.964666020078703 ], [ -6.29541484718222, 49.9758341558111 ], [ -6.29216519275752, 49.974388091970098 ], [ -6.29368706926971, 49.978165280719999 ], [ -6.29357062842997, 49.978322373339097 ] ] ] ] } },
{ "type": "Feature", "properties": { "FID": 51, "LAD24CD": "E06000054", "LAD24NM": "Wiltshire", "LAD24NMW": " ", "BNG_E": 405213, "BNG_N": 158862, "LONG": -1.92655, "LAT": 51.3288, "GlobalID": "606fa5a8-7cd5-45f5-8333-f1d66274064b", "LAD24CD_1": "E06000054", "LAD24NM_1": "Wiltshire", "RUC21CD": "RIF", "RUC21NM": "Intermediate rural: Majority further from a major town or city", "Urban_rura": "Rural", "Shape_Leng": 349029.454142, "Shape__Area": 3258715593.9961624, "Shape__Length": 349029.45414235728 }, "geometry": { "type": "Polygon", "coordinates": [ [ [ -1.78860021502991, 51.6670069386902 ], [ -1.79917222668193, 51.662491136437502 ], [ -1.78864233032141, 51.632714988236401 ], [ -1.82789707256142, 51.625326811172599 ], [ -1.84228479519275, 51.612517751745997 ], [ -1.83180132055688, 51.5967364007752 ], [ -1.83758612085906, 51.587219957198897 ], [ -1.823733053229, 51.582209197273698 ], [ -1.84310540516334, 51.578705135799503 ], [ -1.84511997889254, 51.561747067854597 ], [ -1.86009282557496, 51.565220353001102 ], [ -1.86512047840834, 51.559588160536897 ], [ -1.84920317425281, 51.553341780519297 ], [ -1.85390577104808, 51.546242674534703 ], [ -1.83009405215828, 51.515403323985304 ], [ -1.83698745012491, 51.510861615523098 ], [ -1.8467213359405, 51.524440398189199 ], [ -1.83758492292658, 51.500837469140698 ], [ -1.81345034633343, 51.5070421792337 ], [ -1.79779682111143, 51.484445931994301 ], [ -1.77433053529391, 51.4824545724898 ], [ -1.71573673989899, 51.488383345261802 ], [ -1.71908165367462, 51.500705539334099 ], [ -1.60282488305727, 51.518309724635898 ], [ -1.58469504578326, 51.524922060157301 ], [ -1.58240025292512, 51.494254424588398 ], [ -1.52402343880987, 51.447472427815697 ], [ -1.52653517029054, 51.423971890694801 ], [ -1.56511865145832, 51.422043433161001 ], [ -1.57096980348612, 51.415294595655801 ], [ -1.55292234102159, 51.410037421108903 ], [ -1.55559663765941, 51.395538653160202 ], [ -1.49537262165059, 51.369657897745803 ], [ -1.50063304963128, 51.356321126633702 ], [ -1.48561782031052, 51.347650688664501 ], [ -1.49828689474575, 51.329361716732897 ], [ -1.52750793808987, 51.338444116557397 ], [ -1.53356185391502, 51.316223579428502 ], [ -1.51940862318842, 51.295952799865603 ], [ -1.5227771840447, 51.287063323599703 ], [ -1.54262001501247, 51.281241501753499 ], [ -1.54059897066636, 51.260831189502298 ], [ -1.5298179468057, 51.260801845630901 ], [ -1.53603185288199, 51.248547980951301 ], [ -1.54584181725981, 51.245251360837401 ], [ -1.57757201593558, 51.255579558115897 ], [ -1.60759078945477, 51.252792406163799 ], [ -1.63362097701599, 51.217590557784099 ], [ -1.68969464697899, 51.214827669834499 ], [ -1.69409695143106, 51.204043238892197 ], [ -1.66882042147437, 51.1907592185769 ], [ -1.67227119754693, 51.1785463705247 ], [ -1.65404004725731, 51.156252847299903 ], [ -1.66297542061049, 51.1271919933478 ], [ -1.62633709616521, 51.117323370985901 ], [ -1.63731479886634, 51.092202331827998 ], [ -1.62780997211858, 51.078228390884 ], [ -1.63492593348603, 51.040437587466201 ], [ -1.63237574994688, 51.032779708019 ], [ -1.59939671455144, 51.0237293750411 ], [ -1.59738550046853, 51.009746990325503 ], [ -1.62888498210167, 50.9990317647678 ], [ -1.61973084457042, 50.983034973737801 ], [ -1.60292975190204, 50.9785041787189 ], [ -1.61975086537986, 50.958566921643502 ], [ -1.63496498191182, 50.959242202382399 ], [ -1.66165999760679, 50.9452778916326 ], [ -1.71957103083064, 50.976786261620198 ], [ -1.75440191299908, 50.977892094841302 ], [ -1.80031396441254, 50.991394799555302 ], [ -1.81542176154033, 50.9859226497394 ], [ -1.83581730052681, 51.009473341055802 ], [ -1.85338113087344, 51.004679539884201 ], [ -1.87391116606953, 50.984500638785903 ], [ -1.87448162937032, 51.006330572116198 ], [ -1.88674132171074, 50.999527735367899 ], [ -1.92787590068259, 50.997697234434398 ], [ -1.94993597428249, 50.982310586203603 ], [ -1.95683008078171, 50.989800287648798 ], [ -1.98526594366025, 50.984713665634303 ], [ -1.99383003479632, 50.975771065101199 ], [ -2.03655897229158, 50.972176896100002 ], [ -2.06831287946984, 50.951194013835 ], [ -2.10179195110563, 50.944985511539798 ], [ -2.12067094650373, 50.961539473764702 ], [ -2.11976435895004, 50.978190647716403 ], [ -2.17257990630718, 51.001100460997797 ], [ -2.19331116982019, 51.037751420621902 ], [ -2.24203331768667, 51.071041716811301 ], [ -2.26859581115027, 51.068725713504598 ], [ -2.32586314227273, 51.079678338623303 ], [ -2.36086958335645, 51.099017500039103 ], [ -2.3645276284756, 51.118878839138503 ], [ -2.34453924740452, 51.124678159298803 ], [ -2.34586192692829, 51.133362481833203 ], [ -2.29846468216909, 51.175322443333698 ], [ -2.24534123488723, 51.253876136182797 ], [ -2.25349723752292, 51.289834740034301 ], [ -2.26525311710259, 51.296219982307299 ], [ -2.28068002440096, 51.293462926979501 ], [ -2.28512005576167, 51.309528042927703 ], [ -2.27195450640093, 51.314254053013798 ], [ -2.27309487103777, 51.322879045105097 ], [ -2.28909082429693, 51.325272047624502 ], [ -2.30092693165784, 51.333222531071897 ], [ -2.29640906948892, 51.342661984108702 ], [ -2.34433841756594, 51.345563721980703 ], [ -2.29204208281613, 51.3695656579971 ], [ -2.29670873229616, 51.394846192281904 ], [ -2.28191115864131, 51.397210410294399 ], [ -2.29080374096335, 51.405716497767301 ], [ -2.27853827641173, 51.415815180572203 ], [ -2.29464220744988, 51.4288037084834 ], [ -2.28509443323933, 51.457884865453003 ], [ -2.29574294629382, 51.458590038425001 ], [ -2.29046578148789, 51.486651003091602 ], [ -2.3115304857608, 51.487257996752 ], [ -2.32427608910811, 51.497516600535597 ], [ -2.25240978443968, 51.526889666463298 ], [ -2.26652266822564, 51.536267915279502 ], [ -2.26028641253826, 51.5698801480534 ], [ -2.27263015199504, 51.577557405479503 ], [ -2.2450978410726, 51.581383011411702 ], [ -2.24190435846893, 51.592091830786302 ], [ -2.20766478973341, 51.6034039905593 ], [ -2.20667832394276, 51.595941338171599 ], [ -2.19002396047558, 51.592475639192003 ], [ -2.17952710424549, 51.600014164794999 ], [ -2.15255295284545, 51.590325919513397 ], [ -2.05717380115619, 51.672443131296703 ], [ -2.01510144317502, 51.650368238562898 ], [ -1.99531096059941, 51.651376828452797 ], [ -1.97719872120297, 51.637929741443401 ], [ -1.95067417019488, 51.637035446884802 ], [ -1.9629675452052, 51.658686880764897 ], [ -1.94212716982488, 51.670429658006299 ], [ -1.92093625899621, 51.657231472026503 ], [ -1.87661122669359, 51.651549235762602 ], [ -1.89901603884181, 51.679691046924397 ], [ -1.87388423057635, 51.682589810133898 ], [ -1.85061102869137, 51.656285785290599 ], [ -1.81590758350003, 51.662980851898801 ], [ -1.82328624616454, 51.673543034811402 ], [ -1.81193331078398, 51.703123891620898 ], [ -1.78860021502991, 51.6670069386902 ] ] ] } },
{ "type": "Feature", "properties": { "FID": 52, "LAD24CD": "E06000055", "LAD24NM": "Bedford", "LAD24NMW": " ", "BNG_E": 505721, "BNG_N": 256463, "LONG": -0.45463, "LAT": 52.1963, "GlobalID": "a9db6f74-7545-4135-ac70-4d18c7aaea39", "LAD24CD_1": "E06000055", "LAD24NM_1": "Bedford", "RUC21CD": "UIN", "RUC21NM": "Intermediate urban: Majority nearer to a major town or city", "Urban_rura": "Urban", "Shape_Leng": 115790.214783, "Shape__Area": 474735143.23834991, "Shape__Length": 115790.21478321112 }, "geometry": { "type": "Polygon", "coordinates": [ [ [ -0.249785149179338, 52.184371026258098 ], [ -0.28911707135863, 52.190925772311303 ], [ -0.306026233346526, 52.1655590500663 ], [ -0.32155290182113, 52.168789523059203 ], [ -0.346235054803753, 52.145972439968403 ], [ -0.361081716756794, 52.144168307968897 ], [ -0.344804182727541, 52.115955793915198 ], [ -0.381287439047321, 52.093464849392198 ], [ -0.38488607188822, 52.075499640991303 ], [ -0.403087301606866, 52.069223432518498 ], [ -0.440437296443602, 52.0633737504292 ], [ -0.47152698515917, 52.088008656146798 ], [ -0.499672352600228, 52.075565428302603 ], [ -0.508514766144411, 52.054543177749203 ], [ -0.54095613532627, 52.081626891975098 ], [ -0.589185945140159, 52.097499187927802 ], [ -0.583235250641575, 52.104558898618798 ], [ -0.591810331121503, 52.110691887186 ], [ -0.607249381411581, 52.133868750870398 ], [ -0.635451654776416, 52.139253619973601 ], [ -0.640765866741152, 52.152817627175097 ], [ -0.630687617590423, 52.155024121024503 ], [ -0.627446652788111, 52.181545467407098 ], [ -0.668135637658982, 52.195034110862601 ], [ -0.63733162156624, 52.227317630806503 ], [ -0.653655470981071, 52.268289306258303 ], [ -0.603337324956545, 52.278802437289499 ], [ -0.565693055132987, 52.253468225530803 ], [ -0.541971909036615, 52.256072747643699 ], [ -0.531190184929433, 52.270402429456801 ], [ -0.541969414284238, 52.289942445995997 ], [ -0.514051195755829, 52.314697075255502 ], [ -0.519829880170178, 52.317692567177502 ], [ -0.465365756545097, 52.322953280324903 ], [ -0.436088655177378, 52.314470845081601 ], [ -0.435761112192004, 52.2966568791838 ], [ -0.421767439464139, 52.284947497591901 ], [ -0.375009968281875, 52.280469377458701 ], [ -0.372175068758848, 52.273499852203699 ], [ -0.382341197020937, 52.271125655630001 ], [ -0.374375681124288, 52.232998287561003 ], [ -0.341010840873401, 52.230647492864797 ], [ -0.34346885979841, 52.2418744200723 ], [ -0.335249413126625, 52.242881806886103 ], [ -0.29320898808327, 52.240516181031502 ], [ -0.285613647569757, 52.237277067768403 ], [ -0.296267726158592, 52.210482392365698 ], [ -0.261845188172905, 52.209866920217202 ], [ -0.240723002820836, 52.190193142820902 ], [ -0.249785149179338, 52.184371026258098 ] ] ] } },
{ "type": "Feature", "properties": { "FID": 53, "LAD24CD": "E06000056", "LAD24NM": "Central Bedfordshire", "LAD24NMW": " ", "BNG_E": 504615, "BNG_N": 234492, "LONG": -0.47754, "LAT": 51.999, "GlobalID": "43770cbb-acd8-4cc0-bc1f-6a942456af9c", "LAD24CD_1": "E06000056", "LAD24NM_1": "Central Bedfordshire", "RUC21CD": "RIN", "RUC21NM": "Intermediate rural: Majority nearer to a major town or city", "Urban_rura": "Rural", "Shape_Leng": 200733.01505300001, "Shape__Area": 709037224.96252441, "Shape__Length": 200733.0150531517 }, "geometry": { "type": "Polygon", "coordinates": [ [ [ -0.249785149179338, 52.184371026258098 ], [ -0.26069408798734, 52.176401420936799 ], [ -0.2166619212819, 52.158766524706301 ], [ -0.234804043652189, 52.1447267573934 ], [ -0.171534734092178, 52.139502590062698 ], [ -0.154352348807397, 52.1444079254644 ], [ -0.144462739636375, 52.138221799108202 ], [ -0.157605055560218, 52.080440950455198 ], [ -0.172540383850461, 52.060223267210397 ], [ -0.194982619305265, 52.062415080441902 ], [ -0.219493434451981, 52.036741258233803 ], [ -0.201256006066088, 52.009824687638101 ], [ -0.244078670645728, 51.999023288388798 ], [ -0.247983026838786, 51.985079984756801 ], [ -0.270653744162195, 51.979611629858702 ], [ -0.282415833818799, 52.0015640153063 ], [ -0.296089150328657, 52.002192438537101 ], [ -0.312233444953791, 51.981932579017702 ], [ -0.3672962650547, 51.983749444570897 ], [ -0.349316410296868, 51.971153532273497 ], [ -0.350197697131373, 51.9575982900745 ], [ -0.374104653314752, 51.947769325720202 ], [ -0.382989183780684, 51.951817569508101 ], [ -0.379630061965801, 51.977957523144802 ], [ -0.39135545828658, 51.976988975778298 ], [ -0.405647618919527, 51.932466176224303 ], [ -0.385615555724027, 51.915680395063802 ], [ -0.419064998588213, 51.912303644281899 ], [ -0.421681634403011, 51.925680737047699 ], [ -0.436106923836832, 51.927666336985098 ], [ -0.485701416266266, 51.922701189201298 ], [ -0.482276166347529, 51.907794721820899 ], [ -0.505923085960359, 51.900612496211799 ], [ -0.455274925246212, 51.882287033415203 ], [ -0.422774558845709, 51.854551935590798 ], [ -0.39586015374901, 51.870581025373902 ], [ -0.369755351222524, 51.8681152294903 ], [ -0.354833888657066, 51.874014528385203 ], [ -0.339485894640329, 51.849605550156298 ], [ -0.363307665681262, 51.842104740504702 ], [ -0.373362805065754, 51.829229167447998 ], [ -0.404858806630098, 51.8406074641576 ], [ -0.421500810100557, 51.850205225133799 ], [ -0.447524508948031, 51.847601533738697 ], [ -0.470419996730907, 51.855710168882702 ], [ -0.47829846763004, 51.853136501675799 ], [ -0.471195676810699, 51.845467868801599 ], [ -0.501818268966651, 51.836794821648603 ], [ -0.511192917001904, 51.825893609449999 ], [ -0.502282758285977, 51.815458693175103 ], [ -0.519728847877412, 51.805095361113302 ], [ -0.553613859712542, 51.826752927276303 ], [ -0.543730170171154, 51.824576184885302 ], [ -0.537619262375032, 51.831472802135401 ], [ -0.583563578497735, 51.870323839759301 ], [ -0.6200891563295, 51.885485516865302 ], [ -0.651985919199778, 51.886852283813901 ], [ -0.672969117918549, 51.901752714606801 ], [ -0.69330888065816, 51.900348054047697 ], [ -0.702156753865155, 51.909119112553398 ], [ -0.653016974736432, 51.969249436171602 ], [ -0.645680806107934, 51.972228310399402 ], [ -0.661689665376442, 51.999736384431301 ], [ -0.643460193916601, 52.0109005916404 ], [ -0.650960161931678, 52.018546983064198 ], [ -0.640200287337004, 52.024065781718299 ], [ -0.643047384421451, 52.037249437545498 ], [ -0.66897597717708, 52.048716839862102 ], [ -0.591810331121503, 52.110691887186 ], [ -0.583235250641575, 52.104558898618798 ], [ -0.589185945140159, 52.097499187927802 ], [ -0.54095613532627, 52.081626891975098 ], [ -0.508514766144411, 52.054543177749203 ], [ -0.499672352600228, 52.075565428302603 ], [ -0.47152698515917, 52.088008656146798 ], [ -0.440437296443602, 52.0633737504292 ], [ -0.403087301606866, 52.069223432518498 ], [ -0.38488607188822, 52.075499640991303 ], [ -0.381287439047321, 52.093464849392198 ], [ -0.344804182727541, 52.115955793915198 ], [ -0.361081716756794, 52.144168307968897 ], [ -0.346235054803753, 52.145972439968403 ], [ -0.32155290182113, 52.168789523059203 ], [ -0.306026233346526, 52.1655590500663 ], [ -0.28911707135863, 52.190925772311303 ], [ -0.249785149179338, 52.184371026258098 ] ] ] } },
{ "type": "Feature", "properties": { "FID": 54, "LAD24CD": "E06000057", "LAD24NM": "Northumberland", "LAD24NMW": " ", "BNG_E": 395323, "BNG_N": 600700, "LONG": -2.07521, "LAT": 55.3004, "GlobalID": "95376fef-546a-42e6-8650-23f1a9dbefcc", "LAD24CD_1": "E06000057", "LAD24NM_1": "Northumberland", "RUC21CD": "RIN", "RUC21NM": "Intermediate rural: Majority nearer to a major town or city", "Urban_rura": "Rural", "Shape_Leng": 446124.560986, "Shape__Area": 5031745641.9526367, "Shape__Length": 446124.56098628702 }, "geometry": { "type": "MultiPolygon", "coordinates": [ [ [ [ -1.77908795987536, 55.685677763657097 ], [ -1.77865649285957, 55.667594518139303 ], [ -1.80285469017326, 55.668349070501002 ], [ -1.81547751645511, 55.682157073898303 ], [ -1.85478733341072, 55.680436396586799 ], [ -1.85105010435205, 55.688471304899402 ], [ -1.80057466788642, 55.689535459769303 ], [ -1.77908795987536, 55.685677763657097 ] ] ], [ [ [ -1.98788822967325, 55.768250383320002 ], [ -1.98722063347806, 55.764873785433799 ], [ -2.00157807886169, 55.765386413349503 ], [ -2.00424227577983, 55.7654813536776 ], [ -2.00157804508799, 55.763647789974101 ], [ -1.93809635261851, 55.719890651531202 ], [ -1.93027918358045, 55.7174276702032 ], [ -1.91165456006804, 55.707716981152998 ], [ -1.88776807309323, 55.704019395645098 ], [ -1.87060734203204, 55.698600008245101 ], [ -1.87415903124864, 55.683931708537997 ], [ -1.88557370176714, 55.6847839769666 ], [ -1.87321110369776, 55.682778089341198 ], [ -1.87163042079157, 55.666091046043803 ], [ -1.85509459074242, 55.653444148637099 ], [ -1.84147671153596, 55.643021103987998 ], [ -1.80836050896798, 55.634397142431197 ], [ -1.79019550601625, 55.650477714555997 ], [ -1.79178982147344, 55.653352871404103 ], [ -1.79501992128821, 55.659176617058201 ], [ -1.78819984059169, 55.656710546454697 ], [ -1.78914937690041, 55.653348328392802 ], [ -1.79084477087128, 55.647343691575301 ], [ -1.75451777297921, 55.623397440687903 ], [ -1.75578869368358, 55.6183159817015 ], [ -1.78582944976654, 55.617090250134403 ], [ -1.77037695276508, 55.603407892913602 ], [ -1.74543953482732, 55.618960091784999 ], [ -1.72261701079078, 55.616791918215597 ], [ -1.68418785769231, 55.5990382690403 ], [ -1.66706115342837, 55.591117116263099 ], [ -1.66197764085312, 55.586889407946302 ], [ -1.65032613554626, 55.583372107114997 ], [ -1.63959889300321, 55.578405397387797 ], [ -1.65215380911896, 55.571352169257501 ], [ -1.64555061466209, 55.574144908061903 ], [ -1.64204890502791, 55.571281304992802 ], [ -1.6421234888861, 55.5711426676786 ], [ -1.63935630121881, 55.569079015722302 ], [ -1.61878354522286, 55.552241906068801 ], [ -1.61891221622396, 55.552160717571397 ], [ -1.63146390682202, 55.548345455633402 ], [ -1.63147831503501, 55.544229597609103 ], [ -1.64204256810635, 55.537558383391499 ], [ -1.61065620099406, 55.5217779492746 ], [ -1.61101315498706, 55.517756489195698 ], [ -1.616183683914, 55.512929498784402 ], [ -1.61145009337475, 55.512832808388197 ], [ -1.61245400370347, 55.501515341318303 ], [ -1.61352257036668, 55.5002521918192 ], [ -1.61259420883947, 55.4999342177546 ], [ -1.61287383062077, 55.496780433413903 ], [ -1.59118435048404, 55.492411138223403 ], [ -1.59199188409099, 55.473146408306299 ], [ -1.59336474091017, 55.440349136582398 ], [ -1.59054606476149, 55.438922510189101 ], [ -1.59054618456357, 55.437754614758397 ], [ -1.57555341976371, 55.430498221685099 ], [ -1.57826057409143, 55.416919078268897 ], [ -1.57831941317627, 55.416854213240804 ], [ -1.57828073292203, 55.416817926697803 ], [ -1.58028045752047, 55.406781074612198 ], [ -1.61165782679215, 55.385007575528398 ], [ -1.60892450840409, 55.383992295628097 ], [ -1.60222675195266, 55.3702659864475 ], [ -1.6022096755943, 55.36974396443 ], [ -1.60140880590496, 55.368589023115597 ], [ -1.59167875465719, 55.3486290418236 ], [ -1.58660131689102, 55.336019890990798 ], [ -1.57286611799386, 55.338577301848801 ], [ -1.56443245806515, 55.333874560805803 ], [ -1.54932136863303, 55.322042920448297 ], [ -1.56847322878669, 55.2933554004047 ], [ -1.57035533577657, 55.290533779100898 ], [ -1.56902208418764, 55.271658350421397 ], [ -1.56415940574084, 55.265686480539102 ], [ -1.56412918273687, 55.265493838677003 ], [ -1.56364121284717, 55.265049970434802 ], [ -1.52227282517089, 55.214163669117603 ], [ -1.52216298434447, 55.2098236856258 ], [ -1.514754753037, 55.204900391202898 ], [ -1.49914210912944, 55.1856482084494 ], [ -1.50580709511984, 55.184436701159797 ], [ -1.51181488068625, 55.183571227725899 ], [ -1.52515726180707, 55.162639361449799 ], [ -1.54026869998144, 55.161611233785599 ], [ -1.52614083542656, 55.159971411368502 ], [ -1.4866899881132, 55.116474490942899 ], [ -1.50038251915801, 55.127917915405497 ], [ -1.52193933066772, 55.143575985902203 ], [ -1.52002015315567, 55.138826048541198 ], [ -1.53325167024429, 55.139062572788603 ], [ -1.55903286794584, 55.146667603930503 ], [ -1.53394327689367, 55.137596019614399 ], [ -1.56880709403642, 55.130889050764502 ], [ -1.52765875457441, 55.137182317405703 ], [ -1.50585527324807, 55.129777583068197 ], [ -1.49884222630273, 55.124469370156 ], [ -1.4945285543392, 55.114808302232397 ], [ -1.49665711159944, 55.114355904550401 ], [ -1.49306286884043, 55.102792809674199 ], [ -1.48666829150104, 55.097191975334702 ], [ -1.47844277069734, 55.078739763099499 ], [ -1.47220194229707, 55.0845140977274 ], [ -1.46532501441951, 55.078483940843 ], [ -1.46184809361967, 55.074378282492098 ], [ -1.49225352553912, 55.066087165033103 ], [ -1.4877669177721, 55.053586866157502 ], [ -1.50870604892087, 55.048027673116501 ], [ -1.5102739909997, 55.055052481013703 ], [ -1.53239349851521, 55.054125634288702 ], [ -1.53988095494966, 55.061582238228397 ], [ -1.55705109541522, 55.054081732168797 ], [ -1.57508009741004, 55.055619891188201 ], [ -1.57853962866581, 55.063081284539898 ], [ -1.63789356936638, 55.064768597718597 ], [ -1.64768125804879, 55.079388700635 ], [ -1.71377414645177, 55.0654631329407 ], [ -1.694991232534, 55.0429558911393 ], [ -1.75024527652204, 55.024020779035098 ], [ -1.75656332387461, 55.0032632881598 ], [ -1.77384237281685, 55.004139475004798 ], [ -1.76948002257309, 54.980946808800397 ], [ -1.78851501661457, 54.984267362741399 ], [ -1.81280740471121, 54.976285568083398 ], [ -1.83363253744904, 54.953333332701298 ], [ -1.82693347994531, 54.930286467706097 ], [ -1.84114925719419, 54.9297254834825 ], [ -1.85272134451354, 54.917413538954797 ], [ -1.82063707341034, 54.905771086171299 ], [ -1.85443666752614, 54.891184546391798 ], [ -1.87010387418602, 54.850865684507603 ], [ -1.91367076069486, 54.839673691299801 ], [ -1.9136194476563, 54.834007083482597 ], [ -1.93261549256872, 54.854160835520197 ], [ -1.94930606160323, 54.852978945387498 ], [ -1.98023634067633, 54.868183456799301 ], [ -2.00096698452765, 54.869667711959401 ], [ -2.03965493918131, 54.848240985598203 ], [ -2.08257516389669, 54.838169243087599 ], [ -2.13978896462199, 54.841870719851102 ], [ -2.16947003967283, 54.803609973355499 ], [ -2.19860065839177, 54.806736277385099 ], [ -2.21890675191817, 54.782377382839798 ], [ -2.28267781083991, 54.798252075821701 ], [ -2.31208952139602, 54.791015045936803 ], [ -2.32738520521004, 54.805332469550898 ], [ -2.34842858236683, 54.8070792752561 ], [ -2.38998545538645, 54.832155243360702 ], [ -2.41165834715293, 54.856454483224098 ], [ -2.42275637725897, 54.842830254846 ], [ -2.46060153125164, 54.8341721848522 ], [ -2.4953568980919, 54.8103421039783 ], [ -2.52347067288973, 54.806042847223701 ], [ -2.5583066678318, 54.816724615766198 ], [ -2.58267104737595, 54.845866781563103 ], [ -2.57335234214531, 54.853546196282501 ], [ -2.60543022085515, 54.8843823116013 ], [ -2.57641404338101, 54.896717109806197 ], [ -2.56622128211943, 54.919238062821897 ], [ -2.54527258594749, 54.929171962226697 ], [ -2.56764946010163, 54.940856021173801 ], [ -2.56849154078611, 54.958361817101597 ], [ -2.59556897269462, 54.963480931938001 ], [ -2.60142928961523, 54.971340169415598 ], [ -2.5733107670136, 54.9876377868719 ], [ -2.57285163622922, 55.0163983325548 ], [ -2.48304985288842, 55.040019075840398 ], [ -2.503984940725, 55.062429893651597 ], [ -2.48608636846352, 55.082443568350698 ], [ -2.50257438882916, 55.090758675394 ], [ -2.56213639511458, 55.083462169153002 ], [ -2.5684260078781, 55.096261413191101 ], [ -2.59353940991365, 55.1050960585006 ], [ -2.59890282488408, 55.124575715874499 ], [ -2.65693941785208, 55.136131830278899 ], [ -2.67732441001798, 55.155487587737099 ], [ -2.67455532373979, 55.175891466226602 ], [ -2.68978916257996, 55.1889832482806 ], [ -2.666814789349, 55.221580389976602 ], [ -2.63141420722149, 55.223698084912201 ], [ -2.63022898081735, 55.244791495937399 ], [ -2.61145085823107, 55.247134429328 ], [ -2.64677118121333, 55.260043862941799 ], [ -2.62665606673464, 55.262220937636101 ], [ -2.60923810323899, 55.2832480256194 ], [ -2.57336309653362, 55.296884397275399 ], [ -2.55900833851599, 55.317852822135997 ], [ -2.52026965851612, 55.3230470911992 ], [ -2.47539346393945, 55.354739920011198 ], [ -2.41499664354287, 55.3589219030045 ], [ -2.39924454089922, 55.348185440704498 ], [ -2.37891180668306, 55.349169437130499 ], [ -2.33752995734802, 55.3671909668018 ], [ -2.34623321175053, 55.373061053381399 ], [ -2.33002052064065, 55.3812415663335 ], [ -2.34494682160794, 55.399313431006803 ], [ -2.33562914471266, 55.408208063457899 ], [ -2.31325356259942, 55.406789334226403 ], [ -2.26061128927204, 55.432933998025 ], [ -2.2312819124724, 55.428429292001702 ], [ -2.19485820047688, 55.444590284344102 ], [ -2.18807797549864, 55.462115274452401 ], [ -2.1655212321177, 55.468381898095302 ], [ -2.20133583318611, 55.4752675198284 ], [ -2.2026492750732, 55.489541287690798 ], [ -2.22884551551699, 55.509518780022098 ], [ -2.2403065059112, 55.555627168387097 ], [ -2.28881057092811, 55.580307265901702 ], [ -2.2892322950467, 55.603773695914803 ], [ -2.3160941125707, 55.620458468115601 ], [ -2.30862602967662, 55.628875976357399 ], [ -2.3243105601635, 55.626165906939598 ], [ -2.33600510128162, 55.632481482005801 ], [ -2.30578970416838, 55.647043773704198 ], [ -2.23436858586757, 55.641042101005397 ], [ -2.24834586160377, 55.652149754529503 ], [ -2.21845272804607, 55.664260267457301 ], [ -2.21865916071879, 55.6759071372636 ], [ -2.16723105928948, 55.706035164816697 ], [ -2.17668873824399, 55.7186894967436 ], [ -2.15057590272351, 55.723154407481701 ], [ -2.14429584165104, 55.739270068602501 ], [ -2.11763747623683, 55.738775000201201 ], [ -2.10764153175897, 55.759888149808503 ], [ -2.0856391490368, 55.762040332167899 ], [ -2.0861230942702, 55.793045270611401 ], [ -2.03449605548557, 55.811209070167003 ], [ -2.03435750917377, 55.811085365217899 ], [ -2.00157809777485, 55.7808812081458 ], [ -1.98788822967325, 55.768250383320002 ] ] ] ] } },
{ "type": "Feature", "properties": { "FID": 55, "LAD24CD": "E06000058", "LAD24NM": "Bournemouth, Christchurch and Poole", "LAD24NMW": " ", "BNG_E": 410815, "BNG_N": 94067, "LONG": -1.84807, "LAT": 50.7461, "GlobalID": "0673c548-264b-47cd-a664-e9a29dee0952", "LAD24CD_1": "E06000058", "LAD24NM_1": "Bournemouth, Christchurch and Poole", "RUC21CD": "UUN", "RUC21NM": "Urban: Majority nearer to a major town or city", "Urban_rura": "Urban", "Shape_Leng": 94587.576756900002, "Shape__Area": 162230775.25259018, "Shape__Length": 94587.576756920171 }, "geometry": { "type": "MultiPolygon", "coordinates": [ [ [ [ -2.04249013365415, 50.717524894282398 ], [ -2.04249163918944, 50.717506159915501 ], [ -2.0425077383507, 50.717513016269301 ], [ -2.04249013365415, 50.717524894282398 ] ] ], [ [ [ -1.8039049599245, 50.795965208811403 ], [ -1.78549590627468, 50.764752030986898 ], [ -1.74884631724303, 50.779494386587402 ], [ -1.73895962345847, 50.763270532531799 ], [ -1.74416871755885, 50.747455387836503 ], [ -1.68181880176013, 50.751850044785002 ], [ -1.69185543770666, 50.737329136597999 ], [ -1.69253547260995, 50.7373979518472 ], [ -1.71795540943005, 50.734713798209398 ], [ -1.72445537729127, 50.734026514621 ], [ -1.72714599229066, 50.732447020877601 ], [ -1.72899034207095, 50.732210574885201 ], [ -1.73075839475284, 50.730326134027102 ], [ -1.74233853680595, 50.7235252613415 ], [ -1.75731862910948, 50.731055006197899 ], [ -1.76180681065066, 50.723096301969001 ], [ -1.76127141265948, 50.718012678521603 ], [ -1.74612185534504, 50.715506176349301 ], [ -1.73948136463686, 50.724435026395803 ], [ -1.74853427718082, 50.711370253056302 ], [ -1.74880875321022, 50.711077414945599 ], [ -1.80417313761084, 50.720059892955497 ], [ -1.81193003005313, 50.719697552451699 ], [ -1.81819023028744, 50.720554336910098 ], [ -1.83753813679371, 50.718497635059101 ], [ -1.86686756324785, 50.717116361879803 ], [ -1.87714100795998, 50.714277235486698 ], [ -1.88526989463712, 50.713409199300202 ], [ -1.89130185540078, 50.710361752138297 ], [ -1.91276479148109, 50.704422773651103 ], [ -1.94686578632143, 50.682648922530497 ], [ -1.93399708106305, 50.699146767940597 ], [ -1.95227153517919, 50.704133378245203 ], [ -1.95819190503604, 50.715605930014902 ], [ -1.99213052511296, 50.712688877562996 ], [ -1.98429715356843, 50.719301504599997 ], [ -1.99501016069765, 50.729858677000799 ], [ -1.98981482543049, 50.737246592926098 ], [ -2.00135866981897, 50.734070773454 ], [ -2.01150260324484, 50.7312785941144 ], [ -2.00135809824861, 50.720806246017503 ], [ -1.98846238454365, 50.707485382649502 ], [ -2.00135759919275, 50.710339916724202 ], [ -2.0403603596727, 50.718961822956999 ], [ -2.01352898762332, 50.737053547203999 ], [ -2.00932066886414, 50.782589238831001 ], [ -1.9991328618375, 50.788128123411298 ], [ -2.0058746084598, 50.790926477931798 ], [ -1.95794557083555, 50.7893060358223 ], [ -1.93915836465387, 50.798706858827302 ], [ -1.93283239318493, 50.780009044015301 ], [ -1.91950553583124, 50.784002305180401 ], [ -1.91473422588305, 50.773350272126997 ], [ -1.89375542159428, 50.78007500076 ], [ -1.87337608217871, 50.763389863440501 ], [ -1.86459187789431, 50.806643569186598 ], [ -1.84520202520419, 50.809638655839997 ], [ -1.83374629665673, 50.800033433054097 ], [ -1.8039049599245, 50.795965208811403 ] ] ] ] } },
{ "type": "Feature", "properties": { "FID": 56, "LAD24CD": "E06000059", "LAD24NM": "Dorset", "LAD24NMW": " ", "BNG_E": 370877, "BNG_N": 99796, "LONG": -2.41459, "LAT": 50.797, "GlobalID": "e0c094e9-af2e-478d-b708-73f04844d27d", "LAD24CD_1": "E06000059", "LAD24NM_1": "Dorset", "RUC21CD": "RIF", "RUC21NM": "Intermediate rural: Majority further from a major town or city", "Urban_rura": "Rural", "Shape_Leng": 402038.11125900003, "Shape__Area": 2489124592.1690903, "Shape__Length": 402038.11125944887 }, "geometry": { "type": "MultiPolygon", "coordinates": [ [ [ [ -1.95624025439997, 50.691962817348497 ], [ -1.96158467721217, 50.686282413472298 ], [ -1.98803823899505, 50.6924503301952 ], [ -1.96526040460952, 50.694822716372499 ], [ -1.95624025439997, 50.691962817348497 ] ] ], [ [ [ -2.32586314227273, 51.079678338623303 ], [ -2.26859581115027, 51.068725713504598 ], [ -2.24203331768667, 51.071041716811301 ], [ -2.19331116982019, 51.037751420621902 ], [ -2.17257990630718, 51.001100460997797 ], [ -2.11976435895004, 50.978190647716403 ], [ -2.12067094650373, 50.961539473764702 ], [ -2.10179195110563, 50.944985511539798 ], [ -2.06831287946984, 50.951194013835 ], [ -2.03655897229158, 50.972176896100002 ], [ -1.99383003479632, 50.975771065101199 ], [ -1.98526594366025, 50.984713665634303 ], [ -1.95683008078171, 50.989800287648798 ], [ -1.95546558071481, 50.978266331782798 ], [ -1.92084101012651, 50.961407310324901 ], [ -1.87364432144964, 50.917225888863598 ], [ -1.84184002606343, 50.931680373384303 ], [ -1.8106580896691, 50.927203382461997 ], [ -1.8165419268142, 50.9039481448891 ], [ -1.84855553218411, 50.889887356106499 ], [ -1.85353883472863, 50.863460109717998 ], [ -1.83000872917239, 50.855273796833401 ], [ -1.80711024689597, 50.863315366294898 ], [ -1.80247295729644, 50.842962529035297 ], [ -1.79061492044422, 50.836314118506799 ], [ -1.80340083464914, 50.830339207456198 ], [ -1.81189346961485, 50.808642051611699 ], [ -1.8039049599245, 50.795965208811403 ], [ -1.83374629665673, 50.800033433054097 ], [ -1.84520202520419, 50.809638655839997 ], [ -1.86459187789431, 50.806643569186598 ], [ -1.87337608217871, 50.763389863440501 ], [ -1.89375542159428, 50.78007500076 ], [ -1.91473422588305, 50.773350272126997 ], [ -1.91950553583124, 50.784002305180401 ], [ -1.93283239318493, 50.780009044015301 ], [ -1.93915836465387, 50.798706858827302 ], [ -1.95794557083555, 50.7893060358223 ], [ -2.0058746084598, 50.790926477931798 ], [ -1.9991328618375, 50.788128123411298 ], [ -2.00932066886414, 50.782589238831001 ], [ -2.01352898762332, 50.737053547203999 ], [ -2.0403603596727, 50.718961822956999 ], [ -2.04074622764021, 50.7190470449478 ], [ -2.02751369292783, 50.729244460435801 ], [ -2.05381190943339, 50.728997439283098 ], [ -2.04181398953184, 50.725937930026703 ], [ -2.04249013365415, 50.717524894282398 ], [ -2.0425077383507, 50.717513016269301 ], [ -2.04249163918944, 50.717506159915501 ], [ -2.04273125648008, 50.714523870153798 ], [ -2.06751376572921, 50.715072058307697 ], [ -2.07190065627071, 50.707914725566198 ], [ -2.05767636101088, 50.705593575708498 ], [ -2.07373296329802, 50.705961263682198 ], [ -2.07108870168815, 50.6981237449451 ], [ -2.07950595282605, 50.6946775066505 ], [ -2.07934185493865, 50.6942848267689 ], [ -2.07897417693925, 50.690201098026201 ], [ -2.0789130545005, 50.6895221518201 ], [ -2.06580712209624, 50.686990250041497 ], [ -2.05445483663497, 50.699854040124897 ], [ -2.02608687825716, 50.707429595441504 ], [ -2.01848711788567, 50.700741605984298 ], [ -2.03476627417928, 50.702096016245797 ], [ -2.02472138634893, 50.687623468251203 ], [ -2.05297350830908, 50.677885541886504 ], [ -2.02515449632016, 50.684465606959101 ], [ -2.02662687844291, 50.678088647722397 ], [ -2.04712950447356, 50.670428955640503 ], [ -2.0289833583238, 50.674389484668602 ], [ -2.02706021276549, 50.668062044517697 ], [ -2.0216427633655, 50.682102163755097 ], [ -2.01141928171846, 50.682710317209498 ], [ -2.01048635624549, 50.670938302832099 ], [ -2.00135587175068, 50.675046798123702 ], [ -1.99979714294347, 50.675748052696797 ], [ -1.99328463414901, 50.667259457147402 ], [ -1.97831704413364, 50.676944951661703 ], [ -1.98351912817648, 50.667047397189897 ], [ -1.96809781952328, 50.660430785686202 ], [ -1.97096030648175, 50.669259931978097 ], [ -1.9498107355223, 50.680187640776701 ], [ -1.94111990950151, 50.672068627522997 ], [ -1.94316206678822, 50.665979385955801 ], [ -1.95184316555674, 50.650070729975702 ], [ -1.94922664319018, 50.647885930787297 ], [ -1.9498118291119, 50.646139180833302 ], [ -1.94652421184306, 50.645629122649702 ], [ -1.94093197206226, 50.640958125419601 ], [ -1.92648745732606, 50.642518423472502 ], [ -1.92376533354734, 50.642095541528199 ], [ -1.95350548201448, 50.619686097910801 ], [ -1.95661366678612, 50.6173423931982 ], [ -1.95659604039835, 50.617100386917798 ], [ -1.95672646623215, 50.617001829387398 ], [ -1.95642326271717, 50.614727896606198 ], [ -1.95597436644396, 50.608562875914402 ], [ -1.95559699656285, 50.608530111630898 ], [ -1.95556577276682, 50.6082958756976 ], [ -1.94774176779457, 50.607847789216002 ], [ -1.94393695520526, 50.607517090789898 ], [ -1.95122938671126, 50.594564168077802 ], [ -2.02634590356957, 50.589001780339402 ], [ -2.05484168257238, 50.576541484540797 ], [ -2.0614313272271, 50.588747130511699 ], [ -2.06395961589252, 50.593525291338302 ], [ -2.06401527055614, 50.593531401617 ], [ -2.06412503853541, 50.593734618669103 ], [ -2.06801259414797, 50.593970213728099 ], [ -2.11122186659049, 50.598704577809499 ], [ -2.13345659528205, 50.612281006609898 ], [ -2.13382630486247, 50.612160469205101 ], [ -2.13454593616707, 50.612649376095803 ], [ -2.14604188718755, 50.608478036359102 ], [ -2.15798307656983, 50.615463953121399 ], [ -2.17257121008884, 50.615197592392299 ], [ -2.19751592820478, 50.622678035789797 ], [ -2.19799474606048, 50.622609965833 ], [ -2.19850295803181, 50.622980061592699 ], [ -2.222910755064, 50.619481910076502 ], [ -2.24466626776111, 50.616359073496199 ], [ -2.2669736387279, 50.619389418100397 ], [ -2.28408121754601, 50.621710205189203 ], [ -2.33074413411269, 50.628026331441497 ], [ -2.3389420905444, 50.6318890331086 ], [ -2.36728519356412, 50.632958088693101 ], [ -2.39485291738899, 50.636670487721098 ], [ -2.42278082484444, 50.636036438318399 ], [ -2.42461839729174, 50.635099382905601 ], [ -2.42556400738516, 50.635134462132299 ], [ -2.4273335777194, 50.633714678209401 ], [ -2.4394303155835, 50.627543743976702 ], [ -2.44790935762177, 50.618834451815601 ], [ -2.4525215390027, 50.614095383527498 ], [ -2.44491886137599, 50.609363558271603 ], [ -2.4596711792932, 50.6077978495791 ], [ -2.44474800610918, 50.609257202936902 ], [ -2.44144237765512, 50.609682454056198 ], [ -2.44143981749563, 50.609681171452699 ], [ -2.45098096213016, 50.603781766802499 ], [ -2.44799182904386, 50.602569737569603 ], [ -2.44904679006509, 50.601450129563901 ], [ -2.43237854077768, 50.596236597428103 ], [ -2.45031278303277, 50.601073373708701 ], [ -2.47020382663612, 50.583967148320802 ], [ -2.46991539069276, 50.583579822765898 ], [ -2.47039906977319, 50.583148002692397 ], [ -2.49705780319442, 50.597307200952898 ], [ -2.49566663260034, 50.602887907908404 ], [ -2.51748623996442, 50.6178652792468 ], [ -2.53390667566795, 50.618471264382997 ], [ -2.5351457396481, 50.618516897136502 ], [ -2.56043725111189, 50.639142907762803 ], [ -2.56703976041518, 50.641072706456399 ], [ -2.61152731004792, 50.6540617022318 ], [ -2.56692567040971, 50.6315974932321 ], [ -2.54083580880722, 50.618439022345797 ], [ -2.49727419241701, 50.596439055894002 ], [ -2.46953293983819, 50.5824095859275 ], [ -2.46140479155973, 50.572147995857698 ], [ -2.46059593843725, 50.571061176879603 ], [ -2.4605421831537, 50.571058670067401 ], [ -2.46050379610544, 50.571010192040497 ], [ -2.43769626338352, 50.569972180667101 ], [ -2.4221803544434, 50.569263439702297 ], [ -2.4283771063158, 50.566059131497198 ], [ -2.41999495702305, 50.5551335061866 ], [ -2.41862550949965, 50.546274773640597 ], [ -2.45560931065773, 50.513951523068997 ], [ -2.4567307785946, 50.5130865038644 ], [ -2.45029977655719, 50.561220080587603 ], [ -2.53112599558584, 50.612054088414403 ], [ -2.54413598267587, 50.618423618495001 ], [ -2.56690113115858, 50.629561483531099 ], [ -2.63741697515208, 50.663999456924898 ], [ -2.79335213400751, 50.718111292130899 ], [ -2.85141960233205, 50.7258136475605 ], [ -2.90550352877295, 50.732959916620104 ], [ -2.90852007740465, 50.733362688589601 ], [ -2.90852949627812, 50.733358941494203 ], [ -2.91175408568322, 50.733784064614902 ], [ -2.94743336848927, 50.718360705832701 ], [ -2.9530673537135, 50.728497067681801 ], [ -2.93506310735221, 50.754266083921699 ], [ -2.95433354829791, 50.767710224046297 ], [ -2.88664434482201, 50.794807332112299 ], [ -2.89280364355642, 50.8047767512018 ], [ -2.96130299095557, 50.815554783026499 ], [ -2.95432229557041, 50.821165566424398 ], [ -2.94167534121695, 50.835890538675599 ], [ -2.88913318145445, 50.850032529658201 ], [ -2.82884896233592, 50.848738667508798 ], [ -2.81142509401011, 50.863409817993301 ], [ -2.79229423668103, 50.852818245143403 ], [ -2.75751174276903, 50.866889170778201 ], [ -2.71452438087078, 50.863939374787101 ], [ -2.71441140072303, 50.871161142510303 ], [ -2.66066607869173, 50.887143175598602 ], [ -2.61553187683303, 50.881899136032203 ], [ -2.60954134221856, 50.891526292564201 ], [ -2.62408763150089, 50.907749139587501 ], [ -2.60404000220076, 50.926724701529203 ], [ -2.61609375160151, 50.940581272021902 ], [ -2.59820027247584, 50.948574486851399 ], [ -2.6033871710982, 50.9763444685398 ], [ -2.59584521904693, 50.981339969190799 ], [ -2.5860233663728, 50.976869288175301 ], [ -2.5746303684989, 50.986693680435799 ], [ -2.55620702557173, 50.979535156658599 ], [ -2.54542343612897, 50.985080500135901 ], [ -2.54743511832829, 50.999541686374997 ], [ -2.52641625853615, 50.9919077031782 ], [ -2.50234661127076, 50.993836357752301 ], [ -2.49034524922401, 50.972772405706998 ], [ -2.45620376827821, 50.949343882165998 ], [ -2.44286746193651, 50.959660084971901 ], [ -2.4471777663599, 50.967850221869703 ], [ -2.42799147535897, 50.9713867566727 ], [ -2.41492761933618, 50.960583437378403 ], [ -2.34455653686763, 50.978829302001401 ], [ -2.35489702801029, 50.990880515092897 ], [ -2.37692092962676, 50.990764812134202 ], [ -2.3813483865981, 51.004922476503097 ], [ -2.3300144212501, 51.041344573700897 ], [ -2.34998725978621, 51.068881993074598 ], [ -2.32586314227273, 51.079678338623303 ] ] ] ] } },
{ "type": "Feature", "properties": { "FID": 57, "LAD24CD": "E06000060", "LAD24NM": "Buckinghamshire", "LAD24NMW": " ", "BNG_E": 482503, "BNG_N": 208562, "LONG": -0.80573, "LAT": 51.7697, "GlobalID": "651a0a8c-b796-489c-bd73-fcb89d91520e", "LAD24CD_1": "E06000060", "LAD24NM_1": "Buckinghamshire", "RUC21CD": "UIN", "RUC21NM": "Intermediate urban: Majority nearer to a major town or city", "Urban_rura": "Urban", "Shape_Leng": 301394.35923300002, "Shape__Area": 1572324895.5666962, "Shape__Length": 301394.35923310707 }, "geometry": { "type": "Polygon", "coordinates": [ [ [ -0.871273944930241, 52.040219926588797 ], [ -0.819817648789318, 52.0122859284442 ], [ -0.803659591001856, 51.985523164874003 ], [ -0.761997302027608, 51.985558475119703 ], [ -0.740379237640103, 51.969862626266 ], [ -0.713941366477039, 51.977870503685502 ], [ -0.713113480946886, 51.9898099432652 ], [ -0.653016974736432, 51.969249436171602 ], [ -0.702156753865155, 51.909119112553398 ], [ -0.69330888065816, 51.900348054047697 ], [ -0.672969117918549, 51.901752714606801 ], [ -0.651985919199778, 51.886852283813901 ], [ -0.6200891563295, 51.885485516865302 ], [ -0.583563578497735, 51.870323839759301 ], [ -0.537619262375032, 51.831472802135401 ], [ -0.543730170171154, 51.824576184885302 ], [ -0.553613859712542, 51.826752927276303 ], [ -0.560656237503438, 51.830082629585803 ], [ -0.581825667306615, 51.806905442702998 ], [ -0.632939595714382, 51.819946186556301 ], [ -0.667245098413583, 51.815805261560797 ], [ -0.695449593789591, 51.8411106759714 ], [ -0.686770330064733, 51.849220630047199 ], [ -0.696426502919578, 51.858157339537001 ], [ -0.717415813900058, 51.857159815720202 ], [ -0.745841415726905, 51.841844394205701 ], [ -0.724234882170819, 51.818144412444298 ], [ -0.709295276544129, 51.820539595187498 ], [ -0.685394264649477, 51.800185920300102 ], [ -0.690190999010661, 51.792339209910701 ], [ -0.670126919039173, 51.766468162010398 ], [ -0.612935985356938, 51.747427255145702 ], [ -0.586379726976092, 51.752115949478203 ], [ -0.57487874585542, 51.736968524125601 ], [ -0.553645081612158, 51.7340179568723 ], [ -0.550413609644404, 51.723042889342402 ], [ -0.563209678177221, 51.7118798626502 ], [ -0.544017145197112, 51.696817471782303 ], [ -0.54868869522748, 51.682654543946803 ], [ -0.5242727897625, 51.682112654830703 ], [ -0.505107856324304, 51.673076892640701 ], [ -0.520994790005152, 51.668045377749898 ], [ -0.522777811384923, 51.658397568165398 ], [ -0.536891506831177, 51.660624471939997 ], [ -0.539260817248429, 51.638039390358898 ], [ -0.520534550264269, 51.601907664802603 ], [ -0.500595886737316, 51.599689898645799 ], [ -0.476620654293635, 51.559188836895103 ], [ -0.495487343928382, 51.538545230016503 ], [ -0.4832235109622, 51.507084911657699 ], [ -0.490024731164425, 51.494747634376097 ], [ -0.531819526768283, 51.493394461224803 ], [ -0.526981060815463, 51.509505601613 ], [ -0.56870897687743, 51.511269046566703 ], [ -0.57509465893991, 51.529299871317903 ], [ -0.567256016672106, 51.532981035176498 ], [ -0.589867740822717, 51.522676704381603 ], [ -0.6305355776221, 51.5388952064257 ], [ -0.659944895908714, 51.528446980560403 ], [ -0.659271318680068, 51.504902356551703 ], [ -0.642211995205478, 51.5006272374956 ], [ -0.633881969088683, 51.492381768608197 ], [ -0.652125325213239, 51.485493641478698 ], [ -0.70316470355774, 51.511106735382199 ], [ -0.691203240309587, 51.556819134673503 ], [ -0.69647360090748, 51.565203503251098 ], [ -0.711794367842966, 51.564771293154102 ], [ -0.718102246096498, 51.577550288361898 ], [ -0.757072515977257, 51.564799997772397 ], [ -0.774336543774476, 51.566922754008097 ], [ -0.792963793969878, 51.551359082276001 ], [ -0.842708591070275, 51.544771573790797 ], [ -0.879723063740375, 51.562127578353298 ], [ -0.896882190115767, 51.544863012469399 ], [ -0.901680596010387, 51.556165772885997 ], [ -0.93842713855053, 51.571155537414903 ], [ -0.94147123230418, 51.5855069536927 ], [ -0.916933649244239, 51.599647501752798 ], [ -0.943092319329677, 51.6049421066907 ], [ -0.938644424025197, 51.6177868803262 ], [ -0.950029511752735, 51.628907163786998 ], [ -0.934586126755807, 51.636698570561698 ], [ -0.950725842013544, 51.650741196417201 ], [ -0.927251214485182, 51.6514436198323 ], [ -0.932212883219972, 51.6648684657657 ], [ -0.9177290186767, 51.672400406883703 ], [ -0.877706762468148, 51.6683850749234 ], [ -0.897896373360577, 51.676400754469299 ], [ -0.879895887122356, 51.680864876058301 ], [ -0.894772980132941, 51.692522288173201 ], [ -0.888377397705651, 51.719226660068003 ], [ -0.924115298282358, 51.747715076984001 ], [ -0.954181922808247, 51.757857727101801 ], [ -0.97979648625965, 51.760705454015003 ], [ -0.98631786027973, 51.752058290224497 ], [ -1.02978259318824, 51.757889015940997 ], [ -1.03043536180328, 51.744928572053801 ], [ -1.04547146097639, 51.744599211866003 ], [ -1.08085173738086, 51.7565536564382 ], [ -1.08323928312899, 51.780517595893201 ], [ -1.10636133376123, 51.7816305017895 ], [ -1.12354117099906, 51.7941812925528 ], [ -1.12488968962276, 51.807511213328198 ], [ -1.11009656481819, 51.817305035436199 ], [ -1.14075388125809, 51.834676120361301 ], [ -1.12159886352224, 51.845342097811603 ], [ -1.07844944295484, 51.829254576061999 ], [ -1.0471229362899, 51.839813662609302 ], [ -1.06197784920729, 51.844126634810699 ], [ -1.0646424320269, 51.868697182430303 ], [ -1.07760518877841, 51.876730765256198 ], [ -1.06897524962351, 51.887262668909003 ], [ -1.09351899137334, 51.893936895787 ], [ -1.07935639023285, 51.917221981329298 ], [ -1.0866733468149, 51.922645877983904 ], [ -1.05461629259457, 51.947958811494303 ], [ -1.0789921042063, 51.943394467264703 ], [ -1.09516668657217, 51.957432342148898 ], [ -1.053130685858, 52.002446416645597 ], [ -1.11808639729751, 52.015426171170297 ], [ -1.13666519177378, 52.022243138405202 ], [ -1.12198746604179, 52.045147241955597 ], [ -1.06206502018462, 52.0627354070484 ], [ -1.02766844665035, 52.063734265429403 ], [ -1.04220828140128, 52.073708956909897 ], [ -1.02631813741674, 52.075675563119901 ], [ -0.967805300661276, 52.070910927246203 ], [ -0.951872932630787, 52.081533621337897 ], [ -0.906030231113269, 52.021221108256903 ], [ -0.890117418394569, 52.031533601072397 ], [ -0.877557824518293, 52.029904968696599 ], [ -0.871273944930241, 52.040219926588797 ] ] ] } },
{ "type": "Feature", "properties": { "FID": 58, "LAD24CD": "E06000061", "LAD24NM": "North Northamptonshire", "LAD24NMW": " ", "BNG_E": 493590, "BNG_N": 281719, "LONG": -0.62504, "LAT": 52.4255, "GlobalID": "2b249aa4-fab0-4e7d-af79-035755c2a346", "LAD24CD_1": "E06000061", "LAD24NM_1": "North Northamptonshire", "RUC21CD": "UIN", "RUC21NM": "Intermediate urban: Majority nearer to a major town or city", "Urban_rura": "Urban", "Shape_Leng": 173357.163772, "Shape__Area": 993531337.3979187, "Shape__Length": 173357.16377166405 }, "geometry": { "type": "Polygon", "coordinates": [ [ [ -0.495025802128916, 52.640236384337598 ], [ -0.494688679013636, 52.640265260030702 ], [ -0.470921180908155, 52.623559337138502 ], [ -0.492664861408748, 52.581900262479699 ], [ -0.478814868225147, 52.573645146154902 ], [ -0.415381402678347, 52.578742638837902 ], [ -0.407290921113568, 52.564054853906903 ], [ -0.419593787330186, 52.558961954133103 ], [ -0.401283297186851, 52.538684681611798 ], [ -0.413602640818525, 52.525679612791201 ], [ -0.354345203263394, 52.506495071407997 ], [ -0.359404306001708, 52.489830088240801 ], [ -0.341590492473876, 52.466942626439298 ], [ -0.370217036825639, 52.439930270506103 ], [ -0.362408041008102, 52.433531277117098 ], [ -0.417072832141305, 52.411599110039397 ], [ -0.441509864468212, 52.3849964334918 ], [ -0.495946267815481, 52.379515529367801 ], [ -0.488518815845791, 52.374023541023199 ], [ -0.498699838187518, 52.3600958379159 ], [ -0.477682425550585, 52.3489199908052 ], [ -0.483264192761938, 52.3409032965452 ], [ -0.466656737619639, 52.338927575487901 ], [ -0.465365756545097, 52.322953280324903 ], [ -0.519829880170178, 52.317692567177502 ], [ -0.514051195755829, 52.314697075255502 ], [ -0.541969414284238, 52.289942445995997 ], [ -0.531190184929433, 52.270402429456801 ], [ -0.541971909036615, 52.256072747643699 ], [ -0.565693055132987, 52.253468225530803 ], [ -0.603337324956545, 52.278802437289499 ], [ -0.653655470981071, 52.268289306258303 ], [ -0.63733162156624, 52.227317630806503 ], [ -0.668135637658982, 52.195034110862601 ], [ -0.705455584072188, 52.1915706998724 ], [ -0.727567309260867, 52.238192354895901 ], [ -0.762357238697783, 52.248815898549502 ], [ -0.791415863707147, 52.242241512874998 ], [ -0.801430869431516, 52.252686901991098 ], [ -0.817950353609315, 52.309595943640502 ], [ -0.785779453314657, 52.330616766378199 ], [ -0.79120288193622, 52.355967360776397 ], [ -0.83085325697563, 52.375967717959803 ], [ -0.840597978248014, 52.392851396123099 ], [ -0.873695474959517, 52.402673956565899 ], [ -0.890537063118278, 52.398594253583603 ], [ -0.886936611261352, 52.423354135156501 ], [ -0.86438000879232, 52.434214969096402 ], [ -0.904383712639054, 52.442171075516399 ], [ -0.9012806064268, 52.459755859195397 ], [ -0.882395514787867, 52.4712828435323 ], [ -0.898047834720489, 52.486918449806801 ], [ -0.882125559613792, 52.493165804132303 ], [ -0.883443190675843, 52.513970157197797 ], [ -0.868699498890148, 52.527002892234002 ], [ -0.820121757601639, 52.515540999935602 ], [ -0.774866784894676, 52.518276335255102 ], [ -0.757215564663111, 52.510949220410097 ], [ -0.713658337963826, 52.524963967447498 ], [ -0.660912737595725, 52.568945704531998 ], [ -0.602968554664781, 52.588651611526501 ], [ -0.588743270020906, 52.586793334089201 ], [ -0.58147859321182, 52.595883350319497 ], [ -0.571903726305604, 52.585803368904699 ], [ -0.558080856418455, 52.594509213690699 ], [ -0.544175784928157, 52.592865856363503 ], [ -0.552938000985828, 52.601411862340697 ], [ -0.540260653382861, 52.625965768249998 ], [ -0.517203112387242, 52.642441732220199 ], [ -0.495025802128916, 52.640236384337598 ] ] ] } },
{ "type": "Feature", "properties": { "FID": 59, "LAD24CD": "E06000062", "LAD24NM": "West Northamptonshire", "LAD24NMW": " ", "BNG_E": 467187, "BNG_N": 263879, "LONG": -1.01682, "LAT": 52.269, "GlobalID": "eadc270d-65a3-47ce-a484-101c841618bd", "LAD24CD_1": "E06000062", "LAD24NM_1": "West Northamptonshire", "RUC21CD": "UIN", "RUC21NM": "Intermediate urban: Majority nearer to a major town or city", "Urban_rura": "Urban", "Shape_Leng": 214640.80924, "Shape__Area": 1374464732.0452271, "Shape__Length": 214640.80924025638 }, "geometry": { "type": "Polygon", "coordinates": [ [ [ -0.9012806064268, 52.459755859195397 ], [ -0.904383712639054, 52.442171075516399 ], [ -0.86438000879232, 52.434214969096402 ], [ -0.886936611261352, 52.423354135156501 ], [ -0.890537063118278, 52.398594253583603 ], [ -0.873695474959517, 52.402673956565899 ], [ -0.840597978248014, 52.392851396123099 ], [ -0.83085325697563, 52.375967717959803 ], [ -0.79120288193622, 52.355967360776397 ], [ -0.785779453314657, 52.330616766378199 ], [ -0.817950353609315, 52.309595943640502 ], [ -0.801430869431516, 52.252686901991098 ], [ -0.791415863707147, 52.242241512874998 ], [ -0.762357238697783, 52.248815898549502 ], [ -0.727567309260867, 52.238192354895901 ], [ -0.705455584072188, 52.1915706998724 ], [ -0.749734768722189, 52.1668767675297 ], [ -0.777975100575612, 52.168732492077297 ], [ -0.792091270533438, 52.151329459537699 ], [ -0.807587882658753, 52.156979013471201 ], [ -0.814018926401135, 52.142474513498399 ], [ -0.831966629471785, 52.1436835078038 ], [ -0.828204674516664, 52.1326105518988 ], [ -0.880758452631504, 52.126292151435401 ], [ -0.887033141552335, 52.114214933163602 ], [ -0.871472753510848, 52.111779731054199 ], [ -0.869530890831007, 52.100037659413097 ], [ -0.846712543491745, 52.091508702557697 ], [ -0.831313005313099, 52.072006337662799 ], [ -0.839594622604854, 52.063795932375001 ], [ -0.862678645822757, 52.060934037842898 ], [ -0.852446930044217, 52.050705093085 ], [ -0.871273944930241, 52.040219926588797 ], [ -0.877557824518293, 52.029904968696599 ], [ -0.890117418394569, 52.031533601072397 ], [ -0.906030231113269, 52.021221108256903 ], [ -0.951872932630787, 52.081533621337897 ], [ -0.967805300661276, 52.070910927246203 ], [ -1.02631813741674, 52.075675563119901 ], [ -1.04220828140128, 52.073708956909897 ], [ -1.02766844665035, 52.063734265429403 ], [ -1.06206502018462, 52.0627354070484 ], [ -1.12198746604179, 52.045147241955597 ], [ -1.13666519177378, 52.022243138405202 ], [ -1.11808639729751, 52.015426171170297 ], [ -1.13432869833779, 51.997296386966099 ], [ -1.16382348465592, 51.993412225832103 ], [ -1.19625975033443, 51.977431442291703 ], [ -1.24161223468245, 51.986293362928897 ], [ -1.28349719185547, 51.979564989251699 ], [ -1.27816401885651, 52.014272668452499 ], [ -1.31292004347286, 52.051452662525499 ], [ -1.29750881413832, 52.078056693896002 ], [ -1.31815993117564, 52.0799212567645 ], [ -1.32116486414435, 52.087018927530302 ], [ -1.2480850615427, 52.097160790999801 ], [ -1.3318971346503, 52.168485055283497 ], [ -1.31313453207951, 52.190467629378098 ], [ -1.25498199738882, 52.197831070182502 ], [ -1.28472976783494, 52.238442015866703 ], [ -1.26685236231198, 52.235248638232598 ], [ -1.23299880379763, 52.253258849041501 ], [ -1.21564683212275, 52.266390689292002 ], [ -1.23378294833003, 52.290328105931501 ], [ -1.20923383158981, 52.315204078762001 ], [ -1.26535489040084, 52.328360682027501 ], [ -1.23379041110916, 52.346413656250199 ], [ -1.17497303441117, 52.356289807046302 ], [ -1.20163348439696, 52.396734407422102 ], [ -1.18397472701336, 52.3921717358566 ], [ -1.14935295147126, 52.397040625955299 ], [ -1.12926952385576, 52.416103451244098 ], [ -1.08438179273988, 52.436298147060803 ], [ -1.04998493314387, 52.422208447942602 ], [ -1.03427367925882, 52.436285272123598 ], [ -1.04449403157973, 52.445837017267699 ], [ -1.00069265209655, 52.470940416852002 ], [ -0.951908262509529, 52.477423929892801 ], [ -0.942191918774036, 52.4677725216198 ], [ -0.9012806064268, 52.459755859195397 ] ] ] } },
{ "type": "Feature", "properties": { "FID": 60, "LAD24CD": "E06000063", "LAD24NM": "Cumberland", "LAD24NMW": " ", "BNG_E": 315764, "BNG_N": 533086, "LONG": -3.30816, "LAT": 54.6857, "GlobalID": "2ba1ed66-3bf0-4681-9674-6a7e38609d3a", "LAD24CD_1": "E06000063", "LAD24NM_1": "Cumberland", "RUC21CD": "RMF", "RUC21NM": "Majority rural: Majority further from a major town or city", "Urban_rura": "Rural", "Shape_Leng": 393896.954356, "Shape__Area": 3036767954.2170715, "Shape__Length": 393896.95435575303 }, "geometry": { "type": "Polygon", "coordinates": [ [ [ -2.58267104737595, 54.845866781563103 ], [ -2.60374506812191, 54.853322450428699 ], [ -2.65533903570579, 54.854742520413801 ], [ -2.68013667560407, 54.8353174139163 ], [ -2.70122446991913, 54.833604921864101 ], [ -2.68971646694427, 54.819356124153202 ], [ -2.70566264155142, 54.816362625459199 ], [ -2.7495773675657, 54.829127160726003 ], [ -2.75642779989083, 54.822857776729002 ], [ -2.79937799358632, 54.818718163814502 ], [ -2.86308069706419, 54.837231632924897 ], [ -2.88146421786579, 54.823446203484899 ], [ -2.90738713131952, 54.821887743145801 ], [ -2.90441421867941, 54.813019078072401 ], [ -2.92108151224533, 54.809207289712099 ], [ -2.93117157954003, 54.792157813174697 ], [ -2.98443760923693, 54.776157668754898 ], [ -2.99383143405527, 54.7596340762491 ], [ -3.02608956488319, 54.7480813666497 ], [ -2.98364586434086, 54.720938423729301 ], [ -2.99227461065416, 54.696242913274602 ], [ -3.06379850515297, 54.700082096396699 ], [ -3.08192015128774, 54.695253841573198 ], [ -3.0871910117655, 54.686091957822903 ], [ -3.05460436414447, 54.679757202555301 ], [ -3.08665259057617, 54.663556765358003 ], [ -3.09429434507791, 54.643869770611602 ], [ -3.08696522192402, 54.612702148004303 ], [ -3.04444539901191, 54.614214690295903 ], [ -3.03433205529018, 54.602770495731001 ], [ -3.00743516498197, 54.5952683670507 ], [ -3.03705083533644, 54.580926186983099 ], [ -3.01828886856839, 54.574956195663098 ], [ -3.02882229099679, 54.566908878962302 ], [ -3.0167257376695, 54.561569328394597 ], [ -3.02576843831683, 54.529979030772203 ], [ -3.01529691192041, 54.525533294908101 ], [ -3.01354760425201, 54.501066543993403 ], [ -3.07621436683208, 54.4893655007889 ], [ -3.09775314487292, 54.471903442890302 ], [ -3.1094789593098, 54.474003726591199 ], [ -3.11257305674493, 54.461490777434001 ], [ -3.13644410048438, 54.470746024111101 ], [ -3.16689415755992, 54.454384471524499 ], [ -3.15701833917043, 54.430281329141899 ], [ -3.13597805970072, 54.4218834674246 ], [ -3.12399616467033, 54.427506649729999 ], [ -3.11414417918803, 54.418280444548799 ], [ -3.17075794156601, 54.399730252635898 ], [ -3.19459920159338, 54.354351044425997 ], [ -3.20708504139559, 54.352957747726798 ], [ -3.24189573621454, 54.3234751006134 ], [ -3.23092234559174, 54.314679855402801 ], [ -3.23048130161104, 54.269825503235502 ], [ -3.23369265740103, 54.260236418343801 ], [ -3.22951765830291, 54.256852287831101 ], [ -3.22294835847883, 54.251525965946897 ], [ -3.22931246390365, 54.249959735186799 ], [ -3.24367029073434, 54.2464245563284 ], [ -3.2292890127418, 54.2491719894618 ], [ -3.22818031366543, 54.249383712413099 ], [ -3.22571208629263, 54.239752577921699 ], [ -3.22894538541977, 54.237632480967797 ], [ -3.26587127395947, 54.213398412062197 ], [ -3.2541228942307, 54.210300873954097 ], [ -3.25149845296001, 54.215830653203497 ], [ -3.24515518493931, 54.209303083134401 ], [ -3.23928635744296, 54.203261616979702 ], [ -3.2542342141569, 54.1915431463608 ], [ -3.28769043874587, 54.197070210482899 ], [ -3.29798674859206, 54.188652166329902 ], [ -3.32170584053956, 54.1902610767944 ], [ -3.34201556769913, 54.208263665642598 ], [ -3.39372581991417, 54.254012731710603 ], [ -3.42115452865345, 54.284657745678899 ], [ -3.42363800941761, 54.3383576444947 ], [ -3.4101277752554, 54.350386600829303 ], [ -3.41730341090879, 54.348975297281498 ], [ -3.43529628991901, 54.343411423953697 ], [ -3.47844140337371, 54.386429775937202 ], [ -3.50299686661292, 54.410865477472001 ], [ -3.54342906452615, 54.441022514287397 ], [ -3.63707729073398, 54.510647334936401 ], [ -3.63844498940304, 54.512278855256099 ], [ -3.61327858537943, 54.525261048220003 ], [ -3.60928328078948, 54.5301139791137 ], [ -3.60801840683175, 54.530729625097798 ], [ -3.60540089364991, 54.534828528194801 ], [ -3.59110971856104, 54.5521726003442 ], [ -3.58634000759418, 54.5646505621662 ], [ -3.58107129366492, 54.572885691301103 ], [ -3.58166965447685, 54.576861274694402 ], [ -3.57254544065115, 54.600695690333602 ], [ -3.56597086175677, 54.612126272037401 ], [ -3.56588804848588, 54.612222674268899 ], [ -3.56589851301344, 54.612252020846199 ], [ -3.56587887249883, 54.612286157175703 ], [ -3.57992389218566, 54.652306092018897 ], [ -3.57171229927862, 54.650905142834901 ], [ -3.55127011648942, 54.648124961515997 ], [ -3.54433497279801, 54.647180893376103 ], [ -3.55127224775831, 54.648180862860499 ], [ -3.57147903960021, 54.651091005383797 ], [ -3.55197517936895, 54.666624245235298 ], [ -3.51920505141286, 54.6926894917627 ], [ -3.5149631545509, 54.705210591658499 ], [ -3.50748165393449, 54.716773153428299 ], [ -3.49393308709911, 54.712518447282598 ], [ -3.50711137626236, 54.7173452331579 ], [ -3.50654374925032, 54.718222185837 ], [ -3.45820419867999, 54.746183593406002 ], [ -3.43685965605082, 54.758512083550301 ], [ -3.43776337258913, 54.801904266728201 ], [ -3.39985761369859, 54.867415108727897 ], [ -3.36746156706288, 54.891073457731501 ], [ -3.33804122038995, 54.900276789994201 ], [ -3.28562570148331, 54.878305503869498 ], [ -3.28725743594504, 54.891492361891501 ], [ -3.27504591743596, 54.887843128531998 ], [ -3.26245923201949, 54.8951146594896 ], [ -3.26381188530612, 54.889084927758901 ], [ -3.24953878046652, 54.9007207876476 ], [ -3.2524478404842, 54.911194909332899 ], [ -3.27172937884571, 54.899515392443099 ], [ -3.3085081624768, 54.911634844162599 ], [ -3.31428356394279, 54.920337908949001 ], [ -3.30420390997731, 54.927680393632301 ], [ -3.28514248532819, 54.941556073151901 ], [ -3.26528062149076, 54.943044177309702 ], [ -3.26884482456821, 54.937078057575 ], [ -3.25043929843779, 54.945096166502097 ], [ -3.2320871627843, 54.953085076151702 ], [ -3.20439693660345, 54.953739565747298 ], [ -3.15339599617139, 54.931875918082198 ], [ -3.13806478859947, 54.9293505389534 ], [ -3.11879493423356, 54.926173172021002 ], [ -3.11867455103816, 54.925758968060499 ], [ -3.11892992727613, 54.925549109283203 ], [ -3.11893287217663, 54.9253835088331 ], [ -3.0840894455927, 54.9298441578878 ], [ -3.08408551861442, 54.929844660225903 ], [ -3.11893710299614, 54.934574238189398 ], [ -3.1251982386522, 54.944047564066999 ], [ -3.11389274181655, 54.940705516622799 ], [ -3.12194805883777, 54.944539264129901 ], [ -3.11419408923445, 54.947196382029901 ], [ -3.12707163911517, 54.9509161960477 ], [ -3.09570457133573, 54.946222008305497 ], [ -3.1038154099739, 54.948601743368499 ], [ -3.11727194238696, 54.955911251226802 ], [ -3.10559929267497, 54.950668322396197 ], [ -3.11160806177241, 54.957627537698997 ], [ -3.08541802549692, 54.965166953880797 ], [ -3.06336697067458, 54.9834767550728 ], [ -3.06033221758426, 54.984517484628803 ], [ -3.04969911914366, 54.983526269537698 ], [ -3.04831472102066, 54.983397144448801 ], [ -3.05218005608859, 54.990476243180098 ], [ -3.04408382356934, 54.998556774298102 ], [ -3.04945669761314, 55.009395027328203 ], [ -3.02587564330566, 55.036486660182597 ], [ -3.05341969195431, 55.047284037209401 ], [ -3.05092854160806, 55.052803597160299 ], [ -2.95859356798911, 55.0492945911909 ], [ -2.93640742375778, 55.059585927308198 ], [ -2.94042911604544, 55.069128160350097 ], [ -2.89687924721878, 55.0779496469859 ], [ -2.88629245338616, 55.094809894734396 ], [ -2.85854005901994, 55.1083488033414 ], [ -2.82760794396969, 55.124836868716599 ], [ -2.82550257520544, 55.138314071409198 ], [ -2.7848482544576, 55.1417914399875 ], [ -2.70347661666498, 55.173173159894098 ], [ -2.68978916257996, 55.1889832482806 ], [ -2.67455532373979, 55.175891466226602 ], [ -2.67732441001798, 55.155487587737099 ], [ -2.65693941785208, 55.136131830278899 ], [ -2.59890282488408, 55.124575715874499 ], [ -2.59353940991365, 55.1050960585006 ], [ -2.5684260078781, 55.096261413191101 ], [ -2.56213639511458, 55.083462169153002 ], [ -2.50257438882916, 55.090758675394 ], [ -2.48608636846352, 55.082443568350698 ], [ -2.503984940725, 55.062429893651597 ], [ -2.48304985288842, 55.040019075840398 ], [ -2.57285163622922, 55.0163983325548 ], [ -2.5733107670136, 54.9876377868719 ], [ -2.60142928961523, 54.971340169415598 ], [ -2.59556897269462, 54.963480931938001 ], [ -2.56849154078611, 54.958361817101597 ], [ -2.56764946010163, 54.940856021173801 ], [ -2.54527258594749, 54.929171962226697 ], [ -2.56622128211943, 54.919238062821897 ], [ -2.57641404338101, 54.896717109806197 ], [ -2.60543022085515, 54.8843823116013 ], [ -2.57335234214531, 54.853546196282501 ], [ -2.58267104737595, 54.845866781563103 ] ] ] } },
{ "type": "Feature", "properties": { "FID": 61, "LAD24CD": "E06000064", "LAD24NM": "Westmorland and Furness", "LAD24NMW": " ", "BNG_E": 353889, "BNG_N": 510941, "LONG": -2.71336, "LAT": 54.4917, "GlobalID": "1338c8ae-d83c-4854-b242-1e471ab91238", "LAD24CD_1": "E06000064", "LAD24NM_1": "Westmorland and Furness", "RUC21CD": "RIF", "RUC21NM": "Intermediate rural: Majority further from a major town or city", "Urban_rura": "Rural", "Shape_Leng": 406349.594148, "Shape__Area": 3793637693.7697449, "Shape__Length": 406349.59414819634 }, "geometry": { "type": "MultiPolygon", "coordinates": [ [ [ [ -3.24293638304044, 54.0989390219003 ], [ -3.25246271722293, 54.095765021995597 ], [ -3.24315966275771, 54.097519851828302 ], [ -3.24719285956558, 54.092203436385297 ], [ -3.22433693414325, 54.082007269249601 ], [ -3.22095529220927, 54.080497906050098 ], [ -3.22414929147294, 54.075634532338803 ], [ -3.22681625445275, 54.071572744528503 ], [ -3.2239971928029, 54.070486825034003 ], [ -3.21026624924842, 54.0651958631531 ], [ -3.2048924930785, 54.051616624371498 ], [ -3.17858767237087, 54.055264613048102 ], [ -3.17410086163805, 54.048293938192799 ], [ -3.17302733249502, 54.055272745147199 ], [ -3.1731611097089, 54.047076615216298 ], [ -3.20991255885691, 54.047671108346698 ], [ -3.22374027168623, 54.061766871332097 ], [ -3.26855382921652, 54.107370783282903 ], [ -3.27638163870848, 54.142886038504798 ], [ -3.25228742598976, 54.150369766397297 ], [ -3.26687449786406, 54.141921362430502 ], [ -3.24560541870846, 54.109859227033603 ], [ -3.24293638304044, 54.0989390219003 ] ] ], [ [ [ -2.34842858236683, 54.8070792752561 ], [ -2.32738520521004, 54.805332469550898 ], [ -2.31208952139602, 54.791015045936803 ], [ -2.32574674351607, 54.726629229687802 ], [ -2.35574349125271, 54.697652178566301 ], [ -2.35176911416252, 54.685930850029699 ], [ -2.32728766378882, 54.670727718681903 ], [ -2.29287495116333, 54.663885291118198 ], [ -2.28797868797798, 54.6504801032182 ], [ -2.32493776754246, 54.631650236169101 ], [ -2.30451453732035, 54.596197845187298 ], [ -2.20948818801938, 54.551713372325899 ], [ -2.19753056810017, 54.532703965037101 ], [ -2.17239803091537, 54.532444115295696 ], [ -2.15899719522345, 54.472029635374 ], [ -2.17021302340634, 54.4581987846828 ], [ -2.17750847989225, 54.461625674741597 ], [ -2.18931554536681, 54.4489784731566 ], [ -2.24953922329874, 54.451943435347502 ], [ -2.29286520125281, 54.439307490951101 ], [ -2.30814588994671, 54.419793771560897 ], [ -2.30544502560032, 54.3970864171865 ], [ -2.29170338915819, 54.390629701690003 ], [ -2.2974404079712, 54.376898764441499 ], [ -2.31704255658246, 54.376310517670902 ], [ -2.34464790841351, 54.359628509893199 ], [ -2.36771223910638, 54.356070614350998 ], [ -2.30984140863991, 54.3243149774976 ], [ -2.3230323098134, 54.311082786368601 ], [ -2.31719184100725, 54.2871656647743 ], [ -2.32589176655811, 54.279692916003697 ], [ -2.31549577489661, 54.270075542293696 ], [ -2.32564664212512, 54.241438347515597 ], [ -2.34805240648407, 54.237806681448703 ], [ -2.36231711509247, 54.2497526288087 ], [ -2.37302060410132, 54.240098903483499 ], [ -2.39677965225249, 54.239381079703897 ], [ -2.40563193679838, 54.224915168104502 ], [ -2.46086273483392, 54.226716135168502 ], [ -2.45958529173133, 54.239568409588998 ], [ -2.5760776553629, 54.195595182527903 ], [ -2.62495689056548, 54.195568728030501 ], [ -2.63993581265475, 54.2020329750248 ], [ -2.67984171291155, 54.161185700691803 ], [ -2.73648907076834, 54.169024251200398 ], [ -2.7343869846531, 54.184110964259098 ], [ -2.76823199124557, 54.185964112420201 ], [ -2.79898153022298, 54.197740769409002 ], [ -2.83721686204006, 54.174172399825302 ], [ -2.83791619316485, 54.174226568661503 ], [ -2.86353636050711, 54.182549888414101 ], [ -2.86413625014924, 54.191997373436998 ], [ -2.84251014251282, 54.2055914908603 ], [ -2.88723999541488, 54.199069526262598 ], [ -2.90204148877986, 54.1893847758014 ], [ -2.89609019775481, 54.181179954865698 ], [ -2.9107040810438, 54.179539580465303 ], [ -2.89941932329488, 54.176109157716901 ], [ -2.92047738559316, 54.1659119674583 ], [ -2.92227404774213, 54.165041546896802 ], [ -2.92045740430492, 54.165012067795999 ], [ -2.90832735362018, 54.164814528583101 ], [ -2.92022786831272, 54.154669169642197 ], [ -2.9253595496205, 54.150292452092302 ], [ -2.99986531098492, 54.154764147448397 ], [ -2.9894185372414, 54.179455258265399 ], [ -3.00648866080173, 54.172249474737903 ], [ -3.00503103449878, 54.180278326685801 ], [ -3.0102819385971, 54.176908418895898 ], [ -3.03866105294493, 54.197250778363902 ], [ -3.02295398771924, 54.1915604082374 ], [ -3.03474478216628, 54.196294775105898 ], [ -3.03294815847759, 54.2113110276604 ], [ -3.03278759964741, 54.2126524597941 ], [ -3.03435913862166, 54.211298885797902 ], [ -3.06351928095241, 54.186163126778901 ], [ -3.06085394204944, 54.1620429859937 ], [ -3.10574272380438, 54.119037867543497 ], [ -3.14910224003047, 54.093571454752798 ], [ -3.17245176634143, 54.081761374183699 ], [ -3.15074352127841, 54.064810177525601 ], [ -3.17142736225561, 54.079633571009303 ], [ -3.17803439975689, 54.074917058476103 ], [ -3.17368927448801, 54.083323000527898 ], [ -3.191702546106, 54.103062901671002 ], [ -3.21478539668759, 54.098054147424499 ], [ -3.22017801791181, 54.089733797784298 ], [ -3.22468323384569, 54.093762549686602 ], [ -3.24210103045427, 54.109329230060297 ], [ -3.23696441312236, 54.154683856194502 ], [ -3.24942328424079, 54.1547257767972 ], [ -3.25756916744061, 54.1664813181876 ], [ -3.22707983869432, 54.1747887066971 ], [ -3.21715649699402, 54.177490173239804 ], [ -3.22307462414529, 54.187778032071499 ], [ -3.21484519355637, 54.185635220353099 ], [ -3.21307847021506, 54.207181472711802 ], [ -3.20594537237362, 54.2097022602332 ], [ -3.2020275356652, 54.211086484525403 ], [ -3.20235016513421, 54.211405555692302 ], [ -3.2024389046324, 54.211535120201702 ], [ -3.20271438634452, 54.211719473068896 ], [ -3.20322243192548, 54.212194506910201 ], [ -3.20328191129382, 54.212334542029403 ], [ -3.17969915557214, 54.2388182522363 ], [ -3.19773549984822, 54.228903485277101 ], [ -3.21030869616764, 54.254046295465798 ], [ -3.22911797982576, 54.259971518781001 ], [ -3.22783621329278, 54.277720193150998 ], [ -3.22995091359922, 54.271408770243497 ], [ -3.23048130161104, 54.269825503235502 ], [ -3.23092234559174, 54.314679855402801 ], [ -3.24189573621454, 54.3234751006134 ], [ -3.20708504139559, 54.352957747726798 ], [ -3.19459920159338, 54.354351044425997 ], [ -3.17075794156601, 54.399730252635898 ], [ -3.11414417918803, 54.418280444548799 ], [ -3.12399616467033, 54.427506649729999 ], [ -3.13597805970072, 54.4218834674246 ], [ -3.15701833917043, 54.430281329141899 ], [ -3.16689415755992, 54.454384471524499 ], [ -3.13644410048438, 54.470746024111101 ], [ -3.11257305674493, 54.461490777434001 ], [ -3.1094789593098, 54.474003726591199 ], [ -3.09775314487292, 54.471903442890302 ], [ -3.07621436683208, 54.4893655007889 ], [ -3.01354760425201, 54.501066543993403 ], [ -3.01529691192041, 54.525533294908101 ], [ -3.02576843831683, 54.529979030772203 ], [ -3.0167257376695, 54.561569328394597 ], [ -3.02882229099679, 54.566908878962302 ], [ -3.01828886856839, 54.574956195663098 ], [ -3.03705083533644, 54.580926186983099 ], [ -3.00743516498197, 54.5952683670507 ], [ -3.03433205529018, 54.602770495731001 ], [ -3.04444539901191, 54.614214690295903 ], [ -3.08696522192402, 54.612702148004303 ], [ -3.09429434507791, 54.643869770611602 ], [ -3.08665259057617, 54.663556765358003 ], [ -3.05460436414447, 54.679757202555301 ], [ -3.0871910117655, 54.686091957822903 ], [ -3.08192015128774, 54.695253841573198 ], [ -3.06379850515297, 54.700082096396699 ], [ -2.99227461065416, 54.696242913274602 ], [ -2.98364586434086, 54.720938423729301 ], [ -3.02608956488319, 54.7480813666497 ], [ -2.99383143405527, 54.7596340762491 ], [ -2.98443760923693, 54.776157668754898 ], [ -2.93117157954003, 54.792157813174697 ], [ -2.92108151224533, 54.809207289712099 ], [ -2.90441421867941, 54.813019078072401 ], [ -2.90738713131952, 54.821887743145801 ], [ -2.88146421786579, 54.823446203484899 ], [ -2.86308069706419, 54.837231632924897 ], [ -2.79937799358632, 54.818718163814502 ], [ -2.75642779989083, 54.822857776729002 ], [ -2.7495773675657, 54.829127160726003 ], [ -2.70566264155142, 54.816362625459199 ], [ -2.68971646694427, 54.819356124153202 ], [ -2.70122446991913, 54.833604921864101 ], [ -2.68013667560407, 54.8353174139163 ], [ -2.65533903570579, 54.854742520413801 ], [ -2.60374506812191, 54.853322450428699 ], [ -2.58267104737595, 54.845866781563103 ], [ -2.5583066678318, 54.816724615766198 ], [ -2.52347067288973, 54.806042847223701 ], [ -2.4953568980919, 54.8103421039783 ], [ -2.46060153125164, 54.8341721848522 ], [ -2.42275637725897, 54.842830254846 ], [ -2.41165834715293, 54.856454483224098 ], [ -2.38998545538645, 54.832155243360702 ], [ -2.34842858236683, 54.8070792752561 ] ] ] ] } },
{ "type": "Feature", "properties": { "FID": 62, "LAD24CD": "E06000065", "LAD24NM": "North Yorkshire", "LAD24NMW": " ", "BNG_E": 429508, "BNG_N": 466514, "LONG": -1.55033, "LAT": 54.0937, "GlobalID": "2e5822ef-f8a8-4f70-8f08-f2315fee45cb", "LAD24CD_1": "E06000065", "LAD24NM_1": "North Yorkshire", "RUC21CD": "RMN", "RUC21NM": "Majority rural: Majority nearer to a major town or city", "Urban_rura": "Rural", "Shape_Leng": 661243.64551499998, "Shape__Area": 8051097809.653717, "Shape__Length": 661243.64551517821 }, "geometry": { "type": "Polygon", "coordinates": [ [ [ -0.212665525348072, 54.157733894727102 ], [ -0.22974662180302, 54.132440354904702 ], [ -0.265419797803465, 54.1405585091454 ], [ -0.304236423519452, 54.136261851658901 ], [ -0.323841934250232, 54.150296933654801 ], [ -0.346397161515299, 54.146872941629503 ], [ -0.37492744814463, 54.154113152906099 ], [ -0.390747238234669, 54.176520705341702 ], [ -0.418427787901165, 54.174025311517497 ], [ -0.433168631458221, 54.164072714525403 ], [ -0.427093852639448, 54.137442560997599 ], [ -0.458539666811106, 54.125973608353398 ], [ -0.454351131499513, 54.116762511462497 ], [ -0.465942458016893, 54.107632976882698 ], [ -0.524612344870749, 54.085474746733802 ], [ -0.563137247607814, 54.093999525552 ], [ -0.615523445115742, 54.070493708808598 ], [ -0.660316933915928, 54.063100052885602 ], [ -0.644653954650704, 54.055113096794102 ], [ -0.659484342246755, 54.037169825802202 ], [ -0.687039074332374, 54.030767659659503 ], [ -0.68350162911553, 54.008801852825698 ], [ -0.730489261578151, 54.012700834952199 ], [ -0.734257303331504, 54.030258773784901 ], [ -0.799191011163153, 54.019054838634901 ], [ -0.800704633922219, 54.024118618454899 ], [ -0.878427062104742, 54.017199645490003 ], [ -0.893902669681898, 53.999535079818401 ], [ -0.925294992911636, 53.9915183740072 ], [ -0.9948365230849, 53.983064170792197 ], [ -0.971919430860755, 53.996710165673498 ], [ -0.975366299699151, 54.004731572160203 ], [ -0.984707223975977, 54.0025472492025 ], [ -0.966863590182243, 54.022966561680803 ], [ -1.00208473428272, 54.055263067143997 ], [ -1.01437741453304, 54.049321815395103 ], [ -1.05971214270556, 54.056882884450701 ], [ -1.05873382513449, 54.0478451030326 ], [ -1.08940781055503, 54.048014557231099 ], [ -1.12017616405721, 54.029026362059 ], [ -1.14079656188959, 54.029858813859398 ], [ -1.14909066483636, 54.002947379844699 ], [ -1.13699822638128, 53.991082621879698 ], [ -1.15168802423516, 53.989115439583799 ], [ -1.18880639954997, 54.002480155483298 ], [ -1.18210315303178, 53.985345264194102 ], [ -1.21659687756026, 53.985612542519398 ], [ -1.22371908740097, 53.974754630544197 ], [ -1.19949479443534, 53.925351273628102 ], [ -1.10526167148522, 53.875657280147898 ], [ -1.09116902566234, 53.885788592390199 ], [ -1.06498679396312, 53.874610674648203 ], [ -1.00818565733314, 53.889935803523599 ], [ -0.992803085961669, 53.875191697697097 ], [ -0.94398126304104, 53.888058428021402 ], [ -0.92340332414165, 53.880719618315503 ], [ -0.948190213018105, 53.861582699169297 ], [ -0.940610986349814, 53.823518466318099 ], [ -0.920106077429086, 53.816092992986199 ], [ -0.934499012722836, 53.801777189050398 ], [ -0.9282535548479, 53.7655984443713 ], [ -0.973593546117509, 53.7498570421794 ], [ -0.960825708909963, 53.736002981079501 ], [ -0.910951228887268, 53.732670257920603 ], [ -0.90373907840941, 53.718359393918703 ], [ -0.957714760664253, 53.714835485632697 ], [ -0.962649915494684, 53.7007959036698 ], [ -0.980546833755429, 53.7049832379344 ], [ -0.98031983964866, 53.696945118914599 ], [ -1.03892593442347, 53.693882297966702 ], [ -1.06165845001237, 53.706765886114198 ], [ -1.07491406055148, 53.703942805986699 ], [ -1.08105979945912, 53.684526115425101 ], [ -1.10335931463428, 53.669499314106297 ], [ -1.04866263627315, 53.656057479088197 ], [ -1.06613883749557, 53.648854863513698 ], [ -1.12161806948654, 53.646749891162202 ], [ -1.13491215514482, 53.632698060464001 ], [ -1.15509032420189, 53.643198475791301 ], [ -1.18924649793491, 53.635916975414901 ], [ -1.20982718259376, 53.643164128768497 ], [ -1.21746850825603, 53.624224325989502 ], [ -1.23284427243353, 53.6211122455192 ], [ -1.25547556487338, 53.645418264197403 ], [ -1.24442802583222, 53.692468957760902 ], [ -1.19906068308451, 53.694894716906099 ], [ -1.19876646275588, 53.700714605363501 ], [ -1.21981187384993, 53.714419016833901 ], [ -1.22632884303256, 53.709867809750001 ], [ -1.22940808376884, 53.714889977592797 ], [ -1.2687022564653, 53.714980369896999 ], [ -1.30196724055708, 53.741672216363199 ], [ -1.31535678189555, 53.743680702316098 ], [ -1.31223876959692, 53.755888504317198 ], [ -1.29494200882328, 53.755462832673899 ], [ -1.29038607043323, 53.763194461360001 ], [ -1.31381045925485, 53.781555749199597 ], [ -1.31487208408644, 53.809557413950003 ], [ -1.30362345902206, 53.816535989352097 ], [ -1.33609674496188, 53.8335897524898 ], [ -1.32655713555967, 53.840423429428697 ], [ -1.3529698771545, 53.856750751111598 ], [ -1.31237643321928, 53.865682402443902 ], [ -1.32183217384471, 53.902876036630701 ], [ -1.30045310633845, 53.907519514580798 ], [ -1.29720289653827, 53.921637792466399 ], [ -1.30735579340276, 53.921150217881298 ], [ -1.29408489805138, 53.926914022889001 ], [ -1.30889461278843, 53.924039771743097 ], [ -1.30713408561422, 53.934536271493101 ], [ -1.34470601313736, 53.939498979491098 ], [ -1.34040516519185, 53.945888187131899 ], [ -1.39718249968378, 53.942535171455901 ], [ -1.40670956648195, 53.927849707719602 ], [ -1.43260133613277, 53.927236604494801 ], [ -1.43299734465415, 53.910805182567699 ], [ -1.46293086327229, 53.905896618378399 ], [ -1.49878116161895, 53.915306938680601 ], [ -1.54879322245249, 53.910913838194098 ], [ -1.5518811444059, 53.902958460517702 ], [ -1.58361500128836, 53.909277404132503 ], [ -1.58792488986376, 53.9012915421362 ], [ -1.599388174075, 53.9096751520472 ], [ -1.62065920104965, 53.903386989829102 ], [ -1.65172654586808, 53.905638857229199 ], [ -1.65508298511049, 53.912484298062701 ], [ -1.68462724326052, 53.910588090273897 ], [ -1.70708308020122, 53.919131255094499 ], [ -1.71796986402232, 53.908531005218798 ], [ -1.72721731903531, 53.910167245518402 ], [ -1.74562604180612, 53.923003762090097 ], [ -1.77597854946963, 53.921488367711902 ], [ -1.80508916329937, 53.939022668252001 ], [ -1.84773108570453, 53.940800712711997 ], [ -1.83616699057491, 53.931411418403897 ], [ -1.86061101903697, 53.932781241326602 ], [ -1.87951306390985, 53.962838624273502 ], [ -1.92797977690032, 53.950458844674003 ], [ -1.95065798396997, 53.956669571036301 ], [ -1.96618594335563, 53.951554964363297 ], [ -1.96307646765848, 53.933404213259202 ], [ -1.97686723160789, 53.926417766483397 ], [ -1.95241711483233, 53.903527523295402 ], [ -1.97941943031718, 53.901131997578901 ], [ -1.98019888373294, 53.871115401959898 ], [ -2.02175085543423, 53.871537508175003 ], [ -2.04613032171259, 53.850141245559598 ], [ -2.08991499194819, 53.868181972045498 ], [ -2.08144705819635, 53.875680320562402 ], [ -2.10301894796253, 53.890941296250702 ], [ -2.11334616135047, 53.915626853583298 ], [ -2.13222410689956, 53.926508850322399 ], [ -2.18227343100205, 53.935405963292403 ], [ -2.18446422707568, 53.952211389003303 ], [ -2.1960183674942, 53.969575844619399 ], [ -2.22567381467208, 53.961119523159198 ], [ -2.23209923454447, 53.971216049950698 ], [ -2.22111218452458, 53.977901706984397 ], [ -2.23039881478544, 53.981566788736799 ], [ -2.29451918094864, 53.974463156812597 ], [ -2.31917729442185, 53.9938205133544 ], [ -2.33999932342476, 53.989476896445503 ], [ -2.35219961279232, 53.994623509837702 ], [ -2.35228494459096, 54.010553268852298 ], [ -2.33956433043647, 54.009320722173101 ], [ -2.35732329416741, 54.019117093882599 ], [ -2.37407297715162, 54.049089060567397 ], [ -2.42582648982368, 54.038094909393799 ], [ -2.46954984634616, 54.046212242203303 ], [ -2.46434741774283, 54.075279432109802 ], [ -2.50952601849528, 54.095425329873102 ], [ -2.52400965394563, 54.094622479289797 ], [ -2.56474222741882, 54.126863842869298 ], [ -2.56050449737639, 54.153052117532098 ], [ -2.53397895530311, 54.157692712877598 ], [ -2.46086273483392, 54.226716135168502 ], [ -2.40563193679838, 54.224915168104502 ], [ -2.39677965225249, 54.239381079703897 ], [ -2.37302060410132, 54.240098903483499 ], [ -2.36231711509247, 54.2497526288087 ], [ -2.34805240648407, 54.237806681448703 ], [ -2.32564664212512, 54.241438347515597 ], [ -2.31549577489661, 54.270075542293696 ], [ -2.32589176655811, 54.279692916003697 ], [ -2.31719184100725, 54.2871656647743 ], [ -2.3230323098134, 54.311082786368601 ], [ -2.30984140863991, 54.3243149774976 ], [ -2.36771223910638, 54.356070614350998 ], [ -2.34464790841351, 54.359628509893199 ], [ -2.31704255658246, 54.376310517670902 ], [ -2.2974404079712, 54.376898764441499 ], [ -2.29170338915819, 54.390629701690003 ], [ -2.30544502560032, 54.3970864171865 ], [ -2.30814588994671, 54.419793771560897 ], [ -2.29286520125281, 54.439307490951101 ], [ -2.24953922329874, 54.451943435347502 ], [ -2.18931554536681, 54.4489784731566 ], [ -2.17750847989225, 54.461625674741597 ], [ -2.17021302340634, 54.4581987846828 ], [ -2.11659617374357, 54.462263477975803 ], [ -2.04319843418637, 54.483599447538602 ], [ -2.04472952149334, 54.475186273307799 ], [ -1.99676437249469, 54.466903448345398 ], [ -1.97005959181258, 54.451521541020803 ], [ -1.94254323627035, 54.453395354101502 ], [ -1.85912998438283, 54.481857902425197 ], [ -1.85780051144888, 54.503539794395998 ], [ -1.83943329269054, 54.508437235597803 ], [ -1.79297648414091, 54.484492428708798 ], [ -1.77613231485782, 54.506728504167199 ], [ -1.77969652861129, 54.531872993918398 ], [ -1.73309136190533, 54.527736412339301 ], [ -1.7213108898176, 54.5423017243929 ], [ -1.69692636355207, 54.536006428816101 ], [ -1.65793716561516, 54.534588922200399 ], [ -1.65467519937522, 54.5246500961671 ], [ -1.63377378148266, 54.525364378957001 ], [ -1.63344443619249, 54.514112291359297 ], [ -1.61148472706396, 54.520000786952501 ], [ -1.60249810301447, 54.510488636217701 ], [ -1.58106853741621, 54.5128456586148 ], [ -1.5918807025688, 54.504300860563397 ], [ -1.57921485380734, 54.505187684486302 ], [ -1.58298032825201, 54.497100732816897 ], [ -1.55519520906131, 54.484978190792503 ], [ -1.54567271781715, 54.471238475872802 ], [ -1.51969374190879, 54.471115224487797 ], [ -1.52883695102378, 54.484813737723897 ], [ -1.51413191899894, 54.483775091249598 ], [ -1.51134080604103, 54.475012260766697 ], [ -1.49177548206257, 54.486200491717 ], [ -1.49878945098745, 54.475342828799299 ], [ -1.475464579469, 54.473907568983201 ], [ -1.46231204065857, 54.451228505718198 ], [ -1.45838201882701, 54.4925217623978 ], [ -1.47484256726738, 54.500426523217399 ], [ -1.45850783644379, 54.503918888844503 ], [ -1.43490529222604, 54.4874931710252 ], [ -1.43211777207151, 54.479454565171999 ], [ -1.4127863622095, 54.477195398317299 ], [ -1.4070888004288, 54.493529638149496 ], [ -1.39505004776972, 54.485679972137099 ], [ -1.38101055095849, 54.494028930667596 ], [ -1.37256157635986, 54.472307460922202 ], [ -1.36441713758622, 54.465952408782002 ], [ -1.34491503450455, 54.472408008361697 ], [ -1.3436289617262, 54.464155412131603 ], [ -1.30043052365099, 54.475822004787098 ], [ -1.28109315435744, 54.490567247828999 ], [ -1.25740307371, 54.487321829136803 ], [ -1.25667466779605, 54.501107912784597 ], [ -1.2348659056463, 54.510316044553903 ], [ -1.14619694918505, 54.5028216114721 ], [ -1.11838000658732, 54.498198569693997 ], [ -1.09473696863192, 54.506695609022003 ], [ -1.0368514550928, 54.494044059631101 ], [ -1.00340105305077, 54.503012099388499 ], [ -0.952589374508347, 54.488015342326399 ], [ -0.880825023321814, 54.4970468603547 ], [ -0.848530740694743, 54.487972936765701 ], [ -0.848647297024731, 54.530003828816596 ], [ -0.827081463556422, 54.548518705194503 ], [ -0.80041918962436, 54.551010925391601 ], [ -0.791798036788257, 54.558312749627 ], [ -0.784600112266142, 54.557930396298403 ], [ -0.766849849421873, 54.550201899816997 ], [ -0.764776936442302, 54.548249987410998 ], [ -0.743495645446768, 54.528198268918104 ], [ -0.7227150932413, 54.532839018490897 ], [ -0.71542416655773, 54.534172417807 ], [ -0.702704458522958, 54.5286226356952 ], [ -0.692805064097883, 54.520691921453498 ], [ -0.683517963621511, 54.520245943452302 ], [ -0.682059034739363, 54.519608721848002 ], [ -0.670416084425388, 54.500770677670502 ], [ -0.62382175612124, 54.495460123873897 ], [ -0.610353968398137, 54.493509819427899 ], [ -0.573749513022106, 54.481359853292801 ], [ -0.554352986636149, 54.469605074543999 ], [ -0.52083919440307, 54.446262912955198 ], [ -0.532719092710363, 54.433446143629602 ], [ -0.524202393839579, 54.417255476487703 ], [ -0.510366228241123, 54.413264198594597 ], [ -0.486038693777114, 54.404306705056896 ], [ -0.470075290911643, 54.393438439684402 ], [ -0.43969904778114, 54.351253919940397 ], [ -0.432691541513805, 54.340166838019996 ], [ -0.417081352345487, 54.331443999218401 ], [ -0.407436469873212, 54.293461534521001 ], [ -0.390987075442104, 54.289662046704301 ], [ -0.385075598362634, 54.287839009576103 ], [ -0.396691450227985, 54.274527321179498 ], [ -0.368720227987309, 54.248456582735301 ], [ -0.365375510954295, 54.247424745304798 ], [ -0.365148014774043, 54.247216339178102 ], [ -0.357583308624852, 54.245020310745304 ], [ -0.265490680966476, 54.216544016259299 ], [ -0.277371245617444, 54.212132218540297 ], [ -0.280692097584333, 54.211622083798602 ], [ -0.280532032192633, 54.210958106659902 ], [ -0.28382256446133, 54.2097356340158 ], [ -0.281992462795174, 54.203505144043703 ], [ -0.276889815207312, 54.186124150066497 ], [ -0.245193486151483, 54.1664751226429 ], [ -0.212665525348072, 54.157733894727102 ] ] ] } },
{ "type": "Feature", "properties": { "FID": 63, "LAD24CD": "E06000066", "LAD24NM": "Somerset", "LAD24NMW": " ", "BNG_E": 309294, "BNG_N": 131078, "LONG": -3.29604, "LAT": 51.0718, "GlobalID": "e39e54a7-fe79-4ab9-990c-91e109fc8862", "LAD24CD_1": "E06000066", "LAD24NM_1": "Somerset", "RUC21CD": "RIF", "RUC21NM": "Intermediate rural: Majority further from a major town or city", "Urban_rura": "Rural", "Shape_Leng": 377794.14574499999, "Shape__Area": 3461869447.5290298, "Shape__Length": 377794.14574501599 }, "geometry": { "type": "Polygon", "coordinates": [ [ [ -3.00013840924515, 51.322129344042203 ], [ -2.99011400394716, 51.316544622079199 ], [ -2.98987343636891, 51.316283327935103 ], [ -2.98664958724306, 51.312781381728797 ], [ -2.98695466470382, 51.311458950705102 ], [ -2.99316268851688, 51.301011082185497 ], [ -2.98810382352796, 51.306477009171203 ], [ -2.9898200343769, 51.299034776901699 ], [ -2.97261926639963, 51.295712481436297 ], [ -2.9620389423923, 51.304790993291903 ], [ -2.93687950389505, 51.303078852054398 ], [ -2.89710380982307, 51.290614578200497 ], [ -2.88493601533683, 51.3066603104431 ], [ -2.87718865145921, 51.3001036495628 ], [ -2.81023646544598, 51.3014243111013 ], [ -2.81472248237028, 51.3270244796554 ], [ -2.6948765814064, 51.318076389021499 ], [ -2.63862471913682, 51.294800322747903 ], [ -2.6274364897476, 51.2828239542877 ], [ -2.55782420176251, 51.302661395090603 ], [ -2.49722110687873, 51.2908409030412 ], [ -2.50635614425412, 51.278990778880001 ], [ -2.47800109139509, 51.273096743081602 ], [ -2.47377164397769, 51.277970944123602 ], [ -2.45172260312224, 51.274251402271801 ], [ -2.40091745014227, 51.304800232129999 ], [ -2.38718077281427, 51.294643447876503 ], [ -2.28909082429693, 51.325272047624502 ], [ -2.27309487103777, 51.322879045105097 ], [ -2.27195450640093, 51.314254053013798 ], [ -2.28512005576167, 51.309528042927703 ], [ -2.28068002440096, 51.293462926979501 ], [ -2.26525311710259, 51.296219982307299 ], [ -2.25349723752292, 51.289834740034301 ], [ -2.24534123488723, 51.253876136182797 ], [ -2.29846468216909, 51.175322443333698 ], [ -2.34586192692829, 51.133362481833203 ], [ -2.34453924740452, 51.124678159298803 ], [ -2.3645276284756, 51.118878839138503 ], [ -2.36086958335645, 51.099017500039103 ], [ -2.32586314227273, 51.079678338623303 ], [ -2.34998725978621, 51.068881993074598 ], [ -2.3300144212501, 51.041344573700897 ], [ -2.3813483865981, 51.004922476503097 ], [ -2.37692092962676, 50.990764812134202 ], [ -2.35489702801029, 50.990880515092897 ], [ -2.34455653686763, 50.978829302001401 ], [ -2.41492761933618, 50.960583437378403 ], [ -2.42799147535897, 50.9713867566727 ], [ -2.4471777663599, 50.967850221869703 ], [ -2.44286746193651, 50.959660084971901 ], [ -2.45620376827821, 50.949343882165998 ], [ -2.49034524922401, 50.972772405706998 ], [ -2.50234661127076, 50.993836357752301 ], [ -2.52641625853615, 50.9919077031782 ], [ -2.54743511832829, 50.999541686374997 ], [ -2.54542343612897, 50.985080500135901 ], [ -2.55620702557173, 50.979535156658599 ], [ -2.5746303684989, 50.986693680435799 ], [ -2.5860233663728, 50.976869288175301 ], [ -2.59584521904693, 50.981339969190799 ], [ -2.6033871710982, 50.9763444685398 ], [ -2.59820027247584, 50.948574486851399 ], [ -2.61609375160151, 50.940581272021902 ], [ -2.60404000220076, 50.926724701529203 ], [ -2.62408763150089, 50.907749139587501 ], [ -2.60954134221856, 50.891526292564201 ], [ -2.61553187683303, 50.881899136032203 ], [ -2.66066607869173, 50.887143175598602 ], [ -2.71441140072303, 50.871161142510303 ], [ -2.71452438087078, 50.863939374787101 ], [ -2.75751174276903, 50.866889170778201 ], [ -2.79229423668103, 50.852818245143403 ], [ -2.81142509401011, 50.863409817993301 ], [ -2.82884896233592, 50.848738667508798 ], [ -2.88913318145445, 50.850032529658201 ], [ -2.94167534121695, 50.835890538675599 ], [ -2.95432229557041, 50.821165566424398 ], [ -2.96982908150892, 50.8341996682611 ], [ -2.97363168996566, 50.855759443922999 ], [ -3.03680608618723, 50.851065172005001 ], [ -3.03263151653362, 50.8616392382458 ], [ -3.05498743545546, 50.874487009046497 ], [ -3.05258258350788, 50.908612912105497 ], [ -3.12634080218261, 50.901719960307901 ], [ -3.14418503962857, 50.891398181768601 ], [ -3.18796247786107, 50.9103440855569 ], [ -3.1664788965881, 50.947713483551397 ], [ -3.25483048358088, 50.941845748744001 ], [ -3.29384739259865, 50.955138703926899 ], [ -3.3336699633033, 50.982788286068903 ], [ -3.37866358603564, 50.977508505691198 ], [ -3.38048774397398, 51.0184858597692 ], [ -3.41417405059937, 51.019702704185498 ], [ -3.42130388849576, 51.030778179759601 ], [ -3.46019383383282, 51.0252167271898 ], [ -3.48336552993693, 51.033831378229401 ], [ -3.50426136251134, 51.030179275446997 ], [ -3.52045780685949, 51.025895336032299 ], [ -3.51888138570953, 51.014795518971297 ], [ -3.53504945700713, 51.003347264412703 ], [ -3.60320812898055, 51.007233229743598 ], [ -3.61470093632614, 51.015549734300102 ], [ -3.59447111942891, 51.0551947230772 ], [ -3.64670925190031, 51.058059162027703 ], [ -3.69246375831133, 51.080565440869997 ], [ -3.71994749264963, 51.080820652195797 ], [ -3.80428873272582, 51.115685281333299 ], [ -3.83449124892582, 51.138381012764199 ], [ -3.83917542483951, 51.176923098456101 ], [ -3.78630346639544, 51.171926921259001 ], [ -3.72498387980715, 51.179592062077496 ], [ -3.73320126956949, 51.222725074786098 ], [ -3.72056139113603, 51.233057586124197 ], [ -3.72016877139454, 51.233015864769598 ], [ -3.63303606629121, 51.223722040542498 ], [ -3.62270278033015, 51.217592018866199 ], [ -3.62124038345122, 51.216642974114997 ], [ -3.57870861546137, 51.232141701700499 ], [ -3.54216486095581, 51.232256662447803 ], [ -3.49573197186276, 51.223645809848001 ], [ -3.47040825893854, 51.208150380619102 ], [ -3.44760212743594, 51.208901657538703 ], [ -3.43268007125644, 51.200450364056003 ], [ -3.40080830053328, 51.182382462155999 ], [ -3.27736518241093, 51.179568661027297 ], [ -3.15394211238269, 51.208773721517097 ], [ -3.14663188910567, 51.209438969073801 ], [ -3.12549727468118, 51.2113595488334 ], [ -3.07632204478222, 51.201252355959902 ], [ -3.0547640823823, 51.205942213308496 ], [ -3.01926285898763, 51.218476342416501 ], [ -3.03254964006662, 51.194576193895202 ], [ -3.02265502683765, 51.196282484948497 ], [ -3.00226525256156, 51.225954408272301 ], [ -2.99893555821856, 51.223171902693203 ], [ -2.98428564189524, 51.220426313060997 ], [ -2.99908943311234, 51.224978255167798 ], [ -3.00050760858755, 51.241619156198603 ], [ -3.02153817023771, 51.265473920325903 ], [ -3.01206241782109, 51.321029540972901 ], [ -3.0354696915471, 51.328535599430403 ], [ -3.00013840924515, 51.322129344042203 ] ] ] } },
{ "type": "Feature", "properties": { "FID": 64, "LAD24CD": "E07000008", "LAD24NM": "Cambridge", "LAD24NMW": " ", "BNG_E": 545420, "BNG_N": 257901, "LONG": 0.126436, "LAT": 52.2002, "GlobalID": "27a4829b-529e-4192-a6de-57d7ce700c90", "LAD24CD_1": "E07000008", "LAD24NM_1": "Cambridge", "RUC21CD": "UUN", "RUC21NM": "Urban: Majority nearer to a major town or city", "Urban_rura": "Urban", "Shape_Leng": 30695.525175300001, "Shape__Area": 40253613.621673584, "Shape__Length": 30695.525175343206 }, "geometry": { "type": "Polygon", "coordinates": [ [ [ 0.166123262828235, 52.234282365017201 ], [ 0.154851230298712, 52.226486659381102 ], [ 0.175865269738693, 52.217279217264803 ], [ 0.167344322667743, 52.2041480387036 ], [ 0.182686405219807, 52.198111014088603 ], [ 0.181328828929856, 52.169490562482302 ], [ 0.162629276293122, 52.172481427466899 ], [ 0.154926887702132, 52.164622884783498 ], [ 0.141755789736116, 52.171004556309903 ], [ 0.103429649976074, 52.157941700577297 ], [ 0.104714533759209, 52.190656365962603 ], [ 0.068638841385944, 52.216108593153002 ], [ 0.129913490534435, 52.235678014216802 ], [ 0.147520975478328, 52.229822352488398 ], [ 0.155301635210257, 52.237289879569403 ], [ 0.166123262828235, 52.234282365017201 ] ] ] } },
{ "type": "Feature", "properties": { "FID": 65, "LAD24CD": "E07000009", "LAD24NM": "East Cambridgeshire", "LAD24NMW": " ", "BNG_E": 555576, "BNG_N": 275765, "LONG": 0.283149, "LAT": 52.3579, "GlobalID": "87b08de0-0487-4854-87ef-965adeed6286", "LAD24CD_1": "E07000009", "LAD24NM_1": "East Cambridgeshire", "RUC21CD": "RMF", "RUC21NM": "Majority rural: Majority further from a major town or city", "Urban_rura": "Rural", "Shape_Leng": 166827.183705, "Shape__Area": 658590905.42784119, "Shape__Length": 166827.18370471208 }, "geometry": { "type": "Polygon", "coordinates": [ [ [ 0.429297962734167, 52.436452583039397 ], [ 0.374777423612123, 52.409728864379701 ], [ 0.407617046340143, 52.361573796933399 ], [ 0.442570138660837, 52.348813439146902 ], [ 0.424188661743469, 52.3292291294186 ], [ 0.431376631558306, 52.315825429636 ], [ 0.457617975720841, 52.316250931330899 ], [ 0.504706342735338, 52.284729985813698 ], [ 0.498852649660747, 52.2730145394587 ], [ 0.424198050649824, 52.2558764310225 ], [ 0.382723057789948, 52.293266250385699 ], [ 0.358892384018672, 52.2975239008586 ], [ 0.355241041288966, 52.279336253912597 ], [ 0.339943777893116, 52.267747853128398 ], [ 0.360955086815676, 52.249348161890502 ], [ 0.342684099441605, 52.242343345249502 ], [ 0.371248919207141, 52.2265901694376 ], [ 0.421335031399158, 52.239691320103901 ], [ 0.414517804147287, 52.247861137006502 ], [ 0.42696480396438, 52.253602767115702 ], [ 0.481765520426287, 52.232375897521301 ], [ 0.494890700539826, 52.2392880539741 ], [ 0.514484042486228, 52.226779407527097 ], [ 0.491332842084376, 52.165102031409802 ], [ 0.470731332783535, 52.163259053363902 ], [ 0.452244935675451, 52.173202021601497 ], [ 0.435915802809098, 52.159495092911797 ], [ 0.417276418385201, 52.159306683302098 ], [ 0.394914563223174, 52.157969771645803 ], [ 0.321939140403521, 52.178840251667602 ], [ 0.225347956681456, 52.231694684027602 ], [ 0.229502542667359, 52.236662691131798 ], [ 0.210470006268261, 52.249459707009599 ], [ 0.220617792960978, 52.263540649692096 ], [ 0.211580636128012, 52.269918302461797 ], [ 0.241677954298543, 52.291053054671501 ], [ 0.248816823636207, 52.322853763269002 ], [ 0.20473419130775, 52.316795302340303 ], [ 0.197131033928584, 52.324308920945903 ], [ 0.168242736990568, 52.317630305195003 ], [ 0.162116176978595, 52.324308434037697 ], [ 0.139897388786211, 52.320712731846697 ], [ 0.081896351269451, 52.334954872674601 ], [ 0.043868103249077, 52.352885875265599 ], [ 0.051346857173934, 52.358163889376698 ], [ 0.034420786781512, 52.385749950387201 ], [ 0.056199001124837, 52.397834553569901 ], [ 0.043646658094936, 52.4181252920772 ], [ 0.055276696915767, 52.4144347629938 ], [ 0.08743646158901, 52.429740094926302 ], [ 0.106713320515954, 52.425314528226899 ], [ 0.126471077358065, 52.437854953317903 ], [ 0.123841539271616, 52.420969762390499 ], [ 0.236319141863767, 52.507290568425603 ], [ 0.246007354494561, 52.499938332196102 ], [ 0.256396443302898, 52.507726703196496 ], [ 0.309360655162502, 52.513622272761602 ], [ 0.367062169051718, 52.501173784626502 ], [ 0.380706411169306, 52.479539457811597 ], [ 0.428529094955595, 52.454652613719901 ], [ 0.429297962734167, 52.436452583039397 ] ] ] } },
{ "type": "Feature", "properties": { "FID": 66, "LAD24CD": "E07000010", "LAD24NM": "Fenland", "LAD24NMW": " ", "BNG_E": 536355, "BNG_N": 294959, "LONG": 0.008927, "LAT": 52.5354, "GlobalID": "8b551ec6-d3b0-454d-9875-24608ed4001e", "LAD24CD_1": "E07000010", "LAD24NM_1": "Fenland", "RUC21CD": "UIF", "RUC21NM": "Intermediate urban: Majority further from a major town or city", "Urban_rura": "Urban", "Shape_Leng": 136155.97925500001, "Shape__Area": 547646531.04093933, "Shape__Length": 136155.97925464527 }, "geometry": { "type": "Polygon", "coordinates": [ [ [ 0.171626068420179, 52.738031701567103 ], [ 0.153570700388405, 52.682223182481501 ], [ 0.184716621631441, 52.6778946654604 ], [ 0.18384177886579, 52.655662072878201 ], [ 0.16992534130976, 52.650435492924501 ], [ 0.219064834307513, 52.621980520108401 ], [ 0.191607928549226, 52.599012653092302 ], [ 0.218389294671767, 52.5726128031366 ], [ 0.205638395911868, 52.565440447069598 ], [ 0.217226272744751, 52.560587041471102 ], [ 0.204727251635359, 52.554654501927502 ], [ 0.205247887435987, 52.547837901658802 ], [ 0.214613318400706, 52.549117801568997 ], [ 0.203827914065556, 52.545404426856102 ], [ 0.207919527180528, 52.530069365959498 ], [ 0.230591211600485, 52.527909943083998 ], [ 0.206123341125585, 52.519635120631399 ], [ 0.236319141863767, 52.507290568425603 ], [ 0.123841539271616, 52.420969762390499 ], [ 0.126471077358065, 52.437854953317903 ], [ 0.106713320515954, 52.425314528226899 ], [ 0.08743646158901, 52.429740094926302 ], [ 0.055276696915767, 52.4144347629938 ], [ 0.043646658094936, 52.4181252920772 ], [ 0.056199001124837, 52.397834553569901 ], [ 0.034420786781512, 52.385749950387201 ], [ 0.019038334145951, 52.414119753721998 ], [ 0.033999139263695, 52.428736147953899 ], [ 0.008952274531991, 52.454578577090302 ], [ -0.03885513908982, 52.473285692353002 ], [ -0.048060448177284, 52.510865922139999 ], [ -0.069683071790279, 52.516831096472302 ], [ -0.070872429800504, 52.505865815221 ], [ -0.090388645806244, 52.496270221021803 ], [ -0.09763961269817, 52.501721350027204 ], [ -0.114356410237044, 52.489070378652897 ], [ -0.187849987826575, 52.541863097285599 ], [ -0.197873350783597, 52.550805830790999 ], [ -0.186980183895209, 52.568506748733903 ], [ -0.012751835145391, 52.594246227313803 ], [ -0.031270683265058, 52.661532743076101 ], [ 0.021500352427817, 52.664887287555402 ], [ 0.048566401637567, 52.681401659301997 ], [ 0.044149475987283, 52.714382348721898 ], [ 0.063626619320692, 52.727391508595801 ], [ 0.08901169539881, 52.723630165092302 ], [ 0.132975309366633, 52.739304476298202 ], [ 0.171626068420179, 52.738031701567103 ] ] ] } },
{ "type": "Feature", "properties": { "FID": 67, "LAD24CD": "E07000011", "LAD24NM": "Huntingdonshire", "LAD24NMW": " ", "BNG_E": 521008, "BNG_N": 274268, "LONG": -0.2247, "LAT": 52.3531, "GlobalID": "3196a524-adfd-427e-867b-ee4f01b56c71", "LAD24CD_1": "E07000011", "LAD24NM_1": "Huntingdonshire", "RUC21CD": "RMN", "RUC21NM": "Majority rural: Majority nearer to a major town or city", "Urban_rura": "Rural", "Shape_Leng": 193578.606871, "Shape__Area": 911264460.46729279, "Shape__Length": 193578.60687101242 }, "geometry": { "type": "Polygon", "coordinates": [ [ [ -0.187849987826575, 52.541863097285599 ], [ -0.114356410237044, 52.489070378652897 ], [ -0.09763961269817, 52.501721350027204 ], [ -0.090388645806244, 52.496270221021803 ], [ -0.070872429800504, 52.505865815221 ], [ -0.069683071790279, 52.516831096472302 ], [ -0.048060448177284, 52.510865922139999 ], [ -0.03885513908982, 52.473285692353002 ], [ 0.008952274531991, 52.454578577090302 ], [ 0.033999139263695, 52.428736147953899 ], [ 0.019038334145951, 52.414119753721998 ], [ 0.034420786781512, 52.385749950387201 ], [ 0.051346857173934, 52.358163889376698 ], [ 0.043868103249077, 52.352885875265599 ], [ 0.009618435488494, 52.341739414419401 ], [ -0.014527577413025, 52.312739185979702 ], [ -0.046435141855324, 52.3147217342595 ], [ -0.057728210432721, 52.291756023625702 ], [ -0.085387901547889, 52.272502274456798 ], [ -0.102271207101834, 52.277670771650001 ], [ -0.12111970756234, 52.257316933253698 ], [ -0.14271427574293, 52.283196465459 ], [ -0.175476895387142, 52.280217155568998 ], [ -0.184123358290536, 52.260774996816401 ], [ -0.177496309641871, 52.250291186850497 ], [ -0.173684856000184, 52.255779141588697 ], [ -0.157122255912511, 52.254307984719603 ], [ -0.132220364100698, 52.243261545928803 ], [ -0.149040937491938, 52.225949543232197 ], [ -0.186945604100054, 52.228857966913502 ], [ -0.195608527755717, 52.204490039560497 ], [ -0.175885348138445, 52.197255991732099 ], [ -0.1528072905725, 52.211996732907899 ], [ -0.10812654390922, 52.206882947616698 ], [ -0.100397965732933, 52.182837187851703 ], [ -0.138032183854639, 52.1844934617421 ], [ -0.156190466824133, 52.167245867917003 ], [ -0.189534292261615, 52.169205506685799 ], [ -0.2166619212819, 52.158766524706301 ], [ -0.26069408798734, 52.176401420936799 ], [ -0.249785149179338, 52.184371026258098 ], [ -0.240723002820836, 52.190193142820902 ], [ -0.261845188172905, 52.209866920217202 ], [ -0.296267726158592, 52.210482392365698 ], [ -0.285613647569757, 52.237277067768403 ], [ -0.29320898808327, 52.240516181031502 ], [ -0.335249413126625, 52.242881806886103 ], [ -0.34346885979841, 52.2418744200723 ], [ -0.341010840873401, 52.230647492864797 ], [ -0.374375681124288, 52.232998287561003 ], [ -0.382341197020937, 52.271125655630001 ], [ -0.372175068758848, 52.273499852203699 ], [ -0.375009968281875, 52.280469377458701 ], [ -0.421767439464139, 52.284947497591901 ], [ -0.435761112192004, 52.2966568791838 ], [ -0.436088655177378, 52.314470845081601 ], [ -0.465365756545097, 52.322953280324903 ], [ -0.466656737619639, 52.338927575487901 ], [ -0.483264192761938, 52.3409032965452 ], [ -0.477682425550585, 52.3489199908052 ], [ -0.498699838187518, 52.3600958379159 ], [ -0.488518815845791, 52.374023541023199 ], [ -0.495946267815481, 52.379515529367801 ], [ -0.441509864468212, 52.3849964334918 ], [ -0.417072832141305, 52.411599110039397 ], [ -0.362408041008102, 52.433531277117098 ], [ -0.370217036825639, 52.439930270506103 ], [ -0.341590492473876, 52.466942626439298 ], [ -0.359404306001708, 52.489830088240801 ], [ -0.354345203263394, 52.506495071407997 ], [ -0.413602640818525, 52.525679612791201 ], [ -0.401283297186851, 52.538684681611798 ], [ -0.419593787330186, 52.558961954133103 ], [ -0.407290921113568, 52.564054853906903 ], [ -0.415381402678347, 52.578742638837902 ], [ -0.396839712356373, 52.582998337385199 ], [ -0.38545106933809, 52.567189710816301 ], [ -0.348477510272296, 52.564370087887603 ], [ -0.325458398681252, 52.5528890317213 ], [ -0.332735786022453, 52.546545436849499 ], [ -0.293289613103781, 52.506889108621898 ], [ -0.269294934340273, 52.520824570292099 ], [ -0.244780466792031, 52.522998864087 ], [ -0.234798325598806, 52.543667193309702 ], [ -0.217663960470306, 52.537923425315 ], [ -0.200398362872374, 52.545215846433102 ], [ -0.187849987826575, 52.541863097285599 ] ] ] } },
{ "type": "Feature", "properties": { "FID": 68, "LAD24CD": "E07000012", "LAD24NM": "South Cambridgeshire", "LAD24NMW": " ", "BNG_E": 543295, "BNG_N": 247586, "LONG": 0.091017, "LAT": 52.1081, "GlobalID": "8f098484-93c6-44a6-9370-52392a1f3fd3", "LAD24CD_1": "E07000012", "LAD24NM_1": "South Cambridgeshire", "RUC21CD": "RMN", "RUC21NM": "Majority rural: Majority nearer to a major town or city", "Urban_rura": "Rural", "Shape_Leng": 225337.495551, "Shape__Area": 898586674.08415985, "Shape__Length": 225337.49555050681 }, "geometry": { "type": "Polygon", "coordinates": [ [ [ 0.417276418385201, 52.159306683302098 ], [ 0.417486382150141, 52.1331624284228 ], [ 0.389589786598814, 52.1174705808696 ], [ 0.381803808187178, 52.102701293427401 ], [ 0.394996785207166, 52.0959681287178 ], [ 0.404638263575799, 52.065502379522101 ], [ 0.379612827815692, 52.049562713822702 ], [ 0.389680177472463, 52.036457702038803 ], [ 0.345932855516239, 52.049701423618799 ], [ 0.32467398462829, 52.072783286523702 ], [ 0.286431681080009, 52.090249914838402 ], [ 0.276230791660398, 52.092657869095902 ], [ 0.251623252757855, 52.076770953667001 ], [ 0.235208003627414, 52.089000049476901 ], [ 0.203459400262098, 52.092674154476498 ], [ 0.183194362384494, 52.073183454493602 ], [ 0.189922071971941, 52.0602013954013 ], [ 0.167570276572422, 52.0549998106329 ], [ 0.166396143400974, 52.0481907792676 ], [ 0.151147231222932, 52.0528715575239 ], [ 0.128135198304803, 52.047322570785397 ], [ 0.119077515908339, 52.059962586734102 ], [ 0.105736213487718, 52.060261106197999 ], [ 0.092254337831656, 52.021653988071897 ], [ 0.068156072556951, 52.005763095566202 ], [ 0.040306384829794, 52.053327290886998 ], [ 0.003499048112275, 52.049915996725701 ], [ -0.019635196010369, 52.0635862665359 ], [ -0.126567501937775, 52.020921875070002 ], [ -0.133729866748337, 52.046232851822701 ], [ -0.155121032648697, 52.053061098952803 ], [ -0.147509326987593, 52.069450005761801 ], [ -0.157605055560218, 52.080440950455198 ], [ -0.144462739636375, 52.138221799108202 ], [ -0.154352348807397, 52.1444079254644 ], [ -0.171534734092178, 52.139502590062698 ], [ -0.234804043652189, 52.1447267573934 ], [ -0.2166619212819, 52.158766524706301 ], [ -0.189534292261615, 52.169205506685799 ], [ -0.156190466824133, 52.167245867917003 ], [ -0.138032183854639, 52.1844934617421 ], [ -0.100397965732933, 52.182837187851703 ], [ -0.10812654390922, 52.206882947616698 ], [ -0.1528072905725, 52.211996732907899 ], [ -0.175885348138445, 52.197255991732099 ], [ -0.195608527755717, 52.204490039560497 ], [ -0.186945604100054, 52.228857966913502 ], [ -0.149040937491938, 52.225949543232197 ], [ -0.132220364100698, 52.243261545928803 ], [ -0.157122255912511, 52.254307984719603 ], [ -0.173684856000184, 52.255779141588697 ], [ -0.177496309641871, 52.250291186850497 ], [ -0.184123358290536, 52.260774996816401 ], [ -0.175476895387142, 52.280217155568998 ], [ -0.14271427574293, 52.283196465459 ], [ -0.12111970756234, 52.257316933253698 ], [ -0.102271207101834, 52.277670771650001 ], [ -0.085387901547889, 52.272502274456798 ], [ -0.057728210432721, 52.291756023625702 ], [ -0.046435141855324, 52.3147217342595 ], [ -0.014527577413025, 52.312739185979702 ], [ 0.009618435488494, 52.341739414419401 ], [ 0.043868103249077, 52.352885875265599 ], [ 0.081896351269451, 52.334954872674601 ], [ 0.139897388786211, 52.320712731846697 ], [ 0.162116176978595, 52.324308434037697 ], [ 0.168242736990568, 52.317630305195003 ], [ 0.197131033928584, 52.324308920945903 ], [ 0.20473419130775, 52.316795302340303 ], [ 0.248816823636207, 52.322853763269002 ], [ 0.241677954298543, 52.291053054671501 ], [ 0.211580636128012, 52.269918302461797 ], [ 0.220617792960978, 52.263540649692096 ], [ 0.210470006268261, 52.249459707009599 ], [ 0.229502542667359, 52.236662691131798 ], [ 0.225347956681456, 52.231694684027602 ], [ 0.321939140403521, 52.178840251667602 ], [ 0.394914563223174, 52.157969771645803 ], [ 0.417276418385201, 52.159306683302098 ] ], [ [ 0.166123262828235, 52.234282365017201 ], [ 0.155301635210257, 52.237289879569403 ], [ 0.147520975478328, 52.229822352488398 ], [ 0.129913490534435, 52.235678014216802 ], [ 0.068638841385944, 52.216108593153002 ], [ 0.104714533759209, 52.190656365962603 ], [ 0.103429649976074, 52.157941700577297 ], [ 0.141755789736116, 52.171004556309903 ], [ 0.154926887702132, 52.164622884783498 ], [ 0.162629276293122, 52.172481427466899 ], [ 0.181328828929856, 52.169490562482302 ], [ 0.182686405219807, 52.198111014088603 ], [ 0.167344322667743, 52.2041480387036 ], [ 0.175865269738693, 52.217279217264803 ], [ 0.154851230298712, 52.226486659381102 ], [ 0.166123262828235, 52.234282365017201 ] ] ] } },
{ "type": "Feature", "properties": { "FID": 69, "LAD24CD": "E07000032", "LAD24NM": "Amber Valley", "LAD24NMW": " ", "BNG_E": 436166, "BNG_N": 348084, "LONG": -1.46219, "LAT": 53.0288, "GlobalID": "82edda09-4086-4f8f-a963-19c83b6681bc", "LAD24CD_1": "E07000032", "LAD24NM_1": "Amber Valley", "RUC21CD": "UIN", "RUC21NM": "Intermediate urban: Majority nearer to a major town or city", "Urban_rura": "Urban", "Shape_Leng": 85443.689862200001, "Shape__Area": 267683390.03440857, "Shape__Length": 85443.689862184037 }, "geometry": { "type": "Polygon", "coordinates": [ [ [ -1.3736501798879, 53.107856463144401 ], [ -1.36074246120962, 53.090401878958197 ], [ -1.33163547679324, 53.0809878867612 ], [ -1.34442765908781, 53.065542542699298 ], [ -1.33586846310334, 53.052965845786403 ], [ -1.33191766877383, 53.031054325855699 ], [ -1.30742618330068, 53.003624607578999 ], [ -1.33277996877835, 52.978161529281003 ], [ -1.37108360842664, 52.973076380577602 ], [ -1.38541377586392, 52.9822974779525 ], [ -1.4091508590516, 52.977001564704103 ], [ -1.47878966762078, 52.982514293555198 ], [ -1.4746889725232, 52.965909349222301 ], [ -1.49540548177514, 52.965879361987803 ], [ -1.508028820759, 52.937451808785902 ], [ -1.54406849888716, 52.924207737898001 ], [ -1.57013712636766, 52.935828482619002 ], [ -1.60412608020192, 52.936887846702803 ], [ -1.60713693950362, 52.947172277136801 ], [ -1.59939427987066, 52.962588278499702 ], [ -1.57101906548791, 52.966562313987502 ], [ -1.57144423518371, 52.973986576596097 ], [ -1.60214439286183, 52.9854401995361 ], [ -1.59926572121242, 52.998423570619899 ], [ -1.57679836522948, 53.002062883979001 ], [ -1.57875455926928, 53.014687094773997 ], [ -1.56674630317074, 53.013696571177299 ], [ -1.57611077695101, 53.017684646965499 ], [ -1.56632607852009, 53.0224685078202 ], [ -1.58487820301616, 53.020387066574699 ], [ -1.59856684154634, 53.030470436875099 ], [ -1.58097249379411, 53.042297142411201 ], [ -1.59143882132993, 53.0547340964048 ], [ -1.55327251700791, 53.069018389935202 ], [ -1.53360287822369, 53.086943759115996 ], [ -1.5193445618098, 53.086239905895198 ], [ -1.51205870742964, 53.0933647733886 ], [ -1.53110437537159, 53.100481436602301 ], [ -1.52351061235666, 53.120429588222997 ], [ -1.49536574441841, 53.1339645586473 ], [ -1.44825223293112, 53.103673813445397 ], [ -1.3736501798879, 53.107856463144401 ] ] ] } },
{ "type": "Feature", "properties": { "FID": 70, "LAD24CD": "E07000033", "LAD24NM": "Bolsover", "LAD24NMW": " ", "BNG_E": 448666, "BNG_N": 371547, "LONG": -1.27228, "LAT": 53.2387, "GlobalID": "b38a4907-93e6-495b-96e7-b833601ab4a0", "LAD24CD_1": "E07000033", "LAD24NM_1": "Bolsover", "RUC21CD": "RIN", "RUC21NM": "Intermediate rural: Majority nearer to a major town or city", "Urban_rura": "Rural", "Shape_Leng": 81798.221238099999, "Shape__Area": 160375569.69799805, "Shape__Length": 81798.221238079335 }, "geometry": { "type": "Polygon", "coordinates": [ [ [ -1.20941304066261, 53.217686985541597 ], [ -1.19696175792696, 53.1848073145987 ], [ -1.2404458498629, 53.178650612928102 ], [ -1.25992533857434, 53.164479441946 ], [ -1.29074206518232, 53.171425057076497 ], [ -1.32345929438011, 53.162332924765501 ], [ -1.3217802282925, 53.130650305486 ], [ -1.30061890454589, 53.1020493741674 ], [ -1.30925140895617, 53.096770173354997 ], [ -1.30288293813129, 53.088202195610897 ], [ -1.33163547679324, 53.0809878867612 ], [ -1.36074246120962, 53.090401878958197 ], [ -1.3736501798879, 53.107856463144401 ], [ -1.37782584141351, 53.136100756279703 ], [ -1.35283064357958, 53.158770573730102 ], [ -1.37824733610585, 53.173733803449899 ], [ -1.35672632903964, 53.185463041722699 ], [ -1.31852960726258, 53.185907336489599 ], [ -1.31059409915273, 53.216050505666502 ], [ -1.31915455454194, 53.2395481015527 ], [ -1.33126290167698, 53.257232295090901 ], [ -1.30130161259842, 53.263891605321803 ], [ -1.31671698168865, 53.281655550558497 ], [ -1.3241413877803, 53.2951087799972 ], [ -1.31067416988558, 53.297948111596099 ], [ -1.32189472186337, 53.309066759472998 ], [ -1.28201141324174, 53.309462589316503 ], [ -1.2438683827737, 53.301569791291499 ], [ -1.23068793446757, 53.308559734174302 ], [ -1.2032390468772, 53.304223239680603 ], [ -1.19974282859, 53.311440184476503 ], [ -1.17662092204204, 53.305123505182401 ], [ -1.1801170205129, 53.2871347450317 ], [ -1.1664875414478, 53.277655367357298 ], [ -1.18154150249029, 53.270032062725001 ], [ -1.17468978885802, 53.265164707800999 ], [ -1.20252032201365, 53.261160091040303 ], [ -1.21302650313245, 53.247672495657 ], [ -1.20204335247706, 53.235542300812497 ], [ -1.20941304066261, 53.217686985541597 ] ] ] } },
{ "type": "Feature", "properties": { "FID": 71, "LAD24CD": "E07000034", "LAD24NM": "Chesterfield", "LAD24NMW": " ", "BNG_E": 440049, "BNG_N": 373358, "LONG": -1.40115, "LAT": 53.2557, "GlobalID": "f7562ee5-4abc-41b7-bd0e-a5355ebfe1e0", "LAD24CD_1": "E07000034", "LAD24NM_1": "Chesterfield", "RUC21CD": "UUN", "RUC21NM": "Urban: Majority nearer to a major town or city", "Urban_rura": "Urban", "Shape_Leng": 41477.242246000002, "Shape__Area": 65546842.045227051, "Shape__Length": 41477.242245987276 }, "geometry": { "type": "Polygon", "coordinates": [ [ [ -1.31671698168865, 53.281655550558497 ], [ -1.30130161259842, 53.263891605321803 ], [ -1.33126290167698, 53.257232295090901 ], [ -1.31915455454194, 53.2395481015527 ], [ -1.3471233570696, 53.239468048604103 ], [ -1.35084970629567, 53.246328502223903 ], [ -1.38034092228456, 53.243796569803798 ], [ -1.40079809619346, 53.234282400370198 ], [ -1.40101255090789, 53.213952493460503 ], [ -1.42081866545196, 53.212465465611999 ], [ -1.44000083841075, 53.213593306381703 ], [ -1.44120467684798, 53.220630975747802 ], [ -1.47952647311652, 53.222228613916798 ], [ -1.48415747402457, 53.228975912964302 ], [ -1.47139864078768, 53.236181568489798 ], [ -1.48164789830403, 53.246468107781503 ], [ -1.4710595894715, 53.259416520177197 ], [ -1.48067818753988, 53.263446980099999 ], [ -1.46413401106389, 53.268024651576198 ], [ -1.45706890180163, 53.2837453408819 ], [ -1.4390361717586, 53.280210279411797 ], [ -1.41543950334017, 53.287638684039003 ], [ -1.39927750187952, 53.281971885961099 ], [ -1.37706252258459, 53.299003925225897 ], [ -1.366941814924, 53.289194463236299 ], [ -1.3336341862417, 53.289757744418601 ], [ -1.31671698168865, 53.281655550558497 ] ] ] } },
{ "type": "Feature", "properties": { "FID": 72, "LAD24CD": "E07000035", "LAD24NM": "Derbyshire Dales", "LAD24NMW": " ", "BNG_E": 419699, "BNG_N": 358494, "LONG": -1.70708, "LAT": 53.1233, "GlobalID": "ecb895ef-16a4-4ae7-8cae-0a81a925b3b3", "LAD24CD_1": "E07000035", "LAD24NM_1": "Derbyshire Dales", "RUC21CD": "RMN", "RUC21NM": "Majority rural: Majority nearer to a major town or city", "Urban_rura": "Rural", "Shape_Leng": 198196.16730199999, "Shape__Area": 795616955.34476471, "Shape__Length": 198196.16730237065 }, "geometry": { "type": "Polygon", "coordinates": [ [ [ -1.59909327897252, 53.3113181987842 ], [ -1.59746826708043, 53.295794556113101 ], [ -1.57861012700501, 53.2865054083329 ], [ -1.58937859907637, 53.278783500991402 ], [ -1.58495663425788, 53.262723418744201 ], [ -1.56577992804894, 53.261428304694597 ], [ -1.55717592443607, 53.2495611232643 ], [ -1.57205620085668, 53.241013064475503 ], [ -1.56902195566089, 53.223083980677004 ], [ -1.51560258494294, 53.202706419057101 ], [ -1.54829491835565, 53.199918347846499 ], [ -1.54996700353718, 53.185456138115804 ], [ -1.49536574441841, 53.1339645586473 ], [ -1.52351061235666, 53.120429588222997 ], [ -1.53110437537159, 53.100481436602301 ], [ -1.51205870742964, 53.0933647733886 ], [ -1.5193445618098, 53.086239905895198 ], [ -1.53360287822369, 53.086943759115996 ], [ -1.55327251700791, 53.069018389935202 ], [ -1.59143882132993, 53.0547340964048 ], [ -1.58097249379411, 53.042297142411201 ], [ -1.59856684154634, 53.030470436875099 ], [ -1.58487820301616, 53.020387066574699 ], [ -1.56632607852009, 53.0224685078202 ], [ -1.57611077695101, 53.017684646965499 ], [ -1.56674630317074, 53.013696571177299 ], [ -1.57875455926928, 53.014687094773997 ], [ -1.57679836522948, 53.002062883979001 ], [ -1.59926572121242, 52.998423570619899 ], [ -1.60214439286183, 52.9854401995361 ], [ -1.57144423518371, 52.973986576596097 ], [ -1.57101906548791, 52.966562313987502 ], [ -1.59939427987066, 52.962588278499702 ], [ -1.60713693950362, 52.947172277136801 ], [ -1.65026144199536, 52.944538633979498 ], [ -1.65891065635608, 52.902586692550102 ], [ -1.67817167531848, 52.921573104077503 ], [ -1.70822781584505, 52.922005451204697 ], [ -1.71446720396847, 52.909586497058797 ], [ -1.74895489743199, 52.912493204012002 ], [ -1.73656105939717, 52.8952202872862 ], [ -1.74600328186458, 52.8686931595903 ], [ -1.77722065071375, 52.883814739944597 ], [ -1.82820959492902, 52.884427753737903 ], [ -1.85657875821379, 52.923344709778803 ], [ -1.82858995111019, 52.947871170688799 ], [ -1.82678096538971, 52.977085758025801 ], [ -1.76240468835541, 52.999857682158499 ], [ -1.758931442407, 53.037315773020097 ], [ -1.77898682375688, 53.044918073512797 ], [ -1.77565273133757, 53.0593546407422 ], [ -1.79423901989599, 53.0883940561095 ], [ -1.78368614765435, 53.102957908888598 ], [ -1.82186356951692, 53.136684444375902 ], [ -1.81261515779332, 53.154409131288702 ], [ -1.86082129936616, 53.188467235176198 ], [ -1.89868254605192, 53.200041964028401 ], [ -1.91849652236219, 53.217997591135003 ], [ -1.91078713810815, 53.221689252928002 ], [ -1.8976027209098, 53.210433985959298 ], [ -1.89538310171332, 53.218574527097701 ], [ -1.88657935350331, 53.217493449750201 ], [ -1.88266258732117, 53.203386322897202 ], [ -1.87278270441843, 53.215609990965604 ], [ -1.84232607164885, 53.194715693743198 ], [ -1.83156024576462, 53.197602103421602 ], [ -1.83125307392111, 53.210649180047703 ], [ -1.87426600073336, 53.226846928718501 ], [ -1.84430246147867, 53.250418223959997 ], [ -1.79029193907154, 53.256362002530103 ], [ -1.81751600778319, 53.282564227155298 ], [ -1.82262598352133, 53.302811815797703 ], [ -1.76101154835025, 53.338185897291901 ], [ -1.73019384739661, 53.338675735919402 ], [ -1.72766288051443, 53.319130541246501 ], [ -1.70044880941732, 53.323624755733803 ], [ -1.69686706714368, 53.334804926769202 ], [ -1.67121303804988, 53.349367194538203 ], [ -1.67331200337525, 53.369393411189201 ], [ -1.65381782187416, 53.391910826207798 ], [ -1.66354854039897, 53.366595165456097 ], [ -1.59054795436381, 53.3459209843409 ], [ -1.61230306160512, 53.3432186688852 ], [ -1.63272698677736, 53.320839212061998 ], [ -1.62759442860749, 53.316240574694703 ], [ -1.6092015844932, 53.322663960159502 ], [ -1.59909327897252, 53.3113181987842 ] ] ] } },
{ "type": "Feature", "properties": { "FID": 73, "LAD24CD": "E07000036", "LAD24NM": "Erewash", "LAD24NMW": " ", "BNG_E": 443722, "BNG_N": 338061, "LONG": -1.35089, "LAT": 52.9382, "GlobalID": "d5812f54-f1e2-46c9-9d65-0013aecb64a5", "LAD24CD_1": "E07000036", "LAD24NM_1": "Erewash", "RUC21CD": "UUN", "RUC21NM": "Urban: Majority nearer to a major town or city", "Urban_rura": "Urban", "Shape_Leng": 57555.819310899999, "Shape__Area": 108892651.70010376, "Shape__Length": 57555.819310891115 }, "geometry": { "type": "Polygon", "coordinates": [ [ [ -1.23970599304057, 52.892289236588901 ], [ -1.24005549011668, 52.8801088563322 ], [ -1.26788907937114, 52.873368650552202 ], [ -1.31930687515051, 52.872869427004296 ], [ -1.34991793207235, 52.880634603948401 ], [ -1.33968486107309, 52.8898126941681 ], [ -1.3883558021229, 52.901473724551501 ], [ -1.38307440746764, 52.925931568736402 ], [ -1.42396412434777, 52.935651068267198 ], [ -1.40928062885273, 52.950322643132097 ], [ -1.46855219193081, 52.9506623052824 ], [ -1.4746889725232, 52.965909349222301 ], [ -1.47878966762078, 52.982514293555198 ], [ -1.4091508590516, 52.977001564704103 ], [ -1.38541377586392, 52.9822974779525 ], [ -1.37108360842664, 52.973076380577602 ], [ -1.33277996877835, 52.978161529281003 ], [ -1.30742618330068, 53.003624607578999 ], [ -1.28774933165725, 52.969662453251097 ], [ -1.29250116524851, 52.955573676653302 ], [ -1.2810311195325, 52.949158336647002 ], [ -1.28176039520148, 52.910275977295498 ], [ -1.24608851071626, 52.902945095448501 ], [ -1.23970599304057, 52.892289236588901 ] ] ] } },
{ "type": "Feature", "properties": { "FID": 74, "LAD24CD": "E07000037", "LAD24NM": "High Peak", "LAD24NMW": " ", "BNG_E": 410473, "BNG_N": 387653, "LONG": -1.844, "LAT": 53.3856, "GlobalID": "4e5a7338-7395-477b-95f0-dbdda33b6db3", "LAD24CD_1": "E07000037", "LAD24NM_1": "High Peak", "RUC21CD": "UIN", "RUC21NM": "Intermediate urban: Majority nearer to a major town or city", "Urban_rura": "Urban", "Shape_Leng": 133866.642803, "Shape__Area": 540619532.80410767, "Shape__Length": 133866.64280317634 }, "geometry": { "type": "Polygon", "coordinates": [ [ [ -1.82222878111984, 53.521090920901003 ], [ -1.79628821898355, 53.503152989670397 ], [ -1.80147063244941, 53.480991759848699 ], [ -1.80146466287506, 53.480987458022703 ], [ -1.80143009642957, 53.480962549765898 ], [ -1.74532296726174, 53.462175395209798 ], [ -1.73976196210261, 53.4209879155366 ], [ -1.70853223310302, 53.417339473310903 ], [ -1.70496532088341, 53.405055973056001 ], [ -1.65381782187416, 53.391910826207798 ], [ -1.67331200337525, 53.369393411189201 ], [ -1.67121303804988, 53.349367194538203 ], [ -1.69686706714368, 53.334804926769202 ], [ -1.70044880941732, 53.323624755733803 ], [ -1.72766288051443, 53.319130541246501 ], [ -1.73019384739661, 53.338675735919402 ], [ -1.76101154835025, 53.338185897291901 ], [ -1.82262598352133, 53.302811815797703 ], [ -1.81751600778319, 53.282564227155298 ], [ -1.79029193907154, 53.256362002530103 ], [ -1.84430246147867, 53.250418223959997 ], [ -1.87426600073336, 53.226846928718501 ], [ -1.83125307392111, 53.210649180047703 ], [ -1.83156024576462, 53.197602103421602 ], [ -1.84232607164885, 53.194715693743198 ], [ -1.87278270441843, 53.215609990965604 ], [ -1.88266258732117, 53.203386322897202 ], [ -1.88657935350331, 53.217493449750201 ], [ -1.89538310171332, 53.218574527097701 ], [ -1.8976027209098, 53.210433985959298 ], [ -1.91078713810815, 53.221689252928002 ], [ -1.91849652236219, 53.217997591135003 ], [ -1.89868254605192, 53.200041964028401 ], [ -1.95670722983203, 53.213747608452799 ], [ -1.96236461007117, 53.226241734736199 ], [ -1.98737982955689, 53.2136037465838 ], [ -1.99024867768893, 53.223022290227 ], [ -1.97487979601863, 53.230954988958899 ], [ -2.0094248420728, 53.260614722742901 ], [ -2.00678505242821, 53.354572111650498 ], [ -2.031058463243, 53.370262385206601 ], [ -2.03377543264394, 53.375541568875597 ], [ -2.00464286724195, 53.386327276598401 ], [ -1.99232947055908, 53.415193132135002 ], [ -2.0136971820304, 53.415890108899802 ], [ -2.0262554175393, 53.429865160526298 ], [ -2.01422750540755, 53.439762753757797 ], [ -2.00421605197447, 53.435921784953898 ], [ -2.00823485273611, 53.441549298612898 ], [ -1.98579237816046, 53.455226771258502 ], [ -1.98781957548853, 53.481110398481 ], [ -1.96338598926022, 53.509827259767498 ], [ -1.95133267475833, 53.504198837989001 ], [ -1.92197284577495, 53.509954683990301 ], [ -1.92678065561025, 53.5209487487883 ], [ -1.90962083195551, 53.538390985645599 ], [ -1.89410949217379, 53.533611778399198 ], [ -1.87349262570415, 53.540429649917698 ], [ -1.84182082823365, 53.5199087793644 ], [ -1.82222878111984, 53.521090920901003 ] ] ] } },
{ "type": "Feature", "properties": { "FID": 75, "LAD24CD": "E07000038", "LAD24NM": "North East Derbyshire", "LAD24NMW": " ", "BNG_E": 437369, "BNG_N": 362955, "LONG": -1.44253, "LAT": 53.1624, "GlobalID": "704c660c-0055-44ca-bbe2-fa5199d0d37b", "LAD24CD_1": "E07000038", "LAD24NM_1": "North East Derbyshire", "RUC21CD": "RIN", "RUC21NM": "Intermediate rural: Majority nearer to a major town or city", "Urban_rura": "Rural", "Shape_Leng": 129096.07200099999, "Shape__Area": 274748315.18995667, "Shape__Length": 129096.07200071927 }, "geometry": { "type": "Polygon", "coordinates": [ [ [ -1.32466917492843, 53.328810013080698 ], [ -1.29902301015448, 53.332511636469903 ], [ -1.28858902654107, 53.326228054000602 ], [ -1.29567816421914, 53.315036971553099 ], [ -1.28201141324174, 53.309462589316503 ], [ -1.32189472186337, 53.309066759472998 ], [ -1.31067416988558, 53.297948111596099 ], [ -1.3241413877803, 53.2951087799972 ], [ -1.31671698168865, 53.281655550558497 ], [ -1.3336341862417, 53.289757744418601 ], [ -1.366941814924, 53.289194463236299 ], [ -1.37706252258459, 53.299003925225897 ], [ -1.39927750187952, 53.281971885961099 ], [ -1.41543950334017, 53.287638684039003 ], [ -1.4390361717586, 53.280210279411797 ], [ -1.45706890180163, 53.2837453408819 ], [ -1.46413401106389, 53.268024651576198 ], [ -1.48067818753988, 53.263446980099999 ], [ -1.4710595894715, 53.259416520177197 ], [ -1.48164789830403, 53.246468107781503 ], [ -1.47139864078768, 53.236181568489798 ], [ -1.48415747402457, 53.228975912964302 ], [ -1.47952647311652, 53.222228613916798 ], [ -1.44120467684798, 53.220630975747802 ], [ -1.44000083841075, 53.213593306381703 ], [ -1.42081866545196, 53.212465465611999 ], [ -1.40101255090789, 53.213952493460503 ], [ -1.40079809619346, 53.234282400370198 ], [ -1.38034092228456, 53.243796569803798 ], [ -1.35084970629567, 53.246328502223903 ], [ -1.3471233570696, 53.239468048604103 ], [ -1.31915455454194, 53.2395481015527 ], [ -1.31059409915273, 53.216050505666502 ], [ -1.31852960726258, 53.185907336489599 ], [ -1.35672632903964, 53.185463041722699 ], [ -1.37824733610585, 53.173733803449899 ], [ -1.35283064357958, 53.158770573730102 ], [ -1.37782584141351, 53.136100756279703 ], [ -1.3736501798879, 53.107856463144401 ], [ -1.44825223293112, 53.103673813445397 ], [ -1.49536574441841, 53.1339645586473 ], [ -1.54996700353718, 53.185456138115804 ], [ -1.54829491835565, 53.199918347846499 ], [ -1.51560258494294, 53.202706419057101 ], [ -1.56902195566089, 53.223083980677004 ], [ -1.57205620085668, 53.241013064475503 ], [ -1.55717592443607, 53.2495611232643 ], [ -1.56577992804894, 53.261428304694597 ], [ -1.58495663425788, 53.262723418744201 ], [ -1.58937859907637, 53.278783500991402 ], [ -1.57861012700501, 53.2865054083329 ], [ -1.59746826708043, 53.295794556113101 ], [ -1.59909327897252, 53.3113181987842 ], [ -1.58490201019108, 53.321587951464302 ], [ -1.58053389587991, 53.311738088325797 ], [ -1.56173104513262, 53.315970892049499 ], [ -1.56172989361096, 53.306411316829902 ], [ -1.5367688622067, 53.304748673524401 ], [ -1.50213193956548, 53.3175820754971 ], [ -1.4679128327397, 53.317120054868099 ], [ -1.45522358182387, 53.321869140297601 ], [ -1.45988027916359, 53.330689368218501 ], [ -1.44197211462372, 53.3374924881712 ], [ -1.42086649613, 53.334567951552899 ], [ -1.41103390674883, 53.3419924911679 ], [ -1.3865715460456, 53.334902506366397 ], [ -1.38673871273592, 53.317632134565301 ], [ -1.3377510519613, 53.315848051111701 ], [ -1.32466917492843, 53.328810013080698 ] ] ] } },
{ "type": "Feature", "properties": { "FID": 76, "LAD24CD": "E07000039", "LAD24NM": "South Derbyshire", "LAD24NMW": " ", "BNG_E": 431443, "BNG_N": 325363, "LONG": -1.5348, "LAT": 52.8249, "GlobalID": "b1e40361-a68f-45fd-8755-523ab3f5a4eb", "LAD24CD_1": "E07000039", "LAD24NM_1": "South Derbyshire", "RUC21CD": "RIN", "RUC21NM": "Intermediate rural: Majority nearer to a major town or city", "Urban_rura": "Rural", "Shape_Leng": 128731.079117, "Shape__Area": 336629792.63913727, "Shape__Length": 128731.07911691575 }, "geometry": { "type": "Polygon", "coordinates": [ [ [ -1.54406849888716, 52.924207737898001 ], [ -1.5568346800686, 52.914645454546601 ], [ -1.54169100450497, 52.889539926534397 ], [ -1.50311222561322, 52.884845447122302 ], [ -1.49369587016386, 52.869752531437499 ], [ -1.46408640129894, 52.872559913646 ], [ -1.44622683054701, 52.861309423351003 ], [ -1.42356745031987, 52.865078048183697 ], [ -1.41891258900273, 52.884546471058599 ], [ -1.4027722736366, 52.900462451954603 ], [ -1.3883558021229, 52.901473724551501 ], [ -1.33968486107309, 52.8898126941681 ], [ -1.34991793207235, 52.880634603948401 ], [ -1.31930687515051, 52.872869427004296 ], [ -1.32571582010996, 52.8659133913999 ], [ -1.34546364255116, 52.867290066526699 ], [ -1.35108188150804, 52.853306901709402 ], [ -1.36056563268077, 52.855409412387502 ], [ -1.39435989220902, 52.836766973347203 ], [ -1.38792159927392, 52.832982486023397 ], [ -1.41770445879577, 52.801615500286999 ], [ -1.44369131642585, 52.802616329401097 ], [ -1.4424918611222, 52.792901682856296 ], [ -1.46277863628329, 52.786863458991903 ], [ -1.45590921411606, 52.777082409065599 ], [ -1.46847185823686, 52.766890918027599 ], [ -1.49398372303295, 52.7590473707603 ], [ -1.50392793911634, 52.767494639910197 ], [ -1.55278704447237, 52.763332951165999 ], [ -1.56249379915817, 52.7505757975511 ], [ -1.54461400055382, 52.731700829998601 ], [ -1.55007807843124, 52.720374177586102 ], [ -1.59754104512465, 52.700421766041302 ], [ -1.6550635927941, 52.698775775707702 ], [ -1.65660772699026, 52.7217484720003 ], [ -1.70415800106741, 52.732078777220501 ], [ -1.66653674723611, 52.784723031357501 ], [ -1.61112950153712, 52.7814035599527 ], [ -1.61434537917712, 52.788274046686197 ], [ -1.58887036628345, 52.799865985486797 ], [ -1.59169224196469, 52.809287838237701 ], [ -1.61053198352393, 52.816360791539502 ], [ -1.58538036585949, 52.831596557298397 ], [ -1.62676534855207, 52.854457927358901 ], [ -1.68950657018649, 52.864504319591397 ], [ -1.70060876646215, 52.860583522701603 ], [ -1.70449110661769, 52.866704036350498 ], [ -1.72529467619722, 52.859665932649698 ], [ -1.74600328186458, 52.8686931595903 ], [ -1.73656105939717, 52.8952202872862 ], [ -1.74895489743199, 52.912493204012002 ], [ -1.71446720396847, 52.909586497058797 ], [ -1.70822781584505, 52.922005451204697 ], [ -1.67817167531848, 52.921573104077503 ], [ -1.65891065635608, 52.902586692550102 ], [ -1.65026144199536, 52.944538633979498 ], [ -1.60713693950362, 52.947172277136801 ], [ -1.60412608020192, 52.936887846702803 ], [ -1.57013712636766, 52.935828482619002 ], [ -1.54406849888716, 52.924207737898001 ] ] ] } },
{ "type": "Feature", "properties": { "FID": 77, "LAD24CD": "E07000040", "LAD24NM": "East Devon", "LAD24NMW": " ", "BNG_E": 313787, "BNG_N": 96051, "LONG": -3.22364, "LAT": 50.7576, "GlobalID": "862af1a8-e7ec-4e29-9f0d-f0806bf8c695", "LAD24CD_1": "E07000040", "LAD24NM_1": "East Devon", "RUC21CD": "RMN", "RUC21NM": "Majority rural: Majority nearer to a major town or city", "Urban_rura": "Rural", "Shape_Leng": 169148.41169099999, "Shape__Area": 817043950.65754128, "Shape__Length": 169148.41169148692 }, "geometry": { "type": "MultiPolygon", "coordinates": [ [ [ [ -3.45708230230678, 50.676572345980901 ], [ -3.45676135230996, 50.674965056750501 ], [ -3.45791369896028, 50.675785520551102 ], [ -3.45708230230678, 50.676572345980901 ] ] ], [ [ [ -3.05258258350788, 50.908612912105497 ], [ -3.05498743545546, 50.874487009046497 ], [ -3.03263151653362, 50.8616392382458 ], [ -3.03680608618723, 50.851065172005001 ], [ -2.97363168996566, 50.855759443922999 ], [ -2.96982908150892, 50.8341996682611 ], [ -2.95432229557041, 50.821165566424398 ], [ -2.96130299095557, 50.815554783026499 ], [ -2.89280364355642, 50.8047767512018 ], [ -2.88664434482201, 50.794807332112299 ], [ -2.95433354829791, 50.767710224046297 ], [ -2.93506310735221, 50.754266083921699 ], [ -2.9530673537135, 50.728497067681801 ], [ -2.94743336848927, 50.718360705832701 ], [ -2.94771782529568, 50.718237655917797 ], [ -3.02691483364483, 50.698882401050199 ], [ -3.02973231704985, 50.699025824732097 ], [ -3.05344470581522, 50.704105862267298 ], [ -3.05486684808231, 50.702524127926097 ], [ -3.08243989730284, 50.7016147726615 ], [ -3.09528281872704, 50.686116716316398 ], [ -3.09607792344817, 50.685225941312602 ], [ -3.13379760493608, 50.684956944827199 ], [ -3.19213141800532, 50.684516946342399 ], [ -3.2577744517367, 50.673237231537698 ], [ -3.28962025412707, 50.642249156832101 ], [ -3.30095092783351, 50.6321198388368 ], [ -3.30880664569958, 50.647593915812401 ], [ -3.30672762030982, 50.629629285371998 ], [ -3.34065938523966, 50.621868037824797 ], [ -3.34799247053395, 50.620625269846698 ], [ -3.34852587210973, 50.620066949152402 ], [ -3.35236245977381, 50.619188294905499 ], [ -3.35796874550872, 50.6117769404391 ], [ -3.36187155258326, 50.606616041443601 ], [ -3.38970132073583, 50.611403337482898 ], [ -3.41483597304056, 50.615720534392501 ], [ -3.42403628116489, 50.617299268586798 ], [ -3.42146971403134, 50.622857986640803 ], [ -3.4155166084088, 50.629340418804802 ], [ -3.45147155692579, 50.681881453152101 ], [ -3.45110268623978, 50.682230442191802 ], [ -3.45248279946136, 50.6833572877687 ], [ -3.4608874607357, 50.695619304260902 ], [ -3.45959775144506, 50.689165441847798 ], [ -3.47142193174564, 50.698813700737297 ], [ -3.46520660560665, 50.745022150823203 ], [ -3.51273862290517, 50.761455077191698 ], [ -3.55202544701329, 50.745130931056998 ], [ -3.56966448723881, 50.745003687906703 ], [ -3.58551955480238, 50.743865795896099 ], [ -3.5705440529353, 50.760236535033499 ], [ -3.55680662658075, 50.757950275056203 ], [ -3.54741604675069, 50.772982775064598 ], [ -3.56335279414704, 50.775005042895799 ], [ -3.57201171340632, 50.788534256464501 ], [ -3.52471142794516, 50.787002991758399 ], [ -3.52668333234906, 50.797534512495403 ], [ -3.50499723210505, 50.814391101959899 ], [ -3.50740287977693, 50.827281514660498 ], [ -3.49675074355888, 50.816955103582501 ], [ -3.50251736739529, 50.799045421237999 ], [ -3.48074911642816, 50.799366963585001 ], [ -3.48329699740644, 50.791989913991102 ], [ -3.4607501611786, 50.8033429906423 ], [ -3.44325598540863, 50.8003473260869 ], [ -3.42975229439074, 50.8120421523464 ], [ -3.41047331171863, 50.804605131967598 ], [ -3.35995858214076, 50.811877376442503 ], [ -3.36762376025253, 50.829533844864301 ], [ -3.35589782062115, 50.833904713454402 ], [ -3.35701135751454, 50.826903264294998 ], [ -3.34356831713794, 50.825834002966999 ], [ -3.3481684445155, 50.846735746925503 ], [ -3.32830257983912, 50.857028735439101 ], [ -3.28142155168027, 50.855733591814598 ], [ -3.28268474197241, 50.866301826332702 ], [ -3.23304438999973, 50.8950495657216 ], [ -3.21758645852782, 50.892889681540296 ], [ -3.20723287688358, 50.877077885576298 ], [ -3.1761558582366, 50.877083679073301 ], [ -3.14418503962857, 50.891398181768601 ], [ -3.12634080218261, 50.901719960307901 ], [ -3.05258258350788, 50.908612912105497 ] ] ] ] } },
{ "type": "Feature", "properties": { "FID": 78, "LAD24CD": "E07000041", "LAD24NM": "Exeter", "LAD24NMW": " ", "BNG_E": 293239, "BNG_N": 92005, "LONG": -3.51368, "LAT": 50.7178, "GlobalID": "bb39df57-0f41-4c43-a7dc-97d58941be1f", "LAD24CD_1": "E07000041", "LAD24NM_1": "Exeter", "RUC21CD": "UUN", "RUC21NM": "Urban: Majority nearer to a major town or city", "Urban_rura": "Urban", "Shape_Leng": 30579.499907400001, "Shape__Area": 46523297.123907089, "Shape__Length": 30579.499907390851 }, "geometry": { "type": "MultiPolygon", "coordinates": [ [ [ [ -3.45110268623978, 50.682230442191802 ], [ -3.45147155692579, 50.681881453152101 ], [ -3.45248279946136, 50.6833572877687 ], [ -3.45110268623978, 50.682230442191802 ] ] ], [ [ [ -3.51273862290517, 50.761455077191698 ], [ -3.46520660560665, 50.745022150823203 ], [ -3.47142193174564, 50.698813700737297 ], [ -3.45959775144506, 50.689165441847798 ], [ -3.45708230230678, 50.676572345980901 ], [ -3.45791369896028, 50.675785520551102 ], [ -3.46828956616709, 50.683171258167398 ], [ -3.4698277753899, 50.682252812358897 ], [ -3.46973519525608, 50.681215899226999 ], [ -3.46947531561359, 50.678304941884697 ], [ -3.49450641574525, 50.692805632372398 ], [ -3.53909163467941, 50.692917969445503 ], [ -3.56282098725417, 50.706948590201897 ], [ -3.56966448723881, 50.745003687906703 ], [ -3.55202544701329, 50.745130931056998 ], [ -3.51273862290517, 50.761455077191698 ] ] ] ] } },
{ "type": "Feature", "properties": { "FID": 79, "LAD24CD": "E07000042", "LAD24NM": "Mid Devon", "LAD24NMW": " ", "BNG_E": 288065, "BNG_N": 108913, "LONG": -3.5921, "LAT": 50.8688, "GlobalID": "52db9aa0-2feb-42be-96d4-bd22ccb68c6a", "LAD24CD_1": "E07000042", "LAD24NM_1": "Mid Devon", "RUC21CD": "RMN", "RUC21NM": "Majority rural: Majority nearer to a major town or city", "Urban_rura": "Rural", "Shape_Leng": 204295.80012100001, "Shape__Area": 906845407.04225349, "Shape__Length": 204295.80012055446 }, "geometry": { "type": "Polygon", "coordinates": [ [ [ -3.14418503962857, 50.891398181768601 ], [ -3.1761558582366, 50.877083679073301 ], [ -3.20723287688358, 50.877077885576298 ], [ -3.21758645852782, 50.892889681540296 ], [ -3.23304438999973, 50.8950495657216 ], [ -3.28268474197241, 50.866301826332702 ], [ -3.28142155168027, 50.855733591814598 ], [ -3.32830257983912, 50.857028735439101 ], [ -3.3481684445155, 50.846735746925503 ], [ -3.34356831713794, 50.825834002966999 ], [ -3.35701135751454, 50.826903264294998 ], [ -3.35589782062115, 50.833904713454402 ], [ -3.36762376025253, 50.829533844864301 ], [ -3.35995858214076, 50.811877376442503 ], [ -3.41047331171863, 50.804605131967598 ], [ -3.42975229439074, 50.8120421523464 ], [ -3.44325598540863, 50.8003473260869 ], [ -3.4607501611786, 50.8033429906423 ], [ -3.48329699740644, 50.791989913991102 ], [ -3.48074911642816, 50.799366963585001 ], [ -3.50251736739529, 50.799045421237999 ], [ -3.49675074355888, 50.816955103582501 ], [ -3.50740287977693, 50.827281514660498 ], [ -3.50499723210505, 50.814391101959899 ], [ -3.52668333234906, 50.797534512495403 ], [ -3.52471142794516, 50.787002991758399 ], [ -3.57201171340632, 50.788534256464501 ], [ -3.56335279414704, 50.775005042895799 ], [ -3.54741604675069, 50.772982775064598 ], [ -3.55680662658075, 50.757950275056203 ], [ -3.5705440529353, 50.760236535033499 ], [ -3.58551955480238, 50.743865795896099 ], [ -3.60884604423457, 50.754197743536999 ], [ -3.61996132249884, 50.750949117264398 ], [ -3.671765866692, 50.763979468552101 ], [ -3.68014258391556, 50.7499278659132 ], [ -3.70834176959381, 50.7487250849627 ], [ -3.72334242998755, 50.728153959135902 ], [ -3.73751384639085, 50.723530589042802 ], [ -3.72421435434602, 50.715651053848603 ], [ -3.73559299233382, 50.703184477119102 ], [ -3.76625855610838, 50.7275648038569 ], [ -3.81859718265907, 50.716964310406702 ], [ -3.83629512107417, 50.732172093587401 ], [ -3.80583865397745, 50.759014248134299 ], [ -3.82204070368346, 50.780999785387102 ], [ -3.84528988874112, 50.781286483711703 ], [ -3.83590319824759, 50.793015279376199 ], [ -3.83908489144786, 50.818367354736402 ], [ -3.87775066978318, 50.818887097362001 ], [ -3.89961938625294, 50.834553894789501 ], [ -3.88430340550393, 50.8481715721068 ], [ -3.90354364770517, 50.847943877392403 ], [ -3.9259298618892, 50.869601818449297 ], [ -3.8985743596242, 50.877524942930201 ], [ -3.92024662601962, 50.897715382567497 ], [ -3.90415831582147, 50.905086636032799 ], [ -3.82909824114823, 50.906990737494901 ], [ -3.81683541116191, 50.914583295663199 ], [ -3.81700838716254, 50.901783633671002 ], [ -3.78332092354992, 50.902483107110903 ], [ -3.75358347437475, 50.876814107426299 ], [ -3.74480648560912, 50.890302876753999 ], [ -3.73468433938976, 50.890659821776701 ], [ -3.72805752673152, 50.910764894769699 ], [ -3.62748717634873, 50.919587446704099 ], [ -3.6126335468106, 50.926582465618303 ], [ -3.59611532805936, 50.943988322141102 ], [ -3.5978469871401, 50.967210380595503 ], [ -3.61960857722375, 50.968173162956496 ], [ -3.62881625867017, 51.005773712358099 ], [ -3.60511816482233, 50.990224249599301 ], [ -3.60320812898055, 51.007233229743598 ], [ -3.53504945700713, 51.003347264412703 ], [ -3.51888138570953, 51.014795518971297 ], [ -3.52045780685949, 51.025895336032299 ], [ -3.50426136251134, 51.030179275446997 ], [ -3.48336552993693, 51.033831378229401 ], [ -3.46019383383282, 51.0252167271898 ], [ -3.42130388849576, 51.030778179759601 ], [ -3.41417405059937, 51.019702704185498 ], [ -3.38048774397398, 51.0184858597692 ], [ -3.37866358603564, 50.977508505691198 ], [ -3.3336699633033, 50.982788286068903 ], [ -3.29384739259865, 50.955138703926899 ], [ -3.25483048358088, 50.941845748744001 ], [ -3.1664788965881, 50.947713483551397 ], [ -3.18796247786107, 50.9103440855569 ], [ -3.14418503962857, 50.891398181768601 ] ] ] } },
{ "type": "Feature", "properties": { "FID": 80, "LAD24CD": "E07000043", "LAD24NM": "North Devon", "LAD24NMW": " ", "BNG_E": 265112, "BNG_N": 132533, "LONG": -3.92688, "LAT": 51.0762, "GlobalID": "eefbf9af-e30f-437b-92fc-62799fe9a4b8", "LAD24CD_1": "E07000043", "LAD24NM_1": "North Devon", "RUC21CD": "RMF", "RUC21NM": "Majority rural: Majority further from a major town or city", "Urban_rura": "Rural", "Shape_Leng": 202455.15369100001, "Shape__Area": 1089312079.1551609, "Shape__Length": 202455.15369060347 }, "geometry": { "type": "MultiPolygon", "coordinates": [ [ [ [ -4.19065297289763, 51.054785978440002 ], [ -4.19069083979045, 51.054676073172303 ], [ -4.19081294498852, 51.054766668600003 ], [ -4.19065297289763, 51.054785978440002 ] ] ], [ [ [ -3.76977926877737, 51.2376615857128 ], [ -3.72079884181452, 51.233082818562401 ], [ -3.72056139113603, 51.233057586124197 ], [ -3.73320126956949, 51.222725074786098 ], [ -3.72498387980715, 51.179592062077496 ], [ -3.78630346639544, 51.171926921259001 ], [ -3.83917542483951, 51.176923098456101 ], [ -3.83449124892582, 51.138381012764199 ], [ -3.80428873272582, 51.115685281333299 ], [ -3.71994749264963, 51.080820652195797 ], [ -3.69246375831133, 51.080565440869997 ], [ -3.64670925190031, 51.058059162027703 ], [ -3.59447111942891, 51.0551947230772 ], [ -3.61470093632614, 51.015549734300102 ], [ -3.60320812898055, 51.007233229743598 ], [ -3.60511816482233, 50.990224249599301 ], [ -3.62881625867017, 51.005773712358099 ], [ -3.61960857722375, 50.968173162956496 ], [ -3.5978469871401, 50.967210380595503 ], [ -3.59611532805936, 50.943988322141102 ], [ -3.6126335468106, 50.926582465618303 ], [ -3.62748717634873, 50.919587446704099 ], [ -3.72805752673152, 50.910764894769699 ], [ -3.73468433938976, 50.890659821776701 ], [ -3.74480648560912, 50.890302876753999 ], [ -3.75358347437475, 50.876814107426299 ], [ -3.78332092354992, 50.902483107110903 ], [ -3.81700838716254, 50.901783633671002 ], [ -3.81683541116191, 50.914583295663199 ], [ -3.82909824114823, 50.906990737494901 ], [ -3.90415831582147, 50.905086636032799 ], [ -3.90441728402972, 50.927397735758497 ], [ -3.95420580259626, 50.917688950520301 ], [ -3.99665483944033, 50.925978868476399 ], [ -3.99389396645764, 50.948426387679802 ], [ -3.96096337554349, 50.955823048653201 ], [ -3.95828965491211, 50.981481837448001 ], [ -3.98369772891625, 50.982110916389502 ], [ -4.01154642287692, 50.967341825577698 ], [ -4.03608062486058, 50.981200108468002 ], [ -4.03429961575779, 51.007621131107399 ], [ -4.06397996311344, 51.010310251675001 ], [ -4.08612740161027, 51.002729963522903 ], [ -4.12096314598056, 51.010893604224499 ], [ -4.11608930638897, 51.019296654107599 ], [ -4.16034769977634, 51.014415563454499 ], [ -4.17839503570584, 51.024316047337599 ], [ -4.20273568252651, 51.020640634170597 ], [ -4.18884681580384, 51.041188450754099 ], [ -4.17971894977164, 51.048739710294001 ], [ -4.17977727378164, 51.067496547236999 ], [ -4.15161515579213, 51.073530534099199 ], [ -4.15295022683979, 51.080207995217897 ], [ -4.1637462956259, 51.083576843556997 ], [ -4.16313527250237, 51.1007305638242 ], [ -4.16659676288982, 51.080470711487798 ], [ -4.18539656191295, 51.076213091947103 ], [ -4.18914593907262, 51.066252294158801 ], [ -4.21684923739817, 51.076387931074599 ], [ -4.22245416331943, 51.117694790730702 ], [ -4.2364778428791, 51.119960969217999 ], [ -4.24018175767046, 51.121032136914501 ], [ -4.23588992311318, 51.130893870709997 ], [ -4.25042796782368, 51.137591004610201 ], [ -4.25836096811604, 51.141243863882103 ], [ -4.26134239563594, 51.1428906625774 ], [ -4.22375319458275, 51.144234667620601 ], [ -4.21618270160135, 51.151606920477597 ], [ -4.21147999082573, 51.178391691867702 ], [ -4.22926297280084, 51.188479512055402 ], [ -4.21064521631332, 51.1905462979934 ], [ -4.20160677968932, 51.200285303629002 ], [ -4.18573034475954, 51.198441008908198 ], [ -4.17763613714615, 51.197307605801399 ], [ -4.11407484873449, 51.211479347342298 ], [ -4.09806882121319, 51.210883152666803 ], [ -4.0919292308272, 51.216406871449301 ], [ -4.0878225798086, 51.217320050715699 ], [ -4.03874602666488, 51.206672762263103 ], [ -4.0293831736418, 51.215476861388296 ], [ -4.02790543361929, 51.216402799037198 ], [ -4.00597372992149, 51.217262426587503 ], [ -3.95825151949225, 51.219118418281198 ], [ -3.9257058566855, 51.231873880248401 ], [ -3.9234840729689, 51.231380127926798 ], [ -3.89203097192979, 51.223770466724098 ], [ -3.85434428967341, 51.234398022915897 ], [ -3.85367509755594, 51.234563771616301 ], [ -3.81353088320686, 51.231116731697703 ], [ -3.81144820174932, 51.232310862118197 ], [ -3.81033019211745, 51.232228343466801 ], [ -3.78677387187577, 51.246159107111097 ], [ -3.76977926877737, 51.2376615857128 ] ] ] ] } },
{ "type": "Feature", "properties": { "FID": 81, "LAD24CD": "E07000044", "LAD24NM": "South Hams", "LAD24NMW": " ", "BNG_E": 270672, "BNG_N": 54039, "LONG": -3.82001, "LAT": 50.372, "GlobalID": "be8c0688-f749-4402-b904-a96b55efa7fa", "LAD24CD_1": "E07000044", "LAD24NM_1": "South Hams", "RUC21CD": "RMF", "RUC21NM": "Majority rural: Majority further from a major town or city", "Urban_rura": "Rural", "Shape_Leng": 245046.734884, "Shape__Area": 890874622.61588383, "Shape__Length": 245046.73488442076 }, "geometry": { "type": "MultiPolygon", "coordinates": [ [ [ [ -4.15196395505007, 50.463712209329202 ], [ -4.16060803377712, 50.456015766265502 ], [ -4.15492405229256, 50.463762212696203 ], [ -4.15196395505007, 50.463712209329202 ] ] ], [ [ [ -3.84473828913341, 50.534433448418604 ], [ -3.82721858964359, 50.516412309290097 ], [ -3.79924277214254, 50.536236683673899 ], [ -3.79950145664314, 50.521703689301603 ], [ -3.78475785113489, 50.517716203938797 ], [ -3.79177457834547, 50.501428974920302 ], [ -3.77586094071644, 50.495588729448897 ], [ -3.79816300705027, 50.489432073204 ], [ -3.77667478996068, 50.463948954388997 ], [ -3.75885797638681, 50.466818992472902 ], [ -3.7692008887175, 50.485811691177602 ], [ -3.76764459707402, 50.5036499592293 ], [ -3.75629078967317, 50.510392072873998 ], [ -3.73740196615201, 50.506343920116997 ], [ -3.71167353398872, 50.482378192276997 ], [ -3.66983851578652, 50.4620846336882 ], [ -3.65549012154844, 50.472060848810898 ], [ -3.6588072879654, 50.464622513207502 ], [ -3.64524024310516, 50.461127231472297 ], [ -3.61384625301271, 50.469263619064101 ], [ -3.60309505314844, 50.484506596143298 ], [ -3.58424985487516, 50.477723117190401 ], [ -3.58688486139577, 50.452229599081598 ], [ -3.62512865723184, 50.441274289302001 ], [ -3.62795399249945, 50.425949373741801 ], [ -3.59903835412775, 50.409336708761202 ], [ -3.5798511279214, 50.410205188772203 ], [ -3.57474380089074, 50.394134434227901 ], [ -3.54417851822823, 50.3734426014463 ], [ -3.50768090711007, 50.379051300211998 ], [ -3.51786622848811, 50.3464438227521 ], [ -3.51894351551966, 50.345849270837803 ], [ -3.53995357392823, 50.337018227115799 ], [ -3.55107817449169, 50.338262204283602 ], [ -3.57358313628217, 50.347851501930897 ], [ -3.57359074199035, 50.347854949926599 ], [ -3.56426332830252, 50.352713717969998 ], [ -3.57628042049208, 50.363271002472899 ], [ -3.5755817236746, 50.363906894073502 ], [ -3.56855744157626, 50.368809663579903 ], [ -3.59471187619675, 50.382243653669299 ], [ -3.5946701066253, 50.382067381113103 ], [ -3.59498685156908, 50.382247406283703 ], [ -3.59466298776099, 50.382037339105999 ], [ -3.59435436450118, 50.380734875599401 ], [ -3.58055472647229, 50.372204135038302 ], [ -3.58054558133789, 50.3721141525428 ], [ -3.58443275143758, 50.360312870097097 ], [ -3.57675766336878, 50.351155759892201 ], [ -3.57673800766625, 50.346223858027798 ], [ -3.57095172718702, 50.344226004982097 ], [ -3.56353655388799, 50.335372255506499 ], [ -3.57242653645146, 50.326057656281499 ], [ -3.59217024091191, 50.321925957360399 ], [ -3.61122250045723, 50.318066954698402 ], [ -3.6114123839418, 50.317895448854003 ], [ -3.61311579305141, 50.317538465267198 ], [ -3.64265128536103, 50.290132572443 ], [ -3.65653523507158, 50.2481523520011 ], [ -3.6595654423342, 50.2389804012317 ], [ -3.65905875083168, 50.238517097758901 ], [ -3.65919542366196, 50.238095673781302 ], [ -3.64341756378453, 50.224209872669597 ], [ -3.64073918760676, 50.221758867248397 ], [ -3.68096112792631, 50.222404604393098 ], [ -3.68349941844695, 50.2210832023137 ], [ -3.69921807832561, 50.212897443126003 ], [ -3.72082664297317, 50.202394055007197 ], [ -3.73750178307174, 50.214819521863397 ], [ -3.77327616865991, 50.224229487883697 ], [ -3.77131312636936, 50.226423184259502 ], [ -3.76133772087535, 50.2362467509585 ], [ -3.72631182852063, 50.236653657695904 ], [ -3.73911844484021, 50.241060745174401 ], [ -3.72270692616299, 50.247190687300701 ], [ -3.72027552351681, 50.248098520157797 ], [ -3.72402069146962, 50.2471711585818 ], [ -3.74952898838907, 50.2408507021349 ], [ -3.75412004109527, 50.240847942582697 ], [ -3.75495259313431, 50.243769394064898 ], [ -3.74903224103726, 50.255981566602898 ], [ -3.75666093610291, 50.254803925881802 ], [ -3.7672775746424, 50.263088455414902 ], [ -3.77406448461032, 50.257010962943298 ], [ -3.76487690126459, 50.253979238464197 ], [ -3.76153842474999, 50.246608995663102 ], [ -3.75880795239574, 50.240579241786499 ], [ -3.75884948667351, 50.240587285248601 ], [ -3.76773887060254, 50.242539025728199 ], [ -3.76791869651381, 50.242343176206496 ], [ -3.7753064358025, 50.243772928569598 ], [ -3.77032234038835, 50.2397251300617 ], [ -3.77816479265802, 50.231180743661803 ], [ -3.78193657092764, 50.229572964626499 ], [ -3.78668218216157, 50.210801053900497 ], [ -3.80238286227472, 50.212929482732697 ], [ -3.81982996241246, 50.216455384678802 ], [ -3.84468667462842, 50.227931312967499 ], [ -3.86792495930744, 50.239674176198903 ], [ -3.86719523460146, 50.241471904182497 ], [ -3.85911392155999, 50.242510707456198 ], [ -3.8589704042776, 50.245090999670303 ], [ -3.85810388588421, 50.260665830536503 ], [ -3.8591228625137, 50.261349758505702 ], [ -3.85911521226182, 50.2613685882325 ], [ -3.87291761046279, 50.270605822192302 ], [ -3.88174521421061, 50.276526229029599 ], [ -3.87688146201866, 50.280286227108299 ], [ -3.86964388284027, 50.279070117705203 ], [ -3.86535494604853, 50.284618701050597 ], [ -3.87096765612668, 50.2812557247874 ], [ -3.89508828163115, 50.281763256349002 ], [ -3.8992048512361, 50.284362807871503 ], [ -3.89794646864139, 50.286378977705802 ], [ -3.91025466292278, 50.2940781673136 ], [ -3.91493169250441, 50.294290065110403 ], [ -3.91773075343246, 50.296056249880998 ], [ -3.94367364716113, 50.295895524016203 ], [ -3.94682846273721, 50.306769061905896 ], [ -3.94847383391561, 50.309799918540598 ], [ -3.95263620581343, 50.308177291902801 ], [ -3.95280270674371, 50.308419422376602 ], [ -3.97491434886634, 50.3052608610178 ], [ -3.99194807706625, 50.307481325805703 ], [ -4.01575256942183, 50.2994151712616 ], [ -4.04312679951957, 50.295487929161297 ], [ -4.07168173814346, 50.305049516861601 ], [ -4.06308685638026, 50.308123268091599 ], [ -4.03326868569584, 50.313431991763998 ], [ -4.05321686580422, 50.317722633356503 ], [ -4.05596032167782, 50.311419501101099 ], [ -4.05810933200492, 50.311627641361902 ], [ -4.11901571874512, 50.319377006843602 ], [ -4.1196409520521, 50.335845019915297 ], [ -4.12303379312938, 50.336401832062201 ], [ -4.12323419231241, 50.346419768351097 ], [ -4.12305672694683, 50.346708235714502 ], [ -4.12311384756411, 50.346767512922597 ], [ -4.09061840685327, 50.340897018004199 ], [ -4.05294433052337, 50.356519983099901 ], [ -4.05019965234195, 50.377470733320997 ], [ -4.02706143660235, 50.37903167044 ], [ -4.02116944556102, 50.391777036906397 ], [ -4.03964982237787, 50.401420471949201 ], [ -4.07150999070002, 50.401850322608603 ], [ -4.082667475929, 50.4246563981471 ], [ -4.10954061298207, 50.432094654622801 ], [ -4.11348830320443, 50.444153800712897 ], [ -4.13566341622028, 50.432928439317401 ], [ -4.15585554605072, 50.436427012952699 ], [ -4.16565101392996, 50.426777713322203 ], [ -4.17321191852709, 50.423889752089103 ], [ -4.1852828688216, 50.426423755680602 ], [ -4.18981365748427, 50.428451247859002 ], [ -4.18119089059845, 50.435108101281699 ], [ -4.17418411169308, 50.437502505626597 ], [ -4.1690985466755, 50.444439342046699 ], [ -4.16265486747838, 50.449409722507497 ], [ -4.156457843857, 50.446350971617498 ], [ -4.15185969838439, 50.4637104466944 ], [ -4.10856674659666, 50.462970386042798 ], [ -4.10726771632299, 50.450387387042902 ], [ -4.07779195717411, 50.469907167884102 ], [ -4.06023653539829, 50.454019599887097 ], [ -4.02377909890803, 50.462071405128498 ], [ -4.02305420877319, 50.468729072597903 ], [ -4.00790126124229, 50.469674176476097 ], [ -3.95596909365491, 50.500243279814903 ], [ -3.94578836685615, 50.498267919754497 ], [ -3.94877851813894, 50.488656232356597 ], [ -3.8989748007654, 50.472638434810797 ], [ -3.88023637456714, 50.485674500989099 ], [ -3.89260187947892, 50.513852324007999 ], [ -3.889161211863, 50.536318933053899 ], [ -3.87560084220826, 50.542429861288802 ], [ -3.87143965596392, 50.534139971455197 ], [ -3.84473828913341, 50.534433448418604 ] ] ] ] } },
{ "type": "Feature", "properties": { "FID": 82, "LAD24CD": "E07000045", "LAD24NM": "Teignbridge", "LAD24NMW": " ", "BNG_E": 283144, "BNG_N": 80205, "LONG": -3.65289, "LAT": 50.6098, "GlobalID": "fb1cd20d-77aa-4025-bd88-e58f44a7161e", "LAD24CD_1": "E07000045", "LAD24NM_1": "Teignbridge", "RUC21CD": "RIN", "RUC21NM": "Intermediate rural: Majority nearer to a major town or city", "Urban_rura": "Rural", "Shape_Leng": 133249.32052499999, "Shape__Area": 676304612.19133377, "Shape__Length": 133249.32052486425 }, "geometry": { "type": "Polygon", "coordinates": [ [ [ -3.58551955480238, 50.743865795896099 ], [ -3.56966448723881, 50.745003687906703 ], [ -3.56282098725417, 50.706948590201897 ], [ -3.53909163467941, 50.692917969445503 ], [ -3.49450641574525, 50.692805632372398 ], [ -3.46947531561359, 50.678304941884697 ], [ -3.46819467594773, 50.663954370565698 ], [ -3.45126400927122, 50.6470835223667 ], [ -3.44686654227436, 50.620097101470698 ], [ -3.44681617152587, 50.617187220609701 ], [ -3.44635594442938, 50.616961593852601 ], [ -3.44534077481151, 50.610726144523603 ], [ -3.44454395019921, 50.605830503476497 ], [ -3.44515112812978, 50.605580364177001 ], [ -3.44453527840093, 50.605777217010903 ], [ -3.44385360503067, 50.601588125260299 ], [ -3.42778892150014, 50.610942592426397 ], [ -3.42708235093509, 50.6113538935438 ], [ -3.4249703781817, 50.612028459347101 ], [ -3.42629381895044, 50.610960865751601 ], [ -3.46697576127066, 50.578113716942397 ], [ -3.46844081337944, 50.562976444649003 ], [ -3.49984772472012, 50.540531368049699 ], [ -3.50105639091012, 50.545917495072104 ], [ -3.50980960251871, 50.5428566606533 ], [ -3.49741323065058, 50.538284611321203 ], [ -3.50654138989824, 50.520764410004404 ], [ -3.50910978149381, 50.516619934817697 ], [ -3.52082991405517, 50.517698377359899 ], [ -3.5299434424377, 50.504552822504998 ], [ -3.5647735727694, 50.4869669708308 ], [ -3.56978204388095, 50.4907027590043 ], [ -3.58424985487516, 50.477723117190401 ], [ -3.60309505314844, 50.484506596143298 ], [ -3.61384625301271, 50.469263619064101 ], [ -3.64524024310516, 50.461127231472297 ], [ -3.6588072879654, 50.464622513207502 ], [ -3.65549012154844, 50.472060848810898 ], [ -3.66983851578652, 50.4620846336882 ], [ -3.71167353398872, 50.482378192276997 ], [ -3.73740196615201, 50.506343920116997 ], [ -3.75629078967317, 50.510392072873998 ], [ -3.76764459707402, 50.5036499592293 ], [ -3.7692008887175, 50.485811691177602 ], [ -3.75885797638681, 50.466818992472902 ], [ -3.77667478996068, 50.463948954388997 ], [ -3.79816300705027, 50.489432073204 ], [ -3.77586094071644, 50.495588729448897 ], [ -3.79177457834547, 50.501428974920302 ], [ -3.78475785113489, 50.517716203938797 ], [ -3.79950145664314, 50.521703689301603 ], [ -3.79924277214254, 50.536236683673899 ], [ -3.82721858964359, 50.516412309290097 ], [ -3.84473828913341, 50.534433448418604 ], [ -3.87143965596392, 50.534139971455197 ], [ -3.87560084220826, 50.542429861288802 ], [ -3.86969198116596, 50.571299571581903 ], [ -3.88248218096853, 50.5967243286875 ], [ -3.84345900278162, 50.647077910727099 ], [ -3.80464557219867, 50.655905909903403 ], [ -3.81199565568555, 50.658997209522902 ], [ -3.79721653174405, 50.674914614164699 ], [ -3.81144434821026, 50.6912443713966 ], [ -3.73507596077464, 50.695895776750703 ], [ -3.73559299233382, 50.703184477119102 ], [ -3.72421435434602, 50.715651053848603 ], [ -3.73751384639085, 50.723530589042802 ], [ -3.72334242998755, 50.728153959135902 ], [ -3.70834176959381, 50.7487250849627 ], [ -3.68014258391556, 50.7499278659132 ], [ -3.671765866692, 50.763979468552101 ], [ -3.61996132249884, 50.750949117264398 ], [ -3.60884604423457, 50.754197743536999 ], [ -3.58551955480238, 50.743865795896099 ] ] ] } },
{ "type": "Feature", "properties": { "FID": 83, "LAD24CD": "E07000046", "LAD24NM": "Torridge", "LAD24NMW": " ", "BNG_E": 244206, "BNG_N": 114334, "LONG": -4.21728, "LAT": 50.9074, "GlobalID": "62cbd7bd-7689-4717-987e-67dcca039c63", "LAD24CD_1": "E07000046", "LAD24NM_1": "Torridge", "RUC21CD": "RMF", "RUC21NM": "Majority rural: Majority further from a major town or city", "Urban_rura": "Rural", "Shape_Leng": 225484.66822799999, "Shape__Area": 984704048.56681633, "Shape__Length": 225484.66822772264 }, "geometry": { "type": "MultiPolygon", "coordinates": [ [ [ [ -4.21649922462293, 51.063552971679101 ], [ -4.21020087860286, 51.052424669104802 ], [ -4.19081294498852, 51.054766668600003 ], [ -4.19069083979045, 51.054676073172303 ], [ -4.19792266698575, 51.033677131409704 ], [ -4.18884681580384, 51.041188450754099 ], [ -4.20273568252651, 51.020640634170597 ], [ -4.17839503570584, 51.024316047337599 ], [ -4.16034769977634, 51.014415563454499 ], [ -4.11608930638897, 51.019296654107599 ], [ -4.12096314598056, 51.010893604224499 ], [ -4.08612740161027, 51.002729963522903 ], [ -4.06397996311344, 51.010310251675001 ], [ -4.03429961575779, 51.007621131107399 ], [ -4.03608062486058, 50.981200108468002 ], [ -4.01154642287692, 50.967341825577698 ], [ -3.98369772891625, 50.982110916389502 ], [ -3.95828965491211, 50.981481837448001 ], [ -3.96096337554349, 50.955823048653201 ], [ -3.99389396645764, 50.948426387679802 ], [ -3.99665483944033, 50.925978868476399 ], [ -3.95420580259626, 50.917688950520301 ], [ -3.90441728402972, 50.927397735758497 ], [ -3.90415831582147, 50.905086636032799 ], [ -3.92024662601962, 50.897715382567497 ], [ -3.8985743596242, 50.877524942930201 ], [ -3.9259298618892, 50.869601818449297 ], [ -3.90354364770517, 50.847943877392403 ], [ -3.88430340550393, 50.8481715721068 ], [ -3.89961938625294, 50.834553894789501 ], [ -3.94045037517934, 50.825556676396403 ], [ -3.9589167495919, 50.855369660791297 ], [ -3.99539948280976, 50.851848212512103 ], [ -3.9950525959903, 50.869228812492103 ], [ -4.03623687304494, 50.859392295058399 ], [ -4.03995459002976, 50.868535997722198 ], [ -4.05203972059088, 50.862689205190797 ], [ -4.06867993731403, 50.874613284017101 ], [ -4.08992187787013, 50.867389004100502 ], [ -4.08543495495852, 50.857820099304199 ], [ -4.10306544726232, 50.850311621590002 ], [ -4.1027713087801, 50.835414697191602 ], [ -4.12871960628132, 50.8441074516737 ], [ -4.14074073834119, 50.832113733222201 ], [ -4.16403847177404, 50.8309125358033 ], [ -4.15827660101163, 50.815449369063302 ], [ -4.17722200316347, 50.807167262615799 ], [ -4.16878764904539, 50.797673400957599 ], [ -4.19077972344179, 50.789729305646503 ], [ -4.16646150878015, 50.787032852156898 ], [ -4.2057859457475, 50.774890352612502 ], [ -4.18595114179079, 50.757710605572001 ], [ -4.22678679585449, 50.742186894655902 ], [ -4.23496737346125, 50.713351122510801 ], [ -4.23198891841178, 50.695422391517802 ], [ -4.214734323313, 50.688784809408702 ], [ -4.21260866360025, 50.6780322483147 ], [ -4.22215942349301, 50.671243736129703 ], [ -4.3130980239749, 50.662418077097101 ], [ -4.33522645925439, 50.6465405353918 ], [ -4.34894080349311, 50.689538256503504 ], [ -4.36934075645349, 50.702341342131398 ], [ -4.3615861065167, 50.718767206798297 ], [ -4.38499915489107, 50.747755824212099 ], [ -4.38102508886451, 50.770550946586397 ], [ -4.39355754148501, 50.778232551252103 ], [ -4.41441712623775, 50.774395581193197 ], [ -4.40872280864792, 50.762416889244797 ], [ -4.42394702206902, 50.764549403022599 ], [ -4.45132992301361, 50.785654195046199 ], [ -4.49349652984377, 50.7929237606321 ], [ -4.44679067285866, 50.808223722719397 ], [ -4.44224390037994, 50.846942672939903 ], [ -4.43372646821496, 50.865509254052697 ], [ -4.42095916744729, 50.866086164694202 ], [ -4.46268330272599, 50.913489781870297 ], [ -4.45605816327938, 50.928869185013902 ], [ -4.54597272667831, 50.9288058690734 ], [ -4.54099143535982, 50.9517549726814 ], [ -4.52565061128499, 51.0223005596429 ], [ -4.4254383993268, 51.013660568227003 ], [ -4.42441451663071, 51.013118585645998 ], [ -4.39090346410786, 50.994676294272097 ], [ -4.34299388943384, 50.988963614554997 ], [ -4.30299572339699, 50.997755407364203 ], [ -4.28233464495162, 51.013980865129902 ], [ -4.24924519726177, 51.039935840622 ], [ -4.2425985763684, 51.041417882281003 ], [ -4.24097733385176, 51.046415203637302 ], [ -4.21792154621105, 51.064471494316898 ], [ -4.21649922462293, 51.063552971679101 ] ] ], [ [ [ -4.66640383519619, 51.159396282758998 ], [ -4.67092482315619, 51.158463554817899 ], [ -4.68057246853434, 51.172424830454602 ], [ -4.67782364148848, 51.198510029659097 ], [ -4.67735952758753, 51.202400673677303 ], [ -4.65326627659294, 51.162369646865699 ], [ -4.66640383519619, 51.159396282758998 ] ] ] ] } },
{ "type": "Feature", "properties": { "FID": 84, "LAD24CD": "E07000047", "LAD24NM": "West Devon", "LAD24NMW": " ", "BNG_E": 256378, "BNG_N": 86992, "LONG": -4.03358, "LAT": 50.6648, "GlobalID": "d1cf8f55-8c4d-4d1f-8f8b-372ec3b3d578", "LAD24CD_1": "E07000047", "LAD24NM_1": "West Devon", "RUC21CD": "RMF", "RUC21NM": "Majority rural: Majority further from a major town or city", "Urban_rura": "Rural", "Shape_Leng": 203933.62058300001, "Shape__Area": 1167273588.8394957, "Shape__Length": 203933.62058261284 }, "geometry": { "type": "MultiPolygon", "coordinates": [ [ [ [ -4.17418411169308, 50.437502505626597 ], [ -4.18119089059845, 50.435108101281699 ], [ -4.1690985466755, 50.444439342046699 ], [ -4.17418411169308, 50.437502505626597 ] ] ], [ [ [ -4.06867993731403, 50.874613284017101 ], [ -4.05203972059088, 50.862689205190797 ], [ -4.03995459002976, 50.868535997722198 ], [ -4.03623687304494, 50.859392295058399 ], [ -3.9950525959903, 50.869228812492103 ], [ -3.99539948280976, 50.851848212512103 ], [ -3.9589167495919, 50.855369660791297 ], [ -3.94045037517934, 50.825556676396403 ], [ -3.89961938625294, 50.834553894789501 ], [ -3.87775066978318, 50.818887097362001 ], [ -3.83908489144786, 50.818367354736402 ], [ -3.83590319824759, 50.793015279376199 ], [ -3.84528988874112, 50.781286483711703 ], [ -3.82204070368346, 50.780999785387102 ], [ -3.80583865397745, 50.759014248134299 ], [ -3.83629512107417, 50.732172093587401 ], [ -3.81859718265907, 50.716964310406702 ], [ -3.76625855610838, 50.7275648038569 ], [ -3.73559299233382, 50.703184477119102 ], [ -3.73507596077464, 50.695895776750703 ], [ -3.81144434821026, 50.6912443713966 ], [ -3.79721653174405, 50.674914614164699 ], [ -3.81199565568555, 50.658997209522902 ], [ -3.80464557219867, 50.655905909903403 ], [ -3.84345900278162, 50.647077910727099 ], [ -3.88248218096853, 50.5967243286875 ], [ -3.86969198116596, 50.571299571581903 ], [ -3.87560084220826, 50.542429861288802 ], [ -3.889161211863, 50.536318933053899 ], [ -3.89260187947892, 50.513852324007999 ], [ -3.88023637456714, 50.485674500989099 ], [ -3.8989748007654, 50.472638434810797 ], [ -3.94877851813894, 50.488656232356597 ], [ -3.94578836685615, 50.498267919754497 ], [ -3.95596909365491, 50.500243279814903 ], [ -4.00790126124229, 50.469674176476097 ], [ -4.02305420877319, 50.468729072597903 ], [ -4.02377909890803, 50.462071405128498 ], [ -4.06023653539829, 50.454019599887097 ], [ -4.07779195717411, 50.469907167884102 ], [ -4.10726771632299, 50.450387387042902 ], [ -4.10856674659666, 50.462970386042798 ], [ -4.15185969838439, 50.4637104466944 ], [ -4.15182690450768, 50.463834210542998 ], [ -4.15196395505007, 50.463712209329202 ], [ -4.15492405229256, 50.463762212696203 ], [ -4.16060803377712, 50.456015766265502 ], [ -4.18507920993907, 50.434210578151799 ], [ -4.19131299136582, 50.435375156474699 ], [ -4.19965389402027, 50.436932761855701 ], [ -4.20073188916644, 50.436423346199 ], [ -4.21511461185356, 50.466596547556399 ], [ -4.22957621468745, 50.455782449146703 ], [ -4.23859198555515, 50.463969166085199 ], [ -4.2180822401953, 50.475942871968499 ], [ -4.22086898555329, 50.498072722241801 ], [ -4.1993570856001, 50.492368763434698 ], [ -4.18070463552914, 50.503728028548998 ], [ -4.18575017328832, 50.508357209478397 ], [ -4.20279303109881, 50.503179827385701 ], [ -4.20730714918843, 50.533562684210303 ], [ -4.23229543056486, 50.531017466351003 ], [ -4.24789096992557, 50.543922188652601 ], [ -4.271526014024, 50.536585196809099 ], [ -4.25928500625728, 50.545846765285702 ], [ -4.27951593682655, 50.569173334744796 ], [ -4.27114961706166, 50.582214201974097 ], [ -4.28598133511437, 50.584665423768897 ], [ -4.28606176960213, 50.574942197972 ], [ -4.29132756980882, 50.583857877144403 ], [ -4.30691506779935, 50.578585066205299 ], [ -4.31162974247687, 50.586077468160703 ], [ -4.30030704765174, 50.633852437955703 ], [ -4.32563065951261, 50.637730709764099 ], [ -4.33522645925439, 50.6465405353918 ], [ -4.3130980239749, 50.662418077097101 ], [ -4.22215942349301, 50.671243736129703 ], [ -4.21260866360025, 50.6780322483147 ], [ -4.214734323313, 50.688784809408702 ], [ -4.23198891841178, 50.695422391517802 ], [ -4.23496737346125, 50.713351122510801 ], [ -4.22678679585449, 50.742186894655902 ], [ -4.18595114179079, 50.757710605572001 ], [ -4.2057859457475, 50.774890352612502 ], [ -4.16646150878015, 50.787032852156898 ], [ -4.19077972344179, 50.789729305646503 ], [ -4.16878764904539, 50.797673400957599 ], [ -4.17722200316347, 50.807167262615799 ], [ -4.15827660101163, 50.815449369063302 ], [ -4.16403847177404, 50.8309125358033 ], [ -4.14074073834119, 50.832113733222201 ], [ -4.12871960628132, 50.8441074516737 ], [ -4.1027713087801, 50.835414697191602 ], [ -4.10306544726232, 50.850311621590002 ], [ -4.08543495495852, 50.857820099304199 ], [ -4.08992187787013, 50.867389004100502 ], [ -4.06867993731403, 50.874613284017101 ] ] ] ] } },
{ "type": "Feature", "properties": { "FID": 85, "LAD24CD": "E07000061", "LAD24NM": "Eastbourne", "LAD24NMW": " ", "BNG_E": 559339, "BNG_N": 99575, "LONG": 0.258516, "LAT": 50.7739, "GlobalID": "148f2f4e-2006-40ef-b746-a73ffd6c5aaa", "LAD24CD_1": "E07000061", "LAD24NM_1": "Eastbourne", "RUC21CD": "UUN", "RUC21NM": "Urban: Majority nearer to a major town or city", "Urban_rura": "Urban", "Shape_Leng": 29652.383920799999, "Shape__Area": 44296982.529277802, "Shape__Length": 29652.383920842505 }, "geometry": { "type": "Polygon", "coordinates": [ [ [ 0.339200663555106, 50.799056068218199 ], [ 0.310001677741741, 50.776684332566198 ], [ 0.266410952319476, 50.743231898717099 ], [ 0.260355755024803, 50.738579820927797 ], [ 0.209966414954202, 50.738485872027098 ], [ 0.20982317648327, 50.738534210167501 ], [ 0.216419303137371, 50.774719705307596 ], [ 0.233877609327566, 50.795415221604301 ], [ 0.227722839634515, 50.800871739855097 ], [ 0.245877996801349, 50.805489231066403 ], [ 0.258804521819086, 50.7993756189042 ], [ 0.267350514506759, 50.810562042630302 ], [ 0.276900346944744, 50.804766444666498 ], [ 0.289414548084779, 50.813063901209297 ], [ 0.339200663555106, 50.799056068218199 ] ] ] } },
{ "type": "Feature", "properties": { "FID": 86, "LAD24CD": "E07000062", "LAD24NM": "Hastings", "LAD24NMW": " ", "BNG_E": 581528, "BNG_N": 110694, "LONG": 0.578395, "LAT": 50.8672, "GlobalID": "806f06b2-209e-4098-800f-50712a601ca8", "LAD24CD_1": "E07000062", "LAD24NM_1": "Hastings", "RUC21CD": "UUN", "RUC21NM": "Urban: Majority nearer to a major town or city", "Urban_rura": "Urban", "Shape_Leng": 27845.4035673, "Shape__Area": 29520660.921409607, "Shape__Length": 27845.403567264781 }, "geometry": { "type": "Polygon", "coordinates": [ [ [ 0.65792155011398, 50.8697584816614 ], [ 0.645773323728388, 50.866748131954203 ], [ 0.52487262223532, 50.845221164560797 ], [ 0.502771650799913, 50.842513727852797 ], [ 0.508573338553853, 50.850869651672603 ], [ 0.521188998821682, 50.8517435590174 ], [ 0.519897089615978, 50.877188468746098 ], [ 0.53695003209693, 50.894824602129297 ], [ 0.603722187482836, 50.878565622081297 ], [ 0.620897942218763, 50.884184339298997 ], [ 0.65792155011398, 50.8697584816614 ] ] ] } },
{ "type": "Feature", "properties": { "FID": 87, "LAD24CD": "E07000063", "LAD24NM": "Lewes", "LAD24NMW": " ", "BNG_E": 541473, "BNG_N": 105687, "LONG": 0.007658, "LAT": 50.8334, "GlobalID": "9f783de6-fbf5-410b-9ae9-b87810dba389", "LAD24CD_1": "E07000063", "LAD24NM_1": "Lewes", "RUC21CD": "UIN", "RUC21NM": "Intermediate urban: Majority nearer to a major town or city", "Urban_rura": "Urban", "Shape_Leng": 93904.974026600001, "Shape__Area": 292686057.27758789, "Shape__Length": 93904.974026634285 }, "geometry": { "type": "Polygon", "coordinates": [ [ [ 0.149983559854032, 50.758704281008001 ], [ 0.148939334951743, 50.759055832811903 ], [ 0.121967265897583, 50.758304296919398 ], [ 0.1069477214802, 50.763936704656899 ], [ 0.068354296255727, 50.781819292158097 ], [ 0.059546008695759, 50.781691336540902 ], [ 0.058336084141642, 50.782144104150802 ], [ 0.05835193593387, 50.781673941111499 ], [ 0.055805559573742, 50.781636802885899 ], [ 0.057794284877226, 50.776076786636501 ], [ 0.033733045278245, 50.781829707225803 ], [ -0.014957723492678, 50.793451965989902 ], [ -0.038476663423358, 50.799056519398199 ], [ -0.016002358369668, 50.814875064362802 ], [ -0.02042837615218, 50.8218303547022 ], [ -0.045968393113643, 50.821824660808197 ], [ -0.036860053495818, 50.841173246115503 ], [ -0.07345234138296, 50.841214562552501 ], [ -0.084927634243044, 50.873119628553702 ], [ -0.097519263621995, 50.877945424463498 ], [ -0.12179965145279, 50.873428154355501 ], [ -0.135279339082157, 50.8780983575218 ], [ -0.135004643104498, 50.886650495681103 ], [ -0.119788174827145, 50.942285117754103 ], [ -0.104207686196339, 50.946468122463401 ], [ -0.115147503567339, 50.976116683306799 ], [ -0.073619417733181, 50.991675262505701 ], [ -0.061591841092256, 50.9784204152431 ], [ -0.024604259008753, 50.980025173302401 ], [ -0.016350499098253, 51.002496384828902 ], [ 0.003835757554502, 50.993608210359596 ], [ 0.011152972026084, 50.977588472179001 ], [ 0.02735508218286, 50.980907867108002 ], [ 0.038956754299803, 50.966604152845697 ], [ 0.053695901781902, 50.967665288282902 ], [ 0.048229903589043, 50.946511614272701 ], [ 0.057304291121261, 50.9260708001773 ], [ 0.121913595707189, 50.915280982386797 ], [ 0.091881452118935, 50.884947398894397 ], [ 0.098497657339923, 50.869993460681101 ], [ 0.11458534956577, 50.870686077155803 ], [ 0.127270405087256, 50.856783665635298 ], [ 0.097933805959028, 50.820319754611198 ], [ 0.119229803475203, 50.794234299623398 ], [ 0.143685958735401, 50.7927675579582 ], [ 0.149983559854032, 50.758704281008001 ] ] ] } },
{ "type": "Feature", "properties": { "FID": 88, "LAD24CD": "E07000064", "LAD24NM": "Rother", "LAD24NMW": " ", "BNG_E": 578721, "BNG_N": 119666, "LONG": 0.542937, "LAT": 50.9487, "GlobalID": "80444416-9c34-4214-84f4-8feeff2e9072", "LAD24CD_1": "E07000064", "LAD24NM_1": "Rother", "RUC21CD": "RMN", "RUC21NM": "Majority rural: Majority nearer to a major town or city", "Urban_rura": "Rural", "Shape_Leng": 134182.969453, "Shape__Area": 515856697.02812195, "Shape__Length": 134182.96945290506 }, "geometry": { "type": "Polygon", "coordinates": [ [ [ 0.605390823945922, 51.012069974888398 ], [ 0.661399802568737, 51.0177718605919 ], [ 0.676955919326293, 51.0032987849983 ], [ 0.706770603419155, 50.993601822223503 ], [ 0.74061137766967, 51.000676707739601 ], [ 0.778956704972181, 50.989492024214798 ], [ 0.777134928696756, 50.975428349088098 ], [ 0.784327858018418, 50.977229686294699 ], [ 0.812941746895733, 50.941999574314302 ], [ 0.841401377893081, 50.957608827799703 ], [ 0.855967970123694, 50.953128605683801 ], [ 0.867891381774926, 50.933262294720201 ], [ 0.854705287607953, 50.923943583367802 ], [ 0.844462311257057, 50.924851921263702 ], [ 0.772008514930815, 50.931250009412203 ], [ 0.774905803197715, 50.927335667268203 ], [ 0.759065635329044, 50.9224589246449 ], [ 0.758684275808103, 50.922393483774798 ], [ 0.758455358840504, 50.9222709741153 ], [ 0.729731338646439, 50.913419256057502 ], [ 0.65857681641057, 50.8699208100169 ], [ 0.65792155011398, 50.8697584816614 ], [ 0.620897942218763, 50.884184339298997 ], [ 0.603722187482836, 50.878565622081297 ], [ 0.53695003209693, 50.894824602129297 ], [ 0.519897089615978, 50.877188468746098 ], [ 0.521188998821682, 50.8517435590174 ], [ 0.508573338553853, 50.850869651672603 ], [ 0.502771650799913, 50.842513727852797 ], [ 0.500712476210745, 50.842261221668601 ], [ 0.377817833812518, 50.820411787725398 ], [ 0.37541342272816, 50.840604506390399 ], [ 0.441196831362921, 50.8678297592527 ], [ 0.449085367631327, 50.878951311932603 ], [ 0.435503334595761, 50.893898705230399 ], [ 0.416084010052589, 50.896911400860297 ], [ 0.379053948874133, 50.883535905303901 ], [ 0.367896482111999, 50.887952174498302 ], [ 0.374302835573211, 50.898392816664199 ], [ 0.35776195415492, 50.917302634105098 ], [ 0.366797455394097, 50.932957751913399 ], [ 0.342689856803908, 50.939440915091502 ], [ 0.335932708623537, 50.953043733331199 ], [ 0.343584189463465, 50.959146631713502 ], [ 0.324024938278467, 50.962921098102903 ], [ 0.321585740673585, 50.996684342702501 ], [ 0.328658782105634, 51.012881792960101 ], [ 0.354012040310152, 51.017527978175004 ], [ 0.346599966421665, 51.024099627674197 ], [ 0.361353436327948, 51.065276558667101 ], [ 0.395772076313833, 51.0739134327331 ], [ 0.396496475173542, 51.083131687562698 ], [ 0.418266860755534, 51.062626970432397 ], [ 0.463267138803114, 51.054787016455599 ], [ 0.472319209676434, 51.030436087866001 ], [ 0.537568517875719, 51.0216392169297 ], [ 0.541719760675965, 51.011108511496602 ], [ 0.570801043736655, 51.003482315489002 ], [ 0.605390823945922, 51.012069974888398 ] ] ] } },
{ "type": "Feature", "properties": { "FID": 89, "LAD24CD": "E07000065", "LAD24NM": "Wealden", "LAD24NMW": " ", "BNG_E": 555048, "BNG_N": 117181, "LONG": 0.205156, "LAT": 50.9332, "GlobalID": "6ccb32c3-ca0b-4c1a-a8a0-99267ee164c0", "LAD24CD_1": "E07000065", "LAD24NM_1": "Wealden", "RUC21CD": "RIN", "RUC21NM": "Intermediate rural: Majority nearer to a major town or city", "Urban_rura": "Rural", "Shape_Leng": 169051.94563199999, "Shape__Area": 839517282.52806854, "Shape__Length": 169051.9456323242 }, "geometry": { "type": "Polygon", "coordinates": [ [ [ 0.160718236048252, 51.137328918332599 ], [ 0.151187333045437, 51.123820552310399 ], [ 0.171472727638366, 51.1154149017039 ], [ 0.226255230233864, 51.124486115157502 ], [ 0.244577828429569, 51.114834240323198 ], [ 0.275613215976201, 51.112298516292498 ], [ 0.274874930408996, 51.120651771132998 ], [ 0.32516510810618, 51.122956078670398 ], [ 0.335077206061616, 51.105465890048499 ], [ 0.358976559646714, 51.104530653686702 ], [ 0.350831195947389, 51.084055914752902 ], [ 0.373840828926189, 51.088460502119702 ], [ 0.396496475173542, 51.083131687562698 ], [ 0.395772076313833, 51.0739134327331 ], [ 0.361353436327948, 51.065276558667101 ], [ 0.346599966421665, 51.024099627674197 ], [ 0.354012040310152, 51.017527978175004 ], [ 0.328658782105634, 51.012881792960101 ], [ 0.321585740673585, 50.996684342702501 ], [ 0.324024938278467, 50.962921098102903 ], [ 0.343584189463465, 50.959146631713502 ], [ 0.335932708623537, 50.953043733331199 ], [ 0.342689856803908, 50.939440915091502 ], [ 0.366797455394097, 50.932957751913399 ], [ 0.35776195415492, 50.917302634105098 ], [ 0.374302835573211, 50.898392816664199 ], [ 0.367896482111999, 50.887952174498302 ], [ 0.379053948874133, 50.883535905303901 ], [ 0.416084010052589, 50.896911400860297 ], [ 0.435503334595761, 50.893898705230399 ], [ 0.449085367631327, 50.878951311932603 ], [ 0.441196831362921, 50.8678297592527 ], [ 0.37541342272816, 50.840604506390399 ], [ 0.377817833812518, 50.820411787725398 ], [ 0.377491650431505, 50.8203535951709 ], [ 0.339307150730746, 50.799137602979599 ], [ 0.339200663555106, 50.799056068218199 ], [ 0.289414548084779, 50.813063901209297 ], [ 0.276900346944744, 50.804766444666498 ], [ 0.267350514506759, 50.810562042630302 ], [ 0.258804521819086, 50.7993756189042 ], [ 0.245877996801349, 50.805489231066403 ], [ 0.227722839634515, 50.800871739855097 ], [ 0.233877609327566, 50.795415221604301 ], [ 0.216419303137371, 50.774719705307596 ], [ 0.20982317648327, 50.738534210167501 ], [ 0.155531852840607, 50.756836131688502 ], [ 0.149983559854032, 50.758704281008001 ], [ 0.143685958735401, 50.7927675579582 ], [ 0.119229803475203, 50.794234299623398 ], [ 0.097933805959028, 50.820319754611198 ], [ 0.127270405087256, 50.856783665635298 ], [ 0.11458534956577, 50.870686077155803 ], [ 0.098497657339923, 50.869993460681101 ], [ 0.091881452118935, 50.884947398894397 ], [ 0.121913595707189, 50.915280982386797 ], [ 0.057304291121261, 50.9260708001773 ], [ 0.048229903589043, 50.946511614272701 ], [ 0.053695901781902, 50.967665288282902 ], [ 0.038956754299803, 50.966604152845697 ], [ 0.02735508218286, 50.980907867108002 ], [ 0.011152972026084, 50.977588472179001 ], [ 0.003835757554502, 50.993608210359596 ], [ -0.016350499098253, 51.002496384828902 ], [ -0.021874708171749, 51.026503353916503 ], [ -0.001565492340491, 51.035754986871503 ], [ -0.003001727690095, 51.0475643226305 ], [ 0.01374064147303, 51.056996360063202 ], [ -0.008548157404384, 51.056457987102597 ], [ -0.013256608824852, 51.073967101992402 ], [ -0.026852099218016, 51.075112870382902 ], [ -0.036213376436162, 51.093429522511101 ], [ 0.010543406178556, 51.1021625577146 ], [ 0.009505046216635, 51.110391955584099 ], [ 0.018560909048079, 51.103592001552897 ], [ 0.044509404578856, 51.1106132994909 ], [ 0.028147261774582, 51.1177116859783 ], [ 0.027360061034493, 51.139847992055898 ], [ 0.050016528693635, 51.142650015855999 ], [ 0.133117086399998, 51.147278518653003 ], [ 0.160718236048252, 51.137328918332599 ] ] ] } },
{ "type": "Feature", "properties": { "FID": 90, "LAD24CD": "E07000066", "LAD24NM": "Basildon", "LAD24NMW": " ", "BNG_E": 571548, "BNG_N": 190849, "LONG": 0.475056, "LAT": 51.5904, "GlobalID": "786628ae-7d89-4283-8df8-60c37d04f25b", "LAD24CD_1": "E07000066", "LAD24NM_1": "Basildon", "RUC21CD": "UUN", "RUC21NM": "Urban: Majority nearer to a major town or city", "Urban_rura": "Urban", "Shape_Leng": 49851.443490799997, "Shape__Area": 110724462.34457397, "Shape__Length": 49851.443490833168 }, "geometry": { "type": "Polygon", "coordinates": [ [ [ 0.562475298241574, 51.617852648048903 ], [ 0.54903494812593, 51.596578367431803 ], [ 0.565918632574499, 51.588245240745202 ], [ 0.542845150739926, 51.571627378856903 ], [ 0.543034584481941, 51.534683515915802 ], [ 0.518039069038669, 51.529957476311601 ], [ 0.518009397956447, 51.529974187534002 ], [ 0.506244074750797, 51.538250886583 ], [ 0.509063702337398, 51.534233764957001 ], [ 0.481978280556521, 51.548596422385401 ], [ 0.466748362555259, 51.5466955219336 ], [ 0.461697348176906, 51.553688896633403 ], [ 0.427649758787028, 51.545098763608799 ], [ 0.418649311114341, 51.556670469044398 ], [ 0.393500848006137, 51.5577113045874 ], [ 0.391753003150787, 51.567190620302199 ], [ 0.38260509348446, 51.565823815928198 ], [ 0.375126917595192, 51.615172724220798 ], [ 0.402178788975579, 51.650982235380901 ], [ 0.442935181307834, 51.646655435598703 ], [ 0.446828428034759, 51.626669035822999 ], [ 0.458962570063275, 51.623828089391303 ], [ 0.504829548466456, 51.6217164518781 ], [ 0.514610695164895, 51.626964634180403 ], [ 0.520822557919768, 51.618791376172297 ], [ 0.562475298241574, 51.617852648048903 ] ] ] } },
{ "type": "Feature", "properties": { "FID": 91, "LAD24CD": "E07000067", "LAD24NM": "Braintree", "LAD24NMW": " ", "BNG_E": 577253, "BNG_N": 227337, "LONG": 0.575912, "LAT": 51.9164, "GlobalID": "65370865-8b1f-41bd-b3f1-236864d37811", "LAD24CD_1": "E07000067", "LAD24NM_1": "Braintree", "RUC21CD": "RIN", "RUC21NM": "Intermediate rural: Majority nearer to a major town or city", "Urban_rura": "Rural", "Shape_Leng": 131743.86088200001, "Shape__Area": 612612179.10884857, "Shape__Length": 131743.86088162137 }, "geometry": { "type": "Polygon", "coordinates": [ [ [ 0.781468927606894, 51.966512939837401 ], [ 0.764041523766886, 51.954319984717301 ], [ 0.749490995169374, 51.954689566476901 ], [ 0.726311321736548, 51.905854838040497 ], [ 0.699576742037492, 51.903386938617103 ], [ 0.722784881185088, 51.878809716701902 ], [ 0.716329384866372, 51.871266789156998 ], [ 0.736606592717991, 51.871679503746897 ], [ 0.752925742899607, 51.863132463226499 ], [ 0.750343950072329, 51.853601996239 ], [ 0.733123693240879, 51.848462519860597 ], [ 0.741661212702895, 51.8396713316816 ], [ 0.71189845864403, 51.834557143441202 ], [ 0.72133207104262, 51.830236124551398 ], [ 0.708908943887238, 51.818904214418602 ], [ 0.697269448750306, 51.829126810176199 ], [ 0.678690705925375, 51.810645400174799 ], [ 0.659755724554981, 51.805677500072399 ], [ 0.651171909709209, 51.784886896208498 ], [ 0.633340631573167, 51.776123460337303 ], [ 0.647503769237281, 51.7615109429792 ], [ 0.618606154498573, 51.762565016057401 ], [ 0.598702028580882, 51.750416086455303 ], [ 0.593365583908674, 51.755448959795999 ], [ 0.572098394884235, 51.751900874895597 ], [ 0.523803538471986, 51.803428651063498 ], [ 0.534124356295491, 51.810859347964403 ], [ 0.519262342777842, 51.850449213113002 ], [ 0.513505104844132, 51.864397465468002 ], [ 0.467205417069055, 51.878656410973903 ], [ 0.433015803568579, 51.9247983773908 ], [ 0.421347448878639, 51.926273553995699 ], [ 0.430050296461589, 51.953831753710801 ], [ 0.41247571750255, 51.971061258288401 ], [ 0.423622540480258, 51.973217190324597 ], [ 0.42694351589013, 51.986758722080097 ], [ 0.413857544868883, 52.0116672011074 ], [ 0.437772204715547, 52.014094582021599 ], [ 0.43141870966045, 52.038935550772401 ], [ 0.394032429672931, 52.031840805501702 ], [ 0.389680177472463, 52.036457702038803 ], [ 0.379612827815692, 52.049562713822702 ], [ 0.404638263575799, 52.065502379522101 ], [ 0.438278486414546, 52.072332676150502 ], [ 0.453618425016356, 52.068129059009998 ], [ 0.466581816156426, 52.078433361392499 ], [ 0.501678783042324, 52.053852666961497 ], [ 0.511130139957494, 52.059864061792602 ], [ 0.542293768916435, 52.057747517523303 ], [ 0.551421973504044, 52.068802892872803 ], [ 0.58200345991392, 52.075851663882901 ], [ 0.656900901436426, 52.085441686172601 ], [ 0.684204240948651, 52.086968642770401 ], [ 0.712118249483127, 52.0722424679158 ], [ 0.703177564086779, 52.065273248446097 ], [ 0.716263376587153, 52.048687196574697 ], [ 0.69940006432446, 52.0484380876781 ], [ 0.696511870071092, 52.039302167931403 ], [ 0.714396590823323, 52.027318767207603 ], [ 0.74063428386174, 52.031201548860103 ], [ 0.738526974119553, 52.01069864107 ], [ 0.761149264433513, 51.997483290068203 ], [ 0.759667735030109, 51.985429111594598 ], [ 0.774633327593334, 51.982591620138798 ], [ 0.772261026840059, 51.970424511090897 ], [ 0.781468927606894, 51.966512939837401 ] ] ] } },
{ "type": "Feature", "properties": { "FID": 92, "LAD24CD": "E07000068", "LAD24NM": "Brentwood", "LAD24NMW": " ", "BNG_E": 558560, "BNG_N": 196070, "LONG": 0.290091, "LAT": 51.6411, "GlobalID": "e6d140dd-3ae0-4c8a-bdb8-45969df96ad2", "LAD24CD_1": "E07000068", "LAD24NM_1": "Brentwood", "RUC21CD": "UIN", "RUC21NM": "Intermediate urban: Majority nearer to a major town or city", "Urban_rura": "Urban", "Shape_Leng": 62498.173429299997, "Shape__Area": 153007283.23252106, "Shape__Length": 62498.173429263981 }, "geometry": { "type": "Polygon", "coordinates": [ [ [ 0.402178788975579, 51.650982235380901 ], [ 0.375126917595192, 51.615172724220798 ], [ 0.38260509348446, 51.565823815928198 ], [ 0.313035079940716, 51.565818131885003 ], [ 0.290289733913774, 51.564299392320201 ], [ 0.269866485133475, 51.599554449812103 ], [ 0.254008700235285, 51.601598200767398 ], [ 0.26456196557058, 51.608320660874902 ], [ 0.252194314453482, 51.617769404891597 ], [ 0.224087730411796, 51.631737761450097 ], [ 0.200311572516926, 51.6249357566968 ], [ 0.175702646497488, 51.655791887414097 ], [ 0.192990348083089, 51.653099019983898 ], [ 0.190857962789022, 51.659820441393698 ], [ 0.208156616441341, 51.660971202559502 ], [ 0.215026596279673, 51.674852607731701 ], [ 0.239133871052621, 51.674172411328399 ], [ 0.232545703393613, 51.683846574731099 ], [ 0.26538295701511, 51.699637220870898 ], [ 0.302124818855336, 51.680965446583201 ], [ 0.323061908277197, 51.7141676748303 ], [ 0.333999479193368, 51.717013052052003 ], [ 0.346633491175168, 51.693905270941599 ], [ 0.360551397063566, 51.690384353824598 ], [ 0.37751794826649, 51.6987196385492 ], [ 0.401497817732758, 51.682421406164003 ], [ 0.412560206765404, 51.670896174429203 ], [ 0.400147705290572, 51.6622696736843 ], [ 0.402178788975579, 51.650982235380901 ] ] ] } },
{ "type": "Feature", "properties": { "FID": 93, "LAD24CD": "E07000069", "LAD24NM": "Castle Point", "LAD24NMW": " ", "BNG_E": 579493, "BNG_N": 187920, "LONG": 0.588127, "LAT": 51.5616, "GlobalID": "02098831-5877-44fb-822f-bb382998e1a4", "LAD24CD_1": "E07000069", "LAD24NM_1": "Castle Point", "RUC21CD": "UUN", "RUC21NM": "Urban: Majority nearer to a major town or city", "Urban_rura": "Urban", "Shape_Leng": 39318.194570699998, "Shape__Area": 44443607.27306366, "Shape__Length": 39318.19457068156 }, "geometry": { "type": "MultiPolygon", "coordinates": [ [ [ [ 0.626621157486853, 51.536603820283702 ], [ 0.625920991053543, 51.532246339706802 ], [ 0.609032755817432, 51.534825993193898 ], [ 0.624282736272642, 51.536428660033401 ], [ 0.624353117922789, 51.536294388795703 ], [ 0.626621157486853, 51.536603820283702 ] ] ], [ [ [ 0.632077284564213, 51.570529474846303 ], [ 0.62688695736313, 51.5382577881267 ], [ 0.6264533813107, 51.538229045019399 ], [ 0.625793448154421, 51.538128678956703 ], [ 0.608330234164142, 51.534948017781701 ], [ 0.594070516162126, 51.537470098979099 ], [ 0.572104604479245, 51.5413511745096 ], [ 0.593931552176543, 51.5350247171421 ], [ 0.622103793628072, 51.526850599176697 ], [ 0.61844616442781, 51.520273465655698 ], [ 0.636859412356845, 51.521935709304202 ], [ 0.592630446437871, 51.512132989372098 ], [ 0.573364316338746, 51.507856133812901 ], [ 0.553654417595966, 51.509884200881899 ], [ 0.548618769264489, 51.512724073240697 ], [ 0.548030413942597, 51.515743318628402 ], [ 0.543174399678314, 51.5157938153054 ], [ 0.518039069038669, 51.529957476311601 ], [ 0.543034584481941, 51.534683515915802 ], [ 0.542845150739926, 51.571627378856903 ], [ 0.565918632574499, 51.588245240745202 ], [ 0.632077284564213, 51.570529474846303 ] ] ] ] } },
{ "type": "Feature", "properties": { "FID": 94, "LAD24CD": "E07000070", "LAD24NM": "Chelmsford", "LAD24NMW": " ", "BNG_E": 572116, "BNG_N": 206972, "LONG": 0.491177, "LAT": 51.735, "GlobalID": "f128a5d0-6044-4656-ba09-d455c095bea0", "LAD24CD_1": "E07000070", "LAD24NM_1": "Chelmsford", "RUC21CD": "UUN", "RUC21NM": "Urban: Majority nearer to a major town or city", "Urban_rura": "Urban", "Shape_Leng": 94169.2527, "Shape__Area": 340546282.89713287, "Shape__Length": 94169.252699990669 }, "geometry": { "type": "Polygon", "coordinates": [ [ [ 0.519262342777842, 51.850449213113002 ], [ 0.534124356295491, 51.810859347964403 ], [ 0.523803538471986, 51.803428651063498 ], [ 0.572098394884235, 51.751900874895597 ], [ 0.593365583908674, 51.755448959795999 ], [ 0.589498158966398, 51.730172715630999 ], [ 0.611153169522213, 51.722787253870599 ], [ 0.601865180207922, 51.710228002946899 ], [ 0.612602850244079, 51.698757718645801 ], [ 0.608836706871032, 51.681947116205698 ], [ 0.619765914224081, 51.675339878524397 ], [ 0.628712110531503, 51.639515070929299 ], [ 0.648850135362967, 51.636681587357401 ], [ 0.588251641752078, 51.6308954325103 ], [ 0.587014881986081, 51.623366485213502 ], [ 0.562475298241574, 51.617852648048903 ], [ 0.520822557919768, 51.618791376172297 ], [ 0.514610695164895, 51.626964634180403 ], [ 0.504829548466456, 51.6217164518781 ], [ 0.458962570063275, 51.623828089391303 ], [ 0.446828428034759, 51.626669035822999 ], [ 0.442935181307834, 51.646655435598703 ], [ 0.402178788975579, 51.650982235380901 ], [ 0.400147705290572, 51.6622696736843 ], [ 0.412560206765404, 51.670896174429203 ], [ 0.401497817732758, 51.682421406164003 ], [ 0.37751794826649, 51.6987196385492 ], [ 0.360551397063566, 51.690384353824598 ], [ 0.346633491175168, 51.693905270941599 ], [ 0.333999479193368, 51.717013052052003 ], [ 0.347451316579649, 51.730439796256199 ], [ 0.346700459081854, 51.7675960702433 ], [ 0.33219814337298, 51.779629401674903 ], [ 0.340581328387737, 51.794478163401003 ], [ 0.362617227549911, 51.794906970535401 ], [ 0.361570125270334, 51.801150114993902 ], [ 0.384165196931081, 51.7970744301577 ], [ 0.400030261770626, 51.812761716393702 ], [ 0.404615009047594, 51.807422435736299 ], [ 0.41432224666562, 51.814241700121599 ], [ 0.403521217558056, 51.840276326112097 ], [ 0.413172153800461, 51.856659034730498 ], [ 0.424031521176507, 51.8541587227704 ], [ 0.431060817439215, 51.8318263454441 ], [ 0.445681465775623, 51.828872994202797 ], [ 0.519262342777842, 51.850449213113002 ] ] ] } },
{ "type": "Feature", "properties": { "FID": 95, "LAD24CD": "E07000071", "LAD24NM": "Colchester", "LAD24NMW": " ", "BNG_E": 596947, "BNG_N": 223692, "LONG": 0.85982, "LAT": 51.877, "GlobalID": "025033c5-f052-42df-9241-dcab698b42b1", "LAD24CD_1": "E07000071", "LAD24NM_1": "Colchester", "RUC21CD": "UIN", "RUC21NM": "Intermediate urban: Majority nearer to a major town or city", "Urban_rura": "Urban", "Shape_Leng": 131182.04136599999, "Shape__Area": 328509299.18334198, "Shape__Length": 131182.04136643518 }, "geometry": { "type": "MultiPolygon", "coordinates": [ [ [ [ 0.945555009968762, 51.774698406106602 ], [ 0.902361802698661, 51.773704160673397 ], [ 0.901838474600217, 51.786126003595498 ], [ 0.924586899694692, 51.795598032616503 ], [ 0.942773993136243, 51.806746235799402 ], [ 0.965846855849948, 51.808675531899098 ], [ 0.999129028964842, 51.8019348953273 ], [ 0.999990659498777, 51.7931413458885 ], [ 0.945555009968762, 51.774698406106602 ] ] ], [ [ [ 0.979672796878529, 51.846658203282097 ], [ 0.980128082098004, 51.844657206139701 ], [ 0.977821874363019, 51.847248417991402 ], [ 0.979672796878529, 51.846658203282097 ] ] ], [ [ [ 0.962589594231285, 51.977164929456698 ], [ 0.970982749148486, 51.962407757133001 ], [ 0.998710091163988, 51.963967334484401 ], [ 1.02471198883193, 51.954902360631699 ], [ 1.00577987666421, 51.935601975744298 ], [ 0.957633842388884, 51.937310499379002 ], [ 0.9312031470394, 51.9197236253207 ], [ 0.957143069003518, 51.903648351112999 ], [ 0.948809135726053, 51.896752457579801 ], [ 0.962638457357751, 51.890728047487997 ], [ 0.952853229415343, 51.8803101601777 ], [ 0.978321077097013, 51.872161541993201 ], [ 0.978104327115427, 51.854043288540403 ], [ 0.965010102072273, 51.851332571639801 ], [ 0.977553635413133, 51.847333949273697 ], [ 0.97752217018382, 51.840891031380899 ], [ 0.977496483378785, 51.835624581891601 ], [ 0.966444124972138, 51.829411371291599 ], [ 0.982241921164418, 51.817388919607801 ], [ 0.965770545780142, 51.8226326119905 ], [ 0.961930823722796, 51.833144900667499 ], [ 0.955606366210376, 51.829393234351102 ], [ 0.943447905287331, 51.822178081851597 ], [ 0.991183789980207, 51.807253036992698 ], [ 0.959908279277284, 51.810232099101 ], [ 0.916172047359005, 51.811448465330102 ], [ 0.920748537612709, 51.8050013477555 ], [ 0.937032807865719, 51.8057780254669 ], [ 0.921562931970931, 51.8038538678667 ], [ 0.90414434279188, 51.804207051942299 ], [ 0.8987603407289, 51.792709639480599 ], [ 0.892417831703416, 51.779157285239201 ], [ 0.866461939780975, 51.792792482669697 ], [ 0.872288252636093, 51.783229522543401 ], [ 0.848686397308784, 51.787267482587602 ], [ 0.841690366688952, 51.782300467986801 ], [ 0.829891035086637, 51.788998396253199 ], [ 0.842862056389324, 51.781030159185299 ], [ 0.836965883497606, 51.779517165776099 ], [ 0.803929220202556, 51.789704944452602 ], [ 0.815929110539679, 51.789247114018501 ], [ 0.811854791560073, 51.799119142022498 ], [ 0.77908970393259, 51.811563201029998 ], [ 0.754230218210509, 51.800969184677101 ], [ 0.718171006764377, 51.797363006664398 ], [ 0.713329896129475, 51.808459636530102 ], [ 0.721663680782776, 51.810005394473102 ], [ 0.708908943887238, 51.818904214418602 ], [ 0.72133207104262, 51.830236124551398 ], [ 0.71189845864403, 51.834557143441202 ], [ 0.741661212702895, 51.8396713316816 ], [ 0.733123693240879, 51.848462519860597 ], [ 0.750343950072329, 51.853601996239 ], [ 0.752925742899607, 51.863132463226499 ], [ 0.736606592717991, 51.871679503746897 ], [ 0.716329384866372, 51.871266789156998 ], [ 0.722784881185088, 51.878809716701902 ], [ 0.699576742037492, 51.903386938617103 ], [ 0.726311321736548, 51.905854838040497 ], [ 0.749490995169374, 51.954689566476901 ], [ 0.764041523766886, 51.954319984717301 ], [ 0.781468927606894, 51.966512939837401 ], [ 0.810877141632654, 51.960696087648998 ], [ 0.824650048979386, 51.968549607204302 ], [ 0.850240124999087, 51.960766645561897 ], [ 0.889748607763662, 51.9734240607673 ], [ 0.925239840337455, 51.976164403068601 ], [ 0.942911023064153, 51.970690294230799 ], [ 0.962589594231285, 51.977164929456698 ] ] ] ] } },
{ "type": "Feature", "properties": { "FID": 96, "LAD24CD": "E07000072", "LAD24NM": "Epping Forest", "LAD24NMW": " ", "BNG_E": 548919, "BNG_N": 203757, "LONG": 0.154146, "LAT": 51.7128, "GlobalID": "269ba74a-c2e5-4781-90ed-11ea72cc1dce", "LAD24CD_1": "E07000072", "LAD24NM_1": "Epping Forest", "RUC21CD": "UIN", "RUC21NM": "Intermediate urban: Majority nearer to a major town or city", "Urban_rura": "Urban", "Shape_Leng": 101260.582119, "Shape__Area": 339297469.57893372, "Shape__Length": 101260.58211881279 }, "geometry": { "type": "Polygon", "coordinates": [ [ [ 0.346700459081854, 51.7675960702433 ], [ 0.347451316579649, 51.730439796256199 ], [ 0.333999479193368, 51.717013052052003 ], [ 0.323061908277197, 51.7141676748303 ], [ 0.302124818855336, 51.680965446583201 ], [ 0.26538295701511, 51.699637220870898 ], [ 0.232545703393613, 51.683846574731099 ], [ 0.239133871052621, 51.674172411328399 ], [ 0.215026596279673, 51.674852607731701 ], [ 0.208156616441341, 51.660971202559502 ], [ 0.190857962789022, 51.659820441393698 ], [ 0.192990348083089, 51.653099019983898 ], [ 0.175702646497488, 51.655791887414097 ], [ 0.200311572516926, 51.6249357566968 ], [ 0.138184235471144, 51.6235453960564 ], [ 0.072867372178107, 51.604665522412198 ], [ 0.021819035344359, 51.628832786110401 ], [ 0.022719541696959, 51.6411154928849 ], [ -0.012259687054712, 51.646228696271898 ], [ -0.011918675972722, 51.6808778146614 ], [ -0.019743117773443, 51.703215986746301 ], [ -0.013510546190167, 51.742217064457101 ], [ 0.001168317520259, 51.745056205217402 ], [ 0.014029060708307, 51.764379998875199 ], [ 0.026799445804781, 51.774179899423203 ], [ 0.057663540837955, 51.779673927309403 ], [ 0.063837913494896, 51.751525189538803 ], [ 0.092600404688748, 51.736176159098903 ], [ 0.102442501200667, 51.746295248107202 ], [ 0.147396560148029, 51.757567667830003 ], [ 0.168018960489515, 51.782783980265201 ], [ 0.146141158428203, 51.796243761562501 ], [ 0.15830881878831, 51.813516996521201 ], [ 0.172583035411387, 51.8163043887035 ], [ 0.166251617449305, 51.822154007682201 ], [ 0.18840408334763, 51.819641653931399 ], [ 0.196683179374779, 51.795766979951701 ], [ 0.231482040734041, 51.7951509191276 ], [ 0.237677631557306, 51.779775326557797 ], [ 0.295616775458178, 51.790265054056498 ], [ 0.299365659995665, 51.771859879311897 ], [ 0.346700459081854, 51.7675960702433 ] ] ] } },
{ "type": "Feature", "properties": { "FID": 97, "LAD24CD": "E07000073", "LAD24NM": "Harlow", "LAD24NMW": " ", "BNG_E": 545276, "BNG_N": 209589, "LONG": 0.103888, "LAT": 51.7661, "GlobalID": "8e3a843c-04e3-4293-a9eb-404c0ebd26cb", "LAD24CD_1": "E07000073", "LAD24NM_1": "Harlow", "RUC21CD": "UUN", "RUC21NM": "Urban: Majority nearer to a major town or city", "Urban_rura": "Urban", "Shape_Leng": 22091.220479799998, "Shape__Area": 29849412.708328247, "Shape__Length": 22091.220479820087 }, "geometry": { "type": "Polygon", "coordinates": [ [ [ 0.057663540837955, 51.779673927309403 ], [ 0.146141158428203, 51.796243761562501 ], [ 0.168018960489515, 51.782783980265201 ], [ 0.147396560148029, 51.757567667830003 ], [ 0.102442501200667, 51.746295248107202 ], [ 0.092600404688748, 51.736176159098903 ], [ 0.063837913494896, 51.751525189538803 ], [ 0.057663540837955, 51.779673927309403 ] ] ] } },
{ "type": "Feature", "properties": { "FID": 98, "LAD24CD": "E07000074", "LAD24NM": "Maldon", "LAD24NMW": " ", "BNG_E": 591413, "BNG_N": 212072, "LONG": 0.773106, "LAT": 51.7746, "GlobalID": "0e276564-6d9a-4933-829c-c971cef19a42", "LAD24CD_1": "E07000074", "LAD24NM_1": "Maldon", "RUC21CD": "RMN", "RUC21NM": "Majority rural: Majority nearer to a major town or city", "Urban_rura": "Rural", "Shape_Leng": 160732.30721900001, "Shape__Area": 358322811.66625214, "Shape__Length": 160732.30721850492 }, "geometry": { "type": "MultiPolygon", "coordinates": [ [ [ [ 0.787703225708633, 51.722314974478003 ], [ 0.770131405191014, 51.719052177814604 ], [ 0.754635465091149, 51.724862264050302 ], [ 0.769753859072292, 51.726827206145302 ], [ 0.787703225708633, 51.722314974478003 ] ] ], [ [ [ 0.721175352977299, 51.730649714300199 ], [ 0.726170411198278, 51.717051467218603 ], [ 0.7081312928497, 51.719639799428698 ], [ 0.721175352977299, 51.730649714300199 ] ] ], [ [ [ 0.838019187582583, 51.7733655764956 ], [ 0.856198944009919, 51.767655239487503 ], [ 0.83349406742561, 51.769255787484497 ], [ 0.838019187582583, 51.7733655764956 ] ] ], [ [ [ 0.713329896129475, 51.808459636530102 ], [ 0.718171006764377, 51.797363006664398 ], [ 0.754230218210509, 51.800969184677101 ], [ 0.77908970393259, 51.811563201029998 ], [ 0.811854791560073, 51.799119142022498 ], [ 0.815929110539679, 51.789247114018501 ], [ 0.803929220202556, 51.789704944452602 ], [ 0.836965883497606, 51.779517165776099 ], [ 0.842862056389324, 51.781030159185299 ], [ 0.843301147013734, 51.780760348704 ], [ 0.87681860129027, 51.779366415574302 ], [ 0.877254121747701, 51.779348239872 ], [ 0.877375532798772, 51.779241086405698 ], [ 0.890846600983069, 51.767348109902798 ], [ 0.854522812187889, 51.771762311316799 ], [ 0.836829948117257, 51.773908051937298 ], [ 0.831807409928219, 51.769516916850101 ], [ 0.853088772826374, 51.764578390817498 ], [ 0.850450181985127, 51.757025899747703 ], [ 0.861581646941853, 51.763097425416703 ], [ 0.88268796818783, 51.757684563583702 ], [ 0.856195207312813, 51.743786439372101 ], [ 0.847456217691314, 51.747488474975 ], [ 0.853022441207034, 51.741972123954902 ], [ 0.841564228506279, 51.738761127043198 ], [ 0.792292155155722, 51.745191393521097 ], [ 0.78863232079183, 51.736653302793798 ], [ 0.776743356259106, 51.743983272228903 ], [ 0.735909166676607, 51.729472380662401 ], [ 0.713725924380509, 51.737606388388599 ], [ 0.70552884971014, 51.723813732837499 ], [ 0.699233247822315, 51.726173510014704 ], [ 0.711207719500056, 51.713486374828797 ], [ 0.747005618510649, 51.711469383219203 ], [ 0.746033709141438, 51.704863725200397 ], [ 0.769185517779274, 51.708359242095497 ], [ 0.737834658420487, 51.6872043975415 ], [ 0.7569367262413, 51.690726395313703 ], [ 0.766957965202771, 51.702744753726002 ], [ 0.771581982679827, 51.704061295342697 ], [ 0.797560512337364, 51.707945021237002 ], [ 0.793478911613865, 51.718078368765802 ], [ 0.819711532255216, 51.721080583629302 ], [ 0.85221387260807, 51.7133086111373 ], [ 0.883930169221173, 51.735686401687801 ], [ 0.89459668331371, 51.743205244189703 ], [ 0.895594971327693, 51.743300278152503 ], [ 0.926854202825624, 51.746271580524002 ], [ 0.930957904793418, 51.746029044220201 ], [ 0.94900991161076, 51.7294609995066 ], [ 0.938513403988253, 51.691776736191002 ], [ 0.947074708616439, 51.687162518523301 ], [ 0.938106157949721, 51.688399207093099 ], [ 0.946951599760912, 51.685476795051002 ], [ 0.932143917792513, 51.685891294728798 ], [ 0.94869274720341, 51.6832611375469 ], [ 0.931536966157242, 51.679204908627 ], [ 0.946473382290585, 51.677408238790001 ], [ 0.932787291931109, 51.675090202813202 ], [ 0.946371450357319, 51.675609204036398 ], [ 0.933904581772575, 51.6733651337453 ], [ 0.944305778473024, 51.673929355264299 ], [ 0.932673022061746, 51.666577882309603 ], [ 0.942238253146668, 51.663991312965301 ], [ 0.941718134645753, 51.661911814364601 ], [ 0.934451544890771, 51.632837172407299 ], [ 0.904316826525894, 51.6225486162392 ], [ 0.887870062144279, 51.622104532048603 ], [ 0.859508701402765, 51.621333293687002 ], [ 0.793874102045473, 51.625704595358897 ], [ 0.780515125061885, 51.630627558458002 ], [ 0.764706130829241, 51.638470035847298 ], [ 0.740346218424886, 51.632542778928801 ], [ 0.648850135362967, 51.636681587357401 ], [ 0.628712110531503, 51.639515070929299 ], [ 0.619765914224081, 51.675339878524397 ], [ 0.608836706871032, 51.681947116205698 ], [ 0.612602850244079, 51.698757718645801 ], [ 0.601865180207922, 51.710228002946899 ], [ 0.611153169522213, 51.722787253870599 ], [ 0.589498158966398, 51.730172715630999 ], [ 0.593365583908674, 51.755448959795999 ], [ 0.598702028580882, 51.750416086455303 ], [ 0.618606154498573, 51.762565016057401 ], [ 0.647503769237281, 51.7615109429792 ], [ 0.633340631573167, 51.776123460337303 ], [ 0.651171909709209, 51.784886896208498 ], [ 0.659755724554981, 51.805677500072399 ], [ 0.678690705925375, 51.810645400174799 ], [ 0.697269448750306, 51.829126810176199 ], [ 0.708908943887238, 51.818904214418602 ], [ 0.721663680782776, 51.810005394473102 ], [ 0.713329896129475, 51.808459636530102 ] ] ] ] } },
{ "type": "Feature", "properties": { "FID": 99, "LAD24CD": "E07000075", "LAD24NM": "Rochford", "LAD24NMW": " ", "BNG_E": 585979, "BNG_N": 191417, "LONG": 0.683442, "LAT": 51.5909, "GlobalID": "f0f3233b-4f8b-40cb-960b-21fe2712c525", "LAD24CD_1": "E07000075", "LAD24NM_1": "Rochford", "RUC21CD": "UUN", "RUC21NM": "Urban: Majority nearer to a major town or city", "Urban_rura": "Urban", "Shape_Leng": 106533.570737, "Shape__Area": 168469497.29302216, "Shape__Length": 106533.57073684064 }, "geometry": { "type": "MultiPolygon", "coordinates": [ [ [ [ 0.837491435881474, 51.585176855297199 ], [ 0.822949646500331, 51.564881975108499 ], [ 0.808066070701758, 51.585626682306398 ], [ 0.830143881186117, 51.5959662399368 ], [ 0.837491435881474, 51.585176855297199 ] ] ], [ [ [ 0.884470369592766, 51.568500537957497 ], [ 0.866370064397508, 51.558940840889498 ], [ 0.840146351266313, 51.5616365017136 ], [ 0.825779682464893, 51.564466680724401 ], [ 0.838649742357825, 51.581478360713902 ], [ 0.840078217246046, 51.582023015960203 ], [ 0.83799748353139, 51.593618963761102 ], [ 0.866825862664548, 51.595186384609903 ], [ 0.874374700653288, 51.6141508887792 ], [ 0.887428869773476, 51.615156859298096 ], [ 0.957516615699434, 51.620532307503098 ], [ 0.929866948989761, 51.592446360253199 ], [ 0.884470369592766, 51.568500537957497 ] ] ], [ [ [ 0.764706130829241, 51.638470035847298 ], [ 0.780515125061885, 51.630627558458002 ], [ 0.76366690345404, 51.636832808786998 ], [ 0.784388750256748, 51.624284046673999 ], [ 0.80784174099279, 51.622434846566101 ], [ 0.865440433018972, 51.615430923355198 ], [ 0.863895926381938, 51.608791824476498 ], [ 0.857805162739725, 51.607577035377801 ], [ 0.854019525527156, 51.595831528717497 ], [ 0.82042699550007, 51.598914352581502 ], [ 0.81197035948633, 51.603130717276102 ], [ 0.819073898512894, 51.597595979018301 ], [ 0.796392842575854, 51.586391684660001 ], [ 0.764340398436962, 51.5832296003571 ], [ 0.805898864585426, 51.586075326566402 ], [ 0.793421858511461, 51.576392336083302 ], [ 0.808114767740843, 51.578714557962698 ], [ 0.817754448018668, 51.561915646320898 ], [ 0.85074968781703, 51.5563390968085 ], [ 0.820968405413912, 51.540920797839703 ], [ 0.820841262671775, 51.540856789667401 ], [ 0.819168409590216, 51.5422065399787 ], [ 0.788990551027069, 51.542444125464797 ], [ 0.786689932259859, 51.552943395670603 ], [ 0.675333610589035, 51.572867975490702 ], [ 0.638950939122342, 51.576801070508402 ], [ 0.632077284564213, 51.570529474846303 ], [ 0.565918632574499, 51.588245240745202 ], [ 0.54903494812593, 51.596578367431803 ], [ 0.562475298241574, 51.617852648048903 ], [ 0.587014881986081, 51.623366485213502 ], [ 0.588251641752078, 51.6308954325103 ], [ 0.648850135362967, 51.636681587357401 ], [ 0.740346218424886, 51.632542778928801 ], [ 0.764706130829241, 51.638470035847298 ] ] ] ] } },
{ "type": "Feature", "properties": { "FID": 100, "LAD24CD": "E07000076", "LAD24NM": "Tendring", "LAD24NMW": " ", "BNG_E": 614190, "BNG_N": 222141, "LONG": 1.10898, "LAT": 51.8567, "GlobalID": "9fa98605-6863-433c-b6f5-088073f46026", "LAD24CD_1": "E07000076", "LAD24NM_1": "Tendring", "RUC21CD": "UIN", "RUC21NM": "Intermediate urban: Majority nearer to a major town or city", "Urban_rura": "Urban", "Shape_Leng": 143527.87523000001, "Shape__Area": 329231623.89196014, "Shape__Length": 143527.87522970571 }, "geometry": { "type": "MultiPolygon", "coordinates": [ [ [ [ 1.22179248136303, 51.872035106214597 ], [ 1.20674775520478, 51.870676929454703 ], [ 1.21868690650977, 51.878148041481303 ], [ 1.22466705621205, 51.880299142578302 ], [ 1.22179248136303, 51.872035106214597 ] ] ], [ [ [ 1.26290375352883, 51.880217263204102 ], [ 1.26374124768394, 51.873044291221603 ], [ 1.25504873490394, 51.874525639128798 ], [ 1.26290375352883, 51.880217263204102 ] ] ], [ [ [ 1.2574502050475, 51.883465395382302 ], [ 1.24459264439798, 51.868885313417898 ], [ 1.22642247370622, 51.875307647330096 ], [ 1.22969210008692, 51.8814698847169 ], [ 1.2574502050475, 51.883465395382302 ] ] ], [ [ [ 1.23395227520666, 51.893678725033602 ], [ 1.24267369616314, 51.886585642105501 ], [ 1.23155886770935, 51.887494315524599 ], [ 1.23395227520666, 51.893678725033602 ] ] ], [ [ [ 1.04771159936546, 51.959498337340598 ], [ 1.06868007327798, 51.950422812922298 ], [ 1.0658877932666, 51.949015890037501 ], [ 1.05391752356323, 51.953001419654697 ], [ 1.06186240217185, 51.945953684854203 ], [ 1.11947589223361, 51.940054099203103 ], [ 1.17012442357622, 51.948003939905398 ], [ 1.18054781073297, 51.941752325518401 ], [ 1.19934289738747, 51.940832647493103 ], [ 1.22733027234651, 51.939457478977097 ], [ 1.24615109918745, 51.948465667801301 ], [ 1.27712034704249, 51.939167905007601 ], [ 1.29089060146429, 51.948704256518901 ], [ 1.29608649924292, 51.9370854514572 ], [ 1.29662431207023, 51.935577696944002 ], [ 1.28511989010672, 51.936863766016003 ], [ 1.24971751246296, 51.9162014774761 ], [ 1.25288221586779, 51.914600459265898 ], [ 1.25799954713994, 51.912011185602303 ], [ 1.25201925106467, 51.902173944909201 ], [ 1.2462758961876, 51.8957454709237 ], [ 1.25095577267188, 51.902240131963801 ], [ 1.2341345096174, 51.903285788926802 ], [ 1.22601042207041, 51.903789933557 ], [ 1.21203546768351, 51.896626698786399 ], [ 1.22829890044513, 51.890537642856302 ], [ 1.21244096082245, 51.890363992508199 ], [ 1.19901557668311, 51.884777593169197 ], [ 1.20984184065484, 51.878517432340097 ], [ 1.20910087485572, 51.878352053734702 ], [ 1.1946745188036, 51.875131006892303 ], [ 1.17819061617363, 51.8714477969257 ], [ 1.19423990269444, 51.869001292815902 ], [ 1.21158591934142, 51.866354361246302 ], [ 1.22640966809504, 51.8721266735649 ], [ 1.23243812432739, 51.855072578988498 ], [ 1.23580028365272, 51.8614440203025 ], [ 1.24921539000175, 51.862307985691402 ], [ 1.25000411452171, 51.856121431397597 ], [ 1.2525999938084, 51.863751071862403 ], [ 1.26660493853362, 51.8636494053425 ], [ 1.26914507472014, 51.851778641099003 ], [ 1.26993184007437, 51.863625003901703 ], [ 1.26850949047767, 51.863635447908798 ], [ 1.26778677553658, 51.877113446586399 ], [ 1.28606513625981, 51.875742252079199 ], [ 1.26990057377809, 51.8773056181873 ], [ 1.26400833917778, 51.886109267161501 ], [ 1.26506529532702, 51.885698818183002 ], [ 1.28901331114762, 51.874842637070103 ], [ 1.29010770037687, 51.871403503219902 ], [ 1.28785232408345, 51.861980776589597 ], [ 1.2676576107907, 51.844577544811898 ], [ 1.25306450784584, 51.833588178545597 ], [ 1.23185107371392, 51.817600258910801 ], [ 1.12895098382417, 51.775438690731498 ], [ 1.05472076305474, 51.7695078257929 ], [ 1.04337631558113, 51.769708149604298 ], [ 1.01778996965053, 51.801200018892096 ], [ 1.04379112204909, 51.802451291372002 ], [ 1.06041598254837, 51.811694020844598 ], [ 1.06420714758794, 51.817224688760298 ], [ 1.06778296125308, 51.821083094641097 ], [ 1.04624201209041, 51.822874629794498 ], [ 1.0631773194784, 51.817548675753301 ], [ 1.05443255799152, 51.810835810752501 ], [ 1.01283586624298, 51.804860224207999 ], [ 0.984082585069526, 51.835055893627001 ], [ 1.02095489865661, 51.834774883602002 ], [ 0.985187351575367, 51.838971530676098 ], [ 0.98361699498483, 51.840736492420099 ], [ 0.980128082098004, 51.844657206139701 ], [ 0.979672796878529, 51.846658203282097 ], [ 0.977821874363019, 51.847248417991402 ], [ 0.977554685169973, 51.847548605191498 ], [ 0.977553635413133, 51.847333949273697 ], [ 0.965010102072273, 51.851332571639801 ], [ 0.978104327115427, 51.854043288540403 ], [ 0.978321077097013, 51.872161541993201 ], [ 0.952853229415343, 51.8803101601777 ], [ 0.962638457357751, 51.890728047487997 ], [ 0.948809135726053, 51.896752457579801 ], [ 0.957143069003518, 51.903648351112999 ], [ 0.9312031470394, 51.9197236253207 ], [ 0.957633842388884, 51.937310499379002 ], [ 1.00577987666421, 51.935601975744298 ], [ 1.02471198883193, 51.954902360631699 ], [ 1.04771159936546, 51.959498337340598 ] ] ] ] } },
{ "type": "Feature", "properties": { "FID": 101, "LAD24CD": "E07000077", "LAD24NM": "Uttlesford", "LAD24NMW": " ", "BNG_E": 557833, "BNG_N": 228863, "LONG": 0.294499, "LAT": 51.9359, "GlobalID": "d5498b85-215d-49e6-8e2e-07db28dbed62", "LAD24CD_1": "E07000077", "LAD24NM_1": "Uttlesford", "RUC21CD": "RMN", "RUC21NM": "Majority rural: Majority nearer to a major town or city", "Urban_rura": "Rural", "Shape_Leng": 138944.48683800001, "Shape__Area": 645326011.65381622, "Shape__Length": 138944.48683762393 }, "geometry": { "type": "Polygon", "coordinates": [ [ [ 0.389680177472463, 52.036457702038803 ], [ 0.394032429672931, 52.031840805501702 ], [ 0.43141870966045, 52.038935550772401 ], [ 0.437772204715547, 52.014094582021599 ], [ 0.413857544868883, 52.0116672011074 ], [ 0.42694351589013, 51.986758722080097 ], [ 0.423622540480258, 51.973217190324597 ], [ 0.41247571750255, 51.971061258288401 ], [ 0.430050296461589, 51.953831753710801 ], [ 0.421347448878639, 51.926273553995699 ], [ 0.433015803568579, 51.9247983773908 ], [ 0.467205417069055, 51.878656410973903 ], [ 0.513505104844132, 51.864397465468002 ], [ 0.519262342777842, 51.850449213113002 ], [ 0.445681465775623, 51.828872994202797 ], [ 0.431060817439215, 51.8318263454441 ], [ 0.424031521176507, 51.8541587227704 ], [ 0.413172153800461, 51.856659034730498 ], [ 0.403521217558056, 51.840276326112097 ], [ 0.41432224666562, 51.814241700121599 ], [ 0.404615009047594, 51.807422435736299 ], [ 0.400030261770626, 51.812761716393702 ], [ 0.384165196931081, 51.7970744301577 ], [ 0.361570125270334, 51.801150114993902 ], [ 0.362617227549911, 51.794906970535401 ], [ 0.340581328387737, 51.794478163401003 ], [ 0.33219814337298, 51.779629401674903 ], [ 0.346700459081854, 51.7675960702433 ], [ 0.299365659995665, 51.771859879311897 ], [ 0.295616775458178, 51.790265054056498 ], [ 0.237677631557306, 51.779775326557797 ], [ 0.231482040734041, 51.7951509191276 ], [ 0.196683179374779, 51.795766979951701 ], [ 0.18840408334763, 51.819641653931399 ], [ 0.166251617449305, 51.822154007682201 ], [ 0.17046768802496, 51.861622142838499 ], [ 0.195613946593584, 51.868118307772598 ], [ 0.174917119939892, 51.882785056539603 ], [ 0.183853999516835, 51.893501189453097 ], [ 0.124761446710298, 51.884585530093602 ], [ 0.124847425135061, 51.923608403080102 ], [ 0.10701203141805, 51.9718178542864 ], [ 0.096460611163959, 51.984325968204899 ], [ 0.069061011450733, 51.984042560871899 ], [ 0.068156072556951, 52.005763095566202 ], [ 0.092254337831656, 52.021653988071897 ], [ 0.105736213487718, 52.060261106197999 ], [ 0.119077515908339, 52.059962586734102 ], [ 0.128135198304803, 52.047322570785397 ], [ 0.151147231222932, 52.0528715575239 ], [ 0.166396143400974, 52.0481907792676 ], [ 0.167570276572422, 52.0549998106329 ], [ 0.189922071971941, 52.0602013954013 ], [ 0.183194362384494, 52.073183454493602 ], [ 0.203459400262098, 52.092674154476498 ], [ 0.235208003627414, 52.089000049476901 ], [ 0.251623252757855, 52.076770953667001 ], [ 0.276230791660398, 52.092657869095902 ], [ 0.286431681080009, 52.090249914838402 ], [ 0.32467398462829, 52.072783286523702 ], [ 0.345932855516239, 52.049701423618799 ], [ 0.389680177472463, 52.036457702038803 ] ] ] } },
{ "type": "Feature", "properties": { "FID": 102, "LAD24CD": "E07000078", "LAD24NM": "Cheltenham", "LAD24NMW": " ", "BNG_E": 394925, "BNG_N": 222232, "LONG": -2.07515, "LAT": 51.8986, "GlobalID": "915e26c4-9018-4ec9-a4e8-c59cae4d49a5", "LAD24CD_1": "E07000078", "LAD24NM_1": "Cheltenham", "RUC21CD": "UUN", "RUC21NM": "Urban: Majority nearer to a major town or city", "Urban_rura": "Urban", "Shape_Leng": 31000.6848909, "Shape__Area": 46538844.812362671, "Shape__Length": 31000.684890949291 }, "geometry": { "type": "Polygon", "coordinates": [ [ [ -2.01021519154428, 51.902924452652499 ], [ -2.02525152927113, 51.864284047558598 ], [ -2.04727725730044, 51.858341258740701 ], [ -2.07075731268617, 51.865026831822803 ], [ -2.09751946164285, 51.878863520123303 ], [ -2.12775774501291, 51.879718786489697 ], [ -2.12619621798564, 51.8875409103835 ], [ -2.14241819294109, 51.884508538767101 ], [ -2.12468010024739, 51.919340691013502 ], [ -2.10962242709734, 51.915853615762003 ], [ -2.10325109522481, 51.923360642745699 ], [ -2.10656542472398, 51.9388815790766 ], [ -2.03994348671729, 51.922410538667798 ], [ -2.03790035397327, 51.905276093473702 ], [ -2.01021519154428, 51.902924452652499 ] ] ] } },
{ "type": "Feature", "properties": { "FID": 103, "LAD24CD": "E07000079", "LAD24NM": "Cotswold", "LAD24NMW": " ", "BNG_E": 402126, "BNG_N": 208209, "LONG": -1.97058, "LAT": 51.7725, "GlobalID": "7cf63bc4-30e2-48f0-a1b3-92cf65b00eda", "LAD24CD_1": "E07000079", "LAD24NM_1": "Cotswold", "RUC21CD": "RMN", "RUC21NM": "Majority rural: Majority nearer to a major town or city", "Urban_rura": "Rural", "Shape_Leng": 275885.40432899998, "Shape__Area": 1167798413.7714157, "Shape__Length": 275885.40432931727 }, "geometry": { "type": "Polygon", "coordinates": [ [ [ -1.66575430454863, 51.987488821071501 ], [ -1.66252911046192, 51.9640049466649 ], [ -1.63249065036283, 51.955651457919501 ], [ -1.61518893058729, 51.937681628969699 ], [ -1.64552984349675, 51.922294255928698 ], [ -1.63305061648252, 51.899225466556501 ], [ -1.6586519744456, 51.896551192631001 ], [ -1.66711188278055, 51.877000057687702 ], [ -1.68686790516724, 51.865499769063099 ], [ -1.67638499897572, 51.850309685422197 ], [ -1.68646159226861, 51.834455790891802 ], [ -1.68193160633868, 51.803993086436201 ], [ -1.71948863302901, 51.783211827691503 ], [ -1.70070464063817, 51.7705842299967 ], [ -1.6870208353919, 51.7398840228322 ], [ -1.69587065656067, 51.723537452547802 ], [ -1.68800012551327, 51.712044747563603 ], [ -1.64825374342062, 51.684087065845901 ], [ -1.66845860139018, 51.680437568964201 ], [ -1.68313461199299, 51.690126376809701 ], [ -1.69661143422916, 51.692099700945001 ], [ -1.71098922041805, 51.671791194520203 ], [ -1.727488092936, 51.667208566799999 ], [ -1.75382175989693, 51.662173205011896 ], [ -1.78860021502991, 51.6670069386902 ], [ -1.81193331078398, 51.703123891620898 ], [ -1.82328624616454, 51.673543034811402 ], [ -1.81590758350003, 51.662980851898801 ], [ -1.85061102869137, 51.656285785290599 ], [ -1.87388423057635, 51.682589810133898 ], [ -1.89901603884181, 51.679691046924397 ], [ -1.87661122669359, 51.651549235762602 ], [ -1.92093625899621, 51.657231472026503 ], [ -1.94212716982488, 51.670429658006299 ], [ -1.9629675452052, 51.658686880764897 ], [ -1.95067417019488, 51.637035446884802 ], [ -1.97719872120297, 51.637929741443401 ], [ -1.99531096059941, 51.651376828452797 ], [ -2.01510144317502, 51.650368238562898 ], [ -2.05717380115619, 51.672443131296703 ], [ -2.15255295284545, 51.590325919513397 ], [ -2.17952710424549, 51.600014164794999 ], [ -2.19002396047558, 51.592475639192003 ], [ -2.20667832394276, 51.595941338171599 ], [ -2.20766478973341, 51.6034039905593 ], [ -2.24190435846893, 51.592091830786302 ], [ -2.2450978410726, 51.581383011411702 ], [ -2.27263015199504, 51.577557405479503 ], [ -2.28274577923905, 51.578516561106497 ], [ -2.291637286721, 51.593695920185397 ], [ -2.27722941406557, 51.619629157611598 ], [ -2.29376042551372, 51.632514157415699 ], [ -2.31433059006569, 51.625062169532697 ], [ -2.32356890393656, 51.633007410542 ], [ -2.28346610288165, 51.665719987354201 ], [ -2.28716408754539, 51.680635627396597 ], [ -2.24701603219582, 51.676307636075201 ], [ -2.23269665283808, 51.660930645231097 ], [ -2.19219932221474, 51.659791558351003 ], [ -2.18754947828145, 51.670288424821599 ], [ -2.21179685115587, 51.682182927729698 ], [ -2.20062275735676, 51.692840277571698 ], [ -2.14990902120774, 51.689378709280703 ], [ -2.12401731534079, 51.704962880032198 ], [ -2.13447010245378, 51.723215992602697 ], [ -2.08473516623213, 51.728330492031702 ], [ -2.08358225838085, 51.735864050188603 ], [ -2.06862413773313, 51.738461294414201 ], [ -2.08959700993191, 51.7470055383084 ], [ -2.1059278374998, 51.744029064097298 ], [ -2.10270287703673, 51.767284494164898 ], [ -2.07297020663909, 51.769743798080498 ], [ -2.0838447602206, 51.788910756671498 ], [ -2.11563590591199, 51.7994578404641 ], [ -2.13425447500207, 51.8199190398187 ], [ -2.11489451209384, 51.822789853569503 ], [ -2.09841042899061, 51.856559877290799 ], [ -2.08213767351869, 51.854921656812998 ], [ -2.07075731268617, 51.865026831822803 ], [ -2.04727725730044, 51.858341258740701 ], [ -2.02525152927113, 51.864284047558598 ], [ -2.01021519154428, 51.902924452652499 ], [ -1.99416873912513, 51.9149773709564 ], [ -1.9611967180509, 51.902517860124 ], [ -1.92940725049796, 51.904695261236 ], [ -1.91215942204398, 51.887600786764999 ], [ -1.89601600016554, 51.894300485509198 ], [ -1.85360869348314, 51.8934302348637 ], [ -1.88073484216912, 51.896790988028997 ], [ -1.86840447194007, 51.908067931801597 ], [ -1.88786059603436, 51.911888430189897 ], [ -1.88720560353566, 51.926193291217302 ], [ -1.92318709947832, 51.934889340174301 ], [ -1.93166063772968, 51.957325000677699 ], [ -1.9109051922959, 51.9693692496352 ], [ -1.89707465028271, 51.960318220890898 ], [ -1.8745710603696, 51.965066693337199 ], [ -1.86843000401884, 51.980595034428198 ], [ -1.88337454086779, 51.983672952620502 ], [ -1.86536382653487, 51.995159135352402 ], [ -1.81934897082943, 51.987374951050398 ], [ -1.80168309001443, 51.996885191534801 ], [ -1.83905030714283, 52.006783127576803 ], [ -1.8250228816679, 52.030933412642199 ], [ -1.8345888140813, 52.043733015803703 ], [ -1.86344917989937, 52.0534177221476 ], [ -1.87440607681162, 52.0699909106809 ], [ -1.84661960637666, 52.079421094748703 ], [ -1.83175334172358, 52.072769353354197 ], [ -1.81894341276327, 52.085404114207002 ], [ -1.81273665650818, 52.078744000556398 ], [ -1.80228873762243, 52.096941468587701 ], [ -1.7676920738422, 52.1125783274844 ], [ -1.74590621082171, 52.092829820133097 ], [ -1.72856052811281, 52.100120304639397 ], [ -1.73065604717972, 52.073291353753802 ], [ -1.71311213593006, 52.066552939376798 ], [ -1.70169911871026, 52.0728344030857 ], [ -1.70505254003613, 52.059633607760098 ], [ -1.6886364810542, 52.051833203727099 ], [ -1.69398075504565, 52.039527897987099 ], [ -1.66382433788403, 52.031266654642202 ], [ -1.62446030247049, 52.038953263556799 ], [ -1.61751874276147, 52.033395937485501 ], [ -1.66575091348295, 51.997404783333302 ], [ -1.66575430454863, 51.987488821071501 ] ] ] } },
{ "type": "Feature", "properties": { "FID": 104, "LAD24CD": "E07000080", "LAD24NM": "Forest of Dean", "LAD24NMW": " ", "BNG_E": 367175, "BNG_N": 212759, "LONG": -2.47755, "LAT": 51.8125, "GlobalID": "d04e2054-f88b-4a35-ac68-1a4fed761208", "LAD24CD_1": "E07000080", "LAD24NM_1": "Forest of Dean", "RUC21CD": "RMF", "RUC21NM": "Majority rural: Majority further from a major town or city", "Urban_rura": "Rural", "Shape_Leng": 166765.03746200001, "Shape__Area": 542623649.23603058, "Shape__Length": 166765.03746202242 }, "geometry": { "type": "Polygon", "coordinates": [ [ [ -2.35137852244174, 52.021359028124699 ], [ -2.35254266829771, 52.013535309370099 ], [ -2.32470967818414, 52.003567277416401 ], [ -2.32653883120796, 51.975790945981302 ], [ -2.31261970069138, 51.976504973660901 ], [ -2.30043302609069, 51.966775263685697 ], [ -2.27055558557873, 51.968939080058703 ], [ -2.26754501218162, 51.953188512318903 ], [ -2.28330418613353, 51.951813807473201 ], [ -2.29532562120891, 51.933226581745998 ], [ -2.28361011835363, 51.923297266495098 ], [ -2.29721151492027, 51.902904464279501 ], [ -2.28995563002817, 51.894340673986001 ], [ -2.31981721013595, 51.888500762037999 ], [ -2.3347031298695, 51.875741481088099 ], [ -2.31597756294278, 51.860859885597399 ], [ -2.34686664520539, 51.8545078924463 ], [ -2.35177492989174, 51.846224967807402 ], [ -2.34970190053647, 51.829741356680501 ], [ -2.36248380073361, 51.822710113376601 ], [ -2.35849104204252, 51.807564960896997 ], [ -2.34634520924663, 51.802656177347401 ], [ -2.35157790483711, 51.795962884043497 ], [ -2.37852483376847, 51.794625784845501 ], [ -2.41121856608316, 51.805648954340199 ], [ -2.42207781020887, 51.818581202205998 ], [ -2.45180880117732, 51.796400667156902 ], [ -2.44432509011362, 51.784040851779999 ], [ -2.41661606153936, 51.785121622833202 ], [ -2.3925132203416, 51.777271637469603 ], [ -2.38630069294575, 51.758093891696497 ], [ -2.40861927106247, 51.749839013067898 ], [ -2.43711284075921, 51.757333334184203 ], [ -2.47256781985598, 51.740928024377403 ], [ -2.50266510222392, 51.693298927127202 ], [ -2.54081319713281, 51.682397096222601 ], [ -2.54235461055758, 51.681540255436303 ], [ -2.54622282746309, 51.683716164759801 ], [ -2.56654171765728, 51.695140191470202 ], [ -2.58003460615758, 51.688166053816602 ], [ -2.61001183282315, 51.672658598012298 ], [ -2.64886659431428, 51.6312856836512 ], [ -2.65158733951677, 51.609616704316203 ], [ -2.65690762279837, 51.6219971692245 ], [ -2.65664127759941, 51.622799600920999 ], [ -2.66017627868065, 51.629599942048799 ], [ -2.66330246199113, 51.635612004554801 ], [ -2.66851392778044, 51.645630592683403 ], [ -2.68033178982132, 51.647547038684102 ], [ -2.66592276270364, 51.664323542032598 ], [ -2.6863760655126, 51.663201290759098 ], [ -2.65686372173786, 51.674503712440398 ], [ -2.67225329931617, 51.681000135274402 ], [ -2.66916891575376, 51.693150010737298 ], [ -2.68379147622247, 51.7006275146612 ], [ -2.66844054916154, 51.705788864331304 ], [ -2.68754079653479, 51.730426258230999 ], [ -2.67222511999267, 51.736362949281997 ], [ -2.66269206735517, 51.753894742742901 ], [ -2.68045213470349, 51.7689294138601 ], [ -2.66981057919979, 51.794273449820203 ], [ -2.67853782959666, 51.802845198471303 ], [ -2.65953874455198, 51.810682373244902 ], [ -2.66087144177876, 51.822753863612803 ], [ -2.65040070567432, 51.826124688022098 ], [ -2.63671005341688, 51.8430952603725 ], [ -2.62546695815918, 51.838964001538301 ], [ -2.60121663304725, 51.856216263492698 ], [ -2.58281688241695, 51.849577352030998 ], [ -2.58076385588478, 51.861588880685098 ], [ -2.53162394037576, 51.860771545985799 ], [ -2.50862440109418, 51.885169056029603 ], [ -2.48779469274655, 51.880417544992802 ], [ -2.43927491603518, 51.897382285240703 ], [ -2.44818479288624, 51.918668231321703 ], [ -2.4660430006938, 51.9279745026219 ], [ -2.46557353500141, 51.951704584373097 ], [ -2.50090645407367, 51.960609143371201 ], [ -2.49224484623915, 51.964128776399001 ], [ -2.49491293332375, 51.981075205911701 ], [ -2.47099259337338, 51.994736072193 ], [ -2.49198479935107, 52.007661874586702 ], [ -2.47893230092191, 52.022530410125299 ], [ -2.4640393485931, 52.023248006987799 ], [ -2.46337278472343, 52.014042446842403 ], [ -2.43655767424144, 52.0148038378181 ], [ -2.43729372314514, 51.997167042513901 ], [ -2.41319627507641, 51.994090306896801 ], [ -2.3990184898963, 51.996145946964504 ], [ -2.39289223171328, 52.0129587691277 ], [ -2.35137852244174, 52.021359028124699 ] ] ] } },
{ "type": "Feature", "properties": { "FID": 105, "LAD24CD": "E07000081", "LAD24NM": "Gloucester", "LAD24NMW": " ", "BNG_E": 384071, "BNG_N": 216449, "LONG": -2.23263, "LAT": 51.8464, "GlobalID": "c055de90-09b5-4823-bd38-b4a8c68a5075", "LAD24CD_1": "E07000081", "LAD24NM_1": "Gloucester", "RUC21CD": "UUN", "RUC21NM": "Urban: Majority nearer to a major town or city", "Urban_rura": "Urban", "Shape_Leng": 28016.804703999998, "Shape__Area": 40597168.892440796, "Shape__Length": 28016.804704012608 }, "geometry": { "type": "Polygon", "coordinates": [ [ [ -2.18768304421766, 51.845028686105103 ], [ -2.22336229265465, 51.821169434363497 ], [ -2.22748825011489, 51.8283112612366 ], [ -2.24934494248446, 51.825223441685701 ], [ -2.26285524007275, 51.807580400733599 ], [ -2.29908544876749, 51.8246337053289 ], [ -2.29822691186503, 51.8326020170799 ], [ -2.27927424725923, 51.844615758269903 ], [ -2.28782605309915, 51.859910745178603 ], [ -2.27429380442651, 51.863014471073498 ], [ -2.26787042466748, 51.875179940892103 ], [ -2.23805338955059, 51.883260457843797 ], [ -2.19912098394458, 51.880624277504303 ], [ -2.19638509258574, 51.865543509943002 ], [ -2.17725789160801, 51.8558772083313 ], [ -2.18768304421766, 51.845028686105103 ] ] ] } },
{ "type": "Feature", "properties": { "FID": 106, "LAD24CD": "E07000082", "LAD24NM": "Stroud", "LAD24NMW": " ", "BNG_E": 378807, "BNG_N": 202410, "LONG": -2.30818, "LAT": 51.72, "GlobalID": "622093d3-0bee-4695-aecb-bde6d2271f11", "LAD24CD_1": "E07000082", "LAD24NM_1": "Stroud", "RUC21CD": "UIN", "RUC21NM": "Intermediate urban: Majority nearer to a major town or city", "Urban_rura": "Urban", "Shape_Leng": 142765.50271100001, "Shape__Area": 472499827.30547333, "Shape__Length": 142765.5027108918 }, "geometry": { "type": "Polygon", "coordinates": [ [ [ -2.29822691186503, 51.8326020170799 ], [ -2.29908544876749, 51.8246337053289 ], [ -2.26285524007275, 51.807580400733599 ], [ -2.24934494248446, 51.825223441685701 ], [ -2.22748825011489, 51.8283112612366 ], [ -2.22336229265465, 51.821169434363497 ], [ -2.18768304421766, 51.845028686105103 ], [ -2.16008432600099, 51.824563762790298 ], [ -2.13425447500207, 51.8199190398187 ], [ -2.11563590591199, 51.7994578404641 ], [ -2.0838447602206, 51.788910756671498 ], [ -2.07297020663909, 51.769743798080498 ], [ -2.10270287703673, 51.767284494164898 ], [ -2.1059278374998, 51.744029064097298 ], [ -2.08959700993191, 51.7470055383084 ], [ -2.06862413773313, 51.738461294414201 ], [ -2.08358225838085, 51.735864050188603 ], [ -2.08473516623213, 51.728330492031702 ], [ -2.13447010245378, 51.723215992602697 ], [ -2.12401731534079, 51.704962880032198 ], [ -2.14990902120774, 51.689378709280703 ], [ -2.20062275735676, 51.692840277571698 ], [ -2.21179685115587, 51.682182927729698 ], [ -2.18754947828145, 51.670288424821599 ], [ -2.19219932221474, 51.659791558351003 ], [ -2.23269665283808, 51.660930645231097 ], [ -2.24701603219582, 51.676307636075201 ], [ -2.28716408754539, 51.680635627396597 ], [ -2.28346610288165, 51.665719987354201 ], [ -2.32356890393656, 51.633007410542 ], [ -2.31433059006569, 51.625062169532697 ], [ -2.29376042551372, 51.632514157415699 ], [ -2.27722941406557, 51.619629157611598 ], [ -2.291637286721, 51.593695920185397 ], [ -2.33106255956941, 51.591602189699003 ], [ -2.36564150390742, 51.603741118934003 ], [ -2.37042970085191, 51.597573428840597 ], [ -2.39465737965729, 51.597368823119297 ], [ -2.38890966915367, 51.627540373650703 ], [ -2.40047490634886, 51.635143480194401 ], [ -2.38598850246378, 51.639943108714 ], [ -2.44298607534301, 51.652486624672399 ], [ -2.49067532485481, 51.644833983052798 ], [ -2.48964630141277, 51.663964509500701 ], [ -2.54081319713281, 51.682397096222601 ], [ -2.50266510222392, 51.693298927127202 ], [ -2.47256781985598, 51.740928024377403 ], [ -2.43711284075921, 51.757333334184203 ], [ -2.40861927106247, 51.749839013067898 ], [ -2.38630069294575, 51.758093891696497 ], [ -2.3925132203416, 51.777271637469603 ], [ -2.41661606153936, 51.785121622833202 ], [ -2.44432509011362, 51.784040851779999 ], [ -2.45180880117732, 51.796400667156902 ], [ -2.42207781020887, 51.818581202205998 ], [ -2.41121856608316, 51.805648954340199 ], [ -2.37852483376847, 51.794625784845501 ], [ -2.35157790483711, 51.795962884043497 ], [ -2.34634520924663, 51.802656177347401 ], [ -2.35849104204252, 51.807564960896997 ], [ -2.36248380073361, 51.822710113376601 ], [ -2.34970190053647, 51.829741356680501 ], [ -2.35177492989174, 51.846224967807402 ], [ -2.30746711014565, 51.846877821440401 ], [ -2.29822691186503, 51.8326020170799 ] ] ] } },
{ "type": "Feature", "properties": { "FID": 107, "LAD24CD": "E07000083", "LAD24NM": "Tewkesbury", "LAD24NMW": " ", "BNG_E": 386348, "BNG_N": 226281, "LONG": -2.19997, "LAT": 51.9349, "GlobalID": "86d5c87a-18c8-4949-8042-17e95337445a", "LAD24CD_1": "E07000083", "LAD24NM_1": "Tewkesbury", "RUC21CD": "UIN", "RUC21NM": "Intermediate urban: Majority nearer to a major town or city", "Urban_rura": "Urban", "Shape_Leng": 170213.85767600001, "Shape__Area": 413495708.49351501, "Shape__Length": 170213.85767621416 }, "geometry": { "type": "Polygon", "coordinates": [ [ [ -1.83905030714283, 52.006783127576803 ], [ -1.80168309001443, 51.996885191534801 ], [ -1.81934897082943, 51.987374951050398 ], [ -1.86536382653487, 51.995159135352402 ], [ -1.88337454086779, 51.983672952620502 ], [ -1.86843000401884, 51.980595034428198 ], [ -1.8745710603696, 51.965066693337199 ], [ -1.89707465028271, 51.960318220890898 ], [ -1.9109051922959, 51.9693692496352 ], [ -1.93166063772968, 51.957325000677699 ], [ -1.92318709947832, 51.934889340174301 ], [ -1.88720560353566, 51.926193291217302 ], [ -1.88786059603436, 51.911888430189897 ], [ -1.86840447194007, 51.908067931801597 ], [ -1.88073484216912, 51.896790988028997 ], [ -1.85360869348314, 51.8934302348637 ], [ -1.89601600016554, 51.894300485509198 ], [ -1.91215942204398, 51.887600786764999 ], [ -1.92940725049796, 51.904695261236 ], [ -1.9611967180509, 51.902517860124 ], [ -1.99416873912513, 51.9149773709564 ], [ -2.01021519154428, 51.902924452652499 ], [ -2.03790035397327, 51.905276093473702 ], [ -2.03994348671729, 51.922410538667798 ], [ -2.10656542472398, 51.9388815790766 ], [ -2.10325109522481, 51.923360642745699 ], [ -2.10962242709734, 51.915853615762003 ], [ -2.12468010024739, 51.919340691013502 ], [ -2.14241819294109, 51.884508538767101 ], [ -2.12619621798564, 51.8875409103835 ], [ -2.12775774501291, 51.879718786489697 ], [ -2.09751946164285, 51.878863520123303 ], [ -2.07075731268617, 51.865026831822803 ], [ -2.08213767351869, 51.854921656812998 ], [ -2.09841042899061, 51.856559877290799 ], [ -2.11489451209384, 51.822789853569503 ], [ -2.13425447500207, 51.8199190398187 ], [ -2.16008432600099, 51.824563762790298 ], [ -2.18768304421766, 51.845028686105103 ], [ -2.17725789160801, 51.8558772083313 ], [ -2.19638509258574, 51.865543509943002 ], [ -2.19912098394458, 51.880624277504303 ], [ -2.23805338955059, 51.883260457843797 ], [ -2.26787042466748, 51.875179940892103 ], [ -2.27429380442651, 51.863014471073498 ], [ -2.28782605309915, 51.859910745178603 ], [ -2.27927424725923, 51.844615758269903 ], [ -2.29822691186503, 51.8326020170799 ], [ -2.30746711014565, 51.846877821440401 ], [ -2.35177492989174, 51.846224967807402 ], [ -2.34686664520539, 51.8545078924463 ], [ -2.31597756294278, 51.860859885597399 ], [ -2.3347031298695, 51.875741481088099 ], [ -2.31981721013595, 51.888500762037999 ], [ -2.28995563002817, 51.894340673986001 ], [ -2.29721151492027, 51.902904464279501 ], [ -2.28361011835363, 51.923297266495098 ], [ -2.29532562120891, 51.933226581745998 ], [ -2.28330418613353, 51.951813807473201 ], [ -2.26754501218162, 51.953188512318903 ], [ -2.27055558557873, 51.968939080058703 ], [ -2.25135998124032, 51.966564933300603 ], [ -2.2206132435217, 51.9954966439335 ], [ -2.18508403441562, 51.990560977942501 ], [ -2.1807485360373, 51.999615170405001 ], [ -2.16463014559703, 51.996143253236497 ], [ -2.18768330302322, 52.019080156756402 ], [ -2.17690606521531, 52.022559229099997 ], [ -2.18067935412919, 52.041728122963598 ], [ -2.17136924553862, 52.047610534043997 ], [ -2.11838638193208, 52.042116756958798 ], [ -2.11721985481579, 52.033614427082597 ], [ -2.13939720724878, 52.027891848772299 ], [ -2.14965530887931, 52.011256167763499 ], [ -2.14068698320585, 51.9994641958926 ], [ -2.11219762720392, 52.015344734082397 ], [ -2.08487319407292, 52.010478583707503 ], [ -2.06077974233804, 52.014663288412898 ], [ -2.04951417600198, 52.003796217665702 ], [ -2.03835621126119, 52.004600622608102 ], [ -1.98413574037062, 52.035879273509103 ], [ -1.95137076201915, 52.037699482758597 ], [ -1.93169767686998, 52.029889272855797 ], [ -1.91344602070409, 52.044461239700901 ], [ -1.83905030714283, 52.006783127576803 ] ] ] } },
{ "type": "Feature", "properties": { "FID": 108, "LAD24CD": "E07000084", "LAD24NM": "Basingstoke and Deane", "LAD24NMW": " ", "BNG_E": 454507, "BNG_N": 151423, "LONG": -1.22023, "LAT": 51.2594, "GlobalID": "2d159ec2-8b76-4374-8189-ef00f410d005", "LAD24CD_1": "E07000084", "LAD24NM_1": "Basingstoke and Deane", "RUC21CD": "UIN", "RUC21NM": "Intermediate urban: Majority nearer to a major town or city", "Urban_rura": "Urban", "Shape_Leng": 122978.52239, "Shape__Area": 634608479.07832336, "Shape__Length": 122978.5223897439 }, "geometry": { "type": "Polygon", "coordinates": [ [ [ -0.986123750530059, 51.362848287645903 ], [ -0.986740059567131, 51.359855623904501 ], [ -0.994603752323543, 51.342311480649201 ], [ -0.981001363948966, 51.337229466943697 ], [ -0.983822672433784, 51.308466482663903 ], [ -1.00227767688334, 51.293988608311899 ], [ -0.98172643308235, 51.286631278384299 ], [ -0.978042637434709, 51.275128690295197 ], [ -0.993707664613692, 51.244417023910302 ], [ -0.974796238369646, 51.238519390397499 ], [ -0.983109649067545, 51.235307968432302 ], [ -0.975474728886727, 51.225915392851498 ], [ -0.985882556048391, 51.1904355676417 ], [ -1.07110387660569, 51.187755917723301 ], [ -1.07424962999226, 51.164451726980403 ], [ -1.10492064240082, 51.163148925382899 ], [ -1.13178977908392, 51.143580783393702 ], [ -1.17428883824829, 51.1335401455067 ], [ -1.18444502428867, 51.144310610961298 ], [ -1.21329929432059, 51.151947280045597 ], [ -1.21437992877125, 51.158774385325003 ], [ -1.18557231049611, 51.163988679925303 ], [ -1.19166275077916, 51.184719645445902 ], [ -1.20656057825877, 51.180702008006101 ], [ -1.22821223117263, 51.190568187818997 ], [ -1.30882299401137, 51.194738914618 ], [ -1.34093898175545, 51.184579033783699 ], [ -1.34124536154621, 51.205442532762497 ], [ -1.35817805146872, 51.212020714736902 ], [ -1.36886226153206, 51.202406763861099 ], [ -1.38366598756387, 51.214900246065802 ], [ -1.42809469496602, 51.225035800318999 ], [ -1.42871457193085, 51.234414036624798 ], [ -1.45993987040412, 51.255562283849002 ], [ -1.41676583937642, 51.283069003429297 ], [ -1.42865103002015, 51.300390231448098 ], [ -1.41840912278549, 51.3264777541782 ], [ -1.42970566274725, 51.3365441680575 ], [ -1.44411579097067, 51.354913831372698 ], [ -1.42847578984356, 51.356699562115899 ], [ -1.41111323915575, 51.372858345147797 ], [ -1.34978173494559, 51.367119575245802 ], [ -1.25113955136333, 51.372040528510702 ], [ -1.17689427560879, 51.357324052900502 ], [ -1.13858996979348, 51.357191071563697 ], [ -1.11579091152374, 51.360466163962101 ], [ -1.1154571911925, 51.374214908495297 ], [ -1.08664067565436, 51.383911204206001 ], [ -1.05008141284422, 51.358109166083302 ], [ -0.986123750530059, 51.362848287645903 ] ] ] } },
{ "type": "Feature", "properties": { "FID": 109, "LAD24CD": "E07000085", "LAD24NM": "East Hampshire", "LAD24NMW": " ", "BNG_E": 474408, "BNG_N": 129247, "LONG": -0.93965, "LAT": 51.0577, "GlobalID": "d3c02af2-d55c-4974-8b03-e1b16d36cb2f", "LAD24CD_1": "E07000085", "LAD24NM_1": "East Hampshire", "RUC21CD": "RIN", "RUC21NM": "Intermediate rural: Majority nearer to a major town or city", "Urban_rura": "Rural", "Shape_Leng": 124378.263206, "Shape__Area": 514528117.6163826, "Shape__Length": 124378.26320604455 }, "geometry": { "type": "Polygon", "coordinates": [ [ [ -0.759334275945299, 51.103258671010202 ], [ -0.753474893729619, 51.086453501147197 ], [ -0.780801795334142, 51.079351942274698 ], [ -0.79778120448179, 51.063546121665198 ], [ -0.842847950683525, 51.066886807164003 ], [ -0.852810677861577, 51.044843319151902 ], [ -0.896993034200906, 51.022010117356899 ], [ -0.893346615712615, 51.002742984694002 ], [ -0.907864084059223, 50.994241113528901 ], [ -0.931847105710517, 50.945580428393797 ], [ -0.942110087824929, 50.942894085191497 ], [ -0.924013258512923, 50.924199038235898 ], [ -0.940245276386778, 50.9180541120271 ], [ -0.957585094925949, 50.890606991341599 ], [ -0.938656962420833, 50.873714551368003 ], [ -0.963608258952876, 50.867252378306198 ], [ -0.960443269168923, 50.8721837587156 ], [ -1.01868063560648, 50.909038489252701 ], [ -1.034115914449, 50.904162644523197 ], [ -1.04845560132509, 50.902516318801503 ], [ -1.03563130267894, 50.951482964313499 ], [ -1.04618403359377, 50.954607812898601 ], [ -1.04522980855982, 50.968616495633 ], [ -1.06336611333371, 50.977691736783399 ], [ -1.06946206267262, 50.993729977626998 ], [ -1.06234063314353, 51.020329166643101 ], [ -1.07450277305263, 51.032622759584498 ], [ -1.05374125375232, 51.047185550213499 ], [ -1.08168287808978, 51.046426346106202 ], [ -1.10854431201013, 51.086198662348004 ], [ -1.07207267984385, 51.107086288531903 ], [ -1.09392528572934, 51.107768333782097 ], [ -1.09504285543171, 51.140346135902497 ], [ -1.11211354551843, 51.136577924419697 ], [ -1.13178977908392, 51.143580783393702 ], [ -1.10492064240082, 51.163148925382899 ], [ -1.07424962999226, 51.164451726980403 ], [ -1.07110387660569, 51.187755917723301 ], [ -0.985882556048391, 51.1904355676417 ], [ -0.973758663710723, 51.186021504175599 ], [ -0.951175604875137, 51.2004466062806 ], [ -0.904307630884531, 51.209908751175298 ], [ -0.84892972737272, 51.210732727430802 ], [ -0.825443293261202, 51.181356505057799 ], [ -0.834182386405469, 51.147600596622802 ], [ -0.805239980602741, 51.155391333090002 ], [ -0.794395940028727, 51.149759086914301 ], [ -0.769446670622899, 51.1172584317369 ], [ -0.74549512326378, 51.112204338144402 ], [ -0.749272690128818, 51.103245905715902 ], [ -0.759334275945299, 51.103258671010202 ] ] ] } },
{ "type": "Feature", "properties": { "FID": 110, "LAD24CD": "E07000086", "LAD24NM": "Eastleigh", "LAD24NMW": " ", "BNG_E": 447199, "BNG_N": 116807, "LONG": -1.32947, "LAT": 50.9488, "GlobalID": "e6454bdf-4ef3-4396-9059-5054572fdaa4", "LAD24CD_1": "E07000086", "LAD24NM_1": "Eastleigh", "RUC21CD": "UUN", "RUC21NM": "Urban: Majority nearer to a major town or city", "Urban_rura": "Urban", "Shape_Leng": 54533.7057833, "Shape__Area": 77688930.926643372, "Shape__Length": 54533.705783274425 }, "geometry": { "type": "Polygon", "coordinates": [ [ [ -1.26531609716883, 50.897978633621101 ], [ -1.28808842717944, 50.895656746839499 ], [ -1.30289373324194, 50.883565599887099 ], [ -1.30401934677642, 50.878908154896202 ], [ -1.31694085070509, 50.876119737038103 ], [ -1.31081565304827, 50.850769932040201 ], [ -1.31114726695227, 50.849395759817902 ], [ -1.3628763085646, 50.8787499615093 ], [ -1.32197756217243, 50.900953498154699 ], [ -1.33335691001506, 50.9198827706944 ], [ -1.35793338490146, 50.930731345071003 ], [ -1.35468995194608, 50.9410218335276 ], [ -1.37989189534768, 50.947518069458901 ], [ -1.37403411160523, 50.9539758069442 ], [ -1.39646577249423, 50.9685027819217 ], [ -1.39297466014347, 51.004361318353503 ], [ -1.35346769222015, 50.998158615210897 ], [ -1.34276548676774, 50.990888775965601 ], [ -1.34663548336063, 50.981342368872397 ], [ -1.32767805842609, 50.980120066838602 ], [ -1.32236605694883, 50.987653297150899 ], [ -1.29057452599741, 50.982869800634901 ], [ -1.29342815341834, 50.974145310493498 ], [ -1.25815427373225, 50.9783418918243 ], [ -1.29255951210637, 50.948633720221501 ], [ -1.26467421680402, 50.926274965206197 ], [ -1.26531609716883, 50.897978633621101 ] ] ] } },
{ "type": "Feature", "properties": { "FID": 111, "LAD24CD": "E07000087", "LAD24NM": "Fareham", "LAD24NMW": " ", "BNG_E": 453774, "BNG_N": 106319, "LONG": -1.23742, "LAT": 50.8539, "GlobalID": "f74f9da2-ecf0-4afc-a6b4-b09b927e7fe2", "LAD24CD_1": "E07000087", "LAD24NM_1": "Fareham", "RUC21CD": "UUN", "RUC21NM": "Urban: Majority nearer to a major town or city", "Urban_rura": "Urban", "Shape_Leng": 49809.4231268, "Shape__Area": 73043048.201530457, "Shape__Length": 49809.423126770242 }, "geometry": { "type": "MultiPolygon", "coordinates": [ [ [ [ -1.31081565304827, 50.850769932040201 ], [ -1.310378252749, 50.848958930451097 ], [ -1.31114726695227, 50.849395759817902 ], [ -1.31081565304827, 50.850769932040201 ] ] ], [ [ [ -1.26531609716883, 50.897978633621101 ], [ -1.25524262454376, 50.8731028768252 ], [ -1.23032669672979, 50.860770330755997 ], [ -1.2160389663993, 50.875058036891801 ], [ -1.1980187352382, 50.875943087861302 ], [ -1.19586354976574, 50.885038701401498 ], [ -1.167217639143, 50.889433161741799 ], [ -1.15003467270108, 50.879404284350997 ], [ -1.14324504672592, 50.858428602864599 ], [ -1.11578319799786, 50.858273848525897 ], [ -1.11393420663218, 50.8435300869724 ], [ -1.11692040081752, 50.842852085527099 ], [ -1.11842762122027, 50.837282619339398 ], [ -1.15448347429157, 50.845055315904702 ], [ -1.17122223272469, 50.840853833018002 ], [ -1.17188835182203, 50.8566054005612 ], [ -1.17811559616072, 50.838142565021897 ], [ -1.17907097573144, 50.837661771680899 ], [ -1.17950837687769, 50.837312785498199 ], [ -1.17693921729668, 50.837425825590898 ], [ -1.1891132405118, 50.8226722260423 ], [ -1.17959563484696, 50.8131811335031 ], [ -1.21383295159789, 50.809007660514702 ], [ -1.21416538565878, 50.809273586351402 ], [ -1.30732269458683, 50.841292835212897 ], [ -1.30288974898396, 50.877012185557 ], [ -1.30064715583259, 50.879635555608999 ], [ -1.30261670774736, 50.879210733415597 ], [ -1.30401934677642, 50.878908154896202 ], [ -1.30289373324194, 50.883565599887099 ], [ -1.28808842717944, 50.895656746839499 ], [ -1.26531609716883, 50.897978633621101 ] ] ] ] } },
{ "type": "Feature", "properties": { "FID": 112, "LAD24CD": "E07000088", "LAD24NM": "Gosport", "LAD24NMW": " ", "BNG_E": 458769, "BNG_N": 101088, "LONG": -1.16731, "LAT": 50.8064, "GlobalID": "f54cbad7-789d-40ff-84df-ec3b5a7b2b3d", "LAD24CD_1": "E07000088", "LAD24NM_1": "Gosport", "RUC21CD": "UUN", "RUC21NM": "Urban: Majority nearer to a major town or city", "Urban_rura": "Urban", "Shape_Leng": 28819.615921799999, "Shape__Area": 25666247.751754761, "Shape__Length": 28819.615921754208 }, "geometry": { "type": "Polygon", "coordinates": [ [ [ -1.15694255830349, 50.8375250531899 ], [ -1.15718995950647, 50.823375866049602 ], [ -1.14950067083176, 50.825116839505903 ], [ -1.14576702222162, 50.825961956483198 ], [ -1.12380413784356, 50.806160554955397 ], [ -1.13710560093048, 50.802290748147897 ], [ -1.12369218219535, 50.804063242635003 ], [ -1.11982630702285, 50.796231853327001 ], [ -1.11783136010298, 50.792189482702597 ], [ -1.14068920003963, 50.783452809459902 ], [ -1.11194867548652, 50.789526134737798 ], [ -1.13595719484074, 50.776555089889698 ], [ -1.14215880453816, 50.773451463421203 ], [ -1.15038734105804, 50.776277075660097 ], [ -1.1898558218565, 50.789817177095998 ], [ -1.19857654419458, 50.796799331957601 ], [ -1.21383295159789, 50.809007660514702 ], [ -1.17959563484696, 50.8131811335031 ], [ -1.1891132405118, 50.8226722260423 ], [ -1.17693921729668, 50.837425825590898 ], [ -1.16130195636781, 50.838112567051503 ], [ -1.15694255830349, 50.8375250531899 ] ] ] } },
{ "type": "Feature", "properties": { "FID": 113, "LAD24CD": "E07000089", "LAD24NM": "Hart", "LAD24NMW": " ", "BNG_E": 477985, "BNG_N": 154241, "LONG": -0.88321, "LAT": 51.282, "GlobalID": "15278367-4ffb-4fce-8239-49bda4251d82", "LAD24CD_1": "E07000089", "LAD24NM_1": "Hart", "RUC21CD": "UIN", "RUC21NM": "Intermediate urban: Majority nearer to a major town or city", "Urban_rura": "Urban", "Shape_Leng": 65784.347498899995, "Shape__Area": 213278822.54970551, "Shape__Length": 65784.347498867792 }, "geometry": { "type": "Polygon", "coordinates": [ [ [ -0.837373716901633, 51.3528861216693 ], [ -0.775466206963731, 51.3319589023235 ], [ -0.76290312001552, 51.318730528734498 ], [ -0.778650808811783, 51.317486001203697 ], [ -0.797276683917175, 51.303924294071003 ], [ -0.802823807905411, 51.292530107042701 ], [ -0.790282243964634, 51.2822000189907 ], [ -0.80752379242497, 51.275291583022003 ], [ -0.804749572959298, 51.245064746677102 ], [ -0.84892972737272, 51.210732727430802 ], [ -0.904307630884531, 51.209908751175298 ], [ -0.951175604875137, 51.2004466062806 ], [ -0.973758663710723, 51.186021504175599 ], [ -0.985882556048391, 51.1904355676417 ], [ -0.975474728886727, 51.225915392851498 ], [ -0.983109649067545, 51.235307968432302 ], [ -0.974796238369646, 51.238519390397499 ], [ -0.993707664613692, 51.244417023910302 ], [ -0.978042637434709, 51.275128690295197 ], [ -0.98172643308235, 51.286631278384299 ], [ -1.00227767688334, 51.293988608311899 ], [ -0.983822672433784, 51.308466482663903 ], [ -0.981001363948966, 51.337229466943697 ], [ -0.994603752323543, 51.342311480649201 ], [ -0.986740059567131, 51.359855623904501 ], [ -0.92369481434098, 51.366010494413104 ], [ -0.878057285570353, 51.3526294424531 ], [ -0.837373716901633, 51.3528861216693 ] ] ] } },
{ "type": "Feature", "properties": { "FID": 114, "LAD24CD": "E07000090", "LAD24NM": "Havant", "LAD24NMW": " ", "BNG_E": 470178, "BNG_N": 108564, "LONG": -1.00398, "LAT": 50.8723, "GlobalID": "f638444b-86ec-4a85-acd5-1317f908835e", "LAD24CD_1": "E07000090", "LAD24NM_1": "Havant", "RUC21CD": "UUN", "RUC21NM": "Urban: Majority nearer to a major town or city", "Urban_rura": "Urban", "Shape_Leng": 61336.942738099999, "Shape__Area": 56155172.074092865, "Shape__Length": 61336.942738086633 }, "geometry": { "type": "MultiPolygon", "coordinates": [ [ [ [ -0.950970779689511, 50.8237904396658 ], [ -0.957215526534016, 50.807572918226299 ], [ -0.973331986538252, 50.809034284830702 ], [ -0.952746967377765, 50.801119214011599 ], [ -0.959264224397035, 50.794910151910798 ], [ -0.967368026819968, 50.787186775115998 ], [ -0.951226598896024, 50.787019184426597 ], [ -0.958866318819904, 50.781154929709899 ], [ -0.937591016133505, 50.787324302487697 ], [ -0.938877298981062, 50.777592061242601 ], [ -0.95871402765746, 50.779537343667002 ], [ -1.02388973732368, 50.788153375631701 ], [ -1.024998748734, 50.7954778803133 ], [ -1.02508165818578, 50.7960253370278 ], [ -0.994524437189328, 50.7983665664024 ], [ -0.983269060952603, 50.820732632309102 ], [ -0.990075383834852, 50.826982405665298 ], [ -0.967569150120976, 50.834822491392302 ], [ -0.950970779689511, 50.8237904396658 ] ] ], [ [ [ -0.960443269168923, 50.8721837587156 ], [ -0.963608258952876, 50.867252378306198 ], [ -0.938656962420833, 50.873714551368003 ], [ -0.926450186989275, 50.864091719804399 ], [ -0.934485538895187, 50.8458652554229 ], [ -0.974511987318041, 50.842185870534301 ], [ -0.981241864553387, 50.834937151561498 ], [ -0.998764274939229, 50.841599196795201 ], [ -1.00077138103674, 50.851383113090698 ], [ -1.00262305839497, 50.843132087276999 ], [ -1.02064046436929, 50.839003577159303 ], [ -1.022115710488, 50.8358025931974 ], [ -1.02201607672049, 50.835316817521303 ], [ -1.02348320692173, 50.833411776642201 ], [ -1.02364081020991, 50.833152018142599 ], [ -1.02395193712883, 50.8315863631422 ], [ -1.02263575697472, 50.852101032216297 ], [ -1.0540820707523, 50.856530229351698 ], [ -1.05461663667125, 50.867448793655598 ], [ -1.0473811471308, 50.865749609588697 ], [ -1.03502167657584, 50.8806302342295 ], [ -1.04913126674986, 50.891465868848599 ], [ -1.034115914449, 50.904162644523197 ], [ -1.01868063560648, 50.909038489252701 ], [ -0.960443269168923, 50.8721837587156 ] ] ] ] } },
{ "type": "Feature", "properties": { "FID": 115, "LAD24CD": "E07000091", "LAD24NM": "New Forest", "LAD24NMW": " ", "BNG_E": 428748, "BNG_N": 106524, "LONG": -1.59293, "LAT": 50.8575, "GlobalID": "e8c0eecb-b324-421c-9c14-8c054d6f06c5", "LAD24CD_1": "E07000091", "LAD24NM_1": "New Forest", "RUC21CD": "UIN", "RUC21NM": "Intermediate urban: Majority nearer to a major town or city", "Urban_rura": "Urban", "Shape_Leng": 172566.23389599999, "Shape__Area": 754665386.33979797, "Shape__Length": 172566.23389580619 }, "geometry": { "type": "MultiPolygon", "coordinates": [ [ [ [ -1.55514990055038, 50.714347984229498 ], [ -1.55117688336392, 50.706141178964003 ], [ -1.55647776504661, 50.707680655596498 ], [ -1.55514990055038, 50.714347984229498 ] ] ], [ [ [ -1.47451382628847, 50.924285757979099 ], [ -1.46512306441935, 50.910343747004298 ], [ -1.46676306922394, 50.910938266639199 ], [ -1.47451382628847, 50.924285757979099 ] ] ], [ [ [ -1.83581730052681, 51.009473341055802 ], [ -1.81542176154033, 50.9859226497394 ], [ -1.80031396441254, 50.991394799555302 ], [ -1.75440191299908, 50.977892094841302 ], [ -1.71957103083064, 50.976786261620198 ], [ -1.66165999760679, 50.9452778916326 ], [ -1.63496498191182, 50.959242202382399 ], [ -1.61975086537986, 50.958566921643502 ], [ -1.59008277389713, 50.951263581907902 ], [ -1.58407499578276, 50.962117857373102 ], [ -1.54453154189991, 50.969281335210901 ], [ -1.53108447147316, 50.9512366917157 ], [ -1.50996921166519, 50.950107794376599 ], [ -1.50307689686896, 50.936193400394203 ], [ -1.48410323032816, 50.930496989533999 ], [ -1.48197623065384, 50.928309783714198 ], [ -1.47405353855196, 50.911698340779303 ], [ -1.47899335997122, 50.916539446237799 ], [ -1.48878022597649, 50.910398165009703 ], [ -1.49075386280765, 50.915851624412902 ], [ -1.48898806320728, 50.910267716491802 ], [ -1.48775957390344, 50.907577543830797 ], [ -1.47825761408536, 50.911936309806102 ], [ -1.45911482138264, 50.900682067580803 ], [ -1.4325825049111, 50.8974775622873 ], [ -1.42664529200389, 50.896759690643499 ], [ -1.37824347839952, 50.854641255598096 ], [ -1.35747232564426, 50.849502383053299 ], [ -1.36056297638246, 50.8428735109879 ], [ -1.3402695638494, 50.842690843680202 ], [ -1.33941730184018, 50.826643310800499 ], [ -1.3245770079052, 50.826207287754997 ], [ -1.32597952615599, 50.816485945340503 ], [ -1.32591487774261, 50.8164938687705 ], [ -1.31147465935612, 50.8134290763347 ], [ -1.30783622530003, 50.820329549063899 ], [ -1.30783227357018, 50.820323560794897 ], [ -1.30859820406538, 50.814798318426 ], [ -1.31697844898494, 50.8076176138797 ], [ -1.32662670087547, 50.80354879363 ], [ -1.34254959451671, 50.785730587021 ], [ -1.37372684276955, 50.784855308501697 ], [ -1.37498496591909, 50.785009848785101 ], [ -1.37544482552583, 50.7848068548684 ], [ -1.39833258027525, 50.784158969137003 ], [ -1.40818356875661, 50.7857352861447 ], [ -1.41299348339367, 50.783971632578897 ], [ -1.39263843909963, 50.777418475612699 ], [ -1.40013938929204, 50.774057817817102 ], [ -1.39950141476603, 50.774182869973401 ], [ -1.40949881922264, 50.769764900421102 ], [ -1.41048644787434, 50.769420424893703 ], [ -1.43417904045805, 50.7654426669217 ], [ -1.50243481748833, 50.753951500736697 ], [ -1.51959208297886, 50.7541250313201 ], [ -1.53528657156931, 50.763863386810698 ], [ -1.52592501802229, 50.744567940848199 ], [ -1.54188071050003, 50.739777615687501 ], [ -1.53099523320473, 50.736973578764797 ], [ -1.55848808588811, 50.720792860314802 ], [ -1.58047794495873, 50.718272706467097 ], [ -1.56004379388541, 50.7087161057621 ], [ -1.62926775578703, 50.728785702461799 ], [ -1.64044349012396, 50.732114449430597 ], [ -1.69185543770666, 50.737329136597999 ], [ -1.68181880176013, 50.751850044785002 ], [ -1.74416871755885, 50.747455387836503 ], [ -1.73895962345847, 50.763270532531799 ], [ -1.74884631724303, 50.779494386587402 ], [ -1.78549590627468, 50.764752030986898 ], [ -1.8039049599245, 50.795965208811403 ], [ -1.81189346961485, 50.808642051611699 ], [ -1.80340083464914, 50.830339207456198 ], [ -1.79061492044422, 50.836314118506799 ], [ -1.80247295729644, 50.842962529035297 ], [ -1.80711024689597, 50.863315366294898 ], [ -1.83000872917239, 50.855273796833401 ], [ -1.85353883472863, 50.863460109717998 ], [ -1.84855553218411, 50.889887356106499 ], [ -1.8165419268142, 50.9039481448891 ], [ -1.8106580896691, 50.927203382461997 ], [ -1.84184002606343, 50.931680373384303 ], [ -1.87364432144964, 50.917225888863598 ], [ -1.92084101012651, 50.961407310324901 ], [ -1.95546558071481, 50.978266331782798 ], [ -1.95683008078171, 50.989800287648798 ], [ -1.94993597428249, 50.982310586203603 ], [ -1.92787590068259, 50.997697234434398 ], [ -1.88674132171074, 50.999527735367899 ], [ -1.87448162937032, 51.006330572116198 ], [ -1.87391116606953, 50.984500638785903 ], [ -1.85338113087344, 51.004679539884201 ], [ -1.83581730052681, 51.009473341055802 ] ] ] ] } },
{ "type": "Feature", "properties": { "FID": 116, "LAD24CD": "E07000092", "LAD24NM": "Rushmoor", "LAD24NMW": " ", "BNG_E": 486022, "BNG_N": 153944, "LONG": -0.76807, "LAT": 51.2781, "GlobalID": "6bef38b3-d054-424b-bb50-6e15422967bb", "LAD24CD_1": "E07000092", "LAD24NM_1": "Rushmoor", "RUC21CD": "UUN", "RUC21NM": "Urban: Majority nearer to a major town or city", "Urban_rura": "Urban", "Shape_Leng": 26459.771587800002, "Shape__Area": 39457260.041366577, "Shape__Length": 26459.771587826741 }, "geometry": { "type": "Polygon", "coordinates": [ [ [ -0.731069933388112, 51.280346989034101 ], [ -0.729325694545441, 51.256111918990698 ], [ -0.745540379663864, 51.230456389212698 ], [ -0.776028768067277, 51.241957301811503 ], [ -0.801740042684925, 51.2390387624338 ], [ -0.804749572959298, 51.245064746677102 ], [ -0.80752379242497, 51.275291583022003 ], [ -0.790282243964634, 51.2822000189907 ], [ -0.802823807905411, 51.292530107042701 ], [ -0.797276683917175, 51.303924294071003 ], [ -0.778650808811783, 51.317486001203697 ], [ -0.76290312001552, 51.318730528734498 ], [ -0.744167106040696, 51.3092949280881 ], [ -0.731069933388112, 51.280346989034101 ] ] ] } },
{ "type": "Feature", "properties": { "FID": 117, "LAD24CD": "E07000093", "LAD24NM": "Test Valley", "LAD24NMW": " ", "BNG_E": 434930, "BNG_N": 137329, "LONG": -1.50214, "LAT": 51.1342, "GlobalID": "0742e634-7dfe-44d3-a239-defaf47e0f3f", "LAD24CD_1": "E07000093", "LAD24NM_1": "Test Valley", "RUC21CD": "UIN", "RUC21NM": "Intermediate urban: Majority nearer to a major town or city", "Urban_rura": "Urban", "Shape_Leng": 159720.91039800001, "Shape__Area": 625590848.09406662, "Shape__Length": 159720.91039782899 }, "geometry": { "type": "Polygon", "coordinates": [ [ [ -1.49828689474575, 51.329361716732897 ], [ -1.42970566274725, 51.3365441680575 ], [ -1.41840912278549, 51.3264777541782 ], [ -1.42865103002015, 51.300390231448098 ], [ -1.41676583937642, 51.283069003429297 ], [ -1.45993987040412, 51.255562283849002 ], [ -1.42871457193085, 51.234414036624798 ], [ -1.42809469496602, 51.225035800318999 ], [ -1.38366598756387, 51.214900246065802 ], [ -1.36886226153206, 51.202406763861099 ], [ -1.35817805146872, 51.212020714736902 ], [ -1.34124536154621, 51.205442532762497 ], [ -1.34093898175545, 51.184579033783699 ], [ -1.30882299401137, 51.194738914618 ], [ -1.33687658286781, 51.159106266417801 ], [ -1.34769582582257, 51.159524883623497 ], [ -1.37776443417788, 51.136331041348001 ], [ -1.37022272037128, 51.129141845142101 ], [ -1.4071951432526, 51.1204766284241 ], [ -1.40753527965588, 51.111129855818398 ], [ -1.43141669150899, 51.116785735949499 ], [ -1.43613239031016, 51.112378944785 ], [ -1.43629308129551, 51.097888637668497 ], [ -1.41453469377614, 51.095692014025701 ], [ -1.41164330900062, 51.069709394707701 ], [ -1.44250069760106, 51.056498901959898 ], [ -1.45647104383905, 51.0409718863893 ], [ -1.44189147422789, 51.025166411212503 ], [ -1.39297466014347, 51.004361318353503 ], [ -1.39646577249423, 50.9685027819217 ], [ -1.37403411160523, 50.9539758069442 ], [ -1.37989189534768, 50.947518069458901 ], [ -1.40613979538219, 50.956127452731799 ], [ -1.42366272212772, 50.947233496546097 ], [ -1.44954581112644, 50.949911352341701 ], [ -1.4770603549891, 50.928668795254502 ], [ -1.47707725233786, 50.928697874005103 ], [ -1.4773224401691, 50.928547454854403 ], [ -1.4796479362937, 50.934579368100799 ], [ -1.47816446264258, 50.928835432143998 ], [ -1.48171292964239, 50.930299610140302 ], [ -1.48508646341313, 50.932785545619403 ], [ -1.48578057673544, 50.932912408411099 ], [ -1.48571269607209, 50.932151849284502 ], [ -1.48410323032816, 50.930496989533999 ], [ -1.50307689686896, 50.936193400394203 ], [ -1.50996921166519, 50.950107794376599 ], [ -1.53108447147316, 50.9512366917157 ], [ -1.54453154189991, 50.969281335210901 ], [ -1.58407499578276, 50.962117857373102 ], [ -1.59008277389713, 50.951263581907902 ], [ -1.61975086537986, 50.958566921643502 ], [ -1.60292975190204, 50.9785041787189 ], [ -1.61973084457042, 50.983034973737801 ], [ -1.62888498210167, 50.9990317647678 ], [ -1.59738550046853, 51.009746990325503 ], [ -1.59939671455144, 51.0237293750411 ], [ -1.63237574994688, 51.032779708019 ], [ -1.63492593348603, 51.040437587466201 ], [ -1.62780997211858, 51.078228390884 ], [ -1.63731479886634, 51.092202331827998 ], [ -1.62633709616521, 51.117323370985901 ], [ -1.66297542061049, 51.1271919933478 ], [ -1.65404004725731, 51.156252847299903 ], [ -1.67227119754693, 51.1785463705247 ], [ -1.66882042147437, 51.1907592185769 ], [ -1.69409695143106, 51.204043238892197 ], [ -1.68969464697899, 51.214827669834499 ], [ -1.63362097701599, 51.217590557784099 ], [ -1.60759078945477, 51.252792406163799 ], [ -1.57757201593558, 51.255579558115897 ], [ -1.54584181725981, 51.245251360837401 ], [ -1.53603185288199, 51.248547980951301 ], [ -1.5298179468057, 51.260801845630901 ], [ -1.54059897066636, 51.260831189502298 ], [ -1.54262001501247, 51.281241501753499 ], [ -1.5227771840447, 51.287063323599703 ], [ -1.51940862318842, 51.295952799865603 ], [ -1.53356185391502, 51.316223579428502 ], [ -1.52750793808987, 51.338444116557397 ], [ -1.49828689474575, 51.329361716732897 ] ] ] } },
{ "type": "Feature", "properties": { "FID": 118, "LAD24CD": "E07000094", "LAD24NM": "Winchester", "LAD24NMW": " ", "BNG_E": 453115, "BNG_N": 125901, "LONG": -1.24393, "LAT": 51.03, "GlobalID": "f053b890-9c4e-4f13-a1ed-41b30d5af271", "LAD24CD_1": "E07000094", "LAD24NM_1": "Winchester", "RUC21CD": "RIN", "RUC21NM": "Intermediate rural: Majority nearer to a major town or city", "Urban_rura": "Rural", "Shape_Leng": 142586.50404500001, "Shape__Area": 661544469.64677048, "Shape__Length": 142586.50404497457 }, "geometry": { "type": "Polygon", "coordinates": [ [ [ -1.13178977908392, 51.143580783393702 ], [ -1.11211354551843, 51.136577924419697 ], [ -1.09504285543171, 51.140346135902497 ], [ -1.09392528572934, 51.107768333782097 ], [ -1.07207267984385, 51.107086288531903 ], [ -1.10854431201013, 51.086198662348004 ], [ -1.08168287808978, 51.046426346106202 ], [ -1.05374125375232, 51.047185550213499 ], [ -1.07450277305263, 51.032622759584498 ], [ -1.06234063314353, 51.020329166643101 ], [ -1.06946206267262, 50.993729977626998 ], [ -1.06336611333371, 50.977691736783399 ], [ -1.04522980855982, 50.968616495633 ], [ -1.04618403359377, 50.954607812898601 ], [ -1.03563130267894, 50.951482964313499 ], [ -1.04845560132509, 50.902516318801503 ], [ -1.034115914449, 50.904162644523197 ], [ -1.04913126674986, 50.891465868848599 ], [ -1.03502167657584, 50.8806302342295 ], [ -1.0473811471308, 50.865749609588697 ], [ -1.05461663667125, 50.867448793655598 ], [ -1.0540820707523, 50.856530229351698 ], [ -1.11578319799786, 50.858273848525897 ], [ -1.14324504672592, 50.858428602864599 ], [ -1.15003467270108, 50.879404284350997 ], [ -1.167217639143, 50.889433161741799 ], [ -1.19586354976574, 50.885038701401498 ], [ -1.1980187352382, 50.875943087861302 ], [ -1.2160389663993, 50.875058036891801 ], [ -1.23032669672979, 50.860770330755997 ], [ -1.25524262454376, 50.8731028768252 ], [ -1.26531609716883, 50.897978633621101 ], [ -1.26467421680402, 50.926274965206197 ], [ -1.29255951210637, 50.948633720221501 ], [ -1.25815427373225, 50.9783418918243 ], [ -1.29342815341834, 50.974145310493498 ], [ -1.29057452599741, 50.982869800634901 ], [ -1.32236605694883, 50.987653297150899 ], [ -1.32767805842609, 50.980120066838602 ], [ -1.34663548336063, 50.981342368872397 ], [ -1.34276548676774, 50.990888775965601 ], [ -1.35346769222015, 50.998158615210897 ], [ -1.39297466014347, 51.004361318353503 ], [ -1.44189147422789, 51.025166411212503 ], [ -1.45647104383905, 51.0409718863893 ], [ -1.44250069760106, 51.056498901959898 ], [ -1.41164330900062, 51.069709394707701 ], [ -1.41453469377614, 51.095692014025701 ], [ -1.43629308129551, 51.097888637668497 ], [ -1.43613239031016, 51.112378944785 ], [ -1.43141669150899, 51.116785735949499 ], [ -1.40753527965588, 51.111129855818398 ], [ -1.4071951432526, 51.1204766284241 ], [ -1.37022272037128, 51.129141845142101 ], [ -1.37776443417788, 51.136331041348001 ], [ -1.34769582582257, 51.159524883623497 ], [ -1.33687658286781, 51.159106266417801 ], [ -1.30882299401137, 51.194738914618 ], [ -1.22821223117263, 51.190568187818997 ], [ -1.20656057825877, 51.180702008006101 ], [ -1.19166275077916, 51.184719645445902 ], [ -1.18557231049611, 51.163988679925303 ], [ -1.21437992877125, 51.158774385325003 ], [ -1.21329929432059, 51.151947280045597 ], [ -1.18444502428867, 51.144310610961298 ], [ -1.17428883824829, 51.1335401455067 ], [ -1.13178977908392, 51.143580783393702 ] ] ] } },
{ "type": "Feature", "properties": { "FID": 119, "LAD24CD": "E07000095", "LAD24NM": "Broxbourne", "LAD24NMW": " ", "BNG_E": 534742, "BNG_N": 204251, "LONG": -0.05073, "LAT": 51.7208, "GlobalID": "25e722a7-10db-480d-95fd-3595cae99ab4", "LAD24CD_1": "E07000095", "LAD24NM_1": "Broxbourne", "RUC21CD": "UUN", "RUC21NM": "Urban: Majority nearer to a major town or city", "Urban_rura": "Urban", "Shape_Leng": 34985.117708999998, "Shape__Area": 51741961.416908264, "Shape__Length": 34985.117709040343 }, "geometry": { "type": "Polygon", "coordinates": [ [ [ 0.014029060708307, 51.764379998875199 ], [ 0.001168317520259, 51.745056205217402 ], [ -0.013510546190167, 51.742217064457101 ], [ -0.019743117773443, 51.703215986746301 ], [ -0.011918675972722, 51.6808778146614 ], [ -0.105779139838692, 51.691875644200699 ], [ -0.114083215832648, 51.720807257367703 ], [ -0.098653730173009, 51.735946465353003 ], [ -0.058309335892035, 51.7347015717665 ], [ -0.047896060369014, 51.768812947132098 ], [ -0.021676218358702, 51.773535455375203 ], [ -0.018133357914099, 51.780518653858699 ], [ 0.005574140684848, 51.780068941190102 ], [ 0.014029060708307, 51.764379998875199 ] ] ] } },
{ "type": "Feature", "properties": { "FID": 120, "LAD24CD": "E07000096", "LAD24NM": "Dacorum", "LAD24NMW": " ", "BNG_E": 500084, "BNG_N": 208745, "LONG": -0.55098, "LAT": 51.7685, "GlobalID": "36ad19da-9bee-43a7-98ef-09c037d5dfd8", "LAD24CD_1": "E07000096", "LAD24NM_1": "Dacorum", "RUC21CD": "UUN", "RUC21NM": "Urban: Majority nearer to a major town or city", "Urban_rura": "Urban", "Shape_Leng": 93306.002500799994, "Shape__Area": 214930898.53806305, "Shape__Length": 93306.002500792485 }, "geometry": { "type": "Polygon", "coordinates": [ [ [ -0.404858806630098, 51.8406074641576 ], [ -0.416276002704226, 51.835760549747597 ], [ -0.414111631357665, 51.819085585697799 ], [ -0.428828917635401, 51.8067647432256 ], [ -0.411968409336411, 51.800278811778398 ], [ -0.413368275638838, 51.791185302036702 ], [ -0.44058423783946, 51.786878359898502 ], [ -0.422831588696582, 51.765989648215303 ], [ -0.422080280259691, 51.740836850243497 ], [ -0.45008476825028, 51.725532212288499 ], [ -0.440261353822466, 51.701013927126297 ], [ -0.464105112262946, 51.695352357628401 ], [ -0.515495300031625, 51.706577670179698 ], [ -0.5242727897625, 51.682112654830703 ], [ -0.54868869522748, 51.682654543946803 ], [ -0.544017145197112, 51.696817471782303 ], [ -0.563209678177221, 51.7118798626502 ], [ -0.550413609644404, 51.723042889342402 ], [ -0.553645081612158, 51.7340179568723 ], [ -0.57487874585542, 51.736968524125601 ], [ -0.586379726976092, 51.752115949478203 ], [ -0.612935985356938, 51.747427255145702 ], [ -0.670126919039173, 51.766468162010398 ], [ -0.690190999010661, 51.792339209910701 ], [ -0.685394264649477, 51.800185920300102 ], [ -0.709295276544129, 51.820539595187498 ], [ -0.724234882170819, 51.818144412444298 ], [ -0.745841415726905, 51.841844394205701 ], [ -0.717415813900058, 51.857159815720202 ], [ -0.696426502919578, 51.858157339537001 ], [ -0.686770330064733, 51.849220630047199 ], [ -0.695449593789591, 51.8411106759714 ], [ -0.667245098413583, 51.815805261560797 ], [ -0.632939595714382, 51.819946186556301 ], [ -0.581825667306615, 51.806905442702998 ], [ -0.560656237503438, 51.830082629585803 ], [ -0.553613859712542, 51.826752927276303 ], [ -0.519728847877412, 51.805095361113302 ], [ -0.502282758285977, 51.815458693175103 ], [ -0.511192917001904, 51.825893609449999 ], [ -0.501818268966651, 51.836794821648603 ], [ -0.471195676810699, 51.845467868801599 ], [ -0.47829846763004, 51.853136501675799 ], [ -0.470419996730907, 51.855710168882702 ], [ -0.447524508948031, 51.847601533738697 ], [ -0.421500810100557, 51.850205225133799 ], [ -0.404858806630098, 51.8406074641576 ] ] ] } },
{ "type": "Feature", "properties": { "FID": 121, "LAD24CD": "E07000098", "LAD24NM": "Hertsmere", "LAD24NMW": " ", "BNG_E": 519774, "BNG_N": 199352, "LONG": -0.26899, "LAT": 51.6802, "GlobalID": "cc5b45b8-732c-476c-91c9-a1098ba34e4b", "LAD24CD_1": "E07000098", "LAD24NM_1": "Hertsmere", "RUC21CD": "UUN", "RUC21NM": "Urban: Majority nearer to a major town or city", "Urban_rura": "Urban", "Shape_Leng": 52254.604861400003, "Shape__Area": 99202492.975372314, "Shape__Length": 52254.604861362881 }, "geometry": { "type": "Polygon", "coordinates": [ [ [ -0.255135646164785, 51.729537372921598 ], [ -0.23897170067197, 51.706141784983402 ], [ -0.219914438243376, 51.713723588410801 ], [ -0.183327090787712, 51.706521536198899 ], [ -0.163118088645696, 51.699857628378197 ], [ -0.163493271974568, 51.688115078747799 ], [ -0.181960815257973, 51.668683194697898 ], [ -0.191066699360921, 51.663896704406298 ], [ -0.203352928676407, 51.670126498057698 ], [ -0.212135030723747, 51.6613535274521 ], [ -0.250582589477333, 51.6560573513569 ], [ -0.25736482156208, 51.6418210814576 ], [ -0.304449971011893, 51.636348719248197 ], [ -0.316672244970353, 51.640535566650399 ], [ -0.362621257698241, 51.623504816580201 ], [ -0.377373414933952, 51.637733380301803 ], [ -0.371634075914503, 51.643434233901502 ], [ -0.386807955643142, 51.6632272587945 ], [ -0.368766140427457, 51.6783265651449 ], [ -0.375358260285264, 51.692511940023799 ], [ -0.371998946785494, 51.687590850490103 ], [ -0.355324915697035, 51.690597608334699 ], [ -0.354107748949262, 51.698940331003499 ], [ -0.326857422348942, 51.703483222236102 ], [ -0.322332181329158, 51.6934796384677 ], [ -0.300019499947257, 51.696524609431599 ], [ -0.301975988436678, 51.708066702472699 ], [ -0.276953744643253, 51.721284823940998 ], [ -0.286408826490258, 51.7211048868825 ], [ -0.284303148717834, 51.732998286757201 ], [ -0.264789594476538, 51.7380187802531 ], [ -0.255135646164785, 51.729537372921598 ] ] ] } },
{ "type": "Feature", "properties": { "FID": 122, "LAD24CD": "E07000099", "LAD24NM": "North Hertfordshire", "LAD24NMW": " ", "BNG_E": 522191, "BNG_N": 230250, "LONG": -0.22316, "LAT": 51.9573, "GlobalID": "f930334e-6027-4f68-9442-e0a73500f1ef", "LAD24CD_1": "E07000099", "LAD24NM_1": "North Hertfordshire", "RUC21CD": "UUN", "RUC21NM": "Urban: Majority nearer to a major town or city", "Urban_rura": "Urban", "Shape_Leng": 142754.47910200001, "Shape__Area": 372109612.18766785, "Shape__Length": 142754.47910158231 }, "geometry": { "type": "Polygon", "coordinates": [ [ [ 0.068156072556951, 52.005763095566202 ], [ 0.069061011450733, 51.984042560871899 ], [ 0.035025800008145, 51.989628994293597 ], [ 0.002469535713412, 51.983053531337397 ], [ -0.00303606519827, 51.993445772601198 ], [ -0.023733803361704, 51.997169662534702 ], [ -0.030601365874834, 51.983788571885803 ], [ -0.048201346445384, 51.9794486439122 ], [ -0.040189789752764, 51.967701337162197 ], [ -0.065539997620923, 51.956845312803999 ], [ -0.074656833944219, 51.971164482771897 ], [ -0.107011864409475, 51.953959447625898 ], [ -0.110153660169407, 51.9419011569288 ], [ -0.120164696790194, 51.942188275937497 ], [ -0.119271299788491, 51.928280448270201 ], [ -0.145625877233184, 51.9339893313199 ], [ -0.162181000224759, 51.920340878784103 ], [ -0.184606471302981, 51.932413378303004 ], [ -0.226570006087454, 51.9301135008877 ], [ -0.234371697047689, 51.905254726310602 ], [ -0.204203619966741, 51.880138388480198 ], [ -0.191903250872438, 51.882923939198498 ], [ -0.173584538635936, 51.875330630125902 ], [ -0.164494654721495, 51.861833248773102 ], [ -0.172785294956129, 51.856587787119203 ], [ -0.196832241738783, 51.859380174215403 ], [ -0.206690252020016, 51.854263255277402 ], [ -0.198911584833952, 51.844146302725903 ], [ -0.21457142009006, 51.839602958364701 ], [ -0.205963250670167, 51.846399482784101 ], [ -0.212925855615528, 51.851396048283497 ], [ -0.225757677608164, 51.844544233159397 ], [ -0.224910367919265, 51.833234058956997 ], [ -0.241623749541185, 51.835298982610396 ], [ -0.247790666490696, 51.846229769553297 ], [ -0.273535467705262, 51.835364630726403 ], [ -0.319397914309365, 51.836654906175902 ], [ -0.339485894640329, 51.849605550156298 ], [ -0.354833888657066, 51.874014528385203 ], [ -0.349836724804763, 51.878675672646203 ], [ -0.377489882291102, 51.898433095562801 ], [ -0.385615555724027, 51.915680395063802 ], [ -0.405647618919527, 51.932466176224303 ], [ -0.39135545828658, 51.976988975778298 ], [ -0.379630061965801, 51.977957523144802 ], [ -0.382989183780684, 51.951817569508101 ], [ -0.374104653314752, 51.947769325720202 ], [ -0.350197697131373, 51.9575982900745 ], [ -0.349316410296868, 51.971153532273497 ], [ -0.3672962650547, 51.983749444570897 ], [ -0.312233444953791, 51.981932579017702 ], [ -0.296089150328657, 52.002192438537101 ], [ -0.282415833818799, 52.0015640153063 ], [ -0.270653744162195, 51.979611629858702 ], [ -0.247983026838786, 51.985079984756801 ], [ -0.244078670645728, 51.999023288388798 ], [ -0.201256006066088, 52.009824687638101 ], [ -0.219493434451981, 52.036741258233803 ], [ -0.194982619305265, 52.062415080441902 ], [ -0.172540383850461, 52.060223267210397 ], [ -0.157605055560218, 52.080440950455198 ], [ -0.147509326987593, 52.069450005761801 ], [ -0.155121032648697, 52.053061098952803 ], [ -0.133729866748337, 52.046232851822701 ], [ -0.126567501937775, 52.020921875070002 ], [ -0.019635196010369, 52.0635862665359 ], [ 0.003499048112275, 52.049915996725701 ], [ 0.040306384829794, 52.053327290886998 ], [ 0.068156072556951, 52.005763095566202 ] ] ] } },
{ "type": "Feature", "properties": { "FID": 123, "LAD24CD": "E07000102", "LAD24NM": "Three Rivers", "LAD24NMW": " ", "BNG_E": 507313, "BNG_N": 196418, "LONG": -0.45005, "LAT": 51.6563, "GlobalID": "86fa5f7e-c240-4905-8cc7-29c4b717ef98", "LAD24CD_1": "E07000102", "LAD24NM_1": "Three Rivers", "RUC21CD": "UUN", "RUC21NM": "Urban: Majority nearer to a major town or city", "Urban_rura": "Urban", "Shape_Leng": 64605.436064900001, "Shape__Area": 88910485.811515808, "Shape__Length": 64605.436064884205 }, "geometry": { "type": "Polygon", "coordinates": [ [ [ -0.375558052337386, 51.692912123994098 ], [ -0.402412529923532, 51.701942745525898 ], [ -0.431447962101275, 51.682352248285497 ], [ -0.42829076712754, 51.670553769730901 ], [ -0.439543240235569, 51.672750248993303 ], [ -0.424447548320378, 51.654981744610303 ], [ -0.431120637619261, 51.642096123503499 ], [ -0.377373414933952, 51.637733380301803 ], [ -0.362621257698241, 51.623504816580201 ], [ -0.404003977890064, 51.613183972624697 ], [ -0.440575301279442, 51.620073238383497 ], [ -0.457130755473738, 51.612293889069903 ], [ -0.496828509147855, 51.631723840522199 ], [ -0.500595886737316, 51.599689898645799 ], [ -0.520534550264269, 51.601907664802603 ], [ -0.539260817248429, 51.638039390358898 ], [ -0.536891506831177, 51.660624471939997 ], [ -0.522777811384923, 51.658397568165398 ], [ -0.520994790005152, 51.668045377749898 ], [ -0.505107856324304, 51.673076892640701 ], [ -0.5242727897625, 51.682112654830703 ], [ -0.515495300031625, 51.706577670179698 ], [ -0.464105112262946, 51.695352357628401 ], [ -0.440261353822466, 51.701013927126297 ], [ -0.45008476825028, 51.725532212288499 ], [ -0.422080280259691, 51.740836850243497 ], [ -0.402459615530714, 51.721159186242801 ], [ -0.404990596258289, 51.712544186643797 ], [ -0.380774778230299, 51.706989147977303 ], [ -0.375558052337386, 51.692912123994098 ] ] ] } },
{ "type": "Feature", "properties": { "FID": 124, "LAD24CD": "E07000103", "LAD24NM": "Watford", "LAD24NMW": " ", "BNG_E": 510441, "BNG_N": 198197, "LONG": -0.40429, "LAT": 51.6717, "GlobalID": "3856d529-bfd7-4a83-8ea1-22d31b2477b6", "LAD24CD_1": "E07000103", "LAD24NM_1": "Watford", "RUC21CD": "UUN", "RUC21NM": "Urban: Majority nearer to a major town or city", "Urban_rura": "Urban", "Shape_Leng": 21681.068927200002, "Shape__Area": 22713922.520187378, "Shape__Length": 21681.068927170709 }, "geometry": { "type": "Polygon", "coordinates": [ [ [ -0.375558052337386, 51.692912123994098 ], [ -0.375358260285264, 51.692511940023799 ], [ -0.368766140427457, 51.6783265651449 ], [ -0.386807955643142, 51.6632272587945 ], [ -0.371634075914503, 51.643434233901502 ], [ -0.377373414933952, 51.637733380301803 ], [ -0.431120637619261, 51.642096123503499 ], [ -0.424447548320378, 51.654981744610303 ], [ -0.439543240235569, 51.672750248993303 ], [ -0.42829076712754, 51.670553769730901 ], [ -0.431447962101275, 51.682352248285497 ], [ -0.402412529923532, 51.701942745525898 ], [ -0.375558052337386, 51.692912123994098 ] ] ] } },
{ "type": "Feature", "properties": { "FID": 125, "LAD24CD": "E07000105", "LAD24NM": "Ashford", "LAD24NMW": " ", "BNG_E": 597640, "BNG_N": 140644, "LONG": 0.823374, "LAT": 51.131, "GlobalID": "af20abaa-3158-4a41-9c12-bbc62e79831a", "LAD24CD_1": "E07000105", "LAD24NM_1": "Ashford", "RUC21CD": "RIN", "RUC21NM": "Intermediate rural: Majority nearer to a major town or city", "Urban_rura": "Rural", "Shape_Leng": 122850.29559, "Shape__Area": 583622956.66118622, "Shape__Length": 122850.29559022734 }, "geometry": { "type": "Polygon", "coordinates": [ [ [ 0.973278769991517, 51.268594700230103 ], [ 0.998201764536517, 51.251365836559998 ], [ 0.98617416663555, 51.235867926613103 ], [ 1.00539822153655, 51.208486294935199 ], [ 0.989399693095918, 51.190233053874401 ], [ 1.00396996259874, 51.180052950957702 ], [ 0.998436761331318, 51.164740999955001 ], [ 1.01692318386774, 51.161201069630501 ], [ 1.0086223946532, 51.145003067585499 ], [ 1.029240945946, 51.132538290623103 ], [ 1.01211773153052, 51.117200344477403 ], [ 0.995513138651134, 51.122358600945297 ], [ 0.979664713467052, 51.1121612754376 ], [ 0.985172824272586, 51.097600438865598 ], [ 0.967347282829138, 51.076897870790702 ], [ 0.968928824862042, 51.0629259357884 ], [ 0.944677868522481, 51.054839538865998 ], [ 0.934195719344983, 51.061151405627498 ], [ 0.92279393253596, 51.0520745605033 ], [ 0.903325122841842, 51.050462211495301 ], [ 0.894473204131428, 51.036978535993903 ], [ 0.870435321076767, 51.052309956141301 ], [ 0.869684578193792, 51.0441127904353 ], [ 0.853441042433627, 51.043148826625 ], [ 0.854809948145074, 51.031763402448703 ], [ 0.839076253904102, 51.031337130515197 ], [ 0.830872141257871, 51.049371451011901 ], [ 0.778956704972181, 50.989492024214798 ], [ 0.74061137766967, 51.000676707739601 ], [ 0.706770603419155, 50.993601822223503 ], [ 0.676955919326293, 51.0032987849983 ], [ 0.661399802568737, 51.0177718605919 ], [ 0.605390823945922, 51.012069974888398 ], [ 0.593270464908968, 51.041405316797899 ], [ 0.611717197291199, 51.063546262282102 ], [ 0.646674841425981, 51.083281339285399 ], [ 0.629194282316514, 51.091432642195599 ], [ 0.596542285236321, 51.090150496789597 ], [ 0.590330190794803, 51.1113212784607 ], [ 0.609007828109756, 51.117900301149 ], [ 0.603696921050306, 51.1317175869221 ], [ 0.639475075986475, 51.141293364991803 ], [ 0.664551058572249, 51.171348070766399 ], [ 0.685031018391491, 51.178698502581902 ], [ 0.683817664256795, 51.1911138067466 ], [ 0.709830361113984, 51.199618056222299 ], [ 0.716901965171267, 51.211181928656103 ], [ 0.745477533435852, 51.209325562412303 ], [ 0.782455390996816, 51.2393650283501 ], [ 0.792611080122781, 51.238130465223598 ], [ 0.795118069546067, 51.2285344180819 ], [ 0.822169331483995, 51.224347696644202 ], [ 0.841768099989247, 51.2371016827136 ], [ 0.859873527060566, 51.230837795368899 ], [ 0.863494171484219, 51.238872158273701 ], [ 0.919530184091044, 51.251102602049698 ], [ 0.923650865268427, 51.2593934529081 ], [ 0.949122169820361, 51.256034190413203 ], [ 0.955032298732269, 51.270245892397703 ], [ 0.973278769991517, 51.268594700230103 ] ] ] } },
{ "type": "Feature", "properties": { "FID": 126, "LAD24CD": "E07000106", "LAD24NM": "Canterbury", "LAD24NMW": " ", "BNG_E": 616031, "BNG_N": 158096, "LONG": 1.09633, "LAT": 51.281, "GlobalID": "f066f8a8-001b-443e-abd1-aa9c14ea2de2", "LAD24CD_1": "E07000106", "LAD24NM_1": "Canterbury", "RUC21CD": "UUF", "RUC21NM": "Urban: Majority further from a major town or city", "Urban_rura": "Urban", "Shape_Leng": 95761.838706800001, "Shape__Area": 308386325.12106323, "Shape__Length": 95761.838706812196 }, "geometry": { "type": "Polygon", "coordinates": [ [ [ 1.25009821652181, 51.329336441842401 ], [ 1.23229691312367, 51.3323242688313 ], [ 1.23417364250961, 51.326126299038997 ], [ 1.22054559857743, 51.323697278580298 ], [ 1.22938354966188, 51.3160663334262 ], [ 1.20508439658685, 51.300809514824003 ], [ 1.19994476685048, 51.291553953937701 ], [ 1.21223276877662, 51.282641712084697 ], [ 1.19480064966403, 51.269286509948302 ], [ 1.19262952995904, 51.257178994316597 ], [ 1.21154509870001, 51.252426902356603 ], [ 1.1855485461872, 51.2178200294669 ], [ 1.19714402958231, 51.219635574646198 ], [ 1.22219426170819, 51.207395322323002 ], [ 1.19457775077979, 51.184144404081998 ], [ 1.18083916944454, 51.190479669811801 ], [ 1.16344437538277, 51.184214962294298 ], [ 1.15362978896215, 51.190911325235902 ], [ 1.14763186024973, 51.177173637651201 ], [ 1.11604293278563, 51.187813425530699 ], [ 1.11812014398525, 51.1963264789267 ], [ 1.10896693709399, 51.186971159098903 ], [ 1.09119816046696, 51.189015891163599 ], [ 1.05825754996227, 51.205004194047902 ], [ 1.04957821242098, 51.184987964928702 ], [ 1.00396996259874, 51.180052950957702 ], [ 0.989399693095918, 51.190233053874401 ], [ 1.00539822153655, 51.208486294935199 ], [ 0.98617416663555, 51.235867926613103 ], [ 0.998201764536517, 51.251365836559998 ], [ 0.973278769991517, 51.268594700230103 ], [ 1.00596759515751, 51.283783005774303 ], [ 1.00665229020904, 51.309541420527502 ], [ 1.01710120719194, 51.312908508128302 ], [ 0.971964542447926, 51.338244157155103 ], [ 0.958078061285166, 51.337947137248001 ], [ 0.950414740583615, 51.3456049262767 ], [ 1.00524604268779, 51.3492001473453 ], [ 1.03318144219733, 51.365577175008902 ], [ 1.1596891505671, 51.3747237742135 ], [ 1.2241831202554, 51.379332877505398 ], [ 1.22483211004496, 51.379340125763697 ], [ 1.22927355205124, 51.365146047701799 ], [ 1.2128742792341, 51.3660440770498 ], [ 1.21383134810831, 51.356772184912998 ], [ 1.25009821652181, 51.329336441842401 ] ] ] } },
{ "type": "Feature", "properties": { "FID": 127, "LAD24CD": "E07000107", "LAD24NM": "Dartford", "LAD24NMW": " ", "BNG_E": 556167, "BNG_N": 172917, "LONG": 0.245276, "LAT": 51.4337, "GlobalID": "94cb4743-553d-4a46-bce6-9c1eff7107b7", "LAD24CD_1": "E07000107", "LAD24NM_1": "Dartford", "RUC21CD": "UUN", "RUC21NM": "Urban: Majority nearer to a major town or city", "Urban_rura": "Urban", "Shape_Leng": 44124.6681895, "Shape__Area": 72780878.863967896, "Shape__Length": 44124.668189450051 }, "geometry": { "type": "Polygon", "coordinates": [ [ [ 0.315243953724765, 51.464904450977301 ], [ 0.310685334757213, 51.453044914476799 ], [ 0.326328168008005, 51.442802586768998 ], [ 0.344623704653886, 51.393410789943196 ], [ 0.336678980323618, 51.386543886917401 ], [ 0.274894244117015, 51.407457133939602 ], [ 0.245744537079278, 51.407712351307403 ], [ 0.238273221529145, 51.3962996620197 ], [ 0.20753155738838, 51.396844275798003 ], [ 0.213529272477456, 51.4048494918203 ], [ 0.199758777108728, 51.417975688709397 ], [ 0.152932433172376, 51.408708481376301 ], [ 0.155875040956964, 51.430876582321801 ], [ 0.164328170821928, 51.428584960395 ], [ 0.172844869107023, 51.443287150899202 ], [ 0.203374621646498, 51.454315457991399 ], [ 0.221177283091669, 51.478799602006703 ], [ 0.274500703638176, 51.453675589368402 ], [ 0.301804957401121, 51.461202845528298 ], [ 0.315243953724765, 51.464904450977301 ] ] ] } },
{ "type": "Feature", "properties": { "FID": 128, "LAD24CD": "E07000108", "LAD24NM": "Dover", "LAD24NMW": " ", "BNG_E": 628964, "BNG_N": 150942, "LONG": 1.27689, "LAT": 51.2118, "GlobalID": "9554c798-9b5d-4203-80f0-938825053acf", "LAD24CD_1": "E07000108", "LAD24NM_1": "Dover", "RUC21CD": "UIF", "RUC21NM": "Intermediate urban: Majority further from a major town or city", "Urban_rura": "Urban", "Shape_Leng": 93358.648219399998, "Shape__Area": 316403924.06015015, "Shape__Length": 93358.648219426759 }, "geometry": { "type": "Polygon", "coordinates": [ [ [ 1.25009821652181, 51.329336441842401 ], [ 1.34530468873694, 51.307972785736197 ], [ 1.35850207417454, 51.312037954111801 ], [ 1.35789187559494, 51.311491835948999 ], [ 1.37136124844997, 51.313904771131497 ], [ 1.37866325393103, 51.295677883146098 ], [ 1.37864211129254, 51.292367596039902 ], [ 1.40486495276765, 51.230079012666401 ], [ 1.40537112079003, 51.174734283846597 ], [ 1.39537790667435, 51.156465274348697 ], [ 1.37676755723596, 51.140803915009201 ], [ 1.34287056357159, 51.1310048756378 ], [ 1.34290782851472, 51.130262909731798 ], [ 1.34274081214762, 51.130215755859702 ], [ 1.34324529130292, 51.123543331839201 ], [ 1.34333118795327, 51.121832783695901 ], [ 1.33849758732542, 51.127432908677498 ], [ 1.33758036843995, 51.127249652898101 ], [ 1.31650646803135, 51.123044928809499 ], [ 1.32307258293231, 51.1140851300473 ], [ 1.3101136224738, 51.116789952100604 ], [ 1.31765480944312, 51.1144877351338 ], [ 1.31365510371341, 51.114784794437 ], [ 1.32775759189465, 51.111373013573001 ], [ 1.31727164637636, 51.112197665913797 ], [ 1.30230314325098, 51.1133731490808 ], [ 1.30023762442193, 51.112680139313497 ], [ 1.26766086924805, 51.101742487331002 ], [ 1.22114189838816, 51.0980893879942 ], [ 1.22001964052075, 51.097501918328298 ], [ 1.20437170139432, 51.097191768931502 ], [ 1.19493872028345, 51.1030297827213 ], [ 1.19736760936465, 51.118148721459697 ], [ 1.17155429372955, 51.124236887027301 ], [ 1.211064762566, 51.151476639810397 ], [ 1.2076777917894, 51.156834357916097 ], [ 1.19065899966904, 51.154015775347297 ], [ 1.17073509558702, 51.163136036664099 ], [ 1.16099873406119, 51.158307461744002 ], [ 1.14373077445535, 51.165776327936598 ], [ 1.14763186024973, 51.177173637651201 ], [ 1.15362978896215, 51.190911325235902 ], [ 1.16344437538277, 51.184214962294298 ], [ 1.18083916944454, 51.190479669811801 ], [ 1.19457775077979, 51.184144404081998 ], [ 1.22219426170819, 51.207395322323002 ], [ 1.19714402958231, 51.219635574646198 ], [ 1.1855485461872, 51.2178200294669 ], [ 1.21154509870001, 51.252426902356603 ], [ 1.19262952995904, 51.257178994316597 ], [ 1.19480064966403, 51.269286509948302 ], [ 1.21223276877662, 51.282641712084697 ], [ 1.19994476685048, 51.291553953937701 ], [ 1.20508439658685, 51.300809514824003 ], [ 1.22938354966188, 51.3160663334262 ], [ 1.22054559857743, 51.323697278580298 ], [ 1.23417364250961, 51.326126299038997 ], [ 1.23229691312367, 51.3323242688313 ], [ 1.25009821652181, 51.329336441842401 ] ] ] } },
{ "type": "Feature", "properties": { "FID": 129, "LAD24CD": "E07000109", "LAD24NM": "Gravesham", "LAD24NMW": " ", "BNG_E": 566969, "BNG_N": 169114, "LONG": 0.398744, "LAT": 51.3965, "GlobalID": "f8a30785-a19b-47fb-a996-1c72b652f957", "LAD24CD_1": "E07000109", "LAD24NM_1": "Gravesham", "RUC21CD": "UUN", "RUC21NM": "Urban: Majority nearer to a major town or city", "Urban_rura": "Urban", "Shape_Leng": 49991.0091397, "Shape__Area": 96065046.464370728, "Shape__Length": 49991.00913967083 }, "geometry": { "type": "Polygon", "coordinates": [ [ [ 0.457560479333401, 51.458295715984498 ], [ 0.487960076101346, 51.4432845738514 ], [ 0.489235421459888, 51.415325901836702 ], [ 0.475140243345384, 51.4129471375146 ], [ 0.467687121016724, 51.398301373186001 ], [ 0.451853402814579, 51.398321020193798 ], [ 0.45332222350032, 51.3913787695002 ], [ 0.431109487937637, 51.388033025739503 ], [ 0.401283124306125, 51.352954761670198 ], [ 0.37911018517935, 51.338022112416503 ], [ 0.379817222370515, 51.329691429785797 ], [ 0.341604421171004, 51.329216155359902 ], [ 0.336678980323618, 51.386543886917401 ], [ 0.344623704653886, 51.393410789943196 ], [ 0.326328168008005, 51.442802586768998 ], [ 0.310685334757213, 51.453044914476799 ], [ 0.315243953724765, 51.464904450977301 ], [ 0.315395124473243, 51.464946079338503 ], [ 0.32527351028782, 51.450241418269897 ], [ 0.381992268501976, 51.443505214533999 ], [ 0.44025483488637, 51.447424963767403 ], [ 0.459295913922694, 51.455529609267003 ], [ 0.457560479333401, 51.458295715984498 ] ] ] } },
{ "type": "Feature", "properties": { "FID": 130, "LAD24CD": "E07000110", "LAD24NM": "Maidstone", "LAD24NMW": " ", "BNG_E": 580489, "BNG_N": 151670, "LONG": 0.584061, "LAT": 51.2357, "GlobalID": "e75a7170-9a1d-40cd-880e-7ad70d2fc45d", "LAD24CD_1": "E07000110", "LAD24NM_1": "Maidstone", "RUC21CD": "UIN", "RUC21NM": "Intermediate urban: Majority nearer to a major town or city", "Urban_rura": "Urban", "Shape_Leng": 101282.720287, "Shape__Area": 392223477.41329956, "Shape__Length": 101282.72028670822 }, "geometry": { "type": "Polygon", "coordinates": [ [ [ 0.601403554174045, 51.3333011039513 ], [ 0.604424480576533, 51.325697090493499 ], [ 0.613412365120945, 51.3349385944666 ], [ 0.63945152562386, 51.336755979983302 ], [ 0.664320665241623, 51.328929409856599 ], [ 0.673844753621703, 51.293271762878803 ], [ 0.713817179163023, 51.299407712280903 ], [ 0.743626909034297, 51.278576630937401 ], [ 0.760063694713229, 51.279314379302498 ], [ 0.749640681161822, 51.258643804814902 ], [ 0.761955479504863, 51.256377647256798 ], [ 0.776882352916547, 51.266567601836201 ], [ 0.790547129696035, 51.261780527722799 ], [ 0.792611080122781, 51.238130465223598 ], [ 0.782455390996816, 51.2393650283501 ], [ 0.745477533435852, 51.209325562412303 ], [ 0.716901965171267, 51.211181928656103 ], [ 0.709830361113984, 51.199618056222299 ], [ 0.683817664256795, 51.1911138067466 ], [ 0.685031018391491, 51.178698502581902 ], [ 0.664551058572249, 51.171348070766399 ], [ 0.639475075986475, 51.141293364991803 ], [ 0.632545495143112, 51.145295546753601 ], [ 0.640340470520972, 51.1524743514479 ], [ 0.617199953781171, 51.148276444934901 ], [ 0.601855724183474, 51.159016193671 ], [ 0.593515591115623, 51.153304978090098 ], [ 0.575672633903326, 51.156113426428 ], [ 0.579305815924906, 51.144636158775398 ], [ 0.559065475686518, 51.133944537462099 ], [ 0.562149309130583, 51.143192976416103 ], [ 0.533105662658645, 51.134152851457898 ], [ 0.496896420340315, 51.144776450427898 ], [ 0.469642107782146, 51.143022214820903 ], [ 0.467671672986978, 51.156181414320201 ], [ 0.44075379663605, 51.176512875729301 ], [ 0.41640085648925, 51.180547648070103 ], [ 0.384246779214305, 51.1982658083015 ], [ 0.400344986655227, 51.198572161762598 ], [ 0.408801571866475, 51.221668286137998 ], [ 0.378698701343143, 51.235044076832203 ], [ 0.409577973411235, 51.253012089363096 ], [ 0.431283314665172, 51.249092051337598 ], [ 0.432528813724184, 51.270136903601198 ], [ 0.477656425071308, 51.272275335347999 ], [ 0.499043800752973, 51.296775347593403 ], [ 0.49251868074662, 51.304567269995999 ], [ 0.511615594575655, 51.3064345395006 ], [ 0.525641085381921, 51.334717166143903 ], [ 0.544003569633395, 51.327896411451597 ], [ 0.563457198962716, 51.3387431241012 ], [ 0.601403554174045, 51.3333011039513 ] ] ] } },
{ "type": "Feature", "properties": { "FID": 131, "LAD24CD": "E07000111", "LAD24NM": "Sevenoaks", "LAD24NMW": " ", "BNG_E": 552776, "BNG_N": 155218, "LONG": 0.188936, "LAT": 51.2756, "GlobalID": "3c1fe170-57cf-4171-be21-cf11efa37bfc", "LAD24CD_1": "E07000111", "LAD24NM_1": "Sevenoaks", "RUC21CD": "RIN", "RUC21NM": "Intermediate rural: Majority nearer to a major town or city", "Urban_rura": "Rural", "Shape_Leng": 111504.555076, "Shape__Area": 370528650.98203278, "Shape__Length": 111504.55507612234 }, "geometry": { "type": "Polygon", "coordinates": [ [ [ 0.336678980323618, 51.386543886917401 ], [ 0.341604421171004, 51.329216155359902 ], [ 0.306889619562347, 51.343126348398201 ], [ 0.304674634521184, 51.350806191977398 ], [ 0.285766362322396, 51.344994793822202 ], [ 0.284562577168995, 51.325011663913401 ], [ 0.265144095725887, 51.313637344903 ], [ 0.258453391993337, 51.297291571017801 ], [ 0.263841207261726, 51.255785590042102 ], [ 0.247332385013259, 51.255294406960601 ], [ 0.247012834512873, 51.237686090811799 ], [ 0.230962649545534, 51.232230274284603 ], [ 0.22308590501378, 51.2449715976826 ], [ 0.2005423369464, 51.233758643085501 ], [ 0.212339510298549, 51.224597554284301 ], [ 0.201945959369765, 51.220553266039303 ], [ 0.207916622381616, 51.210589263480799 ], [ 0.25081097256037, 51.200576901266203 ], [ 0.226962983791121, 51.184106383013003 ], [ 0.190971342203488, 51.171378013331697 ], [ 0.2121343110653, 51.151630463219199 ], [ 0.180407322766635, 51.131804504059197 ], [ 0.160718236048252, 51.137328918332599 ], [ 0.133117086399998, 51.147278518653003 ], [ 0.050016528693635, 51.142650015855999 ], [ 0.052600364034076, 51.180624017499802 ], [ 0.033598951563527, 51.214337971837502 ], [ 0.058242830201613, 51.247778325801399 ], [ 0.042396497430127, 51.292673046721397 ], [ 0.085693083414603, 51.293084226556502 ], [ 0.085029299988601, 51.316023204369401 ], [ 0.117900333226097, 51.329647100025099 ], [ 0.118456303441167, 51.344147782327603 ], [ 0.136958108456318, 51.344174604881204 ], [ 0.152057738933261, 51.369693704694498 ], [ 0.147741030714359, 51.392801001808799 ], [ 0.162384150043184, 51.392490302023297 ], [ 0.148869410494427, 51.4084291280153 ], [ 0.152932433172376, 51.408708481376301 ], [ 0.199758777108728, 51.417975688709397 ], [ 0.213529272477456, 51.4048494918203 ], [ 0.20753155738838, 51.396844275798003 ], [ 0.238273221529145, 51.3962996620197 ], [ 0.245744537079278, 51.407712351307403 ], [ 0.274894244117015, 51.407457133939602 ], [ 0.336678980323618, 51.386543886917401 ] ] ] } },
{ "type": "Feature", "properties": { "FID": 132, "LAD24CD": "E07000112", "LAD24NM": "Folkestone and Hythe", "LAD24NMW": " ", "BNG_E": 610318, "BNG_N": 134597, "LONG": 1.0008, "LAT": 51.0722, "GlobalID": "c23ec802-c333-4e34-8dfd-a2356fa86faa", "LAD24CD_1": "E07000112", "LAD24NM_1": "Folkestone and Hythe", "RUC21CD": "RIN", "RUC21NM": "Intermediate rural: Majority nearer to a major town or city", "Urban_rura": "Rural", "Shape_Leng": 128054.1004, "Shape__Area": 360217339.30536652, "Shape__Length": 128054.10039989199 }, "geometry": { "type": "Polygon", "coordinates": [ [ [ 1.14763186024973, 51.177173637651201 ], [ 1.14373077445535, 51.165776327936598 ], [ 1.16099873406119, 51.158307461744002 ], [ 1.17073509558702, 51.163136036664099 ], [ 1.19065899966904, 51.154015775347297 ], [ 1.2076777917894, 51.156834357916097 ], [ 1.211064762566, 51.151476639810397 ], [ 1.17155429372955, 51.124236887027301 ], [ 1.19736760936465, 51.118148721459697 ], [ 1.19493872028345, 51.1030297827213 ], [ 1.20437170139432, 51.097191768931502 ], [ 1.22001964052075, 51.097501918328298 ], [ 1.18550583066265, 51.079422139559199 ], [ 1.19482602320678, 51.075938408953299 ], [ 1.13880979752437, 51.0689475095961 ], [ 1.06044813827741, 51.059119312882402 ], [ 0.996748200789708, 51.024587143775001 ], [ 0.964430399280059, 50.968798714053698 ], [ 0.970986301420132, 50.9416153501313 ], [ 0.977909815538157, 50.912875227282903 ], [ 0.943201285411825, 50.915540453343397 ], [ 0.85507854473333, 50.923910465813201 ], [ 0.854705287607953, 50.923943583367802 ], [ 0.867891381774926, 50.933262294720201 ], [ 0.855967970123694, 50.953128605683801 ], [ 0.841401377893081, 50.957608827799703 ], [ 0.812941746895733, 50.941999574314302 ], [ 0.784327858018418, 50.977229686294699 ], [ 0.777134928696756, 50.975428349088098 ], [ 0.778956704972181, 50.989492024214798 ], [ 0.830872141257871, 51.049371451011901 ], [ 0.839076253904102, 51.031337130515197 ], [ 0.854809948145074, 51.031763402448703 ], [ 0.853441042433627, 51.043148826625 ], [ 0.869684578193792, 51.0441127904353 ], [ 0.870435321076767, 51.052309956141301 ], [ 0.894473204131428, 51.036978535993903 ], [ 0.903325122841842, 51.050462211495301 ], [ 0.92279393253596, 51.0520745605033 ], [ 0.934195719344983, 51.061151405627498 ], [ 0.944677868522481, 51.054839538865998 ], [ 0.968928824862042, 51.0629259357884 ], [ 0.967347282829138, 51.076897870790702 ], [ 0.985172824272586, 51.097600438865598 ], [ 0.979664713467052, 51.1121612754376 ], [ 0.995513138651134, 51.122358600945297 ], [ 1.01211773153052, 51.117200344477403 ], [ 1.029240945946, 51.132538290623103 ], [ 1.0086223946532, 51.145003067585499 ], [ 1.01692318386774, 51.161201069630501 ], [ 0.998436761331318, 51.164740999955001 ], [ 1.00396996259874, 51.180052950957702 ], [ 1.04957821242098, 51.184987964928702 ], [ 1.05825754996227, 51.205004194047902 ], [ 1.09119816046696, 51.189015891163599 ], [ 1.10896693709399, 51.186971159098903 ], [ 1.11812014398525, 51.1963264789267 ], [ 1.11604293278563, 51.187813425530699 ], [ 1.14763186024973, 51.177173637651201 ] ] ] } },
{ "type": "Feature", "properties": { "FID": 133, "LAD24CD": "E07000113", "LAD24NM": "Swale", "LAD24NMW": " ", "BNG_E": 593583, "BNG_N": 161818, "LONG": 0.776893, "LAT": 51.3225, "GlobalID": "8d286d1b-9a2c-4593-84f7-c3d51269391c", "LAD24CD_1": "E07000113", "LAD24NM_1": "Swale", "RUC21CD": "UIN", "RUC21NM": "Intermediate urban: Majority nearer to a major town or city", "Urban_rura": "Urban", "Shape_Leng": 176785.586542, "Shape__Area": 369670794.59495544, "Shape__Length": 176785.58654157165 }, "geometry": { "type": "MultiPolygon", "coordinates": [ [ [ [ 0.68296919632433, 51.412645287682501 ], [ 0.694510265742321, 51.396763900454602 ], [ 0.672639175867811, 51.3984055184429 ], [ 0.665928519130536, 51.406282334367802 ], [ 0.68296919632433, 51.412645287682501 ] ] ], [ [ [ 0.763713093073722, 51.381956100981398 ], [ 0.764352676310199, 51.3628684537222 ], [ 0.734507968310769, 51.345713074394602 ], [ 0.766854373816967, 51.362319426154997 ], [ 0.813561773144891, 51.358487057116598 ], [ 0.816232505760306, 51.3461814939864 ], [ 0.817193491172903, 51.356353418549602 ], [ 0.866160998023522, 51.355851746327403 ], [ 0.870973641237874, 51.354042709431297 ], [ 0.897166985701846, 51.344191025416599 ], [ 0.880105910826525, 51.328668193756698 ], [ 0.894603232587443, 51.336338612928202 ], [ 0.915341144266536, 51.329377635695899 ], [ 0.896773053539145, 51.341438073556802 ], [ 0.950403269946465, 51.345604171020497 ], [ 0.950414740583615, 51.3456049262767 ], [ 0.958078061285166, 51.337947137248001 ], [ 0.971964542447926, 51.338244157155103 ], [ 1.01710120719194, 51.312908508128302 ], [ 1.00665229020904, 51.309541420527502 ], [ 1.00596759515751, 51.283783005774303 ], [ 0.973278769991517, 51.268594700230103 ], [ 0.955032298732269, 51.270245892397703 ], [ 0.949122169820361, 51.256034190413203 ], [ 0.923650865268427, 51.2593934529081 ], [ 0.919530184091044, 51.251102602049698 ], [ 0.863494171484219, 51.238872158273701 ], [ 0.859873527060566, 51.230837795368899 ], [ 0.841768099989247, 51.2371016827136 ], [ 0.822169331483995, 51.224347696644202 ], [ 0.795118069546067, 51.2285344180819 ], [ 0.792611080122781, 51.238130465223598 ], [ 0.790547129696035, 51.261780527722799 ], [ 0.776882352916547, 51.266567601836201 ], [ 0.761955479504863, 51.256377647256798 ], [ 0.749640681161822, 51.258643804814902 ], [ 0.760063694713229, 51.279314379302498 ], [ 0.743626909034297, 51.278576630937401 ], [ 0.713817179163023, 51.299407712280903 ], [ 0.673844753621703, 51.293271762878803 ], [ 0.664320665241623, 51.328929409856599 ], [ 0.63945152562386, 51.336755979983302 ], [ 0.613412365120945, 51.3349385944666 ], [ 0.604424480576533, 51.325697090493499 ], [ 0.601403554174045, 51.3333011039513 ], [ 0.63490813345762, 51.366369983625503 ], [ 0.623292522422213, 51.369222640599801 ], [ 0.626121810076958, 51.378812549074802 ], [ 0.632369758969761, 51.388935763701099 ], [ 0.634544988918393, 51.389067776930901 ], [ 0.626949713471949, 51.374746165882399 ], [ 0.64801143353794, 51.397555141344398 ], [ 0.670097242347924, 51.373292477708503 ], [ 0.686969208348972, 51.391661209274098 ], [ 0.702920420776292, 51.392438304768802 ], [ 0.695247180191065, 51.379791190290497 ], [ 0.714357167612036, 51.384176688094399 ], [ 0.69654541068886, 51.419995871405398 ], [ 0.727788902221975, 51.420448225746199 ], [ 0.716210768230846, 51.413101875832503 ], [ 0.726279314204562, 51.399142878809101 ], [ 0.763713093073722, 51.381956100981398 ] ] ], [ [ [ 0.678799156331697, 51.423518577586201 ], [ 0.687777167499511, 51.414434198903301 ], [ 0.660058395634273, 51.417625782409999 ], [ 0.678799156331697, 51.423518577586201 ] ] ], [ [ [ 0.901366781689629, 51.4168258243878 ], [ 0.950172658982103, 51.372132152704097 ], [ 0.896803923025051, 51.354468107711902 ], [ 0.871641256563888, 51.364720688681402 ], [ 0.857697887655572, 51.370397757753103 ], [ 0.856694825375605, 51.364925848149703 ], [ 0.840527961124425, 51.371646533773202 ], [ 0.851298781549506, 51.364833642982603 ], [ 0.839447284359421, 51.363645161180401 ], [ 0.806290734031111, 51.372289168191998 ], [ 0.766186879767677, 51.369969519856198 ], [ 0.764272588608148, 51.388260546351098 ], [ 0.732677779090826, 51.400277118495403 ], [ 0.721659394132739, 51.414425488575297 ], [ 0.732452873378976, 51.408946265010599 ], [ 0.746879721796758, 51.4153384721156 ], [ 0.73543685714915, 51.424373337444997 ], [ 0.749376965657077, 51.446058907310402 ], [ 0.78395045175577, 51.440839361115998 ], [ 0.790818579369171, 51.439574752838404 ], [ 0.823924189780159, 51.425641555273899 ], [ 0.875094894442408, 51.419822756200901 ], [ 0.901366781689629, 51.4168258243878 ] ] ] ] } },
{ "type": "Feature", "properties": { "FID": 134, "LAD24CD": "E07000114", "LAD24NM": "Thanet", "LAD24NMW": " ", "BNG_E": 631839, "BNG_N": 166752, "LONG": 1.32823, "LAT": 51.3525, "GlobalID": "efb3f7b9-48c6-4941-b40c-4fb6176d0244", "LAD24CD_1": "E07000114", "LAD24NM_1": "Thanet", "RUC21CD": "UUF", "RUC21NM": "Urban: Majority further from a major town or city", "Urban_rura": "Urban", "Shape_Leng": 46094.355747599999, "Shape__Area": 104169255.29967499, "Shape__Length": 46094.355747590183 }, "geometry": { "type": "Polygon", "coordinates": [ [ [ 1.35850207417454, 51.312037954111801 ], [ 1.34530468873694, 51.307972785736197 ], [ 1.25009821652181, 51.329336441842401 ], [ 1.21383134810831, 51.356772184912998 ], [ 1.2128742792341, 51.3660440770498 ], [ 1.22927355205124, 51.365146047701799 ], [ 1.22483211004496, 51.379340125763697 ], [ 1.31507378603016, 51.380313037292801 ], [ 1.37897439265898, 51.391230678198902 ], [ 1.39388972204432, 51.393248983025401 ], [ 1.42496071272327, 51.393778274516201 ], [ 1.44121495515093, 51.387448414042801 ], [ 1.44198292705929, 51.386835796595001 ], [ 1.44590384777044, 51.358442035562298 ], [ 1.44590904853117, 51.358404360052099 ], [ 1.44589998282476, 51.358390527907297 ], [ 1.42469149683926, 51.3260072065138 ], [ 1.42317847854247, 51.331376155749197 ], [ 1.41457013988833, 51.327491663257902 ], [ 1.42355426271303, 51.324338596042601 ], [ 1.37775484991453, 51.329260402166199 ], [ 1.35850207417454, 51.312037954111801 ] ] ] } },
{ "type": "Feature", "properties": { "FID": 135, "LAD24CD": "E07000115", "LAD24NM": "Tonbridge and Malling", "LAD24NMW": " ", "BNG_E": 564014, "BNG_N": 153896, "LONG": 0.349305, "LAT": 51.2606, "GlobalID": "d5d9d689-6f77-4ab0-b895-f1bfc9b0cb36", "LAD24CD_1": "E07000115", "LAD24NM_1": "Tonbridge and Malling", "RUC21CD": "RIN", "RUC21NM": "Intermediate rural: Majority nearer to a major town or city", "Urban_rura": "Rural", "Shape_Leng": 91660.064163899995, "Shape__Area": 243626655.80341339, "Shape__Length": 91660.064163912262 }, "geometry": { "type": "Polygon", "coordinates": [ [ [ 0.525641085381921, 51.334717166143903 ], [ 0.511615594575655, 51.3064345395006 ], [ 0.49251868074662, 51.304567269995999 ], [ 0.499043800752973, 51.296775347593403 ], [ 0.477656425071308, 51.272275335347999 ], [ 0.432528813724184, 51.270136903601198 ], [ 0.431283314665172, 51.249092051337598 ], [ 0.409577973411235, 51.253012089363096 ], [ 0.378698701343143, 51.235044076832203 ], [ 0.408801571866475, 51.221668286137998 ], [ 0.400344986655227, 51.198572161762598 ], [ 0.384246779214305, 51.1982658083015 ], [ 0.369167737003512, 51.201616963396802 ], [ 0.367496839761545, 51.194853459825602 ], [ 0.341717007231151, 51.192737129297399 ], [ 0.308816562121868, 51.199958994571098 ], [ 0.277305608479775, 51.174693484936597 ], [ 0.226962983791121, 51.184106383013003 ], [ 0.25081097256037, 51.200576901266203 ], [ 0.207916622381616, 51.210589263480799 ], [ 0.201945959369765, 51.220553266039303 ], [ 0.212339510298549, 51.224597554284301 ], [ 0.2005423369464, 51.233758643085501 ], [ 0.22308590501378, 51.2449715976826 ], [ 0.230962649545534, 51.232230274284603 ], [ 0.247012834512873, 51.237686090811799 ], [ 0.247332385013259, 51.255294406960601 ], [ 0.263841207261726, 51.255785590042102 ], [ 0.258453391993337, 51.297291571017801 ], [ 0.265144095725887, 51.313637344903 ], [ 0.284562577168995, 51.325011663913401 ], [ 0.285766362322396, 51.344994793822202 ], [ 0.304674634521184, 51.350806191977398 ], [ 0.306889619562347, 51.343126348398201 ], [ 0.341604421171004, 51.329216155359902 ], [ 0.379817222370515, 51.329691429785797 ], [ 0.37911018517935, 51.338022112416503 ], [ 0.401283124306125, 51.352954761670198 ], [ 0.399919664491311, 51.344456901687202 ], [ 0.418594662757666, 51.3479121911408 ], [ 0.453485925272683, 51.340610430273799 ], [ 0.456233540778611, 51.368762842889701 ], [ 0.503039344873498, 51.354710561853203 ], [ 0.505845958766913, 51.342936974613401 ], [ 0.525641085381921, 51.334717166143903 ] ] ] } },
{ "type": "Feature", "properties": { "FID": 136, "LAD24CD": "E07000116", "LAD24NM": "Tunbridge Wells", "LAD24NMW": " ", "BNG_E": 573139, "BNG_N": 136598, "LONG": 0.471631, "LAT": 51.1025, "GlobalID": "434407e0-a7e2-4f29-8212-7045394ce919", "LAD24CD_1": "E07000116", "LAD24NM_1": "Tunbridge Wells", "RUC21CD": "RIF", "RUC21NM": "Intermediate rural: Majority further from a major town or city", "Urban_rura": "Rural", "Shape_Leng": 117037.58463300001, "Shape__Area": 327340648.58191681, "Shape__Length": 117037.58463286125 }, "geometry": { "type": "Polygon", "coordinates": [ [ [ 0.384246779214305, 51.1982658083015 ], [ 0.41640085648925, 51.180547648070103 ], [ 0.44075379663605, 51.176512875729301 ], [ 0.467671672986978, 51.156181414320201 ], [ 0.469642107782146, 51.143022214820903 ], [ 0.496896420340315, 51.144776450427898 ], [ 0.533105662658645, 51.134152851457898 ], [ 0.562149309130583, 51.143192976416103 ], [ 0.559065475686518, 51.133944537462099 ], [ 0.579305815924906, 51.144636158775398 ], [ 0.575672633903326, 51.156113426428 ], [ 0.593515591115623, 51.153304978090098 ], [ 0.601855724183474, 51.159016193671 ], [ 0.617199953781171, 51.148276444934901 ], [ 0.640340470520972, 51.1524743514479 ], [ 0.632545495143112, 51.145295546753601 ], [ 0.639475075986475, 51.141293364991803 ], [ 0.603696921050306, 51.1317175869221 ], [ 0.609007828109756, 51.117900301149 ], [ 0.590330190794803, 51.1113212784607 ], [ 0.596542285236321, 51.090150496789597 ], [ 0.629194282316514, 51.091432642195599 ], [ 0.646674841425981, 51.083281339285399 ], [ 0.611717197291199, 51.063546262282102 ], [ 0.593270464908968, 51.041405316797899 ], [ 0.605390823945922, 51.012069974888398 ], [ 0.570801043736655, 51.003482315489002 ], [ 0.541719760675965, 51.011108511496602 ], [ 0.537568517875719, 51.0216392169297 ], [ 0.472319209676434, 51.030436087866001 ], [ 0.463267138803114, 51.054787016455599 ], [ 0.418266860755534, 51.062626970432397 ], [ 0.396496475173542, 51.083131687562698 ], [ 0.373840828926189, 51.088460502119702 ], [ 0.350831195947389, 51.084055914752902 ], [ 0.358976559646714, 51.104530653686702 ], [ 0.335077206061616, 51.105465890048499 ], [ 0.32516510810618, 51.122956078670398 ], [ 0.274874930408996, 51.120651771132998 ], [ 0.275613215976201, 51.112298516292498 ], [ 0.244577828429569, 51.114834240323198 ], [ 0.226255230233864, 51.124486115157502 ], [ 0.171472727638366, 51.1154149017039 ], [ 0.151187333045437, 51.123820552310399 ], [ 0.160718236048252, 51.137328918332599 ], [ 0.180407322766635, 51.131804504059197 ], [ 0.2121343110653, 51.151630463219199 ], [ 0.190971342203488, 51.171378013331697 ], [ 0.226962983791121, 51.184106383013003 ], [ 0.277305608479775, 51.174693484936597 ], [ 0.308816562121868, 51.199958994571098 ], [ 0.341717007231151, 51.192737129297399 ], [ 0.367496839761545, 51.194853459825602 ], [ 0.369167737003512, 51.201616963396802 ], [ 0.384246779214305, 51.1982658083015 ] ] ] } },
{ "type": "Feature", "properties": { "FID": 137, "LAD24CD": "E07000117", "LAD24NM": "Burnley", "LAD24NMW": " ", "BNG_E": 384886, "BNG_N": 430880, "LONG": -2.2308, "LAT": 53.774, "GlobalID": "c834fbc2-1d14-4c7f-b534-f3b1a0f85483", "LAD24CD_1": "E07000117", "LAD24NM_1": "Burnley", "RUC21CD": "UUN", "RUC21NM": "Urban: Majority nearer to a major town or city", "Urban_rura": "Urban", "Shape_Leng": 48839.237022300003, "Shape__Area": 111741124.31787109, "Shape__Length": 48839.237022319394 }, "geometry": { "type": "Polygon", "coordinates": [ [ [ -2.11227899052983, 53.8057083882264 ], [ -2.12835851818789, 53.7990313029985 ], [ -2.12481550058915, 53.788055341597698 ], [ -2.13636274882185, 53.780104458625402 ], [ -2.13117443618115, 53.751544447476597 ], [ -2.17329132180093, 53.7230096460328 ], [ -2.23255520764486, 53.7376100935236 ], [ -2.25168527111605, 53.755043215880399 ], [ -2.26859737309129, 53.742280567443203 ], [ -2.29527150262072, 53.7519904922165 ], [ -2.3141091073118, 53.747038794959003 ], [ -2.3423059086941, 53.794827441097901 ], [ -2.31320516595103, 53.812465035605697 ], [ -2.30196466895093, 53.821079182112697 ], [ -2.29469413540422, 53.808438827339799 ], [ -2.26980505748602, 53.815003886668201 ], [ -2.26106949964954, 53.807767205619598 ], [ -2.22396976212194, 53.817850347796302 ], [ -2.20753973869096, 53.811404148702401 ], [ -2.19609501278055, 53.825276606004003 ], [ -2.12862296414996, 53.819795678610298 ], [ -2.11227899052983, 53.8057083882264 ] ] ] } },
{ "type": "Feature", "properties": { "FID": 138, "LAD24CD": "E07000118", "LAD24NM": "Chorley", "LAD24NMW": " ", "BNG_E": 359188, "BNG_N": 419722, "LONG": -2.61923, "LAT": 53.6724, "GlobalID": "d30ec826-1007-4fb8-9bd0-19c43e82a328", "LAD24CD_1": "E07000118", "LAD24NM_1": "Chorley", "RUC21CD": "RIN", "RUC21NM": "Intermediate rural: Majority nearer to a major town or city", "Urban_rura": "Rural", "Shape_Leng": 77363.528833799995, "Shape__Area": 202955917.87107849, "Shape__Length": 77363.528833772434 }, "geometry": { "type": "Polygon", "coordinates": [ [ [ -2.56160160852994, 53.7469013534173 ], [ -2.53977957143907, 53.702184298643999 ], [ -2.51565600534206, 53.692402941282403 ], [ -2.53236956619436, 53.664876293568902 ], [ -2.51132292934796, 53.626994965816898 ], [ -2.56919721747098, 53.595565169254698 ], [ -2.59585449396683, 53.610799157872101 ], [ -2.62593620171468, 53.593695551427999 ], [ -2.63459215891522, 53.608282761603697 ], [ -2.68945573934377, 53.604279535063299 ], [ -2.69938480147616, 53.614239831412597 ], [ -2.69456786884956, 53.6266454231369 ], [ -2.70969016123837, 53.6178091061104 ], [ -2.73616787659759, 53.623684735349698 ], [ -2.75881714184202, 53.614658028979598 ], [ -2.78114068098553, 53.623480174646097 ], [ -2.79594612585107, 53.615978146228599 ], [ -2.82335291321348, 53.668036495758699 ], [ -2.81987335387192, 53.6870828211175 ], [ -2.74660221668123, 53.6927075172242 ], [ -2.73003868088358, 53.686214064928798 ], [ -2.73355048868891, 53.674282957460797 ], [ -2.71253955145746, 53.671334127543602 ], [ -2.70810193934403, 53.681531263082597 ], [ -2.65882930158791, 53.680672609715998 ], [ -2.65796455211626, 53.690712596077397 ], [ -2.67759498116402, 53.693730039162404 ], [ -2.671550897066, 53.710742556387402 ], [ -2.65842783918025, 53.717723055799901 ], [ -2.65195678534152, 53.712000586238602 ], [ -2.62978080496322, 53.717237999192797 ], [ -2.61196027394129, 53.738623543347501 ], [ -2.57718070568711, 53.751128111666702 ], [ -2.56160160852994, 53.7469013534173 ] ] ] } },
{ "type": "Feature", "properties": { "FID": 139, "LAD24CD": "E07000119", "LAD24NM": "Fylde", "LAD24NMW": " ", "BNG_E": 339554, "BNG_N": 433811, "LONG": -2.91914, "LAT": 53.7971, "GlobalID": "3c251197-87c1-4b16-a3c4-a5f2ac8bc29c", "LAD24CD_1": "E07000119", "LAD24NM_1": "Fylde", "RUC21CD": "UIN", "RUC21NM": "Intermediate urban: Majority nearer to a major town or city", "Urban_rura": "Urban", "Shape_Leng": 71097.160799200006, "Shape__Area": 163588656.36018372, "Shape__Length": 71097.160799163481 }, "geometry": { "type": "MultiPolygon", "coordinates": [ [ [ [ -2.79390048775577, 53.751295605615397 ], [ -2.80383439314723, 53.749116442254497 ], [ -2.79401670525856, 53.751776647722501 ], [ -2.79390048775577, 53.751295605615397 ] ] ], [ [ [ -2.97667648335888, 53.864605729169703 ], [ -2.94376826684964, 53.850680916801998 ], [ -2.90432547908246, 53.864845843955301 ], [ -2.87556086386656, 53.857933363441603 ], [ -2.89014618483959, 53.846038982066297 ], [ -2.85758673975096, 53.842606581826601 ], [ -2.86942278313709, 53.8309131134464 ], [ -2.84086959655669, 53.831277943020197 ], [ -2.82599421635823, 53.819987298828003 ], [ -2.78052617935784, 53.787803399095999 ], [ -2.79861189096093, 53.770787652736999 ], [ -2.79401912982675, 53.751786684127403 ], [ -2.85554551862048, 53.738385858842697 ], [ -2.85871618152537, 53.7506384183243 ], [ -2.85686181182712, 53.738201073123797 ], [ -2.89910614945607, 53.733067544784902 ], [ -2.91098007131313, 53.732593941663403 ], [ -2.93380536789249, 53.731680310876698 ], [ -2.95297566456835, 53.732929827716298 ], [ -2.94499805185899, 53.736152233962102 ], [ -2.97640691476651, 53.734047409167403 ], [ -3.03874247266197, 53.747190373507998 ], [ -3.0571063963274, 53.776523543969503 ], [ -3.05710546677166, 53.776533414136303 ], [ -3.03282276979925, 53.780861672533 ], [ -3.02880130418184, 53.773116778904502 ], [ -2.99647825993957, 53.774504024569701 ], [ -3.00388680512874, 53.7913422859517 ], [ -2.98335722276106, 53.793803444443 ], [ -2.99500424807209, 53.8184887236051 ], [ -3.01065293005663, 53.826193899821199 ], [ -2.96177766016056, 53.828346530094002 ], [ -2.96556995199783, 53.847311002402897 ], [ -2.98192393707346, 53.858176223769398 ], [ -2.97667648335888, 53.864605729169703 ] ] ] ] } },
{ "type": "Feature", "properties": { "FID": 140, "LAD24CD": "E07000120", "LAD24NM": "Hyndburn", "LAD24NMW": " ", "BNG_E": 374407, "BNG_N": 428967, "LONG": -2.38964, "LAT": 53.7564, "GlobalID": "3df66dcc-fd4b-421c-86b1-2d671f3db526", "LAD24CD_1": "E07000120", "LAD24NM_1": "Hyndburn", "RUC21CD": "UUN", "RUC21NM": "Urban: Majority nearer to a major town or city", "Urban_rura": "Urban", "Shape_Leng": 36612.436649900003, "Shape__Area": 73310982.570175171, "Shape__Length": 36612.436649865798 }, "geometry": { "type": "Polygon", "coordinates": [ [ [ -2.3423059086941, 53.794827441097901 ], [ -2.3141091073118, 53.747038794959003 ], [ -2.32614815671146, 53.7473356122686 ], [ -2.32585331134672, 53.734353602776203 ], [ -2.34423489915318, 53.722485172480702 ], [ -2.41099828503281, 53.705175815882697 ], [ -2.4336882915626, 53.719214341033698 ], [ -2.44006779499927, 53.7494181195393 ], [ -2.45163333979243, 53.756468381281501 ], [ -2.44631709415123, 53.766589700152203 ], [ -2.46580771374763, 53.780813407037598 ], [ -2.39673657734499, 53.816619190712203 ], [ -2.39873356943679, 53.803383048866998 ], [ -2.37001492624725, 53.8014282882922 ], [ -2.36565852651618, 53.793067003225097 ], [ -2.3567894171098, 53.798455572210898 ], [ -2.3423059086941, 53.794827441097901 ] ] ] } },
{ "type": "Feature", "properties": { "FID": 141, "LAD24CD": "E07000121", "LAD24NM": "Lancaster", "LAD24NMW": " ", "BNG_E": 356896, "BNG_N": 464988, "LONG": -2.6603, "LAT": 54.079, "GlobalID": "26a6f31d-a175-4e67-853c-b198ac525a6d", "LAD24CD_1": "E07000121", "LAD24NM_1": "Lancaster", "RUC21CD": "UIF", "RUC21NM": "Intermediate urban: Majority further from a major town or city", "Urban_rura": "Urban", "Shape_Leng": 182200.266859, "Shape__Area": 569213508.07446289, "Shape__Length": 182200.26685875471 }, "geometry": { "type": "Polygon", "coordinates": [ [ [ -2.46086273483392, 54.226716135168502 ], [ -2.53397895530311, 54.157692712877598 ], [ -2.56050449737639, 54.153052117532098 ], [ -2.56474222741882, 54.126863842869298 ], [ -2.52400965394563, 54.094622479289797 ], [ -2.50952601849528, 54.095425329873102 ], [ -2.46434741774283, 54.075279432109802 ], [ -2.46954984634616, 54.046212242203303 ], [ -2.49226002594353, 54.040050160583498 ], [ -2.50141852766252, 54.020753508905699 ], [ -2.52730971583983, 54.026245404546501 ], [ -2.54710556376612, 54.014077330830197 ], [ -2.57218584595594, 54.014622698633197 ], [ -2.58065330231768, 54.000118124451703 ], [ -2.5575263143622, 53.974912142104799 ], [ -2.6169021304247, 53.952212336596098 ], [ -2.64304254596192, 53.957588384545303 ], [ -2.64821739364283, 53.948921589151297 ], [ -2.68791654101037, 53.949702213362897 ], [ -2.70204885822574, 53.943556459645698 ], [ -2.71565576482026, 53.980244052808303 ], [ -2.73523711666107, 53.974526387908099 ], [ -2.74147581990892, 53.956856844963497 ], [ -2.75537475426664, 53.952331206006399 ], [ -2.75786811323113, 53.963108814685 ], [ -2.79642213630804, 53.975470125155297 ], [ -2.81366437465197, 53.945807348266896 ], [ -2.80368814239779, 53.9357544056585 ], [ -2.86436725618549, 53.918079731428101 ], [ -2.88520799526869, 53.936808209340001 ], [ -2.88101279283547, 53.943347097049397 ], [ -2.8802702495969, 53.9434905151899 ], [ -2.88062800175444, 53.943946745562499 ], [ -2.87964259483512, 53.945482293744497 ], [ -2.88171881979457, 53.946598156346198 ], [ -2.86409215990748, 53.953331949438002 ], [ -2.88678401888098, 53.9583551234483 ], [ -2.86103551128866, 53.955036697037997 ], [ -2.86937633898592, 53.9597479334059 ], [ -2.85724777289296, 53.957606180075999 ], [ -2.86187625568654, 53.964624856830397 ], [ -2.83633255172164, 53.954629833578601 ], [ -2.85396325469742, 53.965213568998003 ], [ -2.83587079118478, 53.963746373857703 ], [ -2.87194774031199, 53.970310604319103 ], [ -2.87923753793334, 53.979139342228002 ], [ -2.85604609108331, 53.9995731805096 ], [ -2.8229701795703, 53.994859702135798 ], [ -2.83276461136824, 53.998505485570497 ], [ -2.83518914404623, 54.011083628192502 ], [ -2.85331147228836, 54.005579351264501 ], [ -2.84494047151227, 54.014857801748597 ], [ -2.86049227437598, 54.003867215943501 ], [ -2.87098374393434, 54.014428723573502 ], [ -2.86473280578499, 54.005035744249298 ], [ -2.87791602419586, 54.006283746042399 ], [ -2.88101480954441, 53.989472841599103 ], [ -2.88732228538449, 54.001791851443201 ], [ -2.88606306361496, 53.991050805533099 ], [ -2.90013212019343, 53.991979887555502 ], [ -2.90402701085848, 54.022188708938899 ], [ -2.91742833503323, 54.028145708156998 ], [ -2.92443097153999, 54.031257075736796 ], [ -2.92174930182206, 54.032459175646501 ], [ -2.92146692698351, 54.0325857475558 ], [ -2.91241947640711, 54.033762373673 ], [ -2.91874315581125, 54.033806576175699 ], [ -2.91756464801149, 54.034334743192503 ], [ -2.90627169415, 54.039394564104299 ], [ -2.88237965060747, 54.072444603026703 ], [ -2.8703703035772, 54.076235303696599 ], [ -2.84663256080158, 54.077637899243101 ], [ -2.8194971771231, 54.088840575362902 ], [ -2.81427341689511, 54.0949109368782 ], [ -2.82149624594291, 54.088970322366599 ], [ -2.82660007395096, 54.100433208232097 ], [ -2.78029617241889, 54.135604970063902 ], [ -2.79841004288165, 54.1273924954221 ], [ -2.80205650851171, 54.143342239651702 ], [ -2.8098154637962, 54.132327455533897 ], [ -2.824556369035, 54.1403328376107 ], [ -2.82782532460237, 54.1475546967973 ], [ -2.81059365073664, 54.155000777770198 ], [ -2.82833575687875, 54.153294428476499 ], [ -2.8379104934646, 54.174224715540099 ], [ -2.83791619316485, 54.174226568661503 ], [ -2.83721686204006, 54.174172399825302 ], [ -2.79898153022298, 54.197740769409002 ], [ -2.76823199124557, 54.185964112420201 ], [ -2.7343869846531, 54.184110964259098 ], [ -2.73648907076834, 54.169024251200398 ], [ -2.67984171291155, 54.161185700691803 ], [ -2.63993581265475, 54.2020329750248 ], [ -2.62495689056548, 54.195568728030501 ], [ -2.5760776553629, 54.195595182527903 ], [ -2.45958529173133, 54.239568409588998 ], [ -2.46086273483392, 54.226716135168502 ] ] ] } },
{ "type": "Feature", "properties": { "FID": 142, "LAD24CD": "E07000122", "LAD24NM": "Pendle", "LAD24NMW": " ", "BNG_E": 387638, "BNG_N": 443368, "LONG": -2.18956, "LAT": 53.8864, "GlobalID": "dad120b2-3d18-405b-a42a-c098fd73c817", "LAD24CD_1": "E07000122", "LAD24NM_1": "Pendle", "RUC21CD": "UUN", "RUC21NM": "Urban: Majority nearer to a major town or city", "Urban_rura": "Urban", "Shape_Leng": 66093.702326500003, "Shape__Area": 166907554.05245972, "Shape__Length": 66093.702326485829 }, "geometry": { "type": "Polygon", "coordinates": [ [ [ -2.04613032171259, 53.850141245559598 ], [ -2.04692463706631, 53.829510281052301 ], [ -2.06122232901262, 53.825620214434103 ], [ -2.11227899052983, 53.8057083882264 ], [ -2.12862296414996, 53.819795678610298 ], [ -2.19609501278055, 53.825276606004003 ], [ -2.20753973869096, 53.811404148702401 ], [ -2.22396976212194, 53.817850347796302 ], [ -2.26106949964954, 53.807767205619598 ], [ -2.26980505748602, 53.815003886668201 ], [ -2.29469413540422, 53.808438827339799 ], [ -2.30196466895093, 53.821079182112697 ], [ -2.31320516595103, 53.812465035605697 ], [ -2.3171238974191, 53.827828267321202 ], [ -2.30257325913805, 53.836394761019697 ], [ -2.33362325046648, 53.840597474113501 ], [ -2.31792795935388, 53.846922006950699 ], [ -2.31931895337125, 53.861347537909197 ], [ -2.22426462487113, 53.8907510083611 ], [ -2.24584068924005, 53.933262680716503 ], [ -2.18446422707568, 53.952211389003303 ], [ -2.18227343100205, 53.935405963292403 ], [ -2.13222410689956, 53.926508850322399 ], [ -2.11334616135047, 53.915626853583298 ], [ -2.10301894796253, 53.890941296250702 ], [ -2.08144705819635, 53.875680320562402 ], [ -2.08991499194819, 53.868181972045498 ], [ -2.04613032171259, 53.850141245559598 ] ] ] } },
{ "type": "Feature", "properties": { "FID": 143, "LAD24CD": "E07000123", "LAD24NM": "Preston", "LAD24NMW": " ", "BNG_E": 352828, "BNG_N": 436431, "LONG": -2.71804, "LAT": 53.822, "GlobalID": "efd8d135-b1e5-4f5e-b008-d2c7267f9385", "LAD24CD_1": "E07000123", "LAD24NM_1": "Preston", "RUC21CD": "UUN", "RUC21NM": "Urban: Majority nearer to a major town or city", "Urban_rura": "Urban", "Shape_Leng": 61319.796364900001, "Shape__Area": 142930283.49006653, "Shape__Length": 61319.796364897709 }, "geometry": { "type": "Polygon", "coordinates": [ [ [ -2.59948777978481, 53.7814710226397 ], [ -2.63414157552339, 53.782356334926 ], [ -2.62209170010117, 53.7708759432482 ], [ -2.65656846629279, 53.760558207037398 ], [ -2.66533950847678, 53.748619471678303 ], [ -2.67905123194158, 53.753005687920698 ], [ -2.71133044446936, 53.748062515228703 ], [ -2.73183054967244, 53.757590218171302 ], [ -2.79390048775577, 53.751295605615397 ], [ -2.79401670525856, 53.751776647722501 ], [ -2.79381896968612, 53.751830214420004 ], [ -2.79401912982675, 53.751786684127403 ], [ -2.79861189096093, 53.770787652736999 ], [ -2.78052617935784, 53.787803399095999 ], [ -2.82599421635823, 53.819987298828003 ], [ -2.79844402224894, 53.824375345584798 ], [ -2.80020005380347, 53.833088555411202 ], [ -2.77092033124808, 53.840369153032299 ], [ -2.75947539023684, 53.826379800022401 ], [ -2.73616925315988, 53.823433711841403 ], [ -2.74646046175452, 53.851052113331399 ], [ -2.7098165059967, 53.853642313632299 ], [ -2.68541937887216, 53.891077077783898 ], [ -2.64521157993947, 53.893764243837303 ], [ -2.62531230348614, 53.880316280529399 ], [ -2.6293349139743, 53.860003347107103 ], [ -2.60789806933386, 53.8387724819261 ], [ -2.62471372097947, 53.815564866971201 ], [ -2.59560044771297, 53.7965123505574 ], [ -2.59948777978481, 53.7814710226397 ] ] ] } },
{ "type": "Feature", "properties": { "FID": 144, "LAD24CD": "E07000124", "LAD24NM": "Ribble Valley", "LAD24NMW": " ", "BNG_E": 372689, "BNG_N": 447677, "LONG": -2.41737, "LAT": 53.9245, "GlobalID": "fa3de77f-f784-46b0-8726-a3324843417e", "LAD24CD_1": "E07000124", "LAD24NM_1": "Ribble Valley", "RUC21CD": "RMN", "RUC21NM": "Majority rural: Majority nearer to a major town or city", "Urban_rura": "Rural", "Shape_Leng": 127830.447289, "Shape__Area": 582753281.08924866, "Shape__Length": 127830.44728890294 }, "geometry": { "type": "Polygon", "coordinates": [ [ [ -2.18446422707568, 53.952211389003303 ], [ -2.24584068924005, 53.933262680716503 ], [ -2.22426462487113, 53.8907510083611 ], [ -2.31931895337125, 53.861347537909197 ], [ -2.31792795935388, 53.846922006950699 ], [ -2.33362325046648, 53.840597474113501 ], [ -2.30257325913805, 53.836394761019697 ], [ -2.3171238974191, 53.827828267321202 ], [ -2.31320516595103, 53.812465035605697 ], [ -2.3423059086941, 53.794827441097901 ], [ -2.3567894171098, 53.798455572210898 ], [ -2.36565852651618, 53.793067003225097 ], [ -2.37001492624725, 53.8014282882922 ], [ -2.39873356943679, 53.803383048866998 ], [ -2.39673657734499, 53.816619190712203 ], [ -2.46580771374763, 53.780813407037598 ], [ -2.55126201509644, 53.756366349594103 ], [ -2.56427021096748, 53.761989118393899 ], [ -2.54557723699228, 53.769139423172902 ], [ -2.54750548958988, 53.775870977906102 ], [ -2.59948777978481, 53.7814710226397 ], [ -2.59560044771297, 53.7965123505574 ], [ -2.62471372097947, 53.815564866971201 ], [ -2.60789806933386, 53.8387724819261 ], [ -2.6293349139743, 53.860003347107103 ], [ -2.62531230348614, 53.880316280529399 ], [ -2.64521157993947, 53.893764243837303 ], [ -2.62518275291284, 53.894625986278299 ], [ -2.61346369041862, 53.9082705854088 ], [ -2.62643718901396, 53.9385635374394 ], [ -2.64821739364283, 53.948921589151297 ], [ -2.64304254596192, 53.957588384545303 ], [ -2.6169021304247, 53.952212336596098 ], [ -2.5575263143622, 53.974912142104799 ], [ -2.58065330231768, 54.000118124451703 ], [ -2.57218584595594, 54.014622698633197 ], [ -2.54710556376612, 54.014077330830197 ], [ -2.52730971583983, 54.026245404546501 ], [ -2.50141852766252, 54.020753508905699 ], [ -2.49226002594353, 54.040050160583498 ], [ -2.46954984634616, 54.046212242203303 ], [ -2.42582648982368, 54.038094909393799 ], [ -2.37407297715162, 54.049089060567397 ], [ -2.35732329416741, 54.019117093882599 ], [ -2.33956433043647, 54.009320722173101 ], [ -2.35228494459096, 54.010553268852298 ], [ -2.35219961279232, 53.994623509837702 ], [ -2.33999932342476, 53.989476896445503 ], [ -2.31917729442185, 53.9938205133544 ], [ -2.29451918094864, 53.974463156812597 ], [ -2.23039881478544, 53.981566788736799 ], [ -2.22111218452458, 53.977901706984397 ], [ -2.23209923454447, 53.971216049950698 ], [ -2.22567381467208, 53.961119523159198 ], [ -2.1960183674942, 53.969575844619399 ], [ -2.18446422707568, 53.952211389003303 ] ] ] } },
{ "type": "Feature", "properties": { "FID": 145, "LAD24CD": "E07000125", "LAD24NM": "Rossendale", "LAD24NMW": " ", "BNG_E": 382827, "BNG_N": 420953, "LONG": -2.26149, "LAT": 53.6848, "GlobalID": "2bfc7971-3fc4-47dd-b275-a078e4706ca0", "LAD24CD_1": "E07000125", "LAD24NM_1": "Rossendale", "RUC21CD": "UUN", "RUC21NM": "Urban: Majority nearer to a major town or city", "Urban_rura": "Urban", "Shape_Leng": 62480.185523499997, "Shape__Area": 137062101.04849243, "Shape__Length": 62480.185523512169 }, "geometry": { "type": "Polygon", "coordinates": [ [ [ -2.17329132180093, 53.7230096460328 ], [ -2.14632807589576, 53.682231528549401 ], [ -2.1613528322883, 53.641374174336399 ], [ -2.18539583912308, 53.638224091886897 ], [ -2.18236631347857, 53.6482630683671 ], [ -2.20524689197271, 53.654361520936398 ], [ -2.21772889962318, 53.668980737916598 ], [ -2.24586450632537, 53.663441759381399 ], [ -2.26992520624279, 53.646057269793701 ], [ -2.25679062940177, 53.620442103109397 ], [ -2.27176557607027, 53.614478007830797 ], [ -2.2951870593827, 53.640179520052598 ], [ -2.29900613061694, 53.666709452658402 ], [ -2.316664441188, 53.654914693018597 ], [ -2.37123619444388, 53.667080653592997 ], [ -2.37442427465371, 53.687254433348897 ], [ -2.39834827805747, 53.691559861981503 ], [ -2.41099828503281, 53.705175815882697 ], [ -2.34423489915318, 53.722485172480702 ], [ -2.32585331134672, 53.734353602776203 ], [ -2.32614815671146, 53.7473356122686 ], [ -2.3141091073118, 53.747038794959003 ], [ -2.29527150262072, 53.7519904922165 ], [ -2.26859737309129, 53.742280567443203 ], [ -2.25168527111605, 53.755043215880399 ], [ -2.23255520764486, 53.7376100935236 ], [ -2.17329132180093, 53.7230096460328 ] ] ] } },
{ "type": "Feature", "properties": { "FID": 146, "LAD24CD": "E07000126", "LAD24NM": "South Ribble", "LAD24NMW": " ", "BNG_E": 352017, "BNG_N": 425841, "LONG": -2.72871, "LAT": 53.7268, "GlobalID": "734ce3e7-1ce6-4fe1-9b2e-d40f02894ad9", "LAD24CD_1": "E07000126", "LAD24NM_1": "South Ribble", "RUC21CD": "UUN", "RUC21NM": "Urban: Majority nearer to a major town or city", "Urban_rura": "Urban", "Shape_Leng": 71676.6888473, "Shape__Area": 114211486.88378906, "Shape__Length": 71676.688847347556 }, "geometry": { "type": "MultiPolygon", "coordinates": [ [ [ [ -2.86007524098511, 53.733570040063 ], [ -2.84531395701645, 53.724992205196997 ], [ -2.86638894694105, 53.732716292071999 ], [ -2.86007524098511, 53.733570040063 ] ] ], [ [ [ -2.55126201509644, 53.756366349594103 ], [ -2.56160160852994, 53.7469013534173 ], [ -2.57718070568711, 53.751128111666702 ], [ -2.61196027394129, 53.738623543347501 ], [ -2.62978080496322, 53.717237999192797 ], [ -2.65195678534152, 53.712000586238602 ], [ -2.65842783918025, 53.717723055799901 ], [ -2.671550897066, 53.710742556387402 ], [ -2.67759498116402, 53.693730039162404 ], [ -2.65796455211626, 53.690712596077397 ], [ -2.65882930158791, 53.680672609715998 ], [ -2.70810193934403, 53.681531263082597 ], [ -2.71253955145746, 53.671334127543602 ], [ -2.73355048868891, 53.674282957460797 ], [ -2.73003868088358, 53.686214064928798 ], [ -2.74660221668123, 53.6927075172242 ], [ -2.81987335387192, 53.6870828211175 ], [ -2.83313321919376, 53.695513996933897 ], [ -2.82398181894109, 53.7028535008088 ], [ -2.82908013064916, 53.7155524919214 ], [ -2.82766381050689, 53.714728617555501 ], [ -2.82699425281792, 53.714339118436598 ], [ -2.82831050384487, 53.7155263787498 ], [ -2.82981493958288, 53.717382119245102 ], [ -2.8307219606142, 53.719640315277601 ], [ -2.83203704385686, 53.720122775658602 ], [ -2.83546013208471, 53.724343894222798 ], [ -2.82119432472963, 53.730334392956898 ], [ -2.83609940243751, 53.724787405557898 ], [ -2.84282630160563, 53.731559096481099 ], [ -2.83595981411729, 53.736950685264901 ], [ -2.8449776459918, 53.733724222226002 ], [ -2.84466909306176, 53.730111830557298 ], [ -2.85538755133208, 53.735128802693197 ], [ -2.81029727421126, 53.7473646270983 ], [ -2.80383439314723, 53.749116442254497 ], [ -2.79390048775577, 53.751295605615397 ], [ -2.73183054967244, 53.757590218171302 ], [ -2.71133044446936, 53.748062515228703 ], [ -2.67905123194158, 53.753005687920698 ], [ -2.66533950847678, 53.748619471678303 ], [ -2.65656846629279, 53.760558207037398 ], [ -2.62209170010117, 53.7708759432482 ], [ -2.63414157552339, 53.782356334926 ], [ -2.59948777978481, 53.7814710226397 ], [ -2.54750548958988, 53.775870977906102 ], [ -2.54557723699228, 53.769139423172902 ], [ -2.56427021096748, 53.761989118393899 ], [ -2.55126201509644, 53.756366349594103 ] ] ] ] } },
{ "type": "Feature", "properties": { "FID": 147, "LAD24CD": "E07000127", "LAD24NM": "West Lancashire", "LAD24NMW": " ", "BNG_E": 342606, "BNG_N": 413271, "LONG": -2.869, "LAT": 53.6128, "GlobalID": "b8952b5b-24a8-48d3-b8a0-35ba1c7b2111", "LAD24CD_1": "E07000127", "LAD24NM_1": "West Lancashire", "RUC21CD": "RIN", "RUC21NM": "Intermediate rural: Majority nearer to a major town or city", "Urban_rura": "Rural", "Shape_Leng": 113766.11002599999, "Shape__Area": 346490875.92589569, "Shape__Length": 113766.11002579333 }, "geometry": { "type": "MultiPolygon", "coordinates": [ [ [ [ -2.8307219606142, 53.719640315277601 ], [ -2.82981493958288, 53.717382119245102 ], [ -2.83203704385686, 53.720122775658602 ], [ -2.8307219606142, 53.719640315277601 ] ] ], [ [ [ -2.82908013064916, 53.7155524919214 ], [ -2.82398181894109, 53.7028535008088 ], [ -2.83313321919376, 53.695513996933897 ], [ -2.81987335387192, 53.6870828211175 ], [ -2.82335291321348, 53.668036495758699 ], [ -2.79594612585107, 53.615978146228599 ], [ -2.78114068098553, 53.623480174646097 ], [ -2.75881714184202, 53.614658028979598 ], [ -2.73616787659759, 53.623684735349698 ], [ -2.70969016123837, 53.6178091061104 ], [ -2.69456786884956, 53.6266454231369 ], [ -2.69938480147616, 53.614239831412597 ], [ -2.68945573934377, 53.604279535063299 ], [ -2.69335212229441, 53.589428663716099 ], [ -2.71922262231971, 53.576114180437798 ], [ -2.70481914779262, 53.559192184404203 ], [ -2.71783520038214, 53.5273092243661 ], [ -2.73041764234419, 53.520581369529701 ], [ -2.76887248377879, 53.513571463291498 ], [ -2.78247648838422, 53.531430196080997 ], [ -2.81661562875716, 53.512282319008499 ], [ -2.82496446472737, 53.4852092183637 ], [ -2.84442114863858, 53.484130388511403 ], [ -2.8498364247934, 53.4931391719091 ], [ -2.86515490038089, 53.492087148358102 ], [ -2.88796343716735, 53.503845948792602 ], [ -2.88168765511613, 53.520522906353698 ], [ -2.92300940751067, 53.525220041614403 ], [ -2.94788017879154, 53.544321645303299 ], [ -2.97727810557614, 53.546227157100702 ], [ -2.96298364850007, 53.523760556185103 ], [ -2.97582621873825, 53.515287937009603 ], [ -3.04669858190109, 53.542958327910199 ], [ -3.04038847552938, 53.565272119483097 ], [ -3.02261999765623, 53.569597905968401 ], [ -3.02070918258232, 53.5836752108764 ], [ -3.03598609449788, 53.587218339966597 ], [ -3.02882214969535, 53.602319974455199 ], [ -2.99788936527924, 53.6266670871995 ], [ -2.98182313089385, 53.6222051350477 ], [ -2.9672591070023, 53.631328617883902 ], [ -2.94014344409029, 53.658610517929802 ], [ -2.94678566949808, 53.688017564503397 ], [ -2.95045032085472, 53.691696987095597 ], [ -2.95047123033527, 53.691718377102397 ], [ -2.95415634922314, 53.695417188080299 ], [ -2.95413802198366, 53.695420815969698 ], [ -2.95520361599551, 53.696491916647403 ], [ -2.9554457431862, 53.696726736940803 ], [ -2.9562279760033, 53.697500321846 ], [ -2.93709841824804, 53.695096322558399 ], [ -2.95112233540029, 53.699767840795197 ], [ -2.93668038869624, 53.701912011582003 ], [ -2.95496765519585, 53.704029202428302 ], [ -2.94379682703275, 53.708144414892502 ], [ -2.93183958041707, 53.700009162931799 ], [ -2.92617841556414, 53.704661339307201 ], [ -2.94815308683206, 53.7115435740455 ], [ -2.93828425373907, 53.724919383703501 ], [ -2.91426891678604, 53.710908001860801 ], [ -2.929326426259, 53.724202712540297 ], [ -2.91512151087959, 53.726114274670898 ], [ -2.91085259886381, 53.726693474300703 ], [ -2.86638894694105, 53.732716292071999 ], [ -2.84531395701645, 53.724992205196997 ], [ -2.83141678838355, 53.716911619573303 ], [ -2.82908013064916, 53.7155524919214 ] ] ] ] } },
{ "type": "Feature", "properties": { "FID": 148, "LAD24CD": "E07000128", "LAD24NM": "Wyre", "LAD24NMW": " ", "BNG_E": 347294, "BNG_N": 445159, "LONG": -2.8036, "LAT": 53.8999, "GlobalID": "7427458a-a369-4731-8179-1e3273d66d4b", "LAD24CD_1": "E07000128", "LAD24NM_1": "Wyre", "RUC21CD": "UIN", "RUC21NM": "Intermediate urban: Majority nearer to a major town or city", "Urban_rura": "Urban", "Shape_Leng": 115486.212698, "Shape__Area": 285127854.75915527, "Shape__Length": 115486.21269774392 }, "geometry": { "type": "MultiPolygon", "coordinates": [ [ [ [ -2.87964259483512, 53.945482293744497 ], [ -2.88062800175444, 53.943946745562499 ], [ -2.88247933234625, 53.946307516080701 ], [ -2.88171881979457, 53.946598156346198 ], [ -2.87964259483512, 53.945482293744497 ] ] ], [ [ [ -2.71565576482026, 53.980244052808303 ], [ -2.70204885822574, 53.943556459645698 ], [ -2.68791654101037, 53.949702213362897 ], [ -2.64821739364283, 53.948921589151297 ], [ -2.62643718901396, 53.9385635374394 ], [ -2.61346369041862, 53.9082705854088 ], [ -2.62518275291284, 53.894625986278299 ], [ -2.64521157993947, 53.893764243837303 ], [ -2.68541937887216, 53.891077077783898 ], [ -2.7098165059967, 53.853642313632299 ], [ -2.74646046175452, 53.851052113331399 ], [ -2.73616925315988, 53.823433711841403 ], [ -2.75947539023684, 53.826379800022401 ], [ -2.77092033124808, 53.840369153032299 ], [ -2.80020005380347, 53.833088555411202 ], [ -2.79844402224894, 53.824375345584798 ], [ -2.82599421635823, 53.819987298828003 ], [ -2.84086959655669, 53.831277943020197 ], [ -2.86942278313709, 53.8309131134464 ], [ -2.85758673975096, 53.842606581826601 ], [ -2.89014618483959, 53.846038982066297 ], [ -2.87556086386656, 53.857933363441603 ], [ -2.90432547908246, 53.864845843955301 ], [ -2.94376826684964, 53.850680916801998 ], [ -2.97667648335888, 53.864605729169703 ], [ -2.98192393707346, 53.858176223769398 ], [ -2.96556995199783, 53.847311002402897 ], [ -2.96177766016056, 53.828346530094002 ], [ -3.01065293005663, 53.826193899821199 ], [ -3.0197498931885, 53.868599577970599 ], [ -3.04783860629561, 53.874625632963102 ], [ -3.04773507657087, 53.875718983803601 ], [ -3.04978339034913, 53.919996517043401 ], [ -3.00847770038889, 53.928944298521401 ], [ -3.00945606329603, 53.9007432357498 ], [ -2.99957204258185, 53.928597650494197 ], [ -2.92499795483546, 53.9499741062303 ], [ -2.91565501046398, 53.947486393737499 ], [ -2.91067969592712, 53.946161210841097 ], [ -2.91561810073159, 53.945796466464998 ], [ -2.93009524140352, 53.9447259895042 ], [ -2.9155115582386, 53.940926130305897 ], [ -2.90615672313096, 53.938487372631499 ], [ -2.88101279283547, 53.943347097049397 ], [ -2.88520799526869, 53.936808209340001 ], [ -2.86436725618549, 53.918079731428101 ], [ -2.80368814239779, 53.9357544056585 ], [ -2.81366437465197, 53.945807348266896 ], [ -2.79642213630804, 53.975470125155297 ], [ -2.75786811323113, 53.963108814685 ], [ -2.75537475426664, 53.952331206006399 ], [ -2.74147581990892, 53.956856844963497 ], [ -2.73523711666107, 53.974526387908099 ], [ -2.71565576482026, 53.980244052808303 ] ] ] ] } },
{ "type": "Feature", "properties": { "FID": 149, "LAD24CD": "E07000129", "LAD24NM": "Blaby", "LAD24NMW": " ", "BNG_E": 454385, "BNG_N": 297994, "LONG": -1.19887, "LAT": 52.5771, "GlobalID": "ecaed495-af93-4b01-8127-8d28f69b8edb", "LAD24CD_1": "E07000129", "LAD24NM_1": "Blaby", "RUC21CD": "UIN", "RUC21NM": "Intermediate urban: Majority nearer to a major town or city", "Urban_rura": "Urban", "Shape_Leng": 80298.088281699995, "Shape__Area": 130101036.07491302, "Shape__Length": 80298.088281664124 }, "geometry": { "type": "Polygon", "coordinates": [ [ [ -1.18528923933493, 52.660644095281498 ], [ -1.19065594938898, 52.640393858533997 ], [ -1.20725216803536, 52.642587970705101 ], [ -1.215980784602, 52.634533555367597 ], [ -1.16549861830906, 52.613102635920498 ], [ -1.17422436304014, 52.592926340815602 ], [ -1.15789024255452, 52.590821988086198 ], [ -1.16094169838228, 52.582530549003302 ], [ -1.14949577431606, 52.5810241148586 ], [ -1.14361854307226, 52.588025425686197 ], [ -1.13017927927289, 52.562247554614501 ], [ -1.12359691157834, 52.568912902184202 ], [ -1.09579039640856, 52.5655528264531 ], [ -1.082893928931, 52.556579203665997 ], [ -1.05939219116329, 52.558930073551501 ], [ -1.07593131505941, 52.538798769784201 ], [ -1.1212567474307, 52.545186557334198 ], [ -1.18427532257135, 52.527498992742103 ], [ -1.20213280196255, 52.527439905379502 ], [ -1.23184050477181, 52.555378913795998 ], [ -1.30594754120562, 52.493395279649803 ], [ -1.32512125577365, 52.501054483666103 ], [ -1.31797017343557, 52.515118220953298 ], [ -1.33484699507845, 52.533024985894798 ], [ -1.3348867845199, 52.560193184805101 ], [ -1.32370941374702, 52.56779390642 ], [ -1.30202258537581, 52.561388676036799 ], [ -1.27291557526986, 52.565972137423103 ], [ -1.26996749967124, 52.574796602923499 ], [ -1.29680102789667, 52.579817042698998 ], [ -1.29837199355684, 52.585873897750602 ], [ -1.27458365029556, 52.600984088746102 ], [ -1.27447930785219, 52.616170148530301 ], [ -1.25739253820245, 52.6161809187657 ], [ -1.2618766662228, 52.628211691211199 ], [ -1.24078754274096, 52.633595735194199 ], [ -1.26180193363386, 52.637066271157899 ], [ -1.23219782033718, 52.6407474306003 ], [ -1.19968163037784, 52.664401817399501 ], [ -1.18528923933493, 52.660644095281498 ] ] ] } },
{ "type": "Feature", "properties": { "FID": 150, "LAD24CD": "E07000130", "LAD24NM": "Charnwood", "LAD24NMW": " ", "BNG_E": 458365, "BNG_N": 316155, "LONG": -1.13694, "LAT": 52.7399, "GlobalID": "42fb70cc-296d-4acf-b300-f70682371675", "LAD24CD_1": "E07000130", "LAD24NM_1": "Charnwood", "RUC21CD": "UIN", "RUC21NM": "Intermediate urban: Majority nearer to a major town or city", "Urban_rura": "Urban", "Shape_Leng": 93620.131316300001, "Shape__Area": 276407356.61218262, "Shape__Length": 93620.131316251427 }, "geometry": { "type": "Polygon", "coordinates": [ [ [ -1.03639486975401, 52.815900904895202 ], [ -1.04590891528095, 52.766032005853603 ], [ -1.03038195561504, 52.756186308039602 ], [ -1.01991102008189, 52.726980086269101 ], [ -1.0010507906414, 52.723661922985897 ], [ -1.01559253375669, 52.710824216198198 ], [ -1.00797633679774, 52.6963927456829 ], [ -0.948924212290192, 52.6803811505468 ], [ -0.960167239463435, 52.673106522572198 ], [ -0.9802833788725, 52.681853442889597 ], [ -1.01374155500945, 52.655060680265997 ], [ -1.04861278988328, 52.654995955484203 ], [ -1.0750788495323, 52.669625636595299 ], [ -1.11881182169027, 52.673186317951803 ], [ -1.12922467843509, 52.665389781485999 ], [ -1.14326236102496, 52.687157157171697 ], [ -1.15725203286727, 52.691523025163598 ], [ -1.17810614733343, 52.678010449969399 ], [ -1.18528923933493, 52.660644095281498 ], [ -1.19968163037784, 52.664401817399501 ], [ -1.21214007902656, 52.674446059545602 ], [ -1.22694892877729, 52.670004332160097 ], [ -1.24433108910874, 52.684464265822797 ], [ -1.25901057672952, 52.6820720141368 ], [ -1.28089948242999, 52.691816009761098 ], [ -1.28271338931419, 52.714642317274297 ], [ -1.24714069691699, 52.736368977200698 ], [ -1.25111733360693, 52.740872928426398 ], [ -1.26686507015886, 52.747450985378102 ], [ -1.28748662488214, 52.733972274971102 ], [ -1.30475412987616, 52.748464586649298 ], [ -1.33237870782939, 52.753018158057401 ], [ -1.33479158393321, 52.763100189700801 ], [ -1.31896100445018, 52.785388565951102 ], [ -1.27866961983227, 52.783176717955399 ], [ -1.27644940198985, 52.8003283589061 ], [ -1.26194492511641, 52.810447295092899 ], [ -1.23452948193383, 52.802109415645397 ], [ -1.22588604719083, 52.791677563649301 ], [ -1.19772936216661, 52.789411546226603 ], [ -1.16327577042398, 52.806522227798801 ], [ -1.13089307263852, 52.805826910722601 ], [ -1.11694190790358, 52.819577206319799 ], [ -1.07443530143318, 52.824726633498699 ], [ -1.07173821252654, 52.814011210825299 ], [ -1.03639486975401, 52.815900904895202 ] ] ] } },
{ "type": "Feature", "properties": { "FID": 151, "LAD24CD": "E07000131", "LAD24NM": "Harborough", "LAD24NMW": " ", "BNG_E": 474550, "BNG_N": 293873, "LONG": -0.90228, "LAT": 52.5376, "GlobalID": "3c1b167b-1deb-4730-bbc2-ba5d675d8815", "LAD24CD_1": "E07000131", "LAD24NM_1": "Harborough", "RUC21CD": "RMN", "RUC21NM": "Majority rural: Majority nearer to a major town or city", "Urban_rura": "Rural", "Shape_Leng": 142562.07040200001, "Shape__Area": 595908525.91030121, "Shape__Length": 142562.07040247574 }, "geometry": { "type": "Polygon", "coordinates": [ [ [ -0.80876039097453, 52.6461209877668 ], [ -0.805824670618499, 52.620687877435202 ], [ -0.820950352829114, 52.596454860809203 ], [ -0.792435455444373, 52.597614169051802 ], [ -0.765276706324838, 52.582498190589497 ], [ -0.759893743806875, 52.564906033456602 ], [ -0.738864421751923, 52.548883337066101 ], [ -0.742206489930266, 52.539485976112502 ], [ -0.713658337963826, 52.524963967447498 ], [ -0.757215564663111, 52.510949220410097 ], [ -0.774866784894676, 52.518276335255102 ], [ -0.820121757601639, 52.515540999935602 ], [ -0.868699498890148, 52.527002892234002 ], [ -0.883443190675843, 52.513970157197797 ], [ -0.882125559613792, 52.493165804132303 ], [ -0.898047834720489, 52.486918449806801 ], [ -0.882395514787867, 52.4712828435323 ], [ -0.9012806064268, 52.459755859195397 ], [ -0.942191918774036, 52.4677725216198 ], [ -0.951908262509529, 52.477423929892801 ], [ -1.00069265209655, 52.470940416852002 ], [ -1.04449403157973, 52.445837017267699 ], [ -1.03427367925882, 52.436285272123598 ], [ -1.04998493314387, 52.422208447942602 ], [ -1.08438179273988, 52.436298147060803 ], [ -1.12926952385576, 52.416103451244098 ], [ -1.14935295147126, 52.397040625955299 ], [ -1.18397472701336, 52.3921717358566 ], [ -1.20163348439696, 52.396734407422102 ], [ -1.30594754120562, 52.493395279649803 ], [ -1.23184050477181, 52.555378913795998 ], [ -1.20213280196255, 52.527439905379502 ], [ -1.18427532257135, 52.527498992742103 ], [ -1.1212567474307, 52.545186557334198 ], [ -1.07593131505941, 52.538798769784201 ], [ -1.05939219116329, 52.558930073551501 ], [ -1.082893928931, 52.556579203665997 ], [ -1.07535444593118, 52.574734874160399 ], [ -1.04135762765073, 52.598009671216403 ], [ -1.06247912689757, 52.6042471513462 ], [ -1.07048970747673, 52.618066830475499 ], [ -1.04696224710518, 52.634620080345698 ], [ -1.04861278988328, 52.654995955484203 ], [ -1.01374155500945, 52.655060680265997 ], [ -0.9802833788725, 52.681853442889597 ], [ -0.960167239463435, 52.673106522572198 ], [ -0.948924212290192, 52.6803811505468 ], [ -0.91604962363473, 52.671140715623899 ], [ -0.911926083902222, 52.6771722648121 ], [ -0.892907444114174, 52.673710218441002 ], [ -0.855486255218379, 52.684938926373 ], [ -0.858781856241763, 52.673750988974597 ], [ -0.833981489993561, 52.6727049812933 ], [ -0.829548904939887, 52.658753204127301 ], [ -0.809528311230395, 52.657611722052103 ], [ -0.822271716083747, 52.647254331121701 ], [ -0.80876039097453, 52.6461209877668 ] ] ] } },
{ "type": "Feature", "properties": { "FID": 152, "LAD24CD": "E07000132", "LAD24NM": "Hinckley and Bosworth", "LAD24NMW": " ", "BNG_E": 439538, "BNG_N": 301379, "LONG": -1.41755, "LAT": 52.6088, "GlobalID": "84f107dd-0057-4130-8c5c-7668d9901c86", "LAD24CD_1": "E07000132", "LAD24NM_1": "Hinckley and Bosworth", "RUC21CD": "RIN", "RUC21NM": "Intermediate rural: Majority nearer to a major town or city", "Urban_rura": "Rural", "Shape_Leng": 93507.903480699999, "Shape__Area": 300077777.49588776, "Shape__Length": 93507.903480699533 }, "geometry": { "type": "Polygon", "coordinates": [ [ [ -1.19968163037784, 52.664401817399501 ], [ -1.23219782033718, 52.6407474306003 ], [ -1.26180193363386, 52.637066271157899 ], [ -1.24078754274096, 52.633595735194199 ], [ -1.2618766662228, 52.628211691211199 ], [ -1.25739253820245, 52.6161809187657 ], [ -1.27447930785219, 52.616170148530301 ], [ -1.27458365029556, 52.600984088746102 ], [ -1.29837199355684, 52.585873897750602 ], [ -1.29680102789667, 52.579817042698998 ], [ -1.26996749967124, 52.574796602923499 ], [ -1.27291557526986, 52.565972137423103 ], [ -1.30202258537581, 52.561388676036799 ], [ -1.32370941374702, 52.56779390642 ], [ -1.3348867845199, 52.560193184805101 ], [ -1.33484699507845, 52.533024985894798 ], [ -1.31797017343557, 52.515118220953298 ], [ -1.32512125577365, 52.501054483666103 ], [ -1.41734425186395, 52.534455306150903 ], [ -1.45999402369308, 52.5515899264079 ], [ -1.52268732942375, 52.5704270757305 ], [ -1.5271552279268, 52.582737830765197 ], [ -1.56069803676403, 52.596119327439297 ], [ -1.55445233721977, 52.614762083586498 ], [ -1.57135417978669, 52.635271629020501 ], [ -1.54451698666015, 52.644607875519299 ], [ -1.55177141577137, 52.667455105551802 ], [ -1.53682479949854, 52.665735534928601 ], [ -1.50241173630388, 52.6775778641165 ], [ -1.49399070637786, 52.669057418333303 ], [ -1.47701880711561, 52.677714986266302 ], [ -1.44574243138415, 52.663958020839303 ], [ -1.42420339065323, 52.684002529397603 ], [ -1.40191582367444, 52.672079814627303 ], [ -1.36058734327607, 52.676476108828297 ], [ -1.34260044712441, 52.690202395197197 ], [ -1.35109636116169, 52.694157059767697 ], [ -1.28271338931419, 52.714642317274297 ], [ -1.28089948242999, 52.691816009761098 ], [ -1.25901057672952, 52.6820720141368 ], [ -1.24433108910874, 52.684464265822797 ], [ -1.22694892877729, 52.670004332160097 ], [ -1.21214007902656, 52.674446059545602 ], [ -1.19968163037784, 52.664401817399501 ] ] ] } },
{ "type": "Feature", "properties": { "FID": 153, "LAD24CD": "E07000133", "LAD24NM": "Melton", "LAD24NMW": " ", "BNG_E": 477328, "BNG_N": 323469, "LONG": -0.8544, "LAT": 52.8033, "GlobalID": "df0e105e-ac25-4ee9-bf45-4153ba3db258", "LAD24CD_1": "E07000133", "LAD24NM_1": "Melton", "RUC21CD": "RIF", "RUC21NM": "Intermediate rural: Majority further from a major town or city", "Urban_rura": "Rural", "Shape_Leng": 116594.47941099999, "Shape__Area": 484009413.89367676, "Shape__Length": 116594.4794114644 }, "geometry": { "type": "Polygon", "coordinates": [ [ [ -0.664101453534753, 52.756710460027598 ], [ -0.751697884509706, 52.736712185263599 ], [ -0.776484384415236, 52.743934190847597 ], [ -0.813435226931193, 52.729129731980102 ], [ -0.821752864472964, 52.7156751836391 ], [ -0.786037151849535, 52.6947509395089 ], [ -0.782041592366397, 52.669481437632697 ], [ -0.80876039097453, 52.6461209877668 ], [ -0.822271716083747, 52.647254331121701 ], [ -0.809528311230395, 52.657611722052103 ], [ -0.829548904939887, 52.658753204127301 ], [ -0.833981489993561, 52.6727049812933 ], [ -0.858781856241763, 52.673750988974597 ], [ -0.855486255218379, 52.684938926373 ], [ -0.892907444114174, 52.673710218441002 ], [ -0.911926083902222, 52.6771722648121 ], [ -0.91604962363473, 52.671140715623899 ], [ -0.948924212290192, 52.6803811505468 ], [ -1.00797633679774, 52.6963927456829 ], [ -1.01559253375669, 52.710824216198198 ], [ -1.0010507906414, 52.723661922985897 ], [ -1.01991102008189, 52.726980086269101 ], [ -1.03038195561504, 52.756186308039602 ], [ -1.04590891528095, 52.766032005853603 ], [ -1.03639486975401, 52.815900904895202 ], [ -1.02193315697324, 52.822051887458599 ], [ -0.982709019320862, 52.820674864403898 ], [ -0.977074582062935, 52.840737662397501 ], [ -0.959496319753573, 52.843817641326602 ], [ -0.928121482481403, 52.866083308638402 ], [ -0.940563980212635, 52.876829575761199 ], [ -0.916775334007956, 52.878875948750498 ], [ -0.85763357391753, 52.905642319172301 ], [ -0.862893425264728, 52.913113844347698 ], [ -0.824360730976672, 52.941789608927699 ], [ -0.833908629870818, 52.945880502376397 ], [ -0.820021885123097, 52.960464428506199 ], [ -0.812850938336058, 52.957464211788803 ], [ -0.796150034418614, 52.9767315018684 ], [ -0.778278647253454, 52.976923378603502 ], [ -0.778437336497995, 52.959313819497403 ], [ -0.754950088765391, 52.949556192324401 ], [ -0.776859443622396, 52.904808904182502 ], [ -0.758468269907546, 52.9004900488763 ], [ -0.766592056271416, 52.886798362541803 ], [ -0.742722542356135, 52.883157177455097 ], [ -0.682188842128433, 52.811967338940804 ], [ -0.664101453534753, 52.756710460027598 ] ] ] } },
{ "type": "Feature", "properties": { "FID": 154, "LAD24CD": "E07000134", "LAD24NM": "North West Leicestershire", "LAD24NMW": " ", "BNG_E": 439107, "BNG_N": 316253, "LONG": -1.42215, "LAT": 52.7425, "GlobalID": "c0fb0396-5abf-4244-8cd5-cfcb6bbf2f15", "LAD24CD_1": "E07000134", "LAD24NM_1": "North West Leicestershire", "RUC21CD": "RIN", "RUC21NM": "Intermediate rural: Majority nearer to a major town or city", "Urban_rura": "Rural", "Shape_Leng": 95781.8541635, "Shape__Area": 278293545.80395508, "Shape__Length": 95781.854163459153 }, "geometry": { "type": "Polygon", "coordinates": [ [ [ -1.26194492511641, 52.810447295092899 ], [ -1.27644940198985, 52.8003283589061 ], [ -1.27866961983227, 52.783176717955399 ], [ -1.31896100445018, 52.785388565951102 ], [ -1.33479158393321, 52.763100189700801 ], [ -1.33237870782939, 52.753018158057401 ], [ -1.30475412987616, 52.748464586649298 ], [ -1.28748662488214, 52.733972274971102 ], [ -1.26686507015886, 52.747450985378102 ], [ -1.25111733360693, 52.740872928426398 ], [ -1.24714069691699, 52.736368977200698 ], [ -1.28271338931419, 52.714642317274297 ], [ -1.35109636116169, 52.694157059767697 ], [ -1.34260044712441, 52.690202395197197 ], [ -1.36058734327607, 52.676476108828297 ], [ -1.40191582367444, 52.672079814627303 ], [ -1.42420339065323, 52.684002529397603 ], [ -1.44574243138415, 52.663958020839303 ], [ -1.47701880711561, 52.677714986266302 ], [ -1.49399070637786, 52.669057418333303 ], [ -1.50241173630388, 52.6775778641165 ], [ -1.53682479949854, 52.665735534928601 ], [ -1.55177141577137, 52.667455105551802 ], [ -1.5896451852037, 52.687260807269297 ], [ -1.59754104512465, 52.700421766041302 ], [ -1.55007807843124, 52.720374177586102 ], [ -1.54461400055382, 52.731700829998601 ], [ -1.56249379915817, 52.7505757975511 ], [ -1.55278704447237, 52.763332951165999 ], [ -1.50392793911634, 52.767494639910197 ], [ -1.49398372303295, 52.7590473707603 ], [ -1.46847185823686, 52.766890918027599 ], [ -1.45590921411606, 52.777082409065599 ], [ -1.46277863628329, 52.786863458991903 ], [ -1.4424918611222, 52.792901682856296 ], [ -1.44369131642585, 52.802616329401097 ], [ -1.41770445879577, 52.801615500286999 ], [ -1.38792159927392, 52.832982486023397 ], [ -1.39435989220902, 52.836766973347203 ], [ -1.36056563268077, 52.855409412387502 ], [ -1.35108188150804, 52.853306901709402 ], [ -1.34546364255116, 52.867290066526699 ], [ -1.32571582010996, 52.8659133913999 ], [ -1.31930687515051, 52.872869427004296 ], [ -1.26788907937114, 52.873368650552202 ], [ -1.27436347501172, 52.836129517386098 ], [ -1.26194492511641, 52.810447295092899 ] ] ] } },
{ "type": "Feature", "properties": { "FID": 155, "LAD24CD": "E07000135", "LAD24NM": "Oadby and Wigston", "LAD24NMW": " ", "BNG_E": 461543, "BNG_N": 299379, "LONG": -1.093, "LAT": 52.5887, "GlobalID": "ee22d430-9abb-47d1-8b75-194fe5e0162e", "LAD24CD_1": "E07000135", "LAD24NM_1": "Oadby and Wigston", "RUC21CD": "UUN", "RUC21NM": "Urban: Majority nearer to a major town or city", "Urban_rura": "Urban", "Shape_Leng": 23050.2510544, "Shape__Area": 23221816.105430603, "Shape__Length": 23050.25105441947 }, "geometry": { "type": "Polygon", "coordinates": [ [ [ -1.082893928931, 52.556579203665997 ], [ -1.09579039640856, 52.5655528264531 ], [ -1.12359691157834, 52.568912902184202 ], [ -1.13017927927289, 52.562247554614501 ], [ -1.14361854307226, 52.588025425686197 ], [ -1.12017085196089, 52.597544075963903 ], [ -1.10365075505458, 52.5959117935341 ], [ -1.09661352028508, 52.616491380846298 ], [ -1.07048970747673, 52.618066830475499 ], [ -1.06247912689757, 52.6042471513462 ], [ -1.04135762765073, 52.598009671216403 ], [ -1.07535444593118, 52.574734874160399 ], [ -1.082893928931, 52.556579203665997 ] ] ] } },
{ "type": "Feature", "properties": { "FID": 156, "LAD24CD": "E07000136", "LAD24NM": "Boston", "LAD24NMW": " ", "BNG_E": 526851, "BNG_N": 343956, "LONG": -0.11218, "LAT": 52.978, "GlobalID": "5a1d3afa-cf8f-455d-9660-b1367376ee26", "LAD24CD_1": "E07000136", "LAD24NM_1": "Boston", "RUC21CD": "UIF", "RUC21NM": "Intermediate urban: Majority further from a major town or city", "Urban_rura": "Urban", "Shape_Leng": 100785.82708, "Shape__Area": 365178357.47096252, "Shape__Length": 100785.82707970777 }, "geometry": { "type": "Polygon", "coordinates": [ [ [ 0.199385993090305, 53.032543242080799 ], [ 0.151425047758128, 53.0081071310955 ], [ 0.081916255506553, 52.941279821159902 ], [ 0.079758545353513, 52.939201343257601 ], [ 0.072307463723594, 52.932022030072801 ], [ 0.077600200662709, 52.932031555543396 ], [ 0.063306363563357, 52.922552738647198 ], [ 0.053181493218386, 52.916181114588802 ], [ 0.042633587282577, 52.9088333808103 ], [ 0.027004965484916, 52.8984532836553 ], [ -0.040348526576924, 52.868450573830302 ], [ -0.084793503794167, 52.864546452258601 ], [ -0.11852607868706, 52.882350659851497 ], [ -0.142651723736895, 52.884907741115498 ], [ -0.156616788374222, 52.912163273823602 ], [ -0.246700235672091, 52.928845320735803 ], [ -0.189776225218981, 52.996459676351598 ], [ -0.22499624799643, 53.030011051132597 ], [ -0.210939057909469, 53.069941502388303 ], [ -0.19611968531666, 53.0695566895835 ], [ -0.115892775599215, 53.010644668402797 ], [ -0.00706054386389, 53.001120447353699 ], [ 0.045229440784201, 53.030067300088099 ], [ 0.036202491101843, 53.069496809926697 ], [ 0.087487540747824, 53.071645191573197 ], [ 0.137097805453645, 53.086741350057601 ], [ 0.150220847375668, 53.056949561285499 ], [ 0.192886715653615, 53.037674526469402 ], [ 0.199385993090305, 53.032543242080799 ] ] ] } },
{ "type": "Feature", "properties": { "FID": 157, "LAD24CD": "E07000137", "LAD24NM": "East Lindsey", "LAD24NMW": " ", "BNG_E": 534861, "BNG_N": 376064, "LONG": 0.020516, "LAT": 53.2645, "GlobalID": "70656c1e-c013-4baf-bdb5-6b57f21d8bc8", "LAD24CD_1": "E07000137", "LAD24NM_1": "East Lindsey", "RUC21CD": "RMF", "RUC21NM": "Majority rural: Majority further from a major town or city", "Urban_rura": "Rural", "Shape_Leng": 229898.23315700001, "Shape__Area": 1774120292.1958618, "Shape__Length": 229898.23315748532 }, "geometry": { "type": "Polygon", "coordinates": [ [ [ 0.199385993090305, 53.032543242080799 ], [ 0.192886715653615, 53.037674526469402 ], [ 0.150220847375668, 53.056949561285499 ], [ 0.137097805453645, 53.086741350057601 ], [ 0.087487540747824, 53.071645191573197 ], [ 0.036202491101843, 53.069496809926697 ], [ 0.045229440784201, 53.030067300088099 ], [ -0.00706054386389, 53.001120447353699 ], [ -0.115892775599215, 53.010644668402797 ], [ -0.19611968531666, 53.0695566895835 ], [ -0.196596582518654, 53.083437935878798 ], [ -0.219318516789125, 53.096250842130999 ], [ -0.226236727333366, 53.124900328770302 ], [ -0.289650494644498, 53.179365771911201 ], [ -0.302263333382541, 53.210425126402001 ], [ -0.276004810707717, 53.234184103348703 ], [ -0.280242815548857, 53.2497647923689 ], [ -0.30043373851358, 53.262088376864597 ], [ -0.289817639897854, 53.263989090642703 ], [ -0.300825348202662, 53.2639737584824 ], [ -0.301895659311535, 53.2753404842205 ], [ -0.316443359257324, 53.279471647047799 ], [ -0.317460783443738, 53.298251258616702 ], [ -0.295572290080823, 53.3029820955636 ], [ -0.310260818097815, 53.320002648415503 ], [ -0.293312645836236, 53.334476799309499 ], [ -0.275517873649116, 53.321826897288098 ], [ -0.255251658026981, 53.330040211496403 ], [ -0.255899017714339, 53.3441420180378 ], [ -0.204871144805472, 53.371886436143399 ], [ -0.229394388933294, 53.398057961634699 ], [ -0.206023397059548, 53.408435002688798 ], [ -0.214467738175562, 53.428637499283496 ], [ -0.180542173178922, 53.440677952401302 ], [ -0.131844979439125, 53.435925543466901 ], [ -0.120343715760136, 53.4335649224696 ], [ -0.082209345071156, 53.451151005479801 ], [ -0.10782063241139, 53.4698627568227 ], [ -0.089803735537529, 53.4776824143987 ], [ -0.095488450310831, 53.485988995655603 ], [ -0.075262003890499, 53.489335739025499 ], [ -0.065045410609838, 53.518739656868902 ], [ -0.014799288854528, 53.515368571996802 ], [ 0.015507456115982, 53.527945834361702 ], [ 0.0176321787622, 53.525494502853597 ], [ 0.03351516327186, 53.522144112608899 ], [ 0.020562759100126, 53.518402934127501 ], [ 0.035321187087979, 53.519180782314301 ], [ 0.036920843518465, 53.510509509368802 ], [ 0.036050626993729, 53.521686408575398 ], [ 0.040698282420534, 53.507974162476401 ], [ 0.044425215709036, 53.514235242700998 ], [ 0.0610893460666, 53.512373307230497 ], [ 0.026825471469016, 53.529707569645304 ], [ 0.076557414451785, 53.513173385687601 ], [ 0.086714403957335, 53.515662834430103 ], [ 0.084494102496074, 53.499431096417403 ], [ 0.090733682437843, 53.491911671788102 ], [ 0.101288391976023, 53.494570528168801 ], [ 0.100800187538196, 53.484639295016002 ], [ 0.108409103901062, 53.484446854372301 ], [ 0.115104154046365, 53.484277124457101 ], [ 0.108620379622796, 53.488708235998303 ], [ 0.103865542357906, 53.491956961353402 ], [ 0.108669409852001, 53.4896975196867 ], [ 0.121294177169869, 53.483757557728801 ], [ 0.108698149414543, 53.4902773845334 ], [ 0.102879150609792, 53.493288239752999 ], [ 0.108887081582344, 53.494088816060199 ], [ 0.112879630545523, 53.494620651545603 ], [ 0.109371718165889, 53.503863800407601 ], [ 0.108894205897031, 53.505121707887298 ], [ 0.109426473979885, 53.504967928894096 ], [ 0.129307310551929, 53.499221612688402 ], [ 0.134575660153346, 53.484918889503902 ], [ 0.143210086871728, 53.485418642032599 ], [ 0.138647967656849, 53.494898114494497 ], [ 0.14670157873539, 53.492935172246803 ], [ 0.166167939214643, 53.477098789584403 ], [ 0.17363292641706, 53.471021934240497 ], [ 0.165327314429521, 53.4738142421213 ], [ 0.179382144359134, 53.443441493981901 ], [ 0.190483007558852, 53.438296534703703 ], [ 0.175425306266687, 53.436992608144799 ], [ 0.191214073255705, 53.437427099500802 ], [ 0.211050013199773, 53.417396276024697 ], [ 0.189482788016447, 53.417326010580901 ], [ 0.213084786958964, 53.416609692362101 ], [ 0.212519722545717, 53.416068148845298 ], [ 0.212144840361191, 53.416087700775797 ], [ 0.206382924850026, 53.4101857061722 ], [ 0.212232953907791, 53.415793309159099 ], [ 0.214375603613943, 53.408633443656498 ], [ 0.214157638630118, 53.415996784547403 ], [ 0.23139876951704, 53.402400794035898 ], [ 0.260508164263254, 53.359265088833503 ], [ 0.274451481687203, 53.332228558334599 ], [ 0.32384751795082, 53.261987301850702 ], [ 0.355613002033039, 53.192070386691 ], [ 0.34938034708227, 53.1140030966857 ], [ 0.349234252655536, 53.112168092884602 ], [ 0.337989197869103, 53.101780509698898 ], [ 0.337605952200263, 53.101426378922298 ], [ 0.334087823123141, 53.086734211656299 ], [ 0.334949187234994, 53.094399830410701 ], [ 0.319193343319515, 53.091742382094402 ], [ 0.318864473382667, 53.091071356092698 ], [ 0.299240759473107, 53.090729602460399 ], [ 0.315671925180615, 53.088739208325499 ], [ 0.288436246155754, 53.0757361182837 ], [ 0.281788474293144, 53.080104328998097 ], [ 0.287476037263318, 53.074885454954298 ], [ 0.257194075523941, 53.063775049108102 ], [ 0.268903711100709, 53.063165750462403 ], [ 0.258239648719621, 53.056451305629203 ], [ 0.248824995771355, 53.052194298673797 ], [ 0.242867852092857, 53.057176859226097 ], [ 0.248588097239177, 53.051883026732099 ], [ 0.236045432937542, 53.053053646841001 ], [ 0.244553084425172, 53.048620067942799 ], [ 0.199587103225463, 53.032645607465497 ], [ 0.199385993090305, 53.032543242080799 ] ] ] } },
{ "type": "Feature", "properties": { "FID": 158, "LAD24CD": "E07000138", "LAD24NM": "Lincoln", "LAD24NMW": " ", "BNG_E": 496347, "BNG_N": 370096, "LONG": -0.55848, "LAT": 53.2192, "GlobalID": "c1efb001-79ca-473d-a2bc-74935ddc5f0d", "LAD24CD_1": "E07000138", "LAD24NM_1": "Lincoln", "RUC21CD": "UUN", "RUC21NM": "Urban: Majority nearer to a major town or city", "Urban_rura": "Urban", "Shape_Leng": 28546.924286199999, "Shape__Area": 34776950.281021118, "Shape__Length": 28546.924286225283 }, "geometry": { "type": "Polygon", "coordinates": [ [ [ -0.495118460732746, 53.225259144749103 ], [ -0.530239206605408, 53.217499750073998 ], [ -0.539576379967853, 53.203952964782403 ], [ -0.548839773642386, 53.2058631828492 ], [ -0.552843479414256, 53.186326070167702 ], [ -0.564428804572543, 53.187002895864097 ], [ -0.61973537369394, 53.208056466544399 ], [ -0.615666393157136, 53.221910903264202 ], [ -0.570727190024195, 53.229611783522202 ], [ -0.595111924372057, 53.2451701901132 ], [ -0.514294506100039, 53.253980600342103 ], [ -0.496012166981052, 53.247190754911301 ], [ -0.495118460732746, 53.225259144749103 ] ] ] } },
{ "type": "Feature", "properties": { "FID": 159, "LAD24CD": "E07000139", "LAD24NM": "North Kesteven", "LAD24NMW": " ", "BNG_E": 502139, "BNG_N": 354789, "LONG": -0.47664, "LAT": 53.0806, "GlobalID": "77ae6350-6f7f-4c03-90d4-1f22ce37ef74", "LAD24CD_1": "E07000139", "LAD24NM_1": "North Kesteven", "RUC21CD": "RMN", "RUC21NM": "Majority rural: Majority nearer to a major town or city", "Urban_rura": "Rural", "Shape_Leng": 163481.48851900001, "Shape__Area": 921041108.51725769, "Shape__Length": 163481.48851914867 }, "geometry": { "type": "Polygon", "coordinates": [ [ [ -0.595111924372057, 53.2451701901132 ], [ -0.570727190024195, 53.229611783522202 ], [ -0.615666393157136, 53.221910903264202 ], [ -0.61973537369394, 53.208056466544399 ], [ -0.564428804572543, 53.187002895864097 ], [ -0.552843479414256, 53.186326070167702 ], [ -0.548839773642386, 53.2058631828492 ], [ -0.539576379967853, 53.203952964782403 ], [ -0.530239206605408, 53.217499750073998 ], [ -0.495118460732746, 53.225259144749103 ], [ -0.381867563043633, 53.231958106597403 ], [ -0.352433077343622, 53.227921163317902 ], [ -0.319404342476346, 53.1849482933779 ], [ -0.289650494644498, 53.179365771911201 ], [ -0.226236727333366, 53.124900328770302 ], [ -0.219318516789125, 53.096250842130999 ], [ -0.196596582518654, 53.083437935878798 ], [ -0.19611968531666, 53.0695566895835 ], [ -0.210939057909469, 53.069941502388303 ], [ -0.22499624799643, 53.030011051132597 ], [ -0.189776225218981, 52.996459676351598 ], [ -0.246700235672091, 52.928845320735803 ], [ -0.256495923366334, 52.905883498193603 ], [ -0.322830151658847, 52.917529951817599 ], [ -0.357893459219591, 52.915650746613601 ], [ -0.365824278779673, 52.897931103642698 ], [ -0.437340926166954, 52.886995977469603 ], [ -0.445331962470594, 52.900571962834697 ], [ -0.46975593282411, 52.901188401577897 ], [ -0.489207639307169, 52.913470003688403 ], [ -0.493975083029989, 52.9207380200477 ], [ -0.479487583437034, 52.931424476508298 ], [ -0.494153071278651, 52.953847476352699 ], [ -0.510006490558085, 52.947573457183601 ], [ -0.517845823098921, 52.960288172417997 ], [ -0.55409911111268, 52.954430887056397 ], [ -0.543080493786253, 52.971643119930597 ], [ -0.526173082705633, 52.969387220871802 ], [ -0.522814221396275, 53.049641966046003 ], [ -0.584939309954588, 53.045676665648401 ], [ -0.689888640988675, 53.059762732591999 ], [ -0.705929513963481, 53.052002962134601 ], [ -0.716203841365838, 53.059058700743002 ], [ -0.713466500275659, 53.0660465531111 ], [ -0.695132072842781, 53.066290223097603 ], [ -0.729617825692047, 53.097902020200898 ], [ -0.716755387970816, 53.116184795905397 ], [ -0.732407362918311, 53.127801586852499 ], [ -0.715375394751415, 53.136882862701 ], [ -0.718160267478104, 53.1772877890782 ], [ -0.764018606606756, 53.182575431984397 ], [ -0.730569016450559, 53.210756449314196 ], [ -0.714752926702038, 53.207607768737603 ], [ -0.697616436379696, 53.220237289882299 ], [ -0.675872140728609, 53.217644355506103 ], [ -0.666577004989044, 53.239702495612903 ], [ -0.648443687197146, 53.243473541433801 ], [ -0.648376866548705, 53.253167827183901 ], [ -0.622348496006882, 53.258006494017899 ], [ -0.595111924372057, 53.2451701901132 ] ] ] } },
{ "type": "Feature", "properties": { "FID": 160, "LAD24CD": "E07000140", "LAD24NM": "South Holland", "LAD24NMW": " ", "BNG_E": 532910, "BNG_N": 322929, "LONG": -0.03057, "LAT": 52.7876, "GlobalID": "864454ac-1cff-44b1-af77-d137306eb4c1", "LAD24CD_1": "E07000140", "LAD24NM_1": "South Holland", "RUC21CD": "RMF", "RUC21NM": "Majority rural: Majority further from a major town or city", "Urban_rura": "Rural", "Shape_Leng": 145713.009146, "Shape__Area": 754607958.2286377, "Shape__Length": 145713.00914583064 }, "geometry": { "type": "Polygon", "coordinates": [ [ [ 0.027004965484916, 52.8984532836553 ], [ 0.038088685126985, 52.905096650005298 ], [ 0.037421563773399, 52.903324307972497 ], [ 0.040830952483416, 52.906586761038 ], [ 0.068550856517683, 52.918734918675298 ], [ 0.069157797580135, 52.908215532905899 ], [ 0.056376260184746, 52.903392626096696 ], [ 0.07337774271858, 52.906084841048902 ], [ 0.076990520452337, 52.898074434521 ], [ 0.079819463165148, 52.897535470039998 ], [ 0.145014386349435, 52.885092472606203 ], [ 0.136016531757814, 52.874520874460202 ], [ 0.150286836905936, 52.882393298652097 ], [ 0.176331510149807, 52.874116223326602 ], [ 0.214268020679957, 52.828951365949997 ], [ 0.197208479704059, 52.829749400721902 ], [ 0.215079923686475, 52.828480392061799 ], [ 0.214918253239018, 52.822849272159402 ], [ 0.204372826472305, 52.781567798631997 ], [ 0.216813149561601, 52.820883399800799 ], [ 0.245249322896739, 52.822180601771898 ], [ 0.265734430631501, 52.813910061774202 ], [ 0.245037550842594, 52.7844699906207 ], [ 0.272228339358099, 52.772812991608397 ], [ 0.186323197484379, 52.735348630428703 ], [ 0.171626068420179, 52.738031701567103 ], [ 0.132975309366633, 52.739304476298202 ], [ 0.08901169539881, 52.723630165092302 ], [ 0.063626619320692, 52.727391508595801 ], [ 0.044149475987283, 52.714382348721898 ], [ 0.048566401637567, 52.681401659301997 ], [ 0.021500352427817, 52.664887287555402 ], [ -0.031270683265058, 52.661532743076101 ], [ -0.063713814376574, 52.675233093712102 ], [ -0.087752503198597, 52.666786091774398 ], [ -0.102195958212229, 52.672206194476097 ], [ -0.14106199482318, 52.651507423873099 ], [ -0.180020104975691, 52.660561157637801 ], [ -0.192867813968712, 52.652438510143597 ], [ -0.212501332962663, 52.666679492114497 ], [ -0.26718009653159, 52.699086153670898 ], [ -0.306679523463898, 52.7434364466585 ], [ -0.260668749033295, 52.771017811709598 ], [ -0.276331834129263, 52.861204210408197 ], [ -0.270887806844602, 52.872107909511897 ], [ -0.257030341655612, 52.867187119226102 ], [ -0.269519411161286, 52.876957204267399 ], [ -0.256495923366334, 52.905883498193603 ], [ -0.246700235672091, 52.928845320735803 ], [ -0.156616788374222, 52.912163273823602 ], [ -0.142651723736895, 52.884907741115498 ], [ -0.11852607868706, 52.882350659851497 ], [ -0.084793503794167, 52.864546452258601 ], [ -0.040348526576924, 52.868450573830302 ], [ 0.027004965484916, 52.8984532836553 ] ] ] } },
{ "type": "Feature", "properties": { "FID": 161, "LAD24CD": "E07000141", "LAD24NM": "South Kesteven", "LAD24NMW": " ", "BNG_E": 501404, "BNG_N": 328986, "LONG": -0.49568, "LAT": 52.8489, "GlobalID": "f29f6de1-6800-4bbd-9423-4644902e0621", "LAD24CD_1": "E07000141", "LAD24NM_1": "South Kesteven", "RUC21CD": "UIF", "RUC21NM": "Intermediate urban: Majority further from a major town or city", "Urban_rura": "Urban", "Shape_Leng": 184679.49772000001, "Shape__Area": 942066293.30665588, "Shape__Length": 184679.49772027429 }, "geometry": { "type": "Polygon", "coordinates": [ [ [ -0.256495923366334, 52.905883498193603 ], [ -0.269519411161286, 52.876957204267399 ], [ -0.257030341655612, 52.867187119226102 ], [ -0.270887806844602, 52.872107909511897 ], [ -0.276331834129263, 52.861204210408197 ], [ -0.260668749033295, 52.771017811709598 ], [ -0.306679523463898, 52.7434364466585 ], [ -0.26718009653159, 52.699086153670898 ], [ -0.212501332962663, 52.666679492114497 ], [ -0.260753908799236, 52.6514179769663 ], [ -0.289240338532188, 52.670276187597999 ], [ -0.335037147761973, 52.674865972717001 ], [ -0.350076984266874, 52.661670038330797 ], [ -0.405694618313302, 52.6480559470603 ], [ -0.452832300952799, 52.654274914733797 ], [ -0.494688679013636, 52.640265260030702 ], [ -0.495025802128916, 52.640236384337598 ], [ -0.523586001633851, 52.665233719338602 ], [ -0.50667432122478, 52.659525920384702 ], [ -0.456191200774775, 52.670393432484197 ], [ -0.434054536211506, 52.683705070839601 ], [ -0.430443229209799, 52.7054219465724 ], [ -0.49453090710973, 52.709653278868302 ], [ -0.542433641184147, 52.723281448529697 ], [ -0.539974276076003, 52.738401753862902 ], [ -0.572636470370485, 52.753109037212297 ], [ -0.6054438425778, 52.750492943509201 ], [ -0.610288468749071, 52.759821378729498 ], [ -0.664101453534753, 52.756710460027598 ], [ -0.682188842128433, 52.811967338940804 ], [ -0.742722542356135, 52.883157177455097 ], [ -0.766592056271416, 52.886798362541803 ], [ -0.758468269907546, 52.9004900488763 ], [ -0.776859443622396, 52.904808904182502 ], [ -0.754950088765391, 52.949556192324401 ], [ -0.778437336497995, 52.959313819497403 ], [ -0.778278647253454, 52.976923378603502 ], [ -0.80408612641495, 53.012505403341102 ], [ -0.795824908778034, 53.0105980771812 ], [ -0.788413809258192, 53.025853354780999 ], [ -0.760826457019771, 53.029410338252703 ], [ -0.749551780121272, 53.055115652515298 ], [ -0.716203841365838, 53.059058700743002 ], [ -0.705929513963481, 53.052002962134601 ], [ -0.689888640988675, 53.059762732591999 ], [ -0.584939309954588, 53.045676665648401 ], [ -0.522814221396275, 53.049641966046003 ], [ -0.526173082705633, 52.969387220871802 ], [ -0.543080493786253, 52.971643119930597 ], [ -0.55409911111268, 52.954430887056397 ], [ -0.517845823098921, 52.960288172417997 ], [ -0.510006490558085, 52.947573457183601 ], [ -0.494153071278651, 52.953847476352699 ], [ -0.479487583437034, 52.931424476508298 ], [ -0.493975083029989, 52.9207380200477 ], [ -0.489207639307169, 52.913470003688403 ], [ -0.46975593282411, 52.901188401577897 ], [ -0.445331962470594, 52.900571962834697 ], [ -0.437340926166954, 52.886995977469603 ], [ -0.365824278779673, 52.897931103642698 ], [ -0.357893459219591, 52.915650746613601 ], [ -0.322830151658847, 52.917529951817599 ], [ -0.256495923366334, 52.905883498193603 ] ] ] } },
{ "type": "Feature", "properties": { "FID": 162, "LAD24CD": "E07000142", "LAD24NM": "West Lindsey", "LAD24NMW": " ", "BNG_E": 499314, "BNG_N": 390326, "LONG": -0.50774, "LAT": 53.4004, "GlobalID": "ee62b6ae-e8e8-4b4c-8cbf-0fe647b9f595", "LAD24CD_1": "E07000142", "LAD24NM_1": "West Lindsey", "RUC21CD": "RMN", "RUC21NM": "Majority rural: Majority nearer to a major town or city", "Urban_rura": "Rural", "Shape_Leng": 221121.444093, "Shape__Area": 1158136214.6285553, "Shape__Length": 221121.44409327296 }, "geometry": { "type": "Polygon", "coordinates": [ [ [ -0.29211512919743, 53.613267430318203 ], [ -0.24847604907361, 53.593663691688 ], [ -0.251395553409818, 53.584653076087299 ], [ -0.234668675193634, 53.586250418497301 ], [ -0.222558901329779, 53.568016927362599 ], [ -0.195185374970214, 53.571619356694598 ], [ -0.189340889945024, 53.565922587625302 ], [ -0.219882527217496, 53.532606490772103 ], [ -0.210589579218055, 53.531706464101703 ], [ -0.204086448790055, 53.511767341910101 ], [ -0.210604976147154, 53.486288474239601 ], [ -0.188565229273785, 53.484538057592196 ], [ -0.181804717740498, 53.468649411350498 ], [ -0.153680016923717, 53.4656777570993 ], [ -0.149227746736442, 53.446699664488001 ], [ -0.131844979439125, 53.435925543466901 ], [ -0.180542173178922, 53.440677952401302 ], [ -0.214467738175562, 53.428637499283496 ], [ -0.206023397059548, 53.408435002688798 ], [ -0.229394388933294, 53.398057961634699 ], [ -0.204871144805472, 53.371886436143399 ], [ -0.255899017714339, 53.3441420180378 ], [ -0.255251658026981, 53.330040211496403 ], [ -0.275517873649116, 53.321826897288098 ], [ -0.293312645836236, 53.334476799309499 ], [ -0.310260818097815, 53.320002648415503 ], [ -0.295572290080823, 53.3029820955636 ], [ -0.317460783443738, 53.298251258616702 ], [ -0.316443359257324, 53.279471647047799 ], [ -0.301895659311535, 53.2753404842205 ], [ -0.300825348202662, 53.2639737584824 ], [ -0.289817639897854, 53.263989090642703 ], [ -0.30043373851358, 53.262088376864597 ], [ -0.280242815548857, 53.2497647923689 ], [ -0.276004810707717, 53.234184103348703 ], [ -0.302263333382541, 53.210425126402001 ], [ -0.289650494644498, 53.179365771911201 ], [ -0.319404342476346, 53.1849482933779 ], [ -0.352433077343622, 53.227921163317902 ], [ -0.381867563043633, 53.231958106597403 ], [ -0.495118460732746, 53.225259144749103 ], [ -0.496012166981052, 53.247190754911301 ], [ -0.514294506100039, 53.253980600342103 ], [ -0.595111924372057, 53.2451701901132 ], [ -0.622348496006882, 53.258006494017899 ], [ -0.648376866548705, 53.253167827183901 ], [ -0.648443687197146, 53.243473541433801 ], [ -0.666577004989044, 53.239702495612903 ], [ -0.688027280325921, 53.258391239799202 ], [ -0.734150803388177, 53.254004044998702 ], [ -0.73508333879074, 53.243873982244402 ], [ -0.77707445272525, 53.246908168677201 ], [ -0.764279778594267, 53.272739238007297 ], [ -0.778125134023722, 53.283854297476999 ], [ -0.763502149436118, 53.299437586155697 ], [ -0.7509672806112, 53.293602369507703 ], [ -0.747138182399111, 53.304333195554001 ], [ -0.749955286880473, 53.324218318402799 ], [ -0.766473605946302, 53.330107497436202 ], [ -0.75861635902076, 53.353837586579701 ], [ -0.774459228767948, 53.364432467922903 ], [ -0.791132345567737, 53.363551539092597 ], [ -0.775235921241154, 53.377758774705697 ], [ -0.790442566301084, 53.385853847625597 ], [ -0.77713967926781, 53.396914388789597 ], [ -0.788624379569326, 53.415261276062701 ], [ -0.818092247122536, 53.426978798112302 ], [ -0.820515392196552, 53.440747879304297 ], [ -0.797483349537156, 53.455064446009303 ], [ -0.784364875033277, 53.463379545697201 ], [ -0.784388777567045, 53.476669214816901 ], [ -0.771568244935175, 53.479201559762998 ], [ -0.768109606084077, 53.498925607439602 ], [ -0.752113860480161, 53.500530607754499 ], [ -0.739591684118626, 53.519935948176503 ], [ -0.624491104429227, 53.512839213956397 ], [ -0.629752674978015, 53.458218991559498 ], [ -0.551788631166795, 53.459519986388699 ], [ -0.471749465254693, 53.474872900867901 ], [ -0.486630004727343, 53.480470166881197 ], [ -0.488383657821996, 53.504860223602599 ], [ -0.405074524830151, 53.517616902462301 ], [ -0.408145080459695, 53.532108867697097 ], [ -0.430664749921137, 53.546337155555598 ], [ -0.50125785289296, 53.537461575709301 ], [ -0.490926930402738, 53.545874922877097 ], [ -0.467018371437879, 53.5489606914837 ], [ -0.429001046046789, 53.5745247142208 ], [ -0.41696297298743, 53.563214688994599 ], [ -0.335938821094677, 53.558626591336498 ], [ -0.300743140941247, 53.595283630075599 ], [ -0.308555246775199, 53.614328756958699 ], [ -0.29211512919743, 53.613267430318203 ] ] ] } },
{ "type": "Feature", "properties": { "FID": 163, "LAD24CD": "E07000143", "LAD24NM": "Breckland", "LAD24NMW": " ", "BNG_E": 591015, "BNG_N": 303332, "LONG": 0.818717, "LAT": 52.5942, "GlobalID": "5cd2fffb-8c73-4118-bf24-e5dea4333bab", "LAD24CD_1": "E07000143", "LAD24NM_1": "Breckland", "RUC21CD": "RIF", "RUC21NM": "Intermediate rural: Majority further from a major town or city", "Urban_rura": "Rural", "Shape_Leng": 207007.674692, "Shape__Area": 1301551938.0457764, "Shape__Length": 207007.67469223155 }, "geometry": { "type": "Polygon", "coordinates": [ [ [ 0.99357990917954, 52.798360366507097 ], [ 1.00024100685239, 52.765785324509203 ], [ 1.04477167586478, 52.769043361007803 ], [ 1.05109033212312, 52.750412983247102 ], [ 1.08024376204267, 52.740957386800602 ], [ 1.08855324374822, 52.723194512960198 ], [ 1.10520292235781, 52.714693353682598 ], [ 1.08424744080033, 52.702543211498899 ], [ 1.10832230213001, 52.682522808502803 ], [ 1.09764511263894, 52.649771576888803 ], [ 1.07903448504879, 52.648737784986103 ], [ 1.0746620738223, 52.638139591557803 ], [ 1.05443160319313, 52.663329211426202 ], [ 1.04309623570674, 52.646511505766497 ], [ 1.02347651361527, 52.639763338753099 ], [ 1.01877601686461, 52.6157308136601 ], [ 1.03691928781333, 52.615781245188003 ], [ 1.03948553904799, 52.588172920225702 ], [ 0.963777554477301, 52.594643982142898 ], [ 0.953711887586994, 52.5849422135068 ], [ 0.962188162284998, 52.581177171589502 ], [ 0.947028051906419, 52.575832525726902 ], [ 0.973508910176613, 52.5547936534646 ], [ 1.03378942157567, 52.537472264339797 ], [ 1.06139827768281, 52.537190343214803 ], [ 1.09528850619334, 52.518322235813102 ], [ 1.07891870644367, 52.5070454866636 ], [ 1.09466218061696, 52.460415638842598 ], [ 1.07305568345481, 52.454744649722997 ], [ 1.05717581162754, 52.420153176528999 ], [ 1.04279162526115, 52.4256482952254 ], [ 1.02121584528228, 52.416377260235301 ], [ 1.03404762880373, 52.415715930662799 ], [ 1.02139885038789, 52.405970114153298 ], [ 1.0299825148205, 52.3787422005704 ], [ 0.967471013134576, 52.370112787542197 ], [ 0.93113643554975, 52.388672415043601 ], [ 0.866872972281114, 52.390345906628298 ], [ 0.840851015761159, 52.400850054606202 ], [ 0.808172226111564, 52.3895244610068 ], [ 0.765966099968042, 52.390357496949498 ], [ 0.747404613361451, 52.383186552063997 ], [ 0.737589057243696, 52.395138319908902 ], [ 0.691051677828472, 52.3974190128353 ], [ 0.668578773135575, 52.408947504609799 ], [ 0.718744892541811, 52.449696448483301 ], [ 0.68397338808772, 52.453164952710999 ], [ 0.666306671108423, 52.462541646867898 ], [ 0.641832795782061, 52.450964998267601 ], [ 0.582501080763578, 52.451861369613503 ], [ 0.613366574939682, 52.531634402697399 ], [ 0.579834025686101, 52.559572170326703 ], [ 0.536782367467981, 52.565723034381797 ], [ 0.530523497608883, 52.576093197787202 ], [ 0.564176066562852, 52.596466212527702 ], [ 0.578507877662727, 52.653515088358901 ], [ 0.562176977907956, 52.655295570631402 ], [ 0.564736336268216, 52.6715897625864 ], [ 0.55098193693527, 52.680520857516001 ], [ 0.61198953416129, 52.699970968735101 ], [ 0.626018539049057, 52.701813707348101 ], [ 0.647748882789367, 52.6906779881202 ], [ 0.653757916232628, 52.704064357707203 ], [ 0.68775431744206, 52.697936067673098 ], [ 0.710990714237919, 52.709019100283101 ], [ 0.718227293937456, 52.7217939439115 ], [ 0.70112740422226, 52.736191426048599 ], [ 0.668133232960425, 52.740556965460797 ], [ 0.688725333662393, 52.751971708305497 ], [ 0.690081472145795, 52.770031969515401 ], [ 0.707938541626203, 52.788471944602897 ], [ 0.795830918139486, 52.769097123318701 ], [ 0.839443297458997, 52.811126521058803 ], [ 0.86541919288883, 52.807428205808399 ], [ 0.890788931203673, 52.790716832484101 ], [ 0.917646446440741, 52.803312404325197 ], [ 0.938443594792246, 52.787978586026703 ], [ 0.936844100618029, 52.795580569688298 ], [ 0.967662626261251, 52.807737706146 ], [ 0.99357990917954, 52.798360366507097 ] ] ] } },
{ "type": "Feature", "properties": { "FID": 164, "LAD24CD": "E07000144", "LAD24NM": "Broadland", "LAD24NMW": " ", "BNG_E": 619861, "BNG_N": 315909, "LONG": 1.25227, "LAT": 52.6962, "GlobalID": "f7de1383-7886-427d-ab1f-ee225f93b723", "LAD24CD_1": "E07000144", "LAD24NM_1": "Broadland", "RUC21CD": "RMN", "RUC21NM": "Majority rural: Majority nearer to a major town or city", "Urban_rura": "Rural", "Shape_Leng": 166336.09482599999, "Shape__Area": 551540252.14607239, "Shape__Length": 166336.0948260068 }, "geometry": { "type": "Polygon", "coordinates": [ [ [ 1.3252853193424, 52.623183719369997 ], [ 1.33130307908032, 52.633630797996901 ], [ 1.34057159020138, 52.6497078684488 ], [ 1.3229765785634, 52.645024223853497 ], [ 1.29260098356352, 52.6549279486606 ], [ 1.30013978269908, 52.676812011740999 ], [ 1.29230182426659, 52.684912283350698 ], [ 1.28303263120996, 52.677314700984901 ], [ 1.26286888115815, 52.677391577651903 ], [ 1.28422479202237, 52.657655918150198 ], [ 1.24850807288233, 52.6477431627046 ], [ 1.23417760600482, 52.6680457823281 ], [ 1.21825869086423, 52.672773430110098 ], [ 1.20503608417281, 52.659996102189098 ], [ 1.19073113589984, 52.678517670669599 ], [ 1.17382222213031, 52.665124900483498 ], [ 1.14729632159643, 52.671366325495399 ], [ 1.13520164725687, 52.642855517143801 ], [ 1.09764511263894, 52.649771576888803 ], [ 1.10832230213001, 52.682522808502803 ], [ 1.08424744080033, 52.702543211498899 ], [ 1.10520292235781, 52.714693353682598 ], [ 1.08855324374822, 52.723194512960198 ], [ 1.08024376204267, 52.740957386800602 ], [ 1.05109033212312, 52.750412983247102 ], [ 1.04477167586478, 52.769043361007803 ], [ 1.00024100685239, 52.765785324509203 ], [ 0.99357990917954, 52.798360366507097 ], [ 1.02228022825475, 52.800030946277502 ], [ 1.03534493324359, 52.811875237805502 ], [ 1.0879021025879, 52.815846616393102 ], [ 1.10178892592779, 52.8293436545612 ], [ 1.14960114849772, 52.812104995360002 ], [ 1.14527048180662, 52.8239074692382 ], [ 1.15645453665868, 52.821700312006797 ], [ 1.17259684212461, 52.830613812563499 ], [ 1.19338825216963, 52.815317739887597 ], [ 1.21438805158281, 52.829713592048897 ], [ 1.25108259963859, 52.820522259683599 ], [ 1.25458861952036, 52.813447175567802 ], [ 1.27412542426518, 52.818819972206001 ], [ 1.28888250409315, 52.804667663276597 ], [ 1.30819930813922, 52.806809588613 ], [ 1.31479230064, 52.779695787496301 ], [ 1.35700623176759, 52.746270591736 ], [ 1.38757657881288, 52.740059464268199 ], [ 1.39733110439214, 52.729106006697101 ], [ 1.40590063608155, 52.732514286124697 ], [ 1.40244393720517, 52.715700431588203 ], [ 1.42398606367433, 52.703457791409299 ], [ 1.41857385003315, 52.691900298059501 ], [ 1.43444560409194, 52.6895749926042 ], [ 1.44142812632381, 52.701450501405503 ], [ 1.46100197198691, 52.7056403192245 ], [ 1.47393390851125, 52.689349788060802 ], [ 1.48811009934787, 52.693282709075099 ], [ 1.49440759236108, 52.687189660233798 ], [ 1.51194427776104, 52.690034714949199 ], [ 1.51224512812449, 52.681635040234603 ], [ 1.51904000583711, 52.6868873204061 ], [ 1.54940746854036, 52.681531428544197 ], [ 1.56808055257896, 52.637851113057103 ], [ 1.59037987820002, 52.638194833579803 ], [ 1.60525842578545, 52.624027951298899 ], [ 1.64426713807975, 52.630400508929199 ], [ 1.67717455293514, 52.614019079771197 ], [ 1.64197672919657, 52.6042276726712 ], [ 1.63101020653619, 52.592501748988198 ], [ 1.64627094761374, 52.588633523751099 ], [ 1.62301933546576, 52.574230799106999 ], [ 1.60752521123045, 52.574032566398799 ], [ 1.59195908012895, 52.558043567116897 ], [ 1.54064450244686, 52.555575591360899 ], [ 1.52240618300701, 52.562708927392897 ], [ 1.51843751737937, 52.575831044069801 ], [ 1.4977934646546, 52.571319170589 ], [ 1.48468446126094, 52.587778791129502 ], [ 1.45453930072335, 52.594560250269303 ], [ 1.43469715556091, 52.620056912621799 ], [ 1.42893010656819, 52.620362462562298 ], [ 1.41362777647813, 52.621171832143901 ], [ 1.40286021095413, 52.6148999983157 ], [ 1.39480273383971, 52.609689919813 ], [ 1.38848280581704, 52.605563773690697 ], [ 1.36933178521193, 52.6241138848942 ], [ 1.36234241528162, 52.624440269996597 ], [ 1.35951949137201, 52.624593653477397 ], [ 1.34305940815649, 52.624890139461101 ], [ 1.32964546934692, 52.624202383429697 ], [ 1.3252853193424, 52.623183719369997 ] ] ] } },
{ "type": "Feature", "properties": { "FID": 165, "LAD24CD": "E07000145", "LAD24NM": "Great Yarmouth", "LAD24NMW": " ", "BNG_E": 646762, "BNG_N": 315881, "LONG": 1.64953, "LAT": 52.6844, "GlobalID": "b86fd222-f7b2-4720-96f7-8c30a0021784", "LAD24CD_1": "E07000145", "LAD24NM_1": "Great Yarmouth", "RUC21CD": "UIF", "RUC21NM": "Intermediate urban: Majority further from a major town or city", "Urban_rura": "Urban", "Shape_Leng": 74070.837639300007, "Shape__Area": 181411638.85812378, "Shape__Length": 74070.837639319812 }, "geometry": { "type": "Polygon", "coordinates": [ [ [ 1.7402347174938, 52.532086641224602 ], [ 1.72600396630919, 52.530642209894502 ], [ 1.70209270732496, 52.544650158540399 ], [ 1.6677213928621, 52.550253349891797 ], [ 1.62860465969977, 52.526024579002303 ], [ 1.62105600327689, 52.539743105002103 ], [ 1.60577306182483, 52.544738114625602 ], [ 1.64856480110717, 52.576259762294598 ], [ 1.64627094761374, 52.588633523751099 ], [ 1.63101020653619, 52.592501748988198 ], [ 1.64197672919657, 52.6042276726712 ], [ 1.67717455293514, 52.614019079771197 ], [ 1.64426713807975, 52.630400508929199 ], [ 1.60525842578545, 52.624027951298899 ], [ 1.59037987820002, 52.638194833579803 ], [ 1.56808055257896, 52.637851113057103 ], [ 1.54940746854036, 52.681531428544197 ], [ 1.55017404497292, 52.699081381649997 ], [ 1.61931306231951, 52.717586071338097 ], [ 1.63929336434014, 52.734319757378103 ], [ 1.67484146491068, 52.742594026026403 ], [ 1.67487012758371, 52.742574821182799 ], [ 1.69756589320841, 52.723536279382998 ], [ 1.69945542099937, 52.719894079197097 ], [ 1.7138001192219, 52.692223694410103 ], [ 1.73716796221101, 52.645221031666999 ], [ 1.74355917215289, 52.574279117049997 ], [ 1.74002099017134, 52.574228384428899 ], [ 1.74005451667043, 52.567593006932697 ], [ 1.73321196956647, 52.556892606515603 ], [ 1.7402322013575, 52.532580893443701 ], [ 1.7402347174938, 52.532086641224602 ] ] ] } },
{ "type": "Feature", "properties": { "FID": 166, "LAD24CD": "E07000146", "LAD24NM": "King's Lynn and West Norfolk", "LAD24NMW": " ", "BNG_E": 571219, "BNG_N": 315807, "LONG": 0.533245, "LAT": 52.7128, "GlobalID": "07b1e353-f86f-4568-9e87-81494207fe3f", "LAD24CD_1": "E07000146", "LAD24NM_1": "King's Lynn and West Norfolk", "RUC21CD": "RMF", "RUC21NM": "Majority rural: Majority further from a major town or city", "Urban_rura": "Rural", "Shape_Leng": 287662.10548899998, "Shape__Area": 1433452928.9426117, "Shape__Length": 287662.105488881 }, "geometry": { "type": "MultiPolygon", "coordinates": [ [ [ [ 0.781991931890479, 52.978320400612297 ], [ 0.789872474531785, 52.899850876438201 ], [ 0.816990319700058, 52.900067337855901 ], [ 0.821569075850233, 52.892857419502597 ], [ 0.806896433224582, 52.879438074736299 ], [ 0.794871833323118, 52.8835102942041 ], [ 0.790969959741264, 52.859883140246403 ], [ 0.727774001373804, 52.855338682151803 ], [ 0.725084114481119, 52.842873436349002 ], [ 0.756336655100948, 52.816439209372199 ], [ 0.707938541626203, 52.788471944602897 ], [ 0.690081472145795, 52.770031969515401 ], [ 0.688725333662393, 52.751971708305497 ], [ 0.668133232960425, 52.740556965460797 ], [ 0.70112740422226, 52.736191426048599 ], [ 0.718227293937456, 52.7217939439115 ], [ 0.710990714237919, 52.709019100283101 ], [ 0.68775431744206, 52.697936067673098 ], [ 0.653757916232628, 52.704064357707203 ], [ 0.647748882789367, 52.6906779881202 ], [ 0.626018539049057, 52.701813707348101 ], [ 0.61198953416129, 52.699970968735101 ], [ 0.55098193693527, 52.680520857516001 ], [ 0.564736336268216, 52.6715897625864 ], [ 0.562176977907956, 52.655295570631402 ], [ 0.578507877662727, 52.653515088358901 ], [ 0.564176066562852, 52.596466212527702 ], [ 0.530523497608883, 52.576093197787202 ], [ 0.536782367467981, 52.565723034381797 ], [ 0.579834025686101, 52.559572170326703 ], [ 0.613366574939682, 52.531634402697399 ], [ 0.582501080763578, 52.451861369613503 ], [ 0.554704781403604, 52.456025187061101 ], [ 0.5236595331849, 52.448195984542402 ], [ 0.445437119649996, 52.447374596245801 ], [ 0.429297962734167, 52.436452583039397 ], [ 0.428529094955595, 52.454652613719901 ], [ 0.380706411169306, 52.479539457811597 ], [ 0.367062169051718, 52.501173784626502 ], [ 0.309360655162502, 52.513622272761602 ], [ 0.256396443302898, 52.507726703196496 ], [ 0.246007354494561, 52.499938332196102 ], [ 0.236319141863767, 52.507290568425603 ], [ 0.206123341125585, 52.519635120631399 ], [ 0.230591211600485, 52.527909943083998 ], [ 0.207919527180528, 52.530069365959498 ], [ 0.203827914065556, 52.545404426856102 ], [ 0.214613318400706, 52.549117801568997 ], [ 0.205247887435987, 52.547837901658802 ], [ 0.204727251635359, 52.554654501927502 ], [ 0.217226272744751, 52.560587041471102 ], [ 0.205638395911868, 52.565440447069598 ], [ 0.218389294671767, 52.5726128031366 ], [ 0.191607928549226, 52.599012653092302 ], [ 0.219064834307513, 52.621980520108401 ], [ 0.16992534130976, 52.650435492924501 ], [ 0.18384177886579, 52.655662072878201 ], [ 0.184716621631441, 52.6778946654604 ], [ 0.153570700388405, 52.682223182481501 ], [ 0.171626068420179, 52.738031701567103 ], [ 0.186323197484379, 52.735348630428703 ], [ 0.272228339358099, 52.772812991608397 ], [ 0.245037550842594, 52.7844699906207 ], [ 0.265734430631501, 52.813910061774202 ], [ 0.267446588460357, 52.813218497473002 ], [ 0.285057668137962, 52.811826319396502 ], [ 0.278395877626788, 52.816114831965798 ], [ 0.287556056725675, 52.819234390355703 ], [ 0.290376778901075, 52.813126824208098 ], [ 0.315488910328415, 52.818836479735197 ], [ 0.344591126191338, 52.814268428602396 ], [ 0.334354789357874, 52.810202246115303 ], [ 0.345887042886285, 52.813598594395103 ], [ 0.338930305129746, 52.807648510360899 ], [ 0.352091102081896, 52.809360316451198 ], [ 0.345327245104745, 52.8032968983537 ], [ 0.35382719525255, 52.8063124675719 ], [ 0.362445909182256, 52.796661520145697 ], [ 0.370922078202803, 52.782668790884898 ], [ 0.38853539112662, 52.753563009115098 ], [ 0.392270008869379, 52.747386521177503 ], [ 0.389333262077628, 52.753546930353899 ], [ 0.374646612709678, 52.7843293550307 ], [ 0.381462777970733, 52.788759559315302 ], [ 0.374153487645857, 52.785294090748998 ], [ 0.371289074166856, 52.7894180006437 ], [ 0.362774256349891, 52.801671956950102 ], [ 0.370302904371419, 52.802363867850502 ], [ 0.358254502339108, 52.8077623418625 ], [ 0.372476429848191, 52.811231550873501 ], [ 0.381210291419371, 52.813360908985302 ], [ 0.372569027054518, 52.812931694317697 ], [ 0.357554030835117, 52.812184378255601 ], [ 0.372988293555394, 52.820630430918797 ], [ 0.402614434250858, 52.8368276625568 ], [ 0.411648261401804, 52.832555746448001 ], [ 0.405081459543423, 52.837693205848801 ], [ 0.433003256027465, 52.853099674807197 ], [ 0.444560012817238, 52.853437610010801 ], [ 0.449586327331554, 52.842417500155896 ], [ 0.444878314154611, 52.8728586092802 ], [ 0.480282591568989, 52.931514902046402 ], [ 0.490249606384367, 52.947996389762103 ], [ 0.541634963466823, 52.9751711060213 ], [ 0.569348921137171, 52.975300666516603 ], [ 0.561638149776694, 52.971906568774202 ], [ 0.57626408420417, 52.964022226902998 ], [ 0.58638144312343, 52.972899613974697 ], [ 0.586989169784313, 52.965949528519197 ], [ 0.592218843670143, 52.970961388811503 ], [ 0.590079582611497, 52.964677929503601 ], [ 0.603482404366741, 52.965792104183599 ], [ 0.587927232268307, 52.977070504654399 ], [ 0.617747119151516, 52.972730013947199 ], [ 0.613925703581596, 52.966009388618801 ], [ 0.626238652624348, 52.967391507942203 ], [ 0.622776745171226, 52.973786938578002 ], [ 0.671583284579629, 52.977515492990001 ], [ 0.668845953813996, 52.970058583514998 ], [ 0.638619456060705, 52.970868132969699 ], [ 0.643469471553407, 52.966218739830801 ], [ 0.678875889784711, 52.967316258765997 ], [ 0.684717255782904, 52.967496306871801 ], [ 0.700069965460583, 52.973527565341897 ], [ 0.680041208341459, 52.969479276307098 ], [ 0.69379881960157, 52.978983277811601 ], [ 0.715512467545669, 52.971847165339902 ], [ 0.748045016244384, 52.974802457474098 ], [ 0.750537193979065, 52.972579867128701 ], [ 0.746302711245387, 52.966184981486201 ], [ 0.747599712749606, 52.972600340671299 ], [ 0.731746143493666, 52.972709583153801 ], [ 0.731603855220474, 52.961139842994299 ], [ 0.757834038669975, 52.969380842925503 ], [ 0.753634533817098, 52.975088182159503 ], [ 0.764476660287398, 52.976593711132502 ], [ 0.75058726427889, 52.976743751474999 ], [ 0.781524040264648, 52.9783976912599 ], [ 0.781991931890479, 52.978320400612297 ] ] ], [ [ [ 0.689444804823705, 52.987856172426604 ], [ 0.75100375951988, 52.978173143801399 ], [ 0.721725241249031, 52.9824910790026 ], [ 0.716592290742357, 52.977357119666699 ], [ 0.718928305496478, 52.982770012974399 ], [ 0.711043461567866, 52.978696880073898 ], [ 0.703495826588303, 52.983764888784897 ], [ 0.700925367100904, 52.979171161696797 ], [ 0.703373068550492, 52.985220929498396 ], [ 0.697611846999556, 52.980671298497903 ], [ 0.690356200190578, 52.986994167765801 ], [ 0.696512564907587, 52.980883015251699 ], [ 0.685417788474288, 52.983227520070798 ], [ 0.682107708381526, 52.977411788075898 ], [ 0.685885539553471, 52.986737049786697 ], [ 0.680070904313345, 52.9866406996777 ], [ 0.658053979870343, 52.986273348247302 ], [ 0.680117030030948, 52.987386694056902 ], [ 0.689444804823705, 52.987856172426604 ] ] ] ] } },
{ "type": "Feature", "properties": { "FID": 167, "LAD24CD": "E07000147", "LAD24NM": "North Norfolk", "LAD24NMW": " ", "BNG_E": 611043, "BNG_N": 330857, "LONG": 1.13161, "LAT": 52.8339, "GlobalID": "08dd60e1-3922-43d9-ab35-f78264782011", "LAD24CD_1": "E07000147", "LAD24NM_1": "North Norfolk", "RUC21CD": "RMF", "RUC21NM": "Majority rural: Majority further from a major town or city", "Urban_rura": "Rural", "Shape_Leng": 229179.45889099999, "Shape__Area": 958168802.16159058, "Shape__Length": 229179.4588912102 }, "geometry": { "type": "MultiPolygon", "coordinates": [ [ [ [ 0.912456339387194, 52.963996739376398 ], [ 0.89168039512801, 52.961905097752599 ], [ 0.902493773786581, 52.9659933576825 ], [ 0.912456339387194, 52.963996739376398 ] ] ], [ [ [ 0.905252761919378, 52.9680578336555 ], [ 0.879713220351256, 52.959103111422003 ], [ 0.886610216489021, 52.962576129759299 ], [ 0.875650893504332, 52.967304871909803 ], [ 0.886149431184195, 52.9640630866988 ], [ 0.894187439816898, 52.970777413117702 ], [ 0.905252761919378, 52.9680578336555 ] ] ], [ [ [ 0.878113972196959, 52.975862467717597 ], [ 0.88372450704003, 52.965036777293903 ], [ 0.866719494553699, 52.976115795618902 ], [ 0.872053130086781, 52.969135896436804 ], [ 0.867868964021734, 52.973426826682399 ], [ 0.854815886035976, 52.966749351209998 ], [ 0.866597863393481, 52.978680772651302 ], [ 0.878113972196959, 52.975862467717597 ] ] ], [ [ [ 1.00685571148234, 52.974304351391901 ], [ 1.01022065239187, 52.973518127737897 ], [ 1.12422372963958, 52.9513225110978 ], [ 1.13176590183194, 52.9505401082357 ], [ 1.13204617567559, 52.950481663484602 ], [ 1.14016685200784, 52.949668023949002 ], [ 1.27229224638306, 52.935869511095802 ], [ 1.30104676687413, 52.932845813436302 ], [ 1.36009696601796, 52.909880183373701 ], [ 1.43213817182829, 52.881789401771798 ], [ 1.56011740342889, 52.8154068585226 ], [ 1.58646071859618, 52.8017009227096 ], [ 1.67484146491068, 52.742594026026403 ], [ 1.63929336434014, 52.734319757378103 ], [ 1.61931306231951, 52.717586071338097 ], [ 1.55017404497292, 52.699081381649997 ], [ 1.54940746854036, 52.681531428544197 ], [ 1.51904000583711, 52.6868873204061 ], [ 1.51224512812449, 52.681635040234603 ], [ 1.51194427776104, 52.690034714949199 ], [ 1.49440759236108, 52.687189660233798 ], [ 1.48811009934787, 52.693282709075099 ], [ 1.47393390851125, 52.689349788060802 ], [ 1.46100197198691, 52.7056403192245 ], [ 1.44142812632381, 52.701450501405503 ], [ 1.43444560409194, 52.6895749926042 ], [ 1.41857385003315, 52.691900298059501 ], [ 1.42398606367433, 52.703457791409299 ], [ 1.40244393720517, 52.715700431588203 ], [ 1.40590063608155, 52.732514286124697 ], [ 1.39733110439214, 52.729106006697101 ], [ 1.38757657881288, 52.740059464268199 ], [ 1.35700623176759, 52.746270591736 ], [ 1.31479230064, 52.779695787496301 ], [ 1.30819930813922, 52.806809588613 ], [ 1.28888250409315, 52.804667663276597 ], [ 1.27412542426518, 52.818819972206001 ], [ 1.25458861952036, 52.813447175567802 ], [ 1.25108259963859, 52.820522259683599 ], [ 1.21438805158281, 52.829713592048897 ], [ 1.19338825216963, 52.815317739887597 ], [ 1.17259684212461, 52.830613812563499 ], [ 1.15645453665868, 52.821700312006797 ], [ 1.14527048180662, 52.8239074692382 ], [ 1.14960114849772, 52.812104995360002 ], [ 1.10178892592779, 52.8293436545612 ], [ 1.0879021025879, 52.815846616393102 ], [ 1.03534493324359, 52.811875237805502 ], [ 1.02228022825475, 52.800030946277502 ], [ 0.99357990917954, 52.798360366507097 ], [ 0.967662626261251, 52.807737706146 ], [ 0.936844100618029, 52.795580569688298 ], [ 0.938443594792246, 52.787978586026703 ], [ 0.917646446440741, 52.803312404325197 ], [ 0.890788931203673, 52.790716832484101 ], [ 0.86541919288883, 52.807428205808399 ], [ 0.839443297458997, 52.811126521058803 ], [ 0.795830918139486, 52.769097123318701 ], [ 0.707938541626203, 52.788471944602897 ], [ 0.756336655100948, 52.816439209372199 ], [ 0.725084114481119, 52.842873436349002 ], [ 0.727774001373804, 52.855338682151803 ], [ 0.790969959741264, 52.859883140246403 ], [ 0.794871833323118, 52.8835102942041 ], [ 0.806896433224582, 52.879438074736299 ], [ 0.821569075850233, 52.892857419502597 ], [ 0.816990319700058, 52.900067337855901 ], [ 0.789872474531785, 52.899850876438201 ], [ 0.781991931890479, 52.978320400612297 ], [ 0.812507990778506, 52.973274915400999 ], [ 0.845365088686037, 52.977655256399203 ], [ 0.851017636963859, 52.957777160326103 ], [ 0.869617836613959, 52.954788149859603 ], [ 0.905442767433955, 52.962436749984001 ], [ 0.909320847485536, 52.956877238780102 ], [ 0.91063711682205, 52.963321539206902 ], [ 0.916903077952297, 52.962456346280298 ], [ 0.914622551657334, 52.9636649180894 ], [ 0.920983799050499, 52.966190602763497 ], [ 0.936507921272435, 52.957669618535597 ], [ 0.976453044378328, 52.9628272147187 ], [ 0.983985947821146, 52.963798170992199 ], [ 1.01450755993171, 52.962999666246397 ], [ 1.01060170679714, 52.955019327134103 ], [ 1.0305275258189, 52.9666083958355 ], [ 1.00294765087697, 52.973891230377802 ], [ 0.977077850478483, 52.971912372850397 ], [ 0.969859306983983, 52.971359200057002 ], [ 0.95800609056073, 52.969305266161498 ], [ 0.974973352016767, 52.980353988010997 ], [ 0.977623821862181, 52.979851450718598 ], [ 1.00685571148234, 52.974304351391901 ] ] ] ] } },
{ "type": "Feature", "properties": { "FID": 168, "LAD24CD": "E07000148", "LAD24NM": "Norwich", "LAD24NMW": " ", "BNG_E": 622355, "BNG_N": 309773, "LONG": 1.28498, "LAT": 52.6401, "GlobalID": "de93d2ae-c4a6-4016-9596-058a9c66eda9", "LAD24CD_1": "E07000148", "LAD24NM_1": "Norwich", "RUC21CD": "UUN", "RUC21NM": "Urban: Majority nearer to a major town or city", "Urban_rura": "Urban", "Shape_Leng": 77776.9947121, "Shape__Area": 39871628.624603271, "Shape__Length": 77776.99471213379 }, "geometry": { "type": "Polygon", "coordinates": [ [ [ 1.3252853193424, 52.623183719369997 ], [ 1.32964546934692, 52.624202383429697 ], [ 1.34305940815649, 52.624890139461101 ], [ 1.35951949137201, 52.624593653477397 ], [ 1.36234241528162, 52.624440269996597 ], [ 1.36933178521193, 52.6241138848942 ], [ 1.38848280581704, 52.605563773690697 ], [ 1.39480273383971, 52.609689919813 ], [ 1.40286021095413, 52.6148999983157 ], [ 1.41362777647813, 52.621171832143901 ], [ 1.42893010656819, 52.620362462562298 ], [ 1.43469715556091, 52.620056912621799 ], [ 1.45453930072335, 52.594560250269303 ], [ 1.48468446126094, 52.587778791129502 ], [ 1.4977934646546, 52.571319170589 ], [ 1.51843751737937, 52.575831044069801 ], [ 1.52240618300701, 52.562708927392897 ], [ 1.54064450244686, 52.555575591360899 ], [ 1.52180258409482, 52.562395818270701 ], [ 1.51839422639271, 52.575235996969397 ], [ 1.49785198294347, 52.570793041514598 ], [ 1.48500416290696, 52.586727780155499 ], [ 1.45365881170404, 52.594369165278103 ], [ 1.43409454646316, 52.619741620168199 ], [ 1.42802936977057, 52.620133456383002 ], [ 1.41477665767869, 52.620988536229603 ], [ 1.40033108259077, 52.611999450150201 ], [ 1.38953262303608, 52.604546367530602 ], [ 1.387548034358, 52.604040239677701 ], [ 1.36952925680726, 52.623567707559097 ], [ 1.36177884698382, 52.623955539329998 ], [ 1.32815191722439, 52.623244736204597 ], [ 1.28552030130302, 52.5958851557779 ], [ 1.27623620932538, 52.599228288328398 ], [ 1.26918468166477, 52.601766675048196 ], [ 1.25791299047834, 52.5980896757724 ], [ 1.24360290761595, 52.617129260629497 ], [ 1.23145286532477, 52.618104464941098 ], [ 1.23056516202285, 52.630926632821797 ], [ 1.21290920804018, 52.627132173093003 ], [ 1.20389047148497, 52.644703802895499 ], [ 1.23545363042815, 52.640933449207601 ], [ 1.24850807288233, 52.6477431627046 ], [ 1.28422479202237, 52.657655918150198 ], [ 1.26286888115815, 52.677391577651903 ], [ 1.28303263120996, 52.677314700984901 ], [ 1.29230182426659, 52.684912283350698 ], [ 1.30013978269908, 52.676812011740999 ], [ 1.29260098356352, 52.6549279486606 ], [ 1.3229765785634, 52.645024223853497 ], [ 1.34057159020138, 52.6497078684488 ], [ 1.33130307908032, 52.633630797996901 ], [ 1.3252853193424, 52.623183719369997 ] ] ] } },
{ "type": "Feature", "properties": { "FID": 169, "LAD24CD": "E07000149", "LAD24NM": "South Norfolk", "LAD24NMW": " ", "BNG_E": 628991, "BNG_N": 295822, "LONG": 1.37325, "LAT": 52.5122, "GlobalID": "beb6a992-f05c-4b70-b40e-4ddec038105c", "LAD24CD_1": "E07000149", "LAD24NM_1": "South Norfolk", "RUC21CD": "RMN", "RUC21NM": "Majority rural: Majority nearer to a major town or city", "Urban_rura": "Rural", "Shape_Leng": 197644.21747199999, "Shape__Area": 908883815.72157288, "Shape__Length": 197644.21747173643 }, "geometry": { "type": "Polygon", "coordinates": [ [ [ 1.27623620932538, 52.599228288328398 ], [ 1.28552030130302, 52.5958851557779 ], [ 1.32815191722439, 52.623244736204597 ], [ 1.36177884698382, 52.623955539329998 ], [ 1.36952925680726, 52.623567707559097 ], [ 1.387548034358, 52.604040239677701 ], [ 1.38953262303608, 52.604546367530602 ], [ 1.40033108259077, 52.611999450150201 ], [ 1.41477665767869, 52.620988536229603 ], [ 1.42802936977057, 52.620133456383002 ], [ 1.43409454646316, 52.619741620168199 ], [ 1.45365881170404, 52.594369165278103 ], [ 1.48500416290696, 52.586727780155499 ], [ 1.49785198294347, 52.570793041514598 ], [ 1.51839422639271, 52.575235996969397 ], [ 1.52180258409482, 52.562395818270701 ], [ 1.54064450244686, 52.555575591360899 ], [ 1.59195908012895, 52.558043567116897 ], [ 1.60752521123045, 52.574032566398799 ], [ 1.62301933546576, 52.574230799106999 ], [ 1.64627094761374, 52.588633523751099 ], [ 1.64856480110717, 52.576259762294598 ], [ 1.60577306182483, 52.544738114625602 ], [ 1.62105600327689, 52.539743105002103 ], [ 1.62860465969977, 52.526024579002303 ], [ 1.65427974170962, 52.501416648589498 ], [ 1.67183170307879, 52.5039117540069 ], [ 1.68236363734103, 52.495306671490503 ], [ 1.65867963844211, 52.468373743994398 ], [ 1.64683780290567, 52.472014724881099 ], [ 1.63454251516346, 52.462954512501398 ], [ 1.61818294312149, 52.463323296886102 ], [ 1.58637089754791, 52.478694427688801 ], [ 1.56802007943695, 52.4746308721868 ], [ 1.5578231460997, 52.4576964847531 ], [ 1.52971326201219, 52.468392535840003 ], [ 1.50802174571599, 52.461752282655397 ], [ 1.48074305837944, 52.471892397896497 ], [ 1.44619718853406, 52.456022208240697 ], [ 1.42030308639006, 52.471069665967903 ], [ 1.4109792467086, 52.461695421203601 ], [ 1.43331007688959, 52.4559328510407 ], [ 1.43267992151891, 52.445363443838197 ], [ 1.4079297794924, 52.444409790769498 ], [ 1.3636202260657, 52.427475663981703 ], [ 1.34711166264909, 52.404386044890501 ], [ 1.31648910385456, 52.387371269752201 ], [ 1.28623475061443, 52.390689660366199 ], [ 1.25999663283469, 52.371099379292097 ], [ 1.21386742646296, 52.355390442116502 ], [ 1.06822135298987, 52.378534258627703 ], [ 1.0299825148205, 52.3787422005704 ], [ 1.02139885038789, 52.405970114153298 ], [ 1.03404762880373, 52.415715930662799 ], [ 1.02121584528228, 52.416377260235301 ], [ 1.04279162526115, 52.4256482952254 ], [ 1.05717581162754, 52.420153176528999 ], [ 1.07305568345481, 52.454744649722997 ], [ 1.09466218061696, 52.460415638842598 ], [ 1.07891870644367, 52.5070454866636 ], [ 1.09528850619334, 52.518322235813102 ], [ 1.06139827768281, 52.537190343214803 ], [ 1.03378942157567, 52.537472264339797 ], [ 0.973508910176613, 52.5547936534646 ], [ 0.947028051906419, 52.575832525726902 ], [ 0.962188162284998, 52.581177171589502 ], [ 0.953711887586994, 52.5849422135068 ], [ 0.963777554477301, 52.594643982142898 ], [ 1.03948553904799, 52.588172920225702 ], [ 1.03691928781333, 52.615781245188003 ], [ 1.01877601686461, 52.6157308136601 ], [ 1.02347651361527, 52.639763338753099 ], [ 1.04309623570674, 52.646511505766497 ], [ 1.05443160319313, 52.663329211426202 ], [ 1.0746620738223, 52.638139591557803 ], [ 1.07903448504879, 52.648737784986103 ], [ 1.09764511263894, 52.649771576888803 ], [ 1.13520164725687, 52.642855517143801 ], [ 1.14729632159643, 52.671366325495399 ], [ 1.17382222213031, 52.665124900483498 ], [ 1.19073113589984, 52.678517670669599 ], [ 1.20503608417281, 52.659996102189098 ], [ 1.21825869086423, 52.672773430110098 ], [ 1.23417760600482, 52.6680457823281 ], [ 1.24850807288233, 52.6477431627046 ], [ 1.23545363042815, 52.640933449207601 ], [ 1.20389047148497, 52.644703802895499 ], [ 1.21290920804018, 52.627132173093003 ], [ 1.23056516202285, 52.630926632821797 ], [ 1.23145286532477, 52.618104464941098 ], [ 1.24360290761595, 52.617129260629497 ], [ 1.25791299047834, 52.5980896757724 ], [ 1.26918468166477, 52.601766675048196 ], [ 1.27623620932538, 52.599228288328398 ] ] ] } },
{ "type": "Feature", "properties": { "FID": 170, "LAD24CD": "E07000170", "LAD24NM": "Ashfield", "LAD24NMW": " ", "BNG_E": 450035, "BNG_N": 355843, "LONG": -1.25422, "LAT": 53.0975, "GlobalID": "927f5e2b-19f4-43b1-b6d8-e5b5a8f95586", "LAD24CD_1": "E07000170", "LAD24NM_1": "Ashfield", "RUC21CD": "UUN", "RUC21NM": "Urban: Majority nearer to a major town or city", "Urban_rura": "Urban", "Shape_Leng": 57298.749924600001, "Shape__Area": 109082657.0262146, "Shape__Length": 57298.749924554118 }, "geometry": { "type": "Polygon", "coordinates": [ [ [ -1.25992533857434, 53.164479441946 ], [ -1.25532439346219, 53.154615801043398 ], [ -1.24098319291805, 53.1530960462824 ], [ -1.23991758113468, 53.139586621821699 ], [ -1.17789116216515, 53.114810440247297 ], [ -1.16425148277133, 53.103269367758102 ], [ -1.22586958413942, 53.081498729900503 ], [ -1.23128870787785, 53.0620648978472 ], [ -1.21740171223372, 53.049012148821298 ], [ -1.18205544415117, 53.048405061765799 ], [ -1.1827461829988, 53.0185691449839 ], [ -1.21003739743806, 53.0181167427913 ], [ -1.22519109963406, 53.008137068347601 ], [ -1.22906420446731, 53.0227439737113 ], [ -1.25343361975741, 53.039792689143397 ], [ -1.28482567275839, 53.048227291981597 ], [ -1.30352544996191, 53.041884055661498 ], [ -1.33586846310334, 53.052965845786403 ], [ -1.34442765908781, 53.065542542699298 ], [ -1.33163547679324, 53.0809878867612 ], [ -1.30288293813129, 53.088202195610897 ], [ -1.30925140895617, 53.096770173354997 ], [ -1.30061890454589, 53.1020493741674 ], [ -1.3217802282925, 53.130650305486 ], [ -1.32345929438011, 53.162332924765501 ], [ -1.29074206518232, 53.171425057076497 ], [ -1.25992533857434, 53.164479441946 ] ] ] } },
{ "type": "Feature", "properties": { "FID": 171, "LAD24CD": "E07000171", "LAD24NM": "Bassetlaw", "LAD24NMW": " ", "BNG_E": 468073, "BNG_N": 384835, "LONG": -0.9787, "LAT": 53.356, "GlobalID": "2c51b0db-0ead-4627-8cd4-99ebc1270219", "LAD24CD_1": "E07000171", "LAD24NM_1": "Bassetlaw", "RUC21CD": "RIN", "RUC21NM": "Intermediate rural: Majority nearer to a major town or city", "Urban_rura": "Rural", "Shape_Leng": 136464.97082700001, "Shape__Area": 639301219.53175354, "Shape__Length": 136464.97082713738 }, "geometry": { "type": "Polygon", "coordinates": [ [ [ -0.797483349537156, 53.455064446009303 ], [ -0.820515392196552, 53.440747879304297 ], [ -0.818092247122536, 53.426978798112302 ], [ -0.788624379569326, 53.415261276062701 ], [ -0.77713967926781, 53.396914388789597 ], [ -0.790442566301084, 53.385853847625597 ], [ -0.775235921241154, 53.377758774705697 ], [ -0.791132345567737, 53.363551539092597 ], [ -0.774459228767948, 53.364432467922903 ], [ -0.75861635902076, 53.353837586579701 ], [ -0.766473605946302, 53.330107497436202 ], [ -0.749955286880473, 53.324218318402799 ], [ -0.747138182399111, 53.304333195554001 ], [ -0.7509672806112, 53.293602369507703 ], [ -0.763502149436118, 53.299437586155697 ], [ -0.778125134023722, 53.283854297476999 ], [ -0.764279778594267, 53.272739238007297 ], [ -0.77707445272525, 53.246908168677201 ], [ -0.780363092510896, 53.196397922771297 ], [ -0.787292538562419, 53.204565456500497 ], [ -0.821570910330909, 53.201350435438698 ], [ -0.839819523742066, 53.218920326992603 ], [ -0.857838669762247, 53.212206649641601 ], [ -0.894248026633959, 53.223671478819703 ], [ -0.948919729878981, 53.214119163247297 ], [ -0.94726263076158, 53.225830102887798 ], [ -0.967542265148865, 53.235333610936699 ], [ -1.00701071190992, 53.236317516926199 ], [ -1.02763231143685, 53.261034864196198 ], [ -1.10329585420785, 53.2356073414063 ], [ -1.12380734716512, 53.224644833316198 ], [ -1.20941304066261, 53.217686985541597 ], [ -1.20204335247706, 53.235542300812497 ], [ -1.21302650313245, 53.247672495657 ], [ -1.20252032201365, 53.261160091040303 ], [ -1.17468978885802, 53.265164707800999 ], [ -1.18154150249029, 53.270032062725001 ], [ -1.1664875414478, 53.277655367357298 ], [ -1.1801170205129, 53.2871347450317 ], [ -1.17662092204204, 53.305123505182401 ], [ -1.19974282859, 53.311440184476503 ], [ -1.13871810210376, 53.341382810876802 ], [ -1.14100746087464, 53.346747677104403 ], [ -1.15684339220656, 53.3449694993649 ], [ -1.16261328765896, 53.356843861120097 ], [ -1.13853968203233, 53.355907513313397 ], [ -1.14603291441165, 53.369041144882402 ], [ -1.13053708984926, 53.375571218608897 ], [ -1.13460768887929, 53.390031563521902 ], [ -1.11557938044441, 53.397185748998098 ], [ -1.11604100602787, 53.4073493528943 ], [ -1.08043943279743, 53.426867859037998 ], [ -1.0309498187762, 53.430979525499097 ], [ -1.03051529485536, 53.425195309491997 ], [ -1.01434673955409, 53.426295495663901 ], [ -0.995669798894032, 53.436926683428702 ], [ -0.985978085087804, 53.471673371093097 ], [ -0.953259205587141, 53.484423528387403 ], [ -0.935564625288195, 53.502516528489302 ], [ -0.9004706270826, 53.475155866377399 ], [ -0.920246794246959, 53.465507649668503 ], [ -0.916249020723134, 53.460295688813503 ], [ -0.871919281432214, 53.466310803052998 ], [ -0.797483349537156, 53.455064446009303 ] ] ] } },
{ "type": "Feature", "properties": { "FID": 172, "LAD24CD": "E07000172", "LAD24NM": "Broxtowe", "LAD24NMW": " ", "BNG_E": 449829, "BNG_N": 341891, "LONG": -1.25944, "LAT": 52.9721, "GlobalID": "53555ab8-2230-48b0-a8ca-89b746c75de3", "LAD24CD_1": "E07000172", "LAD24NM_1": "Broxtowe", "RUC21CD": "UUN", "RUC21NM": "Urban: Majority nearer to a major town or city", "Urban_rura": "Urban", "Shape_Leng": 52750.122903900003, "Shape__Area": 79433918.643386841, "Shape__Length": 52750.122903852389 }, "geometry": { "type": "Polygon", "coordinates": [ [ [ -1.22519109963406, 53.008137068347601 ], [ -1.21911498293446, 52.991444493990798 ], [ -1.20336759608895, 52.987509694350301 ], [ -1.22617837809272, 52.981142182214903 ], [ -1.24683864344809, 52.984543193681198 ], [ -1.23197884944612, 52.967642705662399 ], [ -1.24689074252863, 52.953195702378203 ], [ -1.1823012510609, 52.917336269623497 ], [ -1.1990092076238, 52.909478866636803 ], [ -1.21089944638808, 52.912152758570898 ], [ -1.21391985222849, 52.904414786702802 ], [ -1.22049251357766, 52.895563842335001 ], [ -1.23970599304057, 52.892289236588901 ], [ -1.24608851071626, 52.902945095448501 ], [ -1.28176039520148, 52.910275977295498 ], [ -1.2810311195325, 52.949158336647002 ], [ -1.29250116524851, 52.955573676653302 ], [ -1.28774933165725, 52.969662453251097 ], [ -1.30742618330068, 53.003624607578999 ], [ -1.33191766877383, 53.031054325855699 ], [ -1.33586846310334, 53.052965845786403 ], [ -1.30352544996191, 53.041884055661498 ], [ -1.28482567275839, 53.048227291981597 ], [ -1.25343361975741, 53.039792689143397 ], [ -1.22906420446731, 53.0227439737113 ], [ -1.22519109963406, 53.008137068347601 ] ] ] } },
{ "type": "Feature", "properties": { "FID": 173, "LAD24CD": "E07000173", "LAD24NM": "Gedling", "LAD24NMW": " ", "BNG_E": 459184, "BNG_N": 347811, "LONG": -1.11907, "LAT": 53.0243, "GlobalID": "77a85481-8346-4958-b8a3-dfde3c5f739b", "LAD24CD_1": "E07000173", "LAD24NM_1": "Gedling", "RUC21CD": "UUN", "RUC21NM": "Urban: Majority nearer to a major town or city", "Urban_rura": "Urban", "Shape_Leng": 59267.636039899997, "Shape__Area": 120122317.11553955, "Shape__Length": 59267.636039943158 }, "geometry": { "type": "Polygon", "coordinates": [ [ [ -1.00708600519626, 52.985457086891998 ], [ -1.01655318774462, 52.980243531483197 ], [ -1.03756338889654, 52.983584031762902 ], [ -1.04146199109571, 52.951303177337103 ], [ -1.07333773695503, 52.9558908407774 ], [ -1.08611507246246, 52.948569883054802 ], [ -1.12010685417214, 52.967825393329498 ], [ -1.12278627374494, 52.983466948202199 ], [ -1.14248865969578, 52.986288404457198 ], [ -1.13825471637456, 52.9948435779378 ], [ -1.15365597377739, 52.997185216965399 ], [ -1.14352769902839, 53.006510089096103 ], [ -1.1827461829988, 53.0185691449839 ], [ -1.18205544415117, 53.048405061765799 ], [ -1.21740171223372, 53.049012148821298 ], [ -1.23128870787785, 53.0620648978472 ], [ -1.22586958413942, 53.081498729900503 ], [ -1.16425148277133, 53.103269367758102 ], [ -1.13928710703244, 53.099645027695402 ], [ -1.14014786135167, 53.092351917090902 ], [ -1.12064330180414, 53.086749386428799 ], [ -1.13039044601313, 53.073608593479797 ], [ -1.08859824108072, 53.077574721431802 ], [ -1.09343130623312, 53.067353159794997 ], [ -1.08066428208619, 53.052470682933297 ], [ -1.02972993483392, 53.024255949299899 ], [ -1.05244887613804, 53.010513602017497 ], [ -1.03408695923177, 53.004878749639502 ], [ -1.038117956046, 52.995629903737402 ], [ -1.00708600519626, 52.985457086891998 ] ] ] } },
{ "type": "Feature", "properties": { "FID": 174, "LAD24CD": "E07000174", "LAD24NM": "Mansfield", "LAD24NMW": " ", "BNG_E": 455047, "BNG_N": 363637, "LONG": -1.17804, "LAT": 53.167, "GlobalID": "da379aa9-7981-466a-9826-4115e723efe5", "LAD24CD_1": "E07000174", "LAD24NM_1": "Mansfield", "RUC21CD": "UUN", "RUC21NM": "Urban: Majority nearer to a major town or city", "Urban_rura": "Urban", "Shape_Leng": 45441.4125059, "Shape__Area": 78365962.787475586, "Shape__Length": 45441.412505863613 }, "geometry": { "type": "Polygon", "coordinates": [ [ [ -1.17789116216515, 53.114810440247297 ], [ -1.23991758113468, 53.139586621821699 ], [ -1.24098319291805, 53.1530960462824 ], [ -1.25532439346219, 53.154615801043398 ], [ -1.25992533857434, 53.164479441946 ], [ -1.2404458498629, 53.178650612928102 ], [ -1.19696175792696, 53.1848073145987 ], [ -1.20941304066261, 53.217686985541597 ], [ -1.12380734716512, 53.224644833316198 ], [ -1.10329585420785, 53.2356073414063 ], [ -1.09476360068258, 53.228614087870902 ], [ -1.11122683351695, 53.198926191663197 ], [ -1.15302086212712, 53.175137451346899 ], [ -1.11105637906414, 53.153427527869297 ], [ -1.13014131655365, 53.141618026128398 ], [ -1.12021727234224, 53.1190809029493 ], [ -1.14712327303786, 53.121955385141099 ], [ -1.17789116216515, 53.114810440247297 ] ] ] } },
{ "type": "Feature", "properties": { "FID": 175, "LAD24CD": "E07000175", "LAD24NM": "Newark and Sherwood", "LAD24NMW": " ", "BNG_E": 470624, "BNG_N": 357451, "LONG": -0.94643, "LAT": 53.1096, "GlobalID": "50a242e0-5a19-454f-b1ce-f55666b81ff5", "LAD24CD_1": "E07000175", "LAD24NM_1": "Newark and Sherwood", "RUC21CD": "RIN", "RUC21NM": "Intermediate rural: Majority nearer to a major town or city", "Urban_rura": "Rural", "Shape_Leng": 159292.08106600001, "Shape__Area": 651135384.66629028, "Shape__Length": 159292.08106581093 }, "geometry": { "type": "Polygon", "coordinates": [ [ [ -0.666577004989044, 53.239702495612903 ], [ -0.675872140728609, 53.217644355506103 ], [ -0.697616436379696, 53.220237289882299 ], [ -0.714752926702038, 53.207607768737603 ], [ -0.730569016450559, 53.210756449314196 ], [ -0.764018606606756, 53.182575431984397 ], [ -0.718160267478104, 53.1772877890782 ], [ -0.715375394751415, 53.136882862701 ], [ -0.732407362918311, 53.127801586852499 ], [ -0.716755387970816, 53.116184795905397 ], [ -0.729617825692047, 53.097902020200898 ], [ -0.695132072842781, 53.066290223097603 ], [ -0.713466500275659, 53.0660465531111 ], [ -0.716203841365838, 53.059058700743002 ], [ -0.749551780121272, 53.055115652515298 ], [ -0.760826457019771, 53.029410338252703 ], [ -0.788413809258192, 53.025853354780999 ], [ -0.795824908778034, 53.0105980771812 ], [ -0.80408612641495, 53.012505403341102 ], [ -0.778278647253454, 52.976923378603502 ], [ -0.796150034418614, 52.9767315018684 ], [ -0.812850938336058, 52.957464211788803 ], [ -0.820021885123097, 52.960464428506199 ], [ -0.836071500009117, 52.967921372899902 ], [ -0.815158220785605, 52.985661349622802 ], [ -0.822916664810415, 53.000985975347703 ], [ -0.86455298548022, 53.011344479787198 ], [ -0.879779846883795, 53.006352888685001 ], [ -0.91012044940713, 53.035928428865702 ], [ -0.975962166195505, 52.9863262605462 ], [ -1.00708600519626, 52.985457086891998 ], [ -1.038117956046, 52.995629903737402 ], [ -1.03408695923177, 53.004878749639502 ], [ -1.05244887613804, 53.010513602017497 ], [ -1.02972993483392, 53.024255949299899 ], [ -1.08066428208619, 53.052470682933297 ], [ -1.09343130623312, 53.067353159794997 ], [ -1.08859824108072, 53.077574721431802 ], [ -1.13039044601313, 53.073608593479797 ], [ -1.12064330180414, 53.086749386428799 ], [ -1.14014786135167, 53.092351917090902 ], [ -1.13928710703244, 53.099645027695402 ], [ -1.16425148277133, 53.103269367758102 ], [ -1.17789116216515, 53.114810440247297 ], [ -1.14712327303786, 53.121955385141099 ], [ -1.12021727234224, 53.1190809029493 ], [ -1.13014131655365, 53.141618026128398 ], [ -1.11105637906414, 53.153427527869297 ], [ -1.15302086212712, 53.175137451346899 ], [ -1.11122683351695, 53.198926191663197 ], [ -1.09476360068258, 53.228614087870902 ], [ -1.10329585420785, 53.2356073414063 ], [ -1.02763231143685, 53.261034864196198 ], [ -1.00701071190992, 53.236317516926199 ], [ -0.967542265148865, 53.235333610936699 ], [ -0.94726263076158, 53.225830102887798 ], [ -0.948919729878981, 53.214119163247297 ], [ -0.894248026633959, 53.223671478819703 ], [ -0.857838669762247, 53.212206649641601 ], [ -0.839819523742066, 53.218920326992603 ], [ -0.821570910330909, 53.201350435438698 ], [ -0.787292538562419, 53.204565456500497 ], [ -0.780363092510896, 53.196397922771297 ], [ -0.77707445272525, 53.246908168677201 ], [ -0.73508333879074, 53.243873982244402 ], [ -0.734150803388177, 53.254004044998702 ], [ -0.688027280325921, 53.258391239799202 ], [ -0.666577004989044, 53.239702495612903 ] ] ] } },
{ "type": "Feature", "properties": { "FID": 176, "LAD24CD": "E07000176", "LAD24NM": "Rushcliffe", "LAD24NMW": " ", "BNG_E": 466609, "BNG_N": 335453, "LONG": -1.01093, "LAT": 52.9124, "GlobalID": "cccc95d5-5e88-42a2-beeb-488b822ea2bc", "LAD24CD_1": "E07000176", "LAD24NM_1": "Rushcliffe", "RUC21CD": "RIN", "RUC21NM": "Intermediate rural: Majority nearer to a major town or city", "Urban_rura": "Rural", "Shape_Leng": 104624.68657200001, "Shape__Area": 409779465.95072937, "Shape__Length": 104624.6865715045 }, "geometry": { "type": "Polygon", "coordinates": [ [ [ -0.820021885123097, 52.960464428506199 ], [ -0.833908629870818, 52.945880502376397 ], [ -0.824360730976672, 52.941789608927699 ], [ -0.862893425264728, 52.913113844347698 ], [ -0.85763357391753, 52.905642319172301 ], [ -0.916775334007956, 52.878875948750498 ], [ -0.940563980212635, 52.876829575761199 ], [ -0.928121482481403, 52.866083308638402 ], [ -0.959496319753573, 52.843817641326602 ], [ -0.977074582062935, 52.840737662397501 ], [ -0.982709019320862, 52.820674864403898 ], [ -1.02193315697324, 52.822051887458599 ], [ -1.03639486975401, 52.815900904895202 ], [ -1.07173821252654, 52.814011210825299 ], [ -1.07443530143318, 52.824726633498699 ], [ -1.11694190790358, 52.819577206319799 ], [ -1.13089307263852, 52.805826910722601 ], [ -1.16327577042398, 52.806522227798801 ], [ -1.19772936216661, 52.789411546226603 ], [ -1.22588604719083, 52.791677563649301 ], [ -1.23452948193383, 52.802109415645397 ], [ -1.26194492511641, 52.810447295092899 ], [ -1.27436347501172, 52.836129517386098 ], [ -1.26788907937114, 52.873368650552202 ], [ -1.24005549011668, 52.8801088563322 ], [ -1.23970599304057, 52.892289236588901 ], [ -1.22049251357766, 52.895563842335001 ], [ -1.21391985222849, 52.904414786702802 ], [ -1.17653752595521, 52.889027753150401 ], [ -1.15856393277553, 52.900035796845501 ], [ -1.15228878148246, 52.9370264514246 ], [ -1.14188338396034, 52.931989529996599 ], [ -1.13176001590183, 52.942815924829603 ], [ -1.0996766978426, 52.9419751345077 ], [ -1.08611507246246, 52.948569883054802 ], [ -1.07333773695503, 52.9558908407774 ], [ -1.04146199109571, 52.951303177337103 ], [ -1.03756338889654, 52.983584031762902 ], [ -1.01655318774462, 52.980243531483197 ], [ -1.00708600519626, 52.985457086891998 ], [ -0.975962166195505, 52.9863262605462 ], [ -0.91012044940713, 53.035928428865702 ], [ -0.879779846883795, 53.006352888685001 ], [ -0.86455298548022, 53.011344479787198 ], [ -0.822916664810415, 53.000985975347703 ], [ -0.815158220785605, 52.985661349622802 ], [ -0.836071500009117, 52.967921372899902 ], [ -0.820021885123097, 52.960464428506199 ] ] ] } },
{ "type": "Feature", "properties": { "FID": 177, "LAD24CD": "E07000177", "LAD24NM": "Cherwell", "LAD24NMW": " ", "BNG_E": 449301, "BNG_N": 221199, "LONG": -1.28506, "LAT": 51.8872, "GlobalID": "a5d757df-72c4-4149-8780-7c8e08b1b9b2", "LAD24CD_1": "E07000177", "LAD24NM_1": "Cherwell", "RUC21CD": "UIF", "RUC21NM": "Intermediate urban: Majority further from a major town or city", "Urban_rura": "Urban", "Shape_Leng": 184823.410432, "Shape__Area": 590021900.66381836, "Shape__Length": 184823.41043200527 }, "geometry": { "type": "Polygon", "coordinates": [ [ [ -1.11808639729751, 52.015426171170297 ], [ -1.053130685858, 52.002446416645597 ], [ -1.09516668657217, 51.957432342148898 ], [ -1.0789921042063, 51.943394467264703 ], [ -1.05461629259457, 51.947958811494303 ], [ -1.0866733468149, 51.922645877983904 ], [ -1.07935639023285, 51.917221981329298 ], [ -1.09351899137334, 51.893936895787 ], [ -1.06897524962351, 51.887262668909003 ], [ -1.07760518877841, 51.876730765256198 ], [ -1.0646424320269, 51.868697182430303 ], [ -1.06197784920729, 51.844126634810699 ], [ -1.0471229362899, 51.839813662609302 ], [ -1.07844944295484, 51.829254576061999 ], [ -1.12159886352224, 51.845342097811603 ], [ -1.14075388125809, 51.834676120361301 ], [ -1.11009656481819, 51.817305035436199 ], [ -1.12488968962276, 51.807511213328198 ], [ -1.12354117099906, 51.7941812925528 ], [ -1.12681833186115, 51.799502500089098 ], [ -1.15407614008041, 51.796633762887602 ], [ -1.16741030149783, 51.8137775278947 ], [ -1.1873168621068, 51.812135642212503 ], [ -1.1945190849172, 51.796994396448902 ], [ -1.24196364597874, 51.8099958331916 ], [ -1.25270442593651, 51.786499152194999 ], [ -1.25809430677354, 51.793510544487503 ], [ -1.2836503550751, 51.7962718692118 ], [ -1.3028200145808, 51.780965024465097 ], [ -1.30499592948583, 51.789762015470302 ], [ -1.32228540654345, 51.787837967630999 ], [ -1.32556381667343, 51.805328809099699 ], [ -1.33739670857563, 51.811692141849598 ], [ -1.32667619464752, 51.826568643917703 ], [ -1.34200086859349, 51.830181426884998 ], [ -1.33917530058564, 51.856172894261398 ], [ -1.33399446573874, 51.862478948768597 ], [ -1.29674534670812, 51.861099918150899 ], [ -1.30216182740624, 51.869082092823803 ], [ -1.28621008517335, 51.874912809949102 ], [ -1.29797656803831, 51.888452329854701 ], [ -1.29127816137276, 51.896653080943899 ], [ -1.30369055755698, 51.902612377585797 ], [ -1.29891894233659, 51.913155815410001 ], [ -1.33995155587948, 51.934900753712199 ], [ -1.33246526558143, 51.942149428313002 ], [ -1.36185805954152, 51.9483750311691 ], [ -1.36139623053788, 51.968536768263398 ], [ -1.37731865869742, 51.979636911463501 ], [ -1.40186767483595, 51.979870254551997 ], [ -1.40965214114723, 51.972707706781001 ], [ -1.43737183445808, 51.989192572562899 ], [ -1.45407737299139, 51.979670552730298 ], [ -1.49366830577976, 51.974898785072 ], [ -1.52282569381325, 51.996843322343402 ], [ -1.48780444309778, 52.093957432128001 ], [ -1.47730164801721, 52.101350944055298 ], [ -1.44718785165916, 52.097625032041996 ], [ -1.45345845225059, 52.113008816231101 ], [ -1.42585527139589, 52.1182494959058 ], [ -1.38539981246728, 52.094145572154801 ], [ -1.35776965526573, 52.101310423649998 ], [ -1.37084214071868, 52.117534182577501 ], [ -1.39330253064253, 52.118962904025899 ], [ -1.36614709694777, 52.136075237501203 ], [ -1.34870798028103, 52.135132198515201 ], [ -1.3318971346503, 52.168485055283497 ], [ -1.2480850615427, 52.097160790999801 ], [ -1.32116486414435, 52.087018927530302 ], [ -1.31815993117564, 52.0799212567645 ], [ -1.29750881413832, 52.078056693896002 ], [ -1.31292004347286, 52.051452662525499 ], [ -1.27816401885651, 52.014272668452499 ], [ -1.28349719185547, 51.979564989251699 ], [ -1.24161223468245, 51.986293362928897 ], [ -1.19625975033443, 51.977431442291703 ], [ -1.16382348465592, 51.993412225832103 ], [ -1.13432869833779, 51.997296386966099 ], [ -1.11808639729751, 52.015426171170297 ] ] ] } },
{ "type": "Feature", "properties": { "FID": 178, "LAD24CD": "E07000178", "LAD24NM": "Oxford", "LAD24NMW": " ", "BNG_E": 452277, "BNG_N": 206368, "LONG": -1.24405, "LAT": 51.7536, "GlobalID": "264edbd9-f11e-4634-a034-4cd67306b635", "LAD24CD_1": "E07000178", "LAD24NM_1": "Oxford", "RUC21CD": "UUN", "RUC21NM": "Urban: Majority nearer to a major town or city", "Urban_rura": "Urban", "Shape_Leng": 30243.641113500002, "Shape__Area": 45105986.515357971, "Shape__Length": 30243.641113471178 }, "geometry": { "type": "Polygon", "coordinates": [ [ [ -1.25270442593651, 51.786499152194999 ], [ -1.22081529286482, 51.772258397963903 ], [ -1.18020789289045, 51.765865282421203 ], [ -1.19438454639127, 51.756663505184797 ], [ -1.1939880439724, 51.7365299266691 ], [ -1.1757937183455, 51.7334815372352 ], [ -1.19031280782343, 51.727045724564697 ], [ -1.18958644135103, 51.714561500169097 ], [ -1.22228852086272, 51.710983715032 ], [ -1.24130957964358, 51.725159696975098 ], [ -1.29073760877581, 51.7507150382229 ], [ -1.3028200145808, 51.780965024465097 ], [ -1.2836503550751, 51.7962718692118 ], [ -1.25809430677354, 51.793510544487503 ], [ -1.25270442593651, 51.786499152194999 ] ] ] } },
{ "type": "Feature", "properties": { "FID": 179, "LAD24CD": "E07000179", "LAD24NM": "South Oxfordshire", "LAD24NMW": " ", "BNG_E": 463890, "BNG_N": 191964, "LONG": -1.07847, "LAT": 51.6229, "GlobalID": "ec84b998-0068-4277-84da-e9ea3f5dbafd", "LAD24CD_1": "E07000179", "LAD24NM_1": "South Oxfordshire", "RUC21CD": "RMN", "RUC21NM": "Majority rural: Majority nearer to a major town or city", "Urban_rura": "Rural", "Shape_Leng": 172245.776006, "Shape__Area": 676297342.28172302, "Shape__Length": 172245.77600579974 }, "geometry": { "type": "Polygon", "coordinates": [ [ [ -1.12354117099906, 51.7941812925528 ], [ -1.10636133376123, 51.7816305017895 ], [ -1.08323928312899, 51.780517595893201 ], [ -1.08085173738086, 51.7565536564382 ], [ -1.04547146097639, 51.744599211866003 ], [ -1.03043536180328, 51.744928572053801 ], [ -1.02978259318824, 51.757889015940997 ], [ -0.98631786027973, 51.752058290224497 ], [ -0.97979648625965, 51.760705454015003 ], [ -0.954181922808247, 51.757857727101801 ], [ -0.924115298282358, 51.747715076984001 ], [ -0.888377397705651, 51.719226660068003 ], [ -0.894772980132941, 51.692522288173201 ], [ -0.879895887122356, 51.680864876058301 ], [ -0.897896373360577, 51.676400754469299 ], [ -0.877706762468148, 51.6683850749234 ], [ -0.9177290186767, 51.672400406883703 ], [ -0.932212883219972, 51.6648684657657 ], [ -0.927251214485182, 51.6514436198323 ], [ -0.950725842013544, 51.650741196417201 ], [ -0.934586126755807, 51.636698570561698 ], [ -0.950029511752735, 51.628907163786998 ], [ -0.938644424025197, 51.6177868803262 ], [ -0.943092319329677, 51.6049421066907 ], [ -0.916933649244239, 51.599647501752798 ], [ -0.94147123230418, 51.5855069536927 ], [ -0.93842713855053, 51.571155537414903 ], [ -0.901680596010387, 51.556165772885997 ], [ -0.896882190115767, 51.544863012469399 ], [ -0.900134311968213, 51.5366613890914 ], [ -0.878512270321433, 51.523485638895899 ], [ -0.870304673324217, 51.503592887231498 ], [ -0.893850446902064, 51.496642616988296 ], [ -0.921698113854484, 51.467931456325601 ], [ -0.949167813963054, 51.459513324034702 ], [ -0.955183902930422, 51.465333840164298 ], [ -0.941136942883797, 51.474977650079602 ], [ -0.957486894679264, 51.493080550242503 ], [ -0.99839893680447, 51.484304819275501 ], [ -1.01356370078558, 51.466292018903999 ], [ -1.03655747758827, 51.475226752867897 ], [ -1.05134983656427, 51.491859937679102 ], [ -1.0878821588534, 51.485754414272499 ], [ -1.10217985266957, 51.489673570413899 ], [ -1.1130174680504, 51.509488695219503 ], [ -1.14205314180795, 51.516195439449099 ], [ -1.14037476539537, 51.542911300876298 ], [ -1.20465030082425, 51.528394514518801 ], [ -1.20464416143085, 51.537603893977597 ], [ -1.22679203559485, 51.535158461170099 ], [ -1.20387167686045, 51.592136249714201 ], [ -1.23006158168828, 51.580326699254499 ], [ -1.26928645199502, 51.584572057112297 ], [ -1.29022497489805, 51.577897221275897 ], [ -1.2650627542983, 51.603752744626398 ], [ -1.2732700469337, 51.6116354961299 ], [ -1.26538459228854, 51.618889449109702 ], [ -1.24306670442577, 51.6225174105181 ], [ -1.21905544821979, 51.641869213565101 ], [ -1.26308105278683, 51.650092924111597 ], [ -1.28052218271166, 51.6430248433388 ], [ -1.28946797949619, 51.646913227653201 ], [ -1.27811228417182, 51.6686584676237 ], [ -1.25003569003515, 51.666592780221897 ], [ -1.22677391256224, 51.676105164408902 ], [ -1.22210353104435, 51.688311624628902 ], [ -1.24130957964358, 51.725159696975098 ], [ -1.22228852086272, 51.710983715032 ], [ -1.18958644135103, 51.714561500169097 ], [ -1.19031280782343, 51.727045724564697 ], [ -1.1757937183455, 51.7334815372352 ], [ -1.1939880439724, 51.7365299266691 ], [ -1.19438454639127, 51.756663505184797 ], [ -1.18020789289045, 51.765865282421203 ], [ -1.22081529286482, 51.772258397963903 ], [ -1.25270442593651, 51.786499152194999 ], [ -1.24196364597874, 51.8099958331916 ], [ -1.1945190849172, 51.796994396448902 ], [ -1.1873168621068, 51.812135642212503 ], [ -1.16741030149783, 51.8137775278947 ], [ -1.15407614008041, 51.796633762887602 ], [ -1.12681833186115, 51.799502500089098 ], [ -1.12354117099906, 51.7941812925528 ] ] ] } },
{ "type": "Feature", "properties": { "FID": 180, "LAD24CD": "E07000180", "LAD24NM": "Vale of White Horse", "LAD24NMW": " ", "BNG_E": 435697, "BNG_N": 195198, "LONG": -1.48537, "LAT": 51.6544, "GlobalID": "d1fc3d63-9826-4c86-9020-99afc80297b9", "LAD24CD_1": "E07000180", "LAD24NM_1": "Vale of White Horse", "RUC21CD": "RIN", "RUC21NM": "Intermediate rural: Majority nearer to a major town or city", "Urban_rura": "Rural", "Shape_Leng": 146032.86572900001, "Shape__Area": 582883616.38024902, "Shape__Length": 146032.86572881439 }, "geometry": { "type": "Polygon", "coordinates": [ [ [ -1.3028200145808, 51.780965024465097 ], [ -1.29073760877581, 51.7507150382229 ], [ -1.24130957964358, 51.725159696975098 ], [ -1.22210353104435, 51.688311624628902 ], [ -1.22677391256224, 51.676105164408902 ], [ -1.25003569003515, 51.666592780221897 ], [ -1.27811228417182, 51.6686584676237 ], [ -1.28946797949619, 51.646913227653201 ], [ -1.28052218271166, 51.6430248433388 ], [ -1.26308105278683, 51.650092924111597 ], [ -1.21905544821979, 51.641869213565101 ], [ -1.24306670442577, 51.6225174105181 ], [ -1.26538459228854, 51.618889449109702 ], [ -1.2732700469337, 51.6116354961299 ], [ -1.2650627542983, 51.603752744626398 ], [ -1.29022497489805, 51.577897221275897 ], [ -1.26928645199502, 51.584572057112297 ], [ -1.23006158168828, 51.580326699254499 ], [ -1.20387167686045, 51.592136249714201 ], [ -1.22679203559485, 51.535158461170099 ], [ -1.26065559107578, 51.537789904235403 ], [ -1.3287207966799, 51.563712412585097 ], [ -1.34240310935362, 51.543686279773603 ], [ -1.3673210476583, 51.552466716690901 ], [ -1.38377881234937, 51.540426210036898 ], [ -1.4048577107684, 51.547235217570801 ], [ -1.42276866886813, 51.535764926732803 ], [ -1.42659119274702, 51.545598858948502 ], [ -1.44783186160006, 51.536426542013999 ], [ -1.46442254094774, 51.5385166978133 ], [ -1.47074436480117, 51.528606838039302 ], [ -1.51293889355992, 51.550759808951 ], [ -1.53095864819817, 51.5460694657245 ], [ -1.55500824660554, 51.5533709391893 ], [ -1.58118687450076, 51.536994962064099 ], [ -1.58469504578326, 51.524922060157301 ], [ -1.60282488305727, 51.518309724635898 ], [ -1.64768626504516, 51.571934708560697 ], [ -1.65504259728401, 51.576493359986301 ], [ -1.67654765821201, 51.569390936641298 ], [ -1.69110586307939, 51.583505683665898 ], [ -1.69059536080077, 51.605411233467898 ], [ -1.66698974337017, 51.616219450748297 ], [ -1.67372908103647, 51.622836342486004 ], [ -1.65992419135007, 51.635015924216297 ], [ -1.69188577119606, 51.652161750439902 ], [ -1.70021189280661, 51.670883073928003 ], [ -1.68313461199299, 51.690126376809701 ], [ -1.66845860139018, 51.680437568964201 ], [ -1.64825374342062, 51.684087065845901 ], [ -1.6060445725769, 51.692255962115297 ], [ -1.59856301284033, 51.687909431564897 ], [ -1.5756449815067, 51.700088707189401 ], [ -1.54518762589617, 51.703239331521999 ], [ -1.48986639733624, 51.694016374368204 ], [ -1.47903711775343, 51.703899268106298 ], [ -1.46453491599828, 51.699608104515697 ], [ -1.45900923427453, 51.713304319396002 ], [ -1.39191993739824, 51.706295924729197 ], [ -1.36871464191471, 51.723737491342199 ], [ -1.36378477917518, 51.772106772392704 ], [ -1.32228540654345, 51.787837967630999 ], [ -1.30499592948583, 51.789762015470302 ], [ -1.3028200145808, 51.780965024465097 ] ] ] } },
{ "type": "Feature", "properties": { "FID": 181, "LAD24CD": "E07000181", "LAD24NM": "West Oxfordshire", "LAD24NMW": " ", "BNG_E": 434343, "BNG_N": 215817, "LONG": -1.50292, "LAT": 51.8399, "GlobalID": "0780ad53-e897-4808-8494-c83fb0686637", "LAD24CD_1": "E07000181", "LAD24NM_1": "West Oxfordshire", "RUC21CD": "RMF", "RUC21NM": "Majority rural: Majority further from a major town or city", "Urban_rura": "Rural", "Shape_Leng": 132502.68505299999, "Shape__Area": 713794709.4127655, "Shape__Length": 132502.68505338283 }, "geometry": { "type": "Polygon", "coordinates": [ [ [ -1.32228540654345, 51.787837967630999 ], [ -1.36378477917518, 51.772106772392704 ], [ -1.36871464191471, 51.723737491342199 ], [ -1.39191993739824, 51.706295924729197 ], [ -1.45900923427453, 51.713304319396002 ], [ -1.46453491599828, 51.699608104515697 ], [ -1.47903711775343, 51.703899268106298 ], [ -1.48986639733624, 51.694016374368204 ], [ -1.54518762589617, 51.703239331521999 ], [ -1.5756449815067, 51.700088707189401 ], [ -1.59856301284033, 51.687909431564897 ], [ -1.6060445725769, 51.692255962115297 ], [ -1.64825374342062, 51.684087065845901 ], [ -1.68800012551327, 51.712044747563603 ], [ -1.69587065656067, 51.723537452547802 ], [ -1.6870208353919, 51.7398840228322 ], [ -1.70070464063817, 51.7705842299967 ], [ -1.71948863302901, 51.783211827691503 ], [ -1.68193160633868, 51.803993086436201 ], [ -1.68646159226861, 51.834455790891802 ], [ -1.67638499897572, 51.850309685422197 ], [ -1.68686790516724, 51.865499769063099 ], [ -1.66711188278055, 51.877000057687702 ], [ -1.6586519744456, 51.896551192631001 ], [ -1.63305061648252, 51.899225466556501 ], [ -1.64552984349675, 51.922294255928698 ], [ -1.61518893058729, 51.937681628969699 ], [ -1.63249065036283, 51.955651457919501 ], [ -1.66252911046192, 51.9640049466649 ], [ -1.66575430454863, 51.987488821071501 ], [ -1.61234247849955, 51.955403416263003 ], [ -1.5916338243768, 51.970449970529202 ], [ -1.60030155963125, 51.976941555321702 ], [ -1.56353907898642, 51.977040369573899 ], [ -1.54954673594339, 51.9808463142775 ], [ -1.55722360987893, 51.991657664746299 ], [ -1.52282569381325, 51.996843322343402 ], [ -1.49366830577976, 51.974898785072 ], [ -1.45407737299139, 51.979670552730298 ], [ -1.43737183445808, 51.989192572562899 ], [ -1.40965214114723, 51.972707706781001 ], [ -1.40186767483595, 51.979870254551997 ], [ -1.37731865869742, 51.979636911463501 ], [ -1.36139623053788, 51.968536768263398 ], [ -1.36185805954152, 51.9483750311691 ], [ -1.33246526558143, 51.942149428313002 ], [ -1.33995155587948, 51.934900753712199 ], [ -1.29891894233659, 51.913155815410001 ], [ -1.30369055755698, 51.902612377585797 ], [ -1.29127816137276, 51.896653080943899 ], [ -1.29797656803831, 51.888452329854701 ], [ -1.28621008517335, 51.874912809949102 ], [ -1.30216182740624, 51.869082092823803 ], [ -1.29674534670812, 51.861099918150899 ], [ -1.33399446573874, 51.862478948768597 ], [ -1.33917530058564, 51.856172894261398 ], [ -1.34200086859349, 51.830181426884998 ], [ -1.32667619464752, 51.826568643917703 ], [ -1.33739670857563, 51.811692141849598 ], [ -1.32556381667343, 51.805328809099699 ], [ -1.32228540654345, 51.787837967630999 ] ] ] } },
{ "type": "Feature", "properties": { "FID": 182, "LAD24CD": "E07000192", "LAD24NM": "Cannock Chase", "LAD24NMW": " ", "BNG_E": 401261, "BNG_N": 311553, "LONG": -1.98277, "LAT": 52.7017, "GlobalID": "9b4f759c-5c90-4b28-ad8b-70d11b21b3f5", "LAD24CD_1": "E07000192", "LAD24NM_1": "Cannock Chase", "RUC21CD": "UUN", "RUC21NM": "Urban: Majority nearer to a major town or city", "Urban_rura": "Urban", "Shape_Leng": 41986.4287845, "Shape__Area": 79660342.330856323, "Shape__Length": 41986.428784473748 }, "geometry": { "type": "Polygon", "coordinates": [ [ [ -1.95461260583226, 52.662683433225801 ], [ -1.96096309818208, 52.642814676236902 ], [ -1.98655031223884, 52.640409277330399 ], [ -2.00407919311923, 52.668682772789701 ], [ -2.05188262521733, 52.678704794623201 ], [ -2.05463221958658, 52.690059189903401 ], [ -2.03107005126577, 52.7051611881596 ], [ -2.02680200618696, 52.736317759025098 ], [ -2.01758273269507, 52.759264562120698 ], [ -1.97312973286762, 52.7615582302479 ], [ -1.94395775035184, 52.773739025116498 ], [ -1.91163679191924, 52.759271382660899 ], [ -1.91080679278257, 52.751190951120797 ], [ -1.93770107368434, 52.716272635195701 ], [ -1.91551067849955, 52.7106385953618 ], [ -1.95925002169886, 52.684149007908204 ], [ -1.95461260583226, 52.662683433225801 ] ] ] } },
{ "type": "Feature", "properties": { "FID": 183, "LAD24CD": "E07000193", "LAD24NM": "East Staffordshire", "LAD24NMW": " ", "BNG_E": 412599, "BNG_N": 326571, "LONG": -1.81441, "LAT": 52.8365, "GlobalID": "3e7a97e5-c890-427f-bb9e-668dfa10d720", "LAD24CD_1": "E07000193", "LAD24NM_1": "East Staffordshire", "RUC21CD": "UIN", "RUC21NM": "Intermediate urban: Majority nearer to a major town or city", "Urban_rura": "Urban", "Shape_Leng": 138128.17366, "Shape__Area": 394049885.20256042, "Shape__Length": 138128.17366045408 }, "geometry": { "type": "Polygon", "coordinates": [ [ [ -1.74600328186458, 52.8686931595903 ], [ -1.72529467619722, 52.859665932649698 ], [ -1.70449110661769, 52.866704036350498 ], [ -1.70060876646215, 52.860583522701603 ], [ -1.68950657018649, 52.864504319591397 ], [ -1.62676534855207, 52.854457927358901 ], [ -1.58538036585949, 52.831596557298397 ], [ -1.61053198352393, 52.816360791539502 ], [ -1.59169224196469, 52.809287838237701 ], [ -1.58887036628345, 52.799865985486797 ], [ -1.61434537917712, 52.788274046686197 ], [ -1.61112950153712, 52.7814035599527 ], [ -1.66653674723611, 52.784723031357501 ], [ -1.70415800106741, 52.732078777220501 ], [ -1.75060323462366, 52.739147853827802 ], [ -1.76731918629745, 52.750851794616104 ], [ -1.78456254287488, 52.745852176634898 ], [ -1.79053172784644, 52.753786305938398 ], [ -1.81752567730303, 52.755190892165999 ], [ -1.82840201512628, 52.7690586001833 ], [ -1.80950438320068, 52.783142924643002 ], [ -1.81784572515464, 52.793125375708897 ], [ -1.84235656303219, 52.795931840965899 ], [ -1.85373542110968, 52.782321824530896 ], [ -1.88982994736095, 52.8003468810467 ], [ -1.90194307011178, 52.795322496317297 ], [ -1.9513271234175, 52.807428400758504 ], [ -1.96787108189404, 52.824361188009803 ], [ -1.9367030873312, 52.848154502462499 ], [ -1.93600921174038, 52.870748121739602 ], [ -1.96068457255228, 52.870298127453097 ], [ -1.9796598616377, 52.893279073680198 ], [ -1.99970376972739, 52.892268478363398 ], [ -2.01274965740766, 52.906581442935597 ], [ -2.04155996265819, 52.917473246434199 ], [ -1.97111589349816, 52.940791376546798 ], [ -1.94050966116128, 52.931476221555798 ], [ -1.92689294949817, 52.941296678096201 ], [ -1.91018560060171, 52.939809334663003 ], [ -1.90354888786314, 52.946012999861502 ], [ -1.92546730389491, 52.963190964342999 ], [ -1.85990902474116, 52.977769273323801 ], [ -1.88059504440698, 52.994602377536403 ], [ -1.88411867102684, 53.020096569735998 ], [ -1.8715388096112, 53.019987805984798 ], [ -1.85603268760378, 53.034096987775001 ], [ -1.83046986512162, 53.032960209207602 ], [ -1.81313863812884, 53.029387484411203 ], [ -1.79605830044673, 53.013216728096197 ], [ -1.78476553706742, 53.024553780900902 ], [ -1.79480452810048, 53.039330096658901 ], [ -1.77898682375688, 53.044918073512797 ], [ -1.758931442407, 53.037315773020097 ], [ -1.76240468835541, 52.999857682158499 ], [ -1.82678096538971, 52.977085758025801 ], [ -1.82858995111019, 52.947871170688799 ], [ -1.85657875821379, 52.923344709778803 ], [ -1.82820959492902, 52.884427753737903 ], [ -1.77722065071375, 52.883814739944597 ], [ -1.74600328186458, 52.8686931595903 ] ] ] } },
{ "type": "Feature", "properties": { "FID": 184, "LAD24CD": "E07000194", "LAD24NM": "Lichfield", "LAD24NMW": " ", "BNG_E": 416276, "BNG_N": 310967, "LONG": -1.76059, "LAT": 52.6962, "GlobalID": "33504933-780f-42ed-8f12-619fd174420b", "LAD24CD_1": "E07000194", "LAD24NM_1": "Lichfield", "RUC21CD": "UIN", "RUC21NM": "Intermediate urban: Majority nearer to a major town or city", "Urban_rura": "Urban", "Shape_Leng": 104035.850267, "Shape__Area": 328432889.96718597, "Shape__Length": 104035.85026659261 }, "geometry": { "type": "Polygon", "coordinates": [ [ [ -1.70415800106741, 52.732078777220501 ], [ -1.65660772699026, 52.7217484720003 ], [ -1.6550635927941, 52.698775775707702 ], [ -1.59754104512465, 52.700421766041302 ], [ -1.5896451852037, 52.687260807269297 ], [ -1.64498724275303, 52.657485023001399 ], [ -1.68436864891535, 52.647220915130099 ], [ -1.72243859366367, 52.651384736679098 ], [ -1.73446600372403, 52.644593499829597 ], [ -1.73133238309726, 52.632753521469198 ], [ -1.70205577984027, 52.615735650404503 ], [ -1.69145889946562, 52.617403025463403 ], [ -1.70031606847152, 52.590884557689201 ], [ -1.72926113227933, 52.587951341406999 ], [ -1.74228792519075, 52.594318928282 ], [ -1.78800228267072, 52.587897862166201 ], [ -1.7965280894026, 52.599122937771703 ], [ -1.82812858189664, 52.608721987766003 ], [ -1.85363050818885, 52.602073631130601 ], [ -1.87256445035415, 52.584944694866898 ], [ -1.8922660164266, 52.599151927121198 ], [ -1.88599897186694, 52.615378786996402 ], [ -1.91598526501652, 52.635285780959002 ], [ -1.90508380548937, 52.643207556544397 ], [ -1.91812069842629, 52.649950971637097 ], [ -1.91087797950224, 52.656500775561703 ], [ -1.93366343195041, 52.661586485039798 ], [ -1.94544608874089, 52.656325690603403 ], [ -1.95461260583226, 52.662683433225801 ], [ -1.95925002169886, 52.684149007908204 ], [ -1.91551067849955, 52.7106385953618 ], [ -1.93770107368434, 52.716272635195701 ], [ -1.91080679278257, 52.751190951120797 ], [ -1.91163679191924, 52.759271382660899 ], [ -1.94395775035184, 52.773739025116498 ], [ -1.95807640987281, 52.798505572038103 ], [ -1.9513271234175, 52.807428400758504 ], [ -1.90194307011178, 52.795322496317297 ], [ -1.88982994736095, 52.8003468810467 ], [ -1.85373542110968, 52.782321824530896 ], [ -1.84235656303219, 52.795931840965899 ], [ -1.81784572515464, 52.793125375708897 ], [ -1.80950438320068, 52.783142924643002 ], [ -1.82840201512628, 52.7690586001833 ], [ -1.81752567730303, 52.755190892165999 ], [ -1.79053172784644, 52.753786305938398 ], [ -1.78456254287488, 52.745852176634898 ], [ -1.76731918629745, 52.750851794616104 ], [ -1.75060323462366, 52.739147853827802 ], [ -1.70415800106741, 52.732078777220501 ] ] ] } },
{ "type": "Feature", "properties": { "FID": 185, "LAD24CD": "E07000195", "LAD24NM": "Newcastle-under-Lyme", "LAD24NMW": " ", "BNG_E": 378201, "BNG_N": 345177, "LONG": -2.32628, "LAT": 53.0035, "GlobalID": "6c57194a-8113-4bda-b3d7-b3419ffac383", "LAD24CD_1": "E07000195", "LAD24NM_1": "Newcastle-under-Lyme", "RUC21CD": "UUN", "RUC21NM": "Urban: Majority nearer to a major town or city", "Urban_rura": "Urban", "Shape_Leng": 87803.552469899994, "Shape__Area": 210624295.16466522, "Shape__Length": 87803.55246994007 }, "geometry": { "type": "Polygon", "coordinates": [ [ [ -2.18114817752347, 53.089843858558702 ], [ -2.19856288702297, 53.092733167682503 ], [ -2.23876135172224, 53.073339264678097 ], [ -2.20251669188531, 53.019959884292803 ], [ -2.21553062616227, 53.015283135137999 ], [ -2.20434090153092, 52.981398210850301 ], [ -2.21251365491189, 52.980575068887902 ], [ -2.27014671138498, 52.963478357965201 ], [ -2.27802622724709, 52.951227411194502 ], [ -2.26406366444328, 52.923683547939298 ], [ -2.31991220615414, 52.932432355568601 ], [ -2.34730722916093, 52.914118738916301 ], [ -2.35787932892041, 52.918557626426498 ], [ -2.37914959222085, 52.912913212253301 ], [ -2.37893788163928, 52.891720523138403 ], [ -2.44041158371091, 52.8812272999022 ], [ -2.446096803267, 52.874002989390199 ], [ -2.4707891204993, 52.905863029707902 ], [ -2.43672273371605, 52.943869822693102 ], [ -2.42515061577032, 52.950012640570897 ], [ -2.40550267573913, 52.947317554374102 ], [ -2.4129171269442, 52.961770731323803 ], [ -2.38620832086667, 52.9532172773078 ], [ -2.37971828550886, 52.976065262611797 ], [ -2.3687305558901, 52.979359488873897 ], [ -2.38079367936827, 52.998411061348598 ], [ -2.38304468514478, 53.007786785454201 ], [ -2.37042155075988, 53.0145296481573 ], [ -2.38422739107302, 53.026167576359398 ], [ -2.38148099775442, 53.052475103171403 ], [ -2.34758567133388, 53.056170291525397 ], [ -2.31805569446669, 53.081407516697801 ], [ -2.29337580822217, 53.078326386388603 ], [ -2.25324848942767, 53.093976993525601 ], [ -2.24742276488468, 53.089870046221598 ], [ -2.21131492476988, 53.115824463220498 ], [ -2.18114817752347, 53.089843858558702 ] ] ] } },
{ "type": "Feature", "properties": { "FID": 186, "LAD24CD": "E07000196", "LAD24NM": "South Staffordshire", "LAD24NMW": " ", "BNG_E": 389624, "BNG_N": 311036, "LONG": -2.15496, "LAT": 52.6969, "GlobalID": "272d1c8a-1c46-40ed-a157-58db078f31c4", "LAD24CD_1": "E07000196", "LAD24NM_1": "South Staffordshire", "RUC21CD": "RIN", "RUC21NM": "Intermediate rural: Majority nearer to a major town or city", "Urban_rura": "Rural", "Shape_Leng": 152646.97276800001, "Shape__Area": 409451858.87139893, "Shape__Length": 152646.97276830938 }, "geometry": { "type": "Polygon", "coordinates": [ [ [ -2.02680200618696, 52.736317759025098 ], [ -2.03107005126577, 52.7051611881596 ], [ -2.05463221958658, 52.690059189903401 ], [ -2.05188262521733, 52.678704794623201 ], [ -2.00407919311923, 52.668682772789701 ], [ -1.98655031223884, 52.640409277330399 ], [ -2.02953294734342, 52.625639838595397 ], [ -2.03017319713815, 52.616953662092598 ], [ -2.05071786918317, 52.620522679672497 ], [ -2.08100174127972, 52.611904978842297 ], [ -2.10124106052418, 52.635053361975203 ], [ -2.13164409782653, 52.637623081968997 ], [ -2.16835061769236, 52.6199896632505 ], [ -2.16915726306372, 52.609338360747202 ], [ -2.19639726168784, 52.606615365680099 ], [ -2.18918611805601, 52.588775084727502 ], [ -2.20670101056387, 52.585116535155201 ], [ -2.18033702695604, 52.574504936131703 ], [ -2.1755346715768, 52.554407131335097 ], [ -2.13348672789088, 52.554066663040501 ], [ -2.13558727620906, 52.534460936521398 ], [ -2.15221000603085, 52.525696072791497 ], [ -2.1442106820995, 52.5170740576349 ], [ -2.19194273238093, 52.503450733549897 ], [ -2.16741962532073, 52.471541097484199 ], [ -2.17648315747155, 52.454821846597 ], [ -2.16485128257998, 52.430204140401898 ], [ -2.16770663043039, 52.423780350206698 ], [ -2.26950475053342, 52.438615992767197 ], [ -2.2949641030381, 52.448947683145299 ], [ -2.28738237113974, 52.455316927592797 ], [ -2.3127491667011, 52.489208828246397 ], [ -2.29139000182827, 52.5116799240514 ], [ -2.26094318513366, 52.524102415494397 ], [ -2.2692153554449, 52.530688796592102 ], [ -2.25642651698257, 52.541741503336098 ], [ -2.28247661716922, 52.553396073927402 ], [ -2.26193773864192, 52.569059801400201 ], [ -2.30029269773898, 52.593027100169301 ], [ -2.32202449570949, 52.593636047175004 ], [ -2.32379942705026, 52.612953104822097 ], [ -2.28158430525676, 52.605873850579101 ], [ -2.25617061500712, 52.609798291934602 ], [ -2.23289449572096, 52.647694205333799 ], [ -2.23470907735918, 52.655854156626198 ], [ -2.24768735730075, 52.656660134795601 ], [ -2.23871532272218, 52.663701315492098 ], [ -2.2476955172485, 52.683043070725901 ], [ -2.30304049939528, 52.682952779118402 ], [ -2.3199078211235, 52.6953977618642 ], [ -2.3248336041539, 52.7053358302013 ], [ -2.30860350792447, 52.720746136461401 ], [ -2.3156367525332, 52.732939982822003 ], [ -2.31220797845677, 52.740837714166197 ], [ -2.27497126977125, 52.742753903279898 ], [ -2.24536374215364, 52.715184054145602 ], [ -2.2168022783053, 52.732919652870599 ], [ -2.18817515951862, 52.732860384997799 ], [ -2.17797500222612, 52.743987720025601 ], [ -2.16068016201405, 52.742720665840601 ], [ -2.14703763474324, 52.782541259909003 ], [ -2.1144361890532, 52.768755675032402 ], [ -2.09889791462517, 52.773191620376203 ], [ -2.09516427457231, 52.786432657020697 ], [ -2.06596394391865, 52.7735465966771 ], [ -2.0761640810361, 52.766967227986598 ], [ -2.04340108804976, 52.761349483597698 ], [ -2.02680200618696, 52.736317759025098 ] ] ] } },
{ "type": "Feature", "properties": { "FID": 187, "LAD24CD": "E07000197", "LAD24NM": "Stafford", "LAD24NMW": " ", "BNG_E": 389000, "BNG_N": 327835, "LONG": -2.16477, "LAT": 52.8479, "GlobalID": "f2bb42e4-5145-4a6f-91ca-81c282e011a7", "LAD24CD_1": "E07000197", "LAD24NM_1": "Stafford", "RUC21CD": "UIN", "RUC21NM": "Intermediate urban: Majority nearer to a major town or city", "Urban_rura": "Urban", "Shape_Leng": 128795.42989699999, "Shape__Area": 598969160.60321045, "Shape__Length": 128795.42989681089 }, "geometry": { "type": "Polygon", "coordinates": [ [ [ -2.0881312250497, 52.973848352147897 ], [ -2.0430316722824, 52.951353215759703 ], [ -2.06299359118421, 52.922471417109797 ], [ -2.04155996265819, 52.917473246434199 ], [ -2.01274965740766, 52.906581442935597 ], [ -1.99970376972739, 52.892268478363398 ], [ -1.9796598616377, 52.893279073680198 ], [ -1.96068457255228, 52.870298127453097 ], [ -1.93600921174038, 52.870748121739602 ], [ -1.9367030873312, 52.848154502462499 ], [ -1.96787108189404, 52.824361188009803 ], [ -1.9513271234175, 52.807428400758504 ], [ -1.95807640987281, 52.798505572038103 ], [ -1.94395775035184, 52.773739025116498 ], [ -1.97312973286762, 52.7615582302479 ], [ -2.01758273269507, 52.759264562120698 ], [ -2.02680200618696, 52.736317759025098 ], [ -2.04340108804976, 52.761349483597698 ], [ -2.0761640810361, 52.766967227986598 ], [ -2.06596394391865, 52.7735465966771 ], [ -2.09516427457231, 52.786432657020697 ], [ -2.09889791462517, 52.773191620376203 ], [ -2.1144361890532, 52.768755675032402 ], [ -2.14703763474324, 52.782541259909003 ], [ -2.16068016201405, 52.742720665840601 ], [ -2.17797500222612, 52.743987720025601 ], [ -2.18817515951862, 52.732860384997799 ], [ -2.2168022783053, 52.732919652870599 ], [ -2.24536374215364, 52.715184054145602 ], [ -2.27497126977125, 52.742753903279898 ], [ -2.31220797845677, 52.740837714166197 ], [ -2.38503500767273, 52.789589101470497 ], [ -2.37132740406142, 52.795304436730603 ], [ -2.37765452619335, 52.811642814618402 ], [ -2.41634660240013, 52.827005990096801 ], [ -2.39375624971319, 52.836620037667103 ], [ -2.37893788163928, 52.891720523138403 ], [ -2.37914959222085, 52.912913212253301 ], [ -2.35787932892041, 52.918557626426498 ], [ -2.34730722916093, 52.914118738916301 ], [ -2.31991220615414, 52.932432355568601 ], [ -2.26406366444328, 52.923683547939298 ], [ -2.27802622724709, 52.951227411194502 ], [ -2.27014671138498, 52.963478357965201 ], [ -2.21251365491189, 52.980575068887902 ], [ -2.18156045981073, 52.946158157062101 ], [ -2.17681385739838, 52.953693614810902 ], [ -2.16259461482334, 52.953365373421498 ], [ -2.14571072867989, 52.976110797668397 ], [ -2.13040308885892, 52.9711763974028 ], [ -2.12165690294565, 52.956086240706597 ], [ -2.08123086259215, 52.9669020160554 ], [ -2.0881312250497, 52.973848352147897 ] ] ] } },
{ "type": "Feature", "properties": { "FID": 188, "LAD24CD": "E07000198", "LAD24NM": "Staffordshire Moorlands", "LAD24NMW": " ", "BNG_E": 400543, "BNG_N": 352448, "LONG": -1.99334, "LAT": 53.0693, "GlobalID": "11fb3ce1-d03a-4167-93e9-950d19e60417", "LAD24CD_1": "E07000198", "LAD24NM_1": "Staffordshire Moorlands", "RUC21CD": "UIN", "RUC21NM": "Intermediate urban: Majority nearer to a major town or city", "Urban_rura": "Urban", "Shape_Leng": 120056.59971900001, "Shape__Area": 576406743.75007629, "Shape__Length": 120056.59971867911 }, "geometry": { "type": "Polygon", "coordinates": [ [ [ -1.89868254605192, 53.200041964028401 ], [ -1.86082129936616, 53.188467235176198 ], [ -1.81261515779332, 53.154409131288702 ], [ -1.82186356951692, 53.136684444375902 ], [ -1.78368614765435, 53.102957908888598 ], [ -1.79423901989599, 53.0883940561095 ], [ -1.77565273133757, 53.0593546407422 ], [ -1.77898682375688, 53.044918073512797 ], [ -1.79480452810048, 53.039330096658901 ], [ -1.78476553706742, 53.024553780900902 ], [ -1.79605830044673, 53.013216728096197 ], [ -1.81313863812884, 53.029387484411203 ], [ -1.83046986512162, 53.032960209207602 ], [ -1.85603268760378, 53.034096987775001 ], [ -1.8715388096112, 53.019987805984798 ], [ -1.88411867102684, 53.020096569735998 ], [ -1.88059504440698, 52.994602377536403 ], [ -1.85990902474116, 52.977769273323801 ], [ -1.92546730389491, 52.963190964342999 ], [ -1.90354888786314, 52.946012999861502 ], [ -1.91018560060171, 52.939809334663003 ], [ -1.92689294949817, 52.941296678096201 ], [ -1.94050966116128, 52.931476221555798 ], [ -1.97111589349816, 52.940791376546798 ], [ -2.04155996265819, 52.917473246434199 ], [ -2.06299359118421, 52.922471417109797 ], [ -2.0430316722824, 52.951353215759703 ], [ -2.0881312250497, 52.973848352147897 ], [ -2.07923858928417, 52.9745002720746 ], [ -2.09199697509273, 52.985568340539899 ], [ -2.08851755084279, 52.997066430477098 ], [ -2.10501609434108, 52.997658255257697 ], [ -2.10346667550099, 53.010857964004899 ], [ -2.12376331441735, 53.0215895937799 ], [ -2.13177855900004, 53.047333881596103 ], [ -2.11658296910728, 53.048032923977303 ], [ -2.12537270499514, 53.064614900878702 ], [ -2.16110100828987, 53.070083842539297 ], [ -2.17170015872383, 53.089447147167803 ], [ -2.18114817752347, 53.089843858558702 ], [ -2.21131492476988, 53.115824463220498 ], [ -2.15554543171792, 53.159653494282601 ], [ -2.14142291774514, 53.156612488773 ], [ -2.1403630699576, 53.183849778313601 ], [ -2.11186950066067, 53.168636488411202 ], [ -2.07021816358765, 53.171653124680297 ], [ -2.04610965363786, 53.1927771374014 ], [ -2.00174927099309, 53.192955723290403 ], [ -1.98737982955689, 53.2136037465838 ], [ -1.96236461007117, 53.226241734736199 ], [ -1.95670722983203, 53.213747608452799 ], [ -1.89868254605192, 53.200041964028401 ] ] ] } },
{ "type": "Feature", "properties": { "FID": 189, "LAD24CD": "E07000199", "LAD24NM": "Tamworth", "LAD24NMW": " ", "BNG_E": 421452, "BNG_N": 302547, "LONG": -1.68455, "LAT": 52.6203, "GlobalID": "437a640f-25c0-40cf-a41d-e30fd9e6af2f", "LAD24CD_1": "E07000199", "LAD24NM_1": "Tamworth", "RUC21CD": "UUN", "RUC21NM": "Urban: Majority nearer to a major town or city", "Urban_rura": "Urban", "Shape_Leng": 25379.490448100001, "Shape__Area": 30582523.696868896, "Shape__Length": 25379.490448087778 }, "geometry": { "type": "Polygon", "coordinates": [ [ [ -1.70031606847152, 52.590884557689201 ], [ -1.69145889946562, 52.617403025463403 ], [ -1.70205577984027, 52.615735650404503 ], [ -1.73133238309726, 52.632753521469198 ], [ -1.73446600372403, 52.644593499829597 ], [ -1.72243859366367, 52.651384736679098 ], [ -1.68436864891535, 52.647220915130099 ], [ -1.64498724275303, 52.657485023001399 ], [ -1.63298182844691, 52.643482308514898 ], [ -1.64253819335292, 52.640957950067502 ], [ -1.64377721430859, 52.603354731477602 ], [ -1.66563959036358, 52.592252232102901 ], [ -1.70031606847152, 52.590884557689201 ] ] ] } },
{ "type": "Feature", "properties": { "FID": 190, "LAD24CD": "E07000200", "LAD24NM": "Babergh", "LAD24NMW": " ", "BNG_E": 599987, "BNG_N": 244692, "LONG": 0.916149, "LAT": 52.0645, "GlobalID": "53786cd5-a19e-4312-a8bd-1aad7f9d6686", "LAD24CD_1": "E07000200", "LAD24NM_1": "Babergh", "RUC21CD": "RMN", "RUC21NM": "Majority rural: Majority nearer to a major town or city", "Urban_rura": "Rural", "Shape_Leng": 142583.74882899999, "Shape__Area": 595921449.82624817, "Shape__Length": 142583.74882866553 }, "geometry": { "type": "MultiPolygon", "coordinates": [ [ [ [ 1.28232951679363, 51.969249542143103 ], [ 1.28443542984623, 51.965285347790399 ], [ 1.28260092341116, 51.966099450607302 ], [ 1.28232951679363, 51.969249542143103 ] ] ], [ [ [ 1.15639036906824, 52.034777229623202 ], [ 1.15902962316589, 52.031961349701703 ], [ 1.15051909372305, 52.033721845343798 ], [ 1.15639036906824, 52.034777229623202 ] ] ], [ [ [ 0.715964178048222, 52.179280690958102 ], [ 0.722798767349338, 52.165103899130699 ], [ 0.738336234404334, 52.169970810372199 ], [ 0.741992150973894, 52.159330796729201 ], [ 0.759128521717508, 52.157512848344297 ], [ 0.768688900604055, 52.174999813550201 ], [ 0.786919173100123, 52.177894241031197 ], [ 0.814169470353268, 52.170732599863598 ], [ 0.826063798238584, 52.162586228792499 ], [ 0.86882274038468, 52.1655771009844 ], [ 0.88158021930431, 52.154700531407599 ], [ 0.893882633408527, 52.157678081996998 ], [ 0.892369695009837, 52.150471913242598 ], [ 0.93804990509406, 52.157540499941298 ], [ 0.951546972287352, 52.110577935795703 ], [ 0.973120214642098, 52.106922847869797 ], [ 0.970778306434516, 52.095670582069303 ], [ 1.00380823768803, 52.0986095367793 ], [ 1.03585470070379, 52.068424135294798 ], [ 1.04629305435513, 52.078105420137597 ], [ 1.06486184709482, 52.065387511214098 ], [ 1.10921577845641, 52.071042837416897 ], [ 1.12202127398526, 52.061521839658297 ], [ 1.10727689127753, 52.0465185211579 ], [ 1.11294353316438, 52.034577622412598 ], [ 1.12957709153612, 52.029954526330002 ], [ 1.14978866884201, 52.033590524992903 ], [ 1.16733452908503, 52.023098016444102 ], [ 1.1698716494473, 52.020389503979402 ], [ 1.17763424391523, 52.016935285447701 ], [ 1.18008219771743, 52.015470200944499 ], [ 1.20365942337148, 52.001352012915703 ], [ 1.21183339638692, 51.996454259993499 ], [ 1.26725679239323, 51.987817571335299 ], [ 1.2755707389182, 51.957546426762697 ], [ 1.27240189450328, 51.957071142756803 ], [ 1.24295031514996, 51.961394574137401 ], [ 1.21977076773377, 51.952866480861999 ], [ 1.20031571447882, 51.954488389051598 ], [ 1.18777953204106, 51.9555316961548 ], [ 1.16351719735851, 51.970592663341399 ], [ 1.13037204073448, 51.953522049859203 ], [ 1.08572827733235, 51.959009369426497 ], [ 1.06868007327798, 51.950422812922298 ], [ 1.04771159936546, 51.959498337340598 ], [ 1.02471198883193, 51.954902360631699 ], [ 0.998710091163988, 51.963967334484401 ], [ 0.970982749148486, 51.962407757133001 ], [ 0.962589594231285, 51.977164929456698 ], [ 0.942911023064153, 51.970690294230799 ], [ 0.925239840337455, 51.976164403068601 ], [ 0.889748607763662, 51.9734240607673 ], [ 0.850240124999087, 51.960766645561897 ], [ 0.824650048979386, 51.968549607204302 ], [ 0.810877141632654, 51.960696087648998 ], [ 0.781468927606894, 51.966512939837401 ], [ 0.772261026840059, 51.970424511090897 ], [ 0.774633327593334, 51.982591620138798 ], [ 0.759667735030109, 51.985429111594598 ], [ 0.761149264433513, 51.997483290068203 ], [ 0.738526974119553, 52.01069864107 ], [ 0.74063428386174, 52.031201548860103 ], [ 0.714396590823323, 52.027318767207603 ], [ 0.696511870071092, 52.039302167931403 ], [ 0.69940006432446, 52.0484380876781 ], [ 0.716263376587153, 52.048687196574697 ], [ 0.703177564086779, 52.065273248446097 ], [ 0.712118249483127, 52.0722424679158 ], [ 0.684204240948651, 52.086968642770401 ], [ 0.656900901436426, 52.085441686172601 ], [ 0.626894823946383, 52.128991040054402 ], [ 0.645374242363174, 52.1601772551926 ], [ 0.691699971569074, 52.157581332376701 ], [ 0.698145008443463, 52.181307846303 ], [ 0.715964178048222, 52.179280690958102 ] ] ] ] } },
{ "type": "Feature", "properties": { "FID": 191, "LAD24CD": "E07000202", "LAD24NM": "Ipswich", "LAD24NMW": " ", "BNG_E": 617163, "BNG_N": 244456, "LONG": 1.16618, "LAT": 52.0559, "GlobalID": "3b67511a-1d29-47e8-9597-4c382b3eb408", "LAD24CD_1": "E07000202", "LAD24NM_1": "Ipswich", "RUC21CD": "UUN", "RUC21NM": "Urban: Majority nearer to a major town or city", "Urban_rura": "Urban", "Shape_Leng": 30234.618597100001, "Shape__Area": 40678435.366989136, "Shape__Length": 30234.618597083456 }, "geometry": { "type": "MultiPolygon", "coordinates": [ [ [ [ 1.17182990830236, 52.020408565805603 ], [ 1.1698716494473, 52.020389503979402 ], [ 1.16733452908503, 52.023098016444102 ], [ 1.17182990830236, 52.020408565805603 ] ] ], [ [ [ 1.15783883919243, 52.088751635031102 ], [ 1.16425793503936, 52.079499773434897 ], [ 1.18989426782392, 52.080449994168902 ], [ 1.20645480899155, 52.064018740519501 ], [ 1.20179540916572, 52.037348305317501 ], [ 1.22361032387657, 52.029434253114502 ], [ 1.20947704335699, 52.020768655058298 ], [ 1.1825420814067, 52.020512258654897 ], [ 1.17884674086932, 52.021547122288801 ], [ 1.16623790467447, 52.029855595839102 ], [ 1.16071458341196, 52.031612708285699 ], [ 1.15902962316589, 52.031961349701703 ], [ 1.15639036906824, 52.034777229623202 ], [ 1.15051909372305, 52.033721845343798 ], [ 1.14906642303598, 52.034022271582302 ], [ 1.14978866884201, 52.033590524992903 ], [ 1.12957709153612, 52.029954526330002 ], [ 1.11294353316438, 52.034577622412598 ], [ 1.10727689127753, 52.0465185211579 ], [ 1.12202127398526, 52.061521839658297 ], [ 1.10921577845641, 52.071042837416897 ], [ 1.11092692461579, 52.089236069039401 ], [ 1.1385333911626, 52.088392798063502 ], [ 1.14229237480986, 52.094469651582102 ], [ 1.15783883919243, 52.088751635031102 ] ] ] ] } },
{ "type": "Feature", "properties": { "FID": 192, "LAD24CD": "E07000203", "LAD24NM": "Mid Suffolk", "LAD24NMW": " ", "BNG_E": 611646, "BNG_N": 262335, "LONG": 1.09695, "LAT": 52.2186, "GlobalID": "cbcb9730-adbb-47be-9df7-6c7ff6fd5cbf", "LAD24CD_1": "E07000203", "LAD24NM_1": "Mid Suffolk", "RUC21CD": "RMN", "RUC21NM": "Majority rural: Majority nearer to a major town or city", "Urban_rura": "Rural", "Shape_Leng": 159675.66493699999, "Shape__Area": 873338681.49298096, "Shape__Length": 159675.66493707304 }, "geometry": { "type": "Polygon", "coordinates": [ [ [ 1.15783883919243, 52.088751635031102 ], [ 1.14229237480986, 52.094469651582102 ], [ 1.1385333911626, 52.088392798063502 ], [ 1.11092692461579, 52.089236069039401 ], [ 1.10921577845641, 52.071042837416897 ], [ 1.06486184709482, 52.065387511214098 ], [ 1.04629305435513, 52.078105420137597 ], [ 1.03585470070379, 52.068424135294798 ], [ 1.00380823768803, 52.0986095367793 ], [ 0.970778306434516, 52.095670582069303 ], [ 0.973120214642098, 52.106922847869797 ], [ 0.951546972287352, 52.110577935795703 ], [ 0.93804990509406, 52.157540499941298 ], [ 0.892369695009837, 52.150471913242598 ], [ 0.893882633408527, 52.157678081996998 ], [ 0.88158021930431, 52.154700531407599 ], [ 0.86882274038468, 52.1655771009844 ], [ 0.826063798238584, 52.162586228792499 ], [ 0.814169470353268, 52.170732599863598 ], [ 0.836273784434032, 52.182169413579501 ], [ 0.838129471220416, 52.1953411706425 ], [ 0.815154767126503, 52.203909939202198 ], [ 0.827129607743654, 52.238967585458703 ], [ 0.797580855297455, 52.251229873914902 ], [ 0.799441153937247, 52.264713324294704 ], [ 0.825826214074469, 52.266515337712697 ], [ 0.843865439503035, 52.2598002972533 ], [ 0.842593533173584, 52.268027345455003 ], [ 0.856327415806795, 52.268442272582199 ], [ 0.843083815187571, 52.284917378550503 ], [ 0.87362503457196, 52.299507740785501 ], [ 0.887356563307841, 52.2927190995619 ], [ 0.882935334353623, 52.300136936284801 ], [ 0.900152148105162, 52.298915693567999 ], [ 0.931124424011021, 52.312868959682497 ], [ 0.925707639695695, 52.327361263466102 ], [ 0.932697456863843, 52.335729650331501 ], [ 0.957304491183799, 52.3403526499946 ], [ 0.953153538076917, 52.356033303756497 ], [ 0.967471013134576, 52.370112787542197 ], [ 1.0299825148205, 52.3787422005704 ], [ 1.06822135298987, 52.378534258627703 ], [ 1.21386742646296, 52.355390442116502 ], [ 1.25999663283469, 52.371099379292097 ], [ 1.28623475061443, 52.390689660366199 ], [ 1.31648910385456, 52.387371269752201 ], [ 1.34711166264909, 52.404386044890501 ], [ 1.37485702054714, 52.394677374287902 ], [ 1.4095085144785, 52.363265105588702 ], [ 1.35740456555122, 52.337274324466598 ], [ 1.35747614271954, 52.322156547736803 ], [ 1.38402188782499, 52.310666631233197 ], [ 1.38414039866127, 52.294105566294498 ], [ 1.40164540153403, 52.285698109787802 ], [ 1.35565738472947, 52.274077386085899 ], [ 1.34443170383238, 52.282089650613301 ], [ 1.34729559476377, 52.293405015114303 ], [ 1.32759083059411, 52.298479144627699 ], [ 1.3412686786876, 52.284448441630197 ], [ 1.33976743265743, 52.265926186100401 ], [ 1.30101765522609, 52.25901624662 ], [ 1.28673064742665, 52.240544275099403 ], [ 1.24736332367671, 52.228674228806298 ], [ 1.24180865493968, 52.201751037953102 ], [ 1.25673033002399, 52.198364572583401 ], [ 1.25417322954768, 52.1881313567471 ], [ 1.23984272640861, 52.170428739529001 ], [ 1.21396540228161, 52.166538516399498 ], [ 1.1914028583232, 52.1399843469488 ], [ 1.16946895373073, 52.131249678859398 ], [ 1.17776704064408, 52.120699988541197 ], [ 1.15783883919243, 52.088751635031102 ] ] ] } },
{ "type": "Feature", "properties": { "FID": 193, "LAD24CD": "E07000207", "LAD24NM": "Elmbridge", "LAD24NMW": " ", "BNG_E": 511883, "BNG_N": 163655, "LONG": -0.3944, "LAT": 51.361, "GlobalID": "8d18137c-348d-495d-978f-3907d543bc45", "LAD24CD_1": "E07000207", "LAD24NM_1": "Elmbridge", "RUC21CD": "UUN", "RUC21NM": "Urban: Majority nearer to a major town or city", "Urban_rura": "Urban", "Shape_Leng": 43268.248548600001, "Shape__Area": 95459366.812171936, "Shape__Length": 43268.248548587399 }, "geometry": { "type": "Polygon", "coordinates": [ [ [ -0.317697879461912, 51.393667079332403 ], [ -0.307365443633207, 51.378383545088603 ], [ -0.330510146371957, 51.348419435144699 ], [ -0.330655551869037, 51.329009638114002 ], [ -0.360348989693545, 51.311784027638403 ], [ -0.396936407987768, 51.312771584345597 ], [ -0.394673936787088, 51.297970581461001 ], [ -0.405326341630148, 51.294892362414501 ], [ -0.409537745543495, 51.303143750960302 ], [ -0.43996088237951, 51.304657211392502 ], [ -0.445698682468252, 51.324141136012003 ], [ -0.437162905522467, 51.327446596297698 ], [ -0.462343997790484, 51.3299602975436 ], [ -0.46365364983465, 51.340615748495502 ], [ -0.481185717452966, 51.349383633547298 ], [ -0.466971498106567, 51.356575319197503 ], [ -0.475477748721481, 51.364088824605901 ], [ -0.457990747179475, 51.380566960106599 ], [ -0.442599666489796, 51.389821717551897 ], [ -0.432213276047323, 51.383990124076703 ], [ -0.409579415403137, 51.404657016537001 ], [ -0.383350026681253, 51.408538295089201 ], [ -0.359139332144209, 51.411903160417303 ], [ -0.327817849624804, 51.3918371417138 ], [ -0.317697879461912, 51.393667079332403 ] ] ] } },
{ "type": "Feature", "properties": { "FID": 194, "LAD24CD": "E07000208", "LAD24NM": "Epsom and Ewell", "LAD24NMW": " ", "BNG_E": 521176, "BNG_N": 161476, "LONG": -0.26172, "LAT": 51.3395, "GlobalID": "aca4cdfa-80c2-4119-a8e2-e431f767b424", "LAD24CD_1": "E07000208", "LAD24NM_1": "Epsom and Ewell", "RUC21CD": "UUN", "RUC21NM": "Urban: Majority nearer to a major town or city", "Urban_rura": "Urban", "Shape_Leng": 26097.890235899999, "Shape__Area": 34989438.020858765, "Shape__Length": 26097.890235889674 }, "geometry": { "type": "Polygon", "coordinates": [ [ [ -0.220841625332819, 51.3298019706872 ], [ -0.242932303912426, 51.321285500438798 ], [ -0.247068628919528, 51.297994985047602 ], [ -0.264399318689037, 51.299545298187802 ], [ -0.272234355213241, 51.292330347943 ], [ -0.30618917299884, 51.335075564703899 ], [ -0.288469327282705, 51.362127887138698 ], [ -0.260996427671818, 51.379593950965202 ], [ -0.245027866580531, 51.3800591554688 ], [ -0.245382434157475, 51.366889294327898 ], [ -0.222736428311044, 51.357086072360403 ], [ -0.217264425534208, 51.343387090802203 ], [ -0.229822682346971, 51.336522804565497 ], [ -0.220841625332819, 51.3298019706872 ] ] ] } },
{ "type": "Feature", "properties": { "FID": 195, "LAD24CD": "E07000209", "LAD24NM": "Guildford", "LAD24NMW": " ", "BNG_E": 500408, "BNG_N": 151481, "LONG": -0.56257, "LAT": 51.2537, "GlobalID": "818a5984-e33c-4ada-80bd-4d8f82c70a7b", "LAD24CD_1": "E07000209", "LAD24NM_1": "Guildford", "RUC21CD": "UUN", "RUC21NM": "Urban: Majority nearer to a major town or city", "Urban_rura": "Urban", "Shape_Leng": 104278.658321, "Shape__Area": 271982932.27594757, "Shape__Length": 104278.6583210415 }, "geometry": { "type": "Polygon", "coordinates": [ [ [ -0.394673936787088, 51.297970581461001 ], [ -0.387124037906654, 51.264876182759998 ], [ -0.396963682669025, 51.237888676106301 ], [ -0.434648247892369, 51.239905841590499 ], [ -0.425676136085806, 51.230323340055797 ], [ -0.438436754321913, 51.209679496331198 ], [ -0.409878126861738, 51.192699513399702 ], [ -0.408446880586885, 51.175687545503997 ], [ -0.418568646347191, 51.173293611284002 ], [ -0.443905881368202, 51.183553938423302 ], [ -0.457074965999099, 51.174886171761102 ], [ -0.505342574276898, 51.183602691365301 ], [ -0.505650492347259, 51.204964559138098 ], [ -0.532445111045568, 51.213448226791499 ], [ -0.55555854676358, 51.199258431946397 ], [ -0.57378899893572, 51.198316632480498 ], [ -0.577337681886423, 51.1881117114796 ], [ -0.593708701795467, 51.191336434944901 ], [ -0.584928316717834, 51.198476748298802 ], [ -0.592525053002494, 51.202902277149803 ], [ -0.614114278544194, 51.208054157804199 ], [ -0.634478709718005, 51.202108789062599 ], [ -0.631127227903381, 51.184074101073598 ], [ -0.648119784721682, 51.1758370136818 ], [ -0.663407226571203, 51.200246202034002 ], [ -0.688402367528846, 51.188653170832701 ], [ -0.70656060909044, 51.202710652290101 ], [ -0.731757685171569, 51.196921852218502 ], [ -0.748335859129155, 51.210717868638099 ], [ -0.745540379663864, 51.230456389212698 ], [ -0.729325694545441, 51.256111918990698 ], [ -0.731069933388112, 51.280346989034101 ], [ -0.703638544243205, 51.2841633761659 ], [ -0.687504413468527, 51.313813476896598 ], [ -0.646806837272302, 51.311885829894102 ], [ -0.647890639256157, 51.304355060557697 ], [ -0.618172659721204, 51.282709856693998 ], [ -0.60085183638255, 51.286077063747101 ], [ -0.544369609523115, 51.265503565355203 ], [ -0.534168073985833, 51.273708781744901 ], [ -0.549190828578912, 51.284660471036901 ], [ -0.540218522840788, 51.301037357972803 ], [ -0.529776862616357, 51.297571201141402 ], [ -0.51029827103137, 51.3131208347924 ], [ -0.500847942727971, 51.306564175350502 ], [ -0.475466591165513, 51.316360608171699 ], [ -0.48895888826278, 51.329898203750801 ], [ -0.462343997790484, 51.3299602975436 ], [ -0.437162905522467, 51.327446596297698 ], [ -0.445698682468252, 51.324141136012003 ], [ -0.43996088237951, 51.304657211392502 ], [ -0.409537745543495, 51.303143750960302 ], [ -0.405326341630148, 51.294892362414501 ], [ -0.394673936787088, 51.297970581461001 ] ] ] } },
{ "type": "Feature", "properties": { "FID": 196, "LAD24CD": "E07000210", "LAD24NM": "Mole Valley", "LAD24NMW": " ", "BNG_E": 518377, "BNG_N": 148953, "LONG": -0.30603, "LAT": 51.2275, "GlobalID": "2984a85d-1f1c-47c8-8332-c97e4eadf4d5", "LAD24CD_1": "E07000210", "LAD24NM_1": "Mole Valley", "RUC21CD": "UIN", "RUC21NM": "Intermediate urban: Majority nearer to a major town or city", "Urban_rura": "Urban", "Shape_Leng": 84135.720165899998, "Shape__Area": 256017716.96178436, "Shape__Length": 84135.720165860839 }, "geometry": { "type": "Polygon", "coordinates": [ [ [ -0.272234355213241, 51.292330347943 ], [ -0.265744188633882, 51.261387070525402 ], [ -0.225973989575801, 51.253809014810301 ], [ -0.250771624637732, 51.227108568806898 ], [ -0.235405936664735, 51.222345423253302 ], [ -0.225097867349617, 51.212310967795901 ], [ -0.234758467871148, 51.206085956097802 ], [ -0.21282050222531, 51.193319060929497 ], [ -0.242906064412439, 51.189472316731099 ], [ -0.243085189974928, 51.182797623268698 ], [ -0.209701098276684, 51.172309274505103 ], [ -0.18981943629061, 51.181413931769903 ], [ -0.17670622529243, 51.166849971732098 ], [ -0.212142089174476, 51.155454885559301 ], [ -0.214235175126048, 51.148463309648498 ], [ -0.255184519970304, 51.144190836075701 ], [ -0.254625028845736, 51.139099443056203 ], [ -0.300346786136933, 51.124735695914502 ], [ -0.391524793518279, 51.1165107854723 ], [ -0.419197682354686, 51.105190618319199 ], [ -0.418568646347191, 51.173293611284002 ], [ -0.408446880586885, 51.175687545503997 ], [ -0.409878126861738, 51.192699513399702 ], [ -0.438436754321913, 51.209679496331198 ], [ -0.425676136085806, 51.230323340055797 ], [ -0.434648247892369, 51.239905841590499 ], [ -0.396963682669025, 51.237888676106301 ], [ -0.387124037906654, 51.264876182759998 ], [ -0.394673936787088, 51.297970581461001 ], [ -0.396936407987768, 51.312771584345597 ], [ -0.360348989693545, 51.311784027638403 ], [ -0.330655551869037, 51.329009638114002 ], [ -0.30618917299884, 51.335075564703899 ], [ -0.272234355213241, 51.292330347943 ] ] ] } },
{ "type": "Feature", "properties": { "FID": 197, "LAD24CD": "E07000211", "LAD24NM": "Reigate and Banstead", "LAD24NMW": " ", "BNG_E": 525786, "BNG_N": 152574, "LONG": -0.19871, "LAT": 51.2585, "GlobalID": "ddf4426e-25e8-4d5e-9bed-f2c3d870609e", "LAD24CD_1": "E07000211", "LAD24NM_1": "Reigate and Banstead", "RUC21CD": "UUN", "RUC21NM": "Urban: Majority nearer to a major town or city", "Urban_rura": "Urban", "Shape_Leng": 61552.242737400004, "Shape__Area": 129034427.75817871, "Shape__Length": 61552.242737369728 }, "geometry": { "type": "Polygon", "coordinates": [ [ [ -0.156523624561657, 51.321485286251999 ], [ -0.155317700345265, 51.301274393746603 ], [ -0.137245888383678, 51.300763842138998 ], [ -0.124301850029936, 51.286790403161099 ], [ -0.126801913009311, 51.261736645902403 ], [ -0.145662531474983, 51.2513461835171 ], [ -0.155050143299386, 51.230708511443098 ], [ -0.145592687131481, 51.210727781026499 ], [ -0.135853604848161, 51.212046904201102 ], [ -0.143508138023478, 51.186534622818399 ], [ -0.127719191942197, 51.165040340594402 ], [ -0.140462480803131, 51.160047318194202 ], [ -0.17670622529243, 51.166849971732098 ], [ -0.18981943629061, 51.181413931769903 ], [ -0.209701098276684, 51.172309274505103 ], [ -0.243085189974928, 51.182797623268698 ], [ -0.242906064412439, 51.189472316731099 ], [ -0.21282050222531, 51.193319060929497 ], [ -0.234758467871148, 51.206085956097802 ], [ -0.225097867349617, 51.212310967795901 ], [ -0.235405936664735, 51.222345423253302 ], [ -0.250771624637732, 51.227108568806898 ], [ -0.225973989575801, 51.253809014810301 ], [ -0.265744188633882, 51.261387070525402 ], [ -0.272234355213241, 51.292330347943 ], [ -0.264399318689037, 51.299545298187802 ], [ -0.247068628919528, 51.297994985047602 ], [ -0.242932303912426, 51.321285500438798 ], [ -0.220841625332819, 51.3298019706872 ], [ -0.197319340394251, 51.343595159866702 ], [ -0.156523624561657, 51.321485286251999 ] ] ] } },
{ "type": "Feature", "properties": { "FID": 198, "LAD24CD": "E07000212", "LAD24NM": "Runnymede", "LAD24NMW": " ", "BNG_E": 501777, "BNG_N": 166980, "LONG": -0.53855, "LAT": 51.3927, "GlobalID": "a374de57-19bc-404e-9ebc-330ad558ba70", "LAD24CD_1": "E07000212", "LAD24NM_1": "Runnymede", "RUC21CD": "UUN", "RUC21NM": "Urban: Majority nearer to a major town or city", "Urban_rura": "Urban", "Shape_Leng": 37970.176819, "Shape__Area": 79363929.051002502, "Shape__Length": 37970.176818988453 }, "geometry": { "type": "Polygon", "coordinates": [ [ [ -0.522777872600698, 51.435303708297297 ], [ -0.510422063512093, 51.429645305092997 ], [ -0.512428223777769, 51.4172208099749 ], [ -0.493203011998266, 51.411887263229701 ], [ -0.485249628577854, 51.387181266315103 ], [ -0.47711285196372, 51.390317630134803 ], [ -0.457990747179475, 51.380566960106599 ], [ -0.475477748721481, 51.364088824605901 ], [ -0.466971498106567, 51.356575319197503 ], [ -0.481185717452966, 51.349383633547298 ], [ -0.515625226017991, 51.338857998564599 ], [ -0.548549357282802, 51.348020896169203 ], [ -0.555233930841177, 51.361935732230101 ], [ -0.569714011493099, 51.360325716261499 ], [ -0.574018233101861, 51.370838122964102 ], [ -0.618495201013367, 51.392388252515701 ], [ -0.594015154893955, 51.441675246664097 ], [ -0.571675217761157, 51.451007630816903 ], [ -0.522777872600698, 51.435303708297297 ] ] ] } },
{ "type": "Feature", "properties": { "FID": 199, "LAD24CD": "E07000213", "LAD24NM": "Spelthorne", "LAD24NMW": " ", "BNG_E": 507012, "BNG_N": 169622, "LONG": -0.46254, "LAT": 51.4155, "GlobalID": "efad9251-572c-4250-b832-c6eb695fd1bf", "LAD24CD_1": "E07000213", "LAD24NM_1": "Spelthorne", "RUC21CD": "UUN", "RUC21NM": "Urban: Majority nearer to a major town or city", "Urban_rura": "Urban", "Shape_Leng": 34304.884463199996, "Shape__Area": 51885054.241226196, "Shape__Length": 34304.884463231581 }, "geometry": { "type": "Polygon", "coordinates": [ [ [ -0.509807321692741, 51.469207263698998 ], [ -0.458723754309907, 51.456341740020797 ], [ -0.45646755928571, 51.438106679685902 ], [ -0.39131707100993, 51.422315411876703 ], [ -0.383350026681253, 51.408538295089201 ], [ -0.409579415403137, 51.404657016537001 ], [ -0.432213276047323, 51.383990124076703 ], [ -0.442599666489796, 51.389821717551897 ], [ -0.457990747179475, 51.380566960106599 ], [ -0.47711285196372, 51.390317630134803 ], [ -0.485249628577854, 51.387181266315103 ], [ -0.493203011998266, 51.411887263229701 ], [ -0.512428223777769, 51.4172208099749 ], [ -0.510422063512093, 51.429645305092997 ], [ -0.522777872600698, 51.435303708297297 ], [ -0.54061316396913, 51.457852126659198 ], [ -0.524358681535487, 51.471528483123002 ], [ -0.509807321692741, 51.469207263698998 ] ] ] } },
{ "type": "Feature", "properties": { "FID": 200, "LAD24CD": "E07000214", "LAD24NM": "Surrey Heath", "LAD24NMW": " ", "BNG_E": 491364, "BNG_N": 160485, "LONG": -0.68983, "LAT": 51.3361, "GlobalID": "d387534c-83a1-48a8-aeaf-00ef063fb5af", "LAD24CD_1": "E07000214", "LAD24NM_1": "Surrey Heath", "RUC21CD": "UUN", "RUC21NM": "Urban: Majority nearer to a major town or city", "Urban_rura": "Urban", "Shape_Leng": 46465.489937500002, "Shape__Area": 97010526.60874176, "Shape__Length": 46465.489937474929 }, "geometry": { "type": "Polygon", "coordinates": [ [ [ -0.548549357282802, 51.348020896169203 ], [ -0.576889334583661, 51.336309753771097 ], [ -0.625951969309794, 51.334782272174998 ], [ -0.62350625912094, 51.319906018821698 ], [ -0.646806837272302, 51.311885829894102 ], [ -0.687504413468527, 51.313813476896598 ], [ -0.703638544243205, 51.2841633761659 ], [ -0.731069933388112, 51.280346989034101 ], [ -0.744167106040696, 51.3092949280881 ], [ -0.76290312001552, 51.318730528734498 ], [ -0.775466206963731, 51.3319589023235 ], [ -0.735335360826244, 51.365009582350503 ], [ -0.667634283855982, 51.384571344693398 ], [ -0.616344267326498, 51.3835395914641 ], [ -0.618495201013367, 51.392388252515701 ], [ -0.574018233101861, 51.370838122964102 ], [ -0.569714011493099, 51.360325716261499 ], [ -0.555233930841177, 51.361935732230101 ], [ -0.548549357282802, 51.348020896169203 ] ] ] } },
{ "type": "Feature", "properties": { "FID": 201, "LAD24CD": "E07000215", "LAD24NM": "Tandridge", "LAD24NMW": " ", "BNG_E": 536362, "BNG_N": 150328, "LONG": -0.04809, "LAT": 51.2358, "GlobalID": "0794aace-9c0d-495c-84fb-2d02f69278ba", "LAD24CD_1": "E07000215", "LAD24NM_1": "Tandridge", "RUC21CD": "UIN", "RUC21NM": "Intermediate urban: Majority nearer to a major town or city", "Urban_rura": "Urban", "Shape_Leng": 69717.8553388, "Shape__Area": 247472347.15700531, "Shape__Length": 69717.855338810768 }, "geometry": { "type": "Polygon", "coordinates": [ [ [ 0.002255311924003, 51.329134834114399 ], [ 0.015009378467909, 51.291786069142603 ], [ 0.032909417932232, 51.307520910580202 ], [ 0.042396497430127, 51.292673046721397 ], [ 0.058242830201613, 51.247778325801399 ], [ 0.033598951563527, 51.214337971837502 ], [ 0.052600364034076, 51.180624017499802 ], [ 0.050016528693635, 51.142650015855999 ], [ 0.027360061034493, 51.139847992055898 ], [ -0.137571778320172, 51.142159609586798 ], [ -0.132959635268358, 51.158883731155903 ], [ -0.140462480803131, 51.160047318194202 ], [ -0.127719191942197, 51.165040340594402 ], [ -0.143508138023478, 51.186534622818399 ], [ -0.135853604848161, 51.212046904201102 ], [ -0.145592687131481, 51.210727781026499 ], [ -0.155050143299386, 51.230708511443098 ], [ -0.145662531474983, 51.2513461835171 ], [ -0.126801913009311, 51.261736645902403 ], [ -0.124301850029936, 51.286790403161099 ], [ -0.09122374186729, 51.301475229057303 ], [ -0.07891302057719, 51.319769938729799 ], [ -0.051307224761096, 51.322452276556497 ], [ -0.03792008544979, 51.338724743293199 ], [ 0.002255311924003, 51.329134834114399 ] ] ] } },
{ "type": "Feature", "properties": { "FID": 202, "LAD24CD": "E07000216", "LAD24NM": "Waverley", "LAD24NMW": " ", "BNG_E": 496363, "BNG_N": 140635, "LONG": -0.62343, "LAT": 51.1569, "GlobalID": "cc7a19de-d055-44f9-9beb-925b0d11068e", "LAD24CD_1": "E07000216", "LAD24NM_1": "Waverley", "RUC21CD": "UUN", "RUC21NM": "Urban: Majority nearer to a major town or city", "Urban_rura": "Urban", "Shape_Leng": 102509.833015, "Shape__Area": 342205210.83785248, "Shape__Length": 102509.83301513715 }, "geometry": { "type": "Polygon", "coordinates": [ [ [ -0.759334275945299, 51.103258671010202 ], [ -0.749272690128818, 51.103245905715902 ], [ -0.74549512326378, 51.112204338144402 ], [ -0.769446670622899, 51.1172584317369 ], [ -0.794395940028727, 51.149759086914301 ], [ -0.805239980602741, 51.155391333090002 ], [ -0.834182386405469, 51.147600596622802 ], [ -0.825443293261202, 51.181356505057799 ], [ -0.84892972737272, 51.210732727430802 ], [ -0.804749572959298, 51.245064746677102 ], [ -0.801740042684925, 51.2390387624338 ], [ -0.776028768067277, 51.241957301811503 ], [ -0.745540379663864, 51.230456389212698 ], [ -0.748335859129155, 51.210717868638099 ], [ -0.731757685171569, 51.196921852218502 ], [ -0.70656060909044, 51.202710652290101 ], [ -0.688402367528846, 51.188653170832701 ], [ -0.663407226571203, 51.200246202034002 ], [ -0.648119784721682, 51.1758370136818 ], [ -0.631127227903381, 51.184074101073598 ], [ -0.634478709718005, 51.202108789062599 ], [ -0.614114278544194, 51.208054157804199 ], [ -0.592525053002494, 51.202902277149803 ], [ -0.584928316717834, 51.198476748298802 ], [ -0.593708701795467, 51.191336434944901 ], [ -0.577337681886423, 51.1881117114796 ], [ -0.57378899893572, 51.198316632480498 ], [ -0.55555854676358, 51.199258431946397 ], [ -0.532445111045568, 51.213448226791499 ], [ -0.505650492347259, 51.204964559138098 ], [ -0.505342574276898, 51.183602691365301 ], [ -0.457074965999099, 51.174886171761102 ], [ -0.443905881368202, 51.183553938423302 ], [ -0.418568646347191, 51.173293611284002 ], [ -0.419197682354686, 51.105190618319199 ], [ -0.492109150908277, 51.094442697917003 ], [ -0.505377191977252, 51.088262037946897 ], [ -0.53497929663322, 51.093578921413503 ], [ -0.539181493590813, 51.0820280439358 ], [ -0.577592603888771, 51.086653765802801 ], [ -0.597423052094753, 51.079677088015899 ], [ -0.629370733100882, 51.088992694245697 ], [ -0.696752296390414, 51.071491685816497 ], [ -0.753474893729619, 51.086453501147197 ], [ -0.759334275945299, 51.103258671010202 ] ] ] } },
{ "type": "Feature", "properties": { "FID": 203, "LAD24CD": "E07000217", "LAD24NM": "Woking", "LAD24NMW": " ", "BNG_E": 499088, "BNG_N": 157544, "LONG": -0.57981, "LAT": 51.3084, "GlobalID": "a69e9b6b-7db3-40bc-bb9e-a11538c12bd4", "LAD24CD_1": "E07000217", "LAD24NM_1": "Woking", "RUC21CD": "UUN", "RUC21NM": "Urban: Majority nearer to a major town or city", "Urban_rura": "Urban", "Shape_Leng": 41476.810004799998, "Shape__Area": 61728436.270393372, "Shape__Length": 41476.810004790161 }, "geometry": { "type": "Polygon", "coordinates": [ [ [ -0.462343997790484, 51.3299602975436 ], [ -0.48895888826278, 51.329898203750801 ], [ -0.475466591165513, 51.316360608171699 ], [ -0.500847942727971, 51.306564175350502 ], [ -0.51029827103137, 51.3131208347924 ], [ -0.529776862616357, 51.297571201141402 ], [ -0.540218522840788, 51.301037357972803 ], [ -0.549190828578912, 51.284660471036901 ], [ -0.534168073985833, 51.273708781744901 ], [ -0.544369609523115, 51.265503565355203 ], [ -0.60085183638255, 51.286077063747101 ], [ -0.618172659721204, 51.282709856693998 ], [ -0.647890639256157, 51.304355060557697 ], [ -0.646806837272302, 51.311885829894102 ], [ -0.62350625912094, 51.319906018821698 ], [ -0.625951969309794, 51.334782272174998 ], [ -0.576889334583661, 51.336309753771097 ], [ -0.548549357282802, 51.348020896169203 ], [ -0.515625226017991, 51.338857998564599 ], [ -0.481185717452966, 51.349383633547298 ], [ -0.46365364983465, 51.340615748495502 ], [ -0.462343997790484, 51.3299602975436 ] ] ] } },
{ "type": "Feature", "properties": { "FID": 204, "LAD24CD": "E07000218", "LAD24NM": "North Warwickshire", "LAD24NMW": " ", "BNG_E": 425570, "BNG_N": 296402, "LONG": -1.6242, "LAT": 52.5649, "GlobalID": "b358be94-b312-4621-9737-b0b1779dbc25", "LAD24CD_1": "E07000218", "LAD24NM_1": "North Warwickshire", "RUC21CD": "RMN", "RUC21NM": "Majority rural: Majority nearer to a major town or city", "Urban_rura": "Rural", "Shape_Leng": 96458.951853799997, "Shape__Area": 285119091.12918854, "Shape__Length": 96458.951853833336 }, "geometry": { "type": "Polygon", "coordinates": [ [ [ -1.55177141577137, 52.667455105551802 ], [ -1.54451698666015, 52.644607875519299 ], [ -1.57135417978669, 52.635271629020501 ], [ -1.55445233721977, 52.614762083586498 ], [ -1.56069803676403, 52.596119327439297 ], [ -1.5271552279268, 52.582737830765197 ], [ -1.52268732942375, 52.5704270757305 ], [ -1.45999402369308, 52.5515899264079 ], [ -1.4866528408289, 52.540389043012901 ], [ -1.55604697104199, 52.531831566253203 ], [ -1.55334104492257, 52.513396797700103 ], [ -1.5143918805361, 52.482988113746003 ], [ -1.51482261244222, 52.476266784923197 ], [ -1.54517522173032, 52.472656083565198 ], [ -1.5303566547521, 52.470414687220597 ], [ -1.53993880020312, 52.464802478078603 ], [ -1.56119166726618, 52.455222568536499 ], [ -1.58986310702649, 52.461912108179099 ], [ -1.59548725924308, 52.4559197581506 ], [ -1.62445220517117, 52.463538670904903 ], [ -1.64159005921899, 52.4432713590923 ], [ -1.66228667335888, 52.444299323513498 ], [ -1.66658594082774, 52.435471565602903 ], [ -1.67715419118533, 52.436356626342402 ], [ -1.75351881384396, 52.5129615055519 ], [ -1.753810175173, 52.521213161517302 ], [ -1.72887793344338, 52.524562766713601 ], [ -1.74908599922833, 52.531422363380003 ], [ -1.7559982648358, 52.555382494865 ], [ -1.7742300480517, 52.564627779779599 ], [ -1.76360629686474, 52.570910548866202 ], [ -1.78800228267072, 52.587897862166201 ], [ -1.74228792519075, 52.594318928282 ], [ -1.72926113227933, 52.587951341406999 ], [ -1.70031606847152, 52.590884557689201 ], [ -1.66563959036358, 52.592252232102901 ], [ -1.64377721430859, 52.603354731477602 ], [ -1.64253819335292, 52.640957950067502 ], [ -1.63298182844691, 52.643482308514898 ], [ -1.64498724275303, 52.657485023001399 ], [ -1.5896451852037, 52.687260807269297 ], [ -1.55177141577137, 52.667455105551802 ] ] ] } },
{ "type": "Feature", "properties": { "FID": 205, "LAD24CD": "E07000219", "LAD24NM": "Nuneaton and Bedworth", "LAD24NMW": " ", "BNG_E": 435420, "BNG_N": 289352, "LONG": -1.47964, "LAT": 52.5009, "GlobalID": "061b62ba-9bb7-4b84-ab86-a5fef7ab95aa", "LAD24CD_1": "E07000219", "LAD24NM_1": "Nuneaton and Bedworth", "RUC21CD": "UUN", "RUC21NM": "Urban: Majority nearer to a major town or city", "Urban_rura": "Urban", "Shape_Leng": 40995.268293599998, "Shape__Area": 77930872.124977112, "Shape__Length": 40995.268293565307 }, "geometry": { "type": "Polygon", "coordinates": [ [ [ -1.41734425186395, 52.534455306150903 ], [ -1.42886842891357, 52.516190659593299 ], [ -1.40546220185868, 52.513134025293098 ], [ -1.40502759218658, 52.4763771314257 ], [ -1.4104105897706, 52.4665662880669 ], [ -1.43762247762905, 52.468047067447699 ], [ -1.45905317416489, 52.455158032827399 ], [ -1.49198638009856, 52.458602180232099 ], [ -1.5050136515019, 52.450068065446999 ], [ -1.53993880020312, 52.464802478078603 ], [ -1.5303566547521, 52.470414687220597 ], [ -1.54517522173032, 52.472656083565198 ], [ -1.51482261244222, 52.476266784923197 ], [ -1.5143918805361, 52.482988113746003 ], [ -1.55334104492257, 52.513396797700103 ], [ -1.55604697104199, 52.531831566253203 ], [ -1.4866528408289, 52.540389043012901 ], [ -1.45999402369308, 52.5515899264079 ], [ -1.41734425186395, 52.534455306150903 ] ] ] } },
{ "type": "Feature", "properties": { "FID": 206, "LAD24CD": "E07000220", "LAD24NM": "Rugby", "LAD24NMW": " ", "BNG_E": 446498, "BNG_N": 276244, "LONG": -1.31828, "LAT": 52.3823, "GlobalID": "b4fb6e7e-1dc8-43c6-8c2a-f7099e6134bc", "LAD24CD_1": "E07000220", "LAD24NM_1": "Rugby", "RUC21CD": "UIN", "RUC21NM": "Intermediate urban: Majority nearer to a major town or city", "Urban_rura": "Urban", "Shape_Leng": 96992.372970600001, "Shape__Area": 349018277.50804138, "Shape__Length": 96992.372970553915 }, "geometry": { "type": "Polygon", "coordinates": [ [ [ -1.32512125577365, 52.501054483666103 ], [ -1.30594754120562, 52.493395279649803 ], [ -1.20163348439696, 52.396734407422102 ], [ -1.17497303441117, 52.356289807046302 ], [ -1.23379041110916, 52.346413656250199 ], [ -1.26535489040084, 52.328360682027501 ], [ -1.20923383158981, 52.315204078762001 ], [ -1.23378294833003, 52.290328105931501 ], [ -1.21564683212275, 52.266390689292002 ], [ -1.23299880379763, 52.253258849041501 ], [ -1.25950460389575, 52.256449063005803 ], [ -1.2878031010097, 52.273625736237101 ], [ -1.30901531727689, 52.257473465528598 ], [ -1.38915222664198, 52.300857318356499 ], [ -1.41940775930447, 52.303753583453101 ], [ -1.40697777089693, 52.319175936970403 ], [ -1.43597554528106, 52.328416557582798 ], [ -1.44364269087787, 52.345535678148899 ], [ -1.45619918213479, 52.346777233864302 ], [ -1.44805105842048, 52.353677439146701 ], [ -1.46491357144704, 52.358077527615002 ], [ -1.46401360334253, 52.373267167340003 ], [ -1.43141290559778, 52.396803028147801 ], [ -1.43794722338479, 52.410364734538497 ], [ -1.4239324884753, 52.4329788205686 ], [ -1.45905317416489, 52.455158032827399 ], [ -1.43762247762905, 52.468047067447699 ], [ -1.4104105897706, 52.4665662880669 ], [ -1.40502759218658, 52.4763771314257 ], [ -1.40546220185868, 52.513134025293098 ], [ -1.42886842891357, 52.516190659593299 ], [ -1.41734425186395, 52.534455306150903 ], [ -1.32512125577365, 52.501054483666103 ] ] ] } },
{ "type": "Feature", "properties": { "FID": 207, "LAD24CD": "E07000221", "LAD24NM": "Stratford-on-Avon", "LAD24NMW": " ", "BNG_E": 425019, "BNG_N": 251537, "LONG": -1.63565, "LAT": 52.1615, "GlobalID": "7e7610a2-4af3-4124-83c7-2541e5edb48f", "LAD24CD_1": "E07000221", "LAD24NM_1": "Stratford-on-Avon", "RUC21CD": "RMN", "RUC21NM": "Majority rural: Majority nearer to a major town or city", "Urban_rura": "Rural", "Shape_Leng": 217892.13667800001, "Shape__Area": 979094797.85561371, "Shape__Length": 217892.13667830819 }, "geometry": { "type": "Polygon", "coordinates": [ [ [ -1.77579036258067, 52.347965250888301 ], [ -1.761664701543, 52.3080059522132 ], [ -1.73382796139365, 52.293516163516799 ], [ -1.72376370304022, 52.298460202334702 ], [ -1.68548978256889, 52.2828013122489 ], [ -1.66763551696361, 52.285498155704303 ], [ -1.67648193066395, 52.269754363601201 ], [ -1.66920877546059, 52.257999980359102 ], [ -1.64592941480125, 52.258270603442099 ], [ -1.62131666435731, 52.2444928264838 ], [ -1.62485635721154, 52.238418402321599 ], [ -1.60695470568235, 52.237889563435402 ], [ -1.62589620622849, 52.2262849693292 ], [ -1.62122663120606, 52.213806665656001 ], [ -1.60202262113713, 52.225256679021101 ], [ -1.57439755959193, 52.216195956358398 ], [ -1.56005907187419, 52.231646513334098 ], [ -1.52819878677112, 52.225150367495203 ], [ -1.51399613701677, 52.241834930681499 ], [ -1.49998586170342, 52.2375889184408 ], [ -1.47765734075494, 52.261740508941998 ], [ -1.43521535835732, 52.272788072792999 ], [ -1.44847237671869, 52.2940722915762 ], [ -1.42473382485698, 52.294282912494701 ], [ -1.41940775930447, 52.303753583453101 ], [ -1.38915222664198, 52.300857318356499 ], [ -1.30901531727689, 52.257473465528598 ], [ -1.2878031010097, 52.273625736237101 ], [ -1.25950460389575, 52.256449063005803 ], [ -1.23299880379763, 52.253258849041501 ], [ -1.26685236231198, 52.235248638232598 ], [ -1.28472976783494, 52.238442015866703 ], [ -1.25498199738882, 52.197831070182502 ], [ -1.31313453207951, 52.190467629378098 ], [ -1.3318971346503, 52.168485055283497 ], [ -1.34870798028103, 52.135132198515201 ], [ -1.36614709694777, 52.136075237501203 ], [ -1.39330253064253, 52.118962904025899 ], [ -1.37084214071868, 52.117534182577501 ], [ -1.35776965526573, 52.101310423649998 ], [ -1.38539981246728, 52.094145572154801 ], [ -1.42585527139589, 52.1182494959058 ], [ -1.45345845225059, 52.113008816231101 ], [ -1.44718785165916, 52.097625032041996 ], [ -1.47730164801721, 52.101350944055298 ], [ -1.48780444309778, 52.093957432128001 ], [ -1.52282569381325, 51.996843322343402 ], [ -1.55722360987893, 51.991657664746299 ], [ -1.54954673594339, 51.9808463142775 ], [ -1.56353907898642, 51.977040369573899 ], [ -1.60030155963125, 51.976941555321702 ], [ -1.5916338243768, 51.970449970529202 ], [ -1.61234247849955, 51.955403416263003 ], [ -1.66575430454863, 51.987488821071501 ], [ -1.66575091348295, 51.997404783333302 ], [ -1.61751874276147, 52.033395937485501 ], [ -1.62446030247049, 52.038953263556799 ], [ -1.66382433788403, 52.031266654642202 ], [ -1.69398075504565, 52.039527897987099 ], [ -1.6886364810542, 52.051833203727099 ], [ -1.70505254003613, 52.059633607760098 ], [ -1.70169911871026, 52.0728344030857 ], [ -1.71311213593006, 52.066552939376798 ], [ -1.73065604717972, 52.073291353753802 ], [ -1.72856052811281, 52.100120304639397 ], [ -1.74590621082171, 52.092829820133097 ], [ -1.7676920738422, 52.1125783274844 ], [ -1.75739824866764, 52.1159444089065 ], [ -1.7910043132328, 52.120193559274497 ], [ -1.78554803075531, 52.132058606161401 ], [ -1.80843385608566, 52.139875570382102 ], [ -1.82321733193223, 52.136382321179902 ], [ -1.82334774779545, 52.145925077119301 ], [ -1.8396721464105, 52.152713684271397 ], [ -1.85418798079449, 52.1385209134843 ], [ -1.86692724441238, 52.153007966749399 ], [ -1.88977183547481, 52.156213133144199 ], [ -1.89422974637425, 52.148251475354698 ], [ -1.88511820710407, 52.146853140752299 ], [ -1.90347301013314, 52.133450943572299 ], [ -1.92185203017987, 52.152954474506998 ], [ -1.9443024167711, 52.155333151857903 ], [ -1.93548275837819, 52.169557084478797 ], [ -1.96040736772155, 52.168671730400199 ], [ -1.94164148445488, 52.177406343152597 ], [ -1.9355841682889, 52.204119408070298 ], [ -1.91746463165546, 52.218183810102197 ], [ -1.93461083149063, 52.252017863746303 ], [ -1.93740252329974, 52.276126616676201 ], [ -1.91597681390647, 52.2750342200763 ], [ -1.88650728396435, 52.286707901304098 ], [ -1.88095344910368, 52.310871482143597 ], [ -1.86860056655918, 52.314578258896198 ], [ -1.86487657654697, 52.333106991092301 ], [ -1.88897350255566, 52.361093143044798 ], [ -1.87202017377615, 52.367609005230896 ], [ -1.80780141734951, 52.366608001761797 ], [ -1.77579036258067, 52.347965250888301 ] ] ] } },
{ "type": "Feature", "properties": { "FID": 208, "LAD24CD": "E07000222", "LAD24NM": "Warwick", "LAD24NMW": " ", "BNG_E": 428484, "BNG_N": 267113, "LONG": -1.58369, "LAT": 52.3014, "GlobalID": "2157db7f-1cc9-4d91-b006-7deb556ef11f", "LAD24CD_1": "E07000222", "LAD24NM_1": "Warwick", "RUC21CD": "UUN", "RUC21NM": "Urban: Majority nearer to a major town or city", "Urban_rura": "Urban", "Shape_Leng": 91456.340553799993, "Shape__Area": 282964566.08922577, "Shape__Length": 91456.340553844784 }, "geometry": { "type": "Polygon", "coordinates": [ [ [ -1.46401360334253, 52.373267167340003 ], [ -1.46491357144704, 52.358077527615002 ], [ -1.44805105842048, 52.353677439146701 ], [ -1.45619918213479, 52.346777233864302 ], [ -1.44364269087787, 52.345535678148899 ], [ -1.43597554528106, 52.328416557582798 ], [ -1.40697777089693, 52.319175936970403 ], [ -1.41940775930447, 52.303753583453101 ], [ -1.42473382485698, 52.294282912494701 ], [ -1.44847237671869, 52.2940722915762 ], [ -1.43521535835732, 52.272788072792999 ], [ -1.47765734075494, 52.261740508941998 ], [ -1.49998586170342, 52.2375889184408 ], [ -1.51399613701677, 52.241834930681499 ], [ -1.52819878677112, 52.225150367495203 ], [ -1.56005907187419, 52.231646513334098 ], [ -1.57439755959193, 52.216195956358398 ], [ -1.60202262113713, 52.225256679021101 ], [ -1.62122663120606, 52.213806665656001 ], [ -1.62589620622849, 52.2262849693292 ], [ -1.60695470568235, 52.237889563435402 ], [ -1.62485635721154, 52.238418402321599 ], [ -1.62131666435731, 52.2444928264838 ], [ -1.64592941480125, 52.258270603442099 ], [ -1.66920877546059, 52.257999980359102 ], [ -1.67648193066395, 52.269754363601201 ], [ -1.66763551696361, 52.285498155704303 ], [ -1.68548978256889, 52.2828013122489 ], [ -1.72376370304022, 52.298460202334702 ], [ -1.73382796139365, 52.293516163516799 ], [ -1.761664701543, 52.3080059522132 ], [ -1.77579036258067, 52.347965250888301 ], [ -1.77961371235848, 52.364276186013399 ], [ -1.7459260666355, 52.354876976482799 ], [ -1.73523358502696, 52.3700624092209 ], [ -1.72047128876548, 52.372568223494397 ], [ -1.7185353656547, 52.355817852513802 ], [ -1.69388500073929, 52.351013356302197 ], [ -1.68433734679143, 52.363146270469599 ], [ -1.66088809306568, 52.365670105668201 ], [ -1.64841803963759, 52.3567433955876 ], [ -1.62250698532454, 52.366164430422003 ], [ -1.60106738247379, 52.389299484647303 ], [ -1.56760688746162, 52.384688923020498 ], [ -1.5524124217106, 52.363892074103802 ], [ -1.52465132517521, 52.379400900062898 ], [ -1.51393967013815, 52.369019865505599 ], [ -1.50449893765669, 52.377807146940299 ], [ -1.46401360334253, 52.373267167340003 ] ] ] } },
{ "type": "Feature", "properties": { "FID": 209, "LAD24CD": "E07000223", "LAD24NM": "Adur", "LAD24NMW": " ", "BNG_E": 518076, "BNG_N": 106472, "LONG": -0.32417, "LAT": 50.8457, "GlobalID": "3da69cae-66a9-40d3-b83e-76a4f7807db7", "LAD24CD_1": "E07000223", "LAD24NM_1": "Adur", "RUC21CD": "UUN", "RUC21NM": "Urban: Majority nearer to a major town or city", "Urban_rura": "Urban", "Shape_Leng": 30980.117890900001, "Shape__Area": 40952066.094306946, "Shape__Length": 30980.11789085473 }, "geometry": { "type": "Polygon", "coordinates": [ [ [ -0.244970867103618, 50.863808903471501 ], [ -0.216816880754834, 50.827640680624 ], [ -0.251484625122936, 50.830155325579398 ], [ -0.249062950852583, 50.826329100405601 ], [ -0.266789186264082, 50.826022385115301 ], [ -0.277874274131206, 50.826751884954398 ], [ -0.297658192308241, 50.823385738788801 ], [ -0.332640257876154, 50.817424218231402 ], [ -0.333122576827798, 50.817357768683301 ], [ -0.355465206030984, 50.827096183180203 ], [ -0.367453204005458, 50.860531802173902 ], [ -0.364597872567908, 50.874525773528902 ], [ -0.340900799159014, 50.862623369132699 ], [ -0.256579131963737, 50.862335266396201 ], [ -0.255303084256952, 50.871551452501997 ], [ -0.244970867103618, 50.863808903471501 ] ] ] } },
{ "type": "Feature", "properties": { "FID": 210, "LAD24CD": "E07000224", "LAD24NM": "Arun", "LAD24NMW": " ", "BNG_E": 495144, "BNG_N": 105723, "LONG": -0.64999, "LAT": 50.8432, "GlobalID": "5ae8bfd6-9568-49f4-aabf-528b4d429710", "LAD24CD_1": "E07000224", "LAD24NM_1": "Arun", "RUC21CD": "UUN", "RUC21NM": "Urban: Majority nearer to a major town or city", "Urban_rura": "Urban", "Shape_Leng": 96786.307105600004, "Shape__Area": 224136565.34525299, "Shape__Length": 96786.307105632804 }, "geometry": { "type": "Polygon", "coordinates": [ [ [ -0.553103369727624, 50.901517062091699 ], [ -0.542964813476796, 50.891216209217099 ], [ -0.561114294398945, 50.887821690397097 ], [ -0.548874388887642, 50.880089002750402 ], [ -0.538178804166781, 50.886222860723798 ], [ -0.524791780450509, 50.882984219415597 ], [ -0.499918002526275, 50.899882789236798 ], [ -0.493116801617838, 50.885263173133197 ], [ -0.482977703454624, 50.899115715067403 ], [ -0.476586541875026, 50.885047848672798 ], [ -0.464939256035887, 50.883987814658099 ], [ -0.451502334771634, 50.8954674960465 ], [ -0.440083310489553, 50.877571789282598 ], [ -0.43035388904012, 50.892981455458298 ], [ -0.411683990466897, 50.886517842306901 ], [ -0.413160900377152, 50.879588047308602 ], [ -0.392697262002647, 50.893305380255001 ], [ -0.380064174941901, 50.885593449106402 ], [ -0.363896226067984, 50.888479673619997 ], [ -0.364597872567908, 50.874525773528902 ], [ -0.367453204005458, 50.860531802173902 ], [ -0.381582934820488, 50.863168445909899 ], [ -0.409280310594487, 50.852263589355204 ], [ -0.422793813030102, 50.860234939269702 ], [ -0.422299655454207, 50.840677107937502 ], [ -0.446007008879058, 50.839854205328301 ], [ -0.435659657168127, 50.803181471426903 ], [ -0.43596262264656, 50.803139438099201 ], [ -0.54199157629365, 50.800248137713297 ], [ -0.556048379890773, 50.798256737197399 ], [ -0.56830383143927, 50.798036393351303 ], [ -0.626707250357185, 50.788218472721802 ], [ -0.702167962459985, 50.7774462756161 ], [ -0.712752888465019, 50.773693009126397 ], [ -0.725697018037194, 50.7715014852038 ], [ -0.734145310976277, 50.766102842502796 ], [ -0.752365849560478, 50.759633134408901 ], [ -0.753148355615919, 50.760515539992802 ], [ -0.753129376394285, 50.760541547371503 ], [ -0.751951988057479, 50.761347884484202 ], [ -0.751270418466542, 50.7618146401026 ], [ -0.751036777812399, 50.7619746395467 ], [ -0.750833410433162, 50.762113813540402 ], [ -0.75059676127844, 50.762261891146899 ], [ -0.750430868455708, 50.7626052899424 ], [ -0.763040781697462, 50.772870929113502 ], [ -0.76376005798871, 50.7724782103382 ], [ -0.764797055835808, 50.773646862691599 ], [ -0.749831943663349, 50.781506481313102 ], [ -0.755091993383259, 50.7906853967365 ], [ -0.734760035409668, 50.7936625856481 ], [ -0.73474122055306, 50.809442813119198 ], [ -0.719106654148629, 50.805247833390098 ], [ -0.689896912275325, 50.812815059697101 ], [ -0.692031311286889, 50.849659520986201 ], [ -0.681124757559029, 50.863285473821001 ], [ -0.650345247333325, 50.866944651114302 ], [ -0.654944510369044, 50.905678756716497 ], [ -0.649201647600831, 50.900011547622903 ], [ -0.617385108843538, 50.905562049362999 ], [ -0.553103369727624, 50.901517062091699 ] ] ] } },
{ "type": "Feature", "properties": { "FID": 211, "LAD24CD": "E07000225", "LAD24NM": "Chichester", "LAD24NMW": " ", "BNG_E": 490285, "BNG_N": 116600, "LONG": -0.7163, "LAT": 50.9418, "GlobalID": "83ff6edb-60d5-4233-bf1e-cbaca05733b2", "LAD24CD_1": "E07000225", "LAD24NM_1": "Chichester", "RUC21CD": "RMN", "RUC21NM": "Majority rural: Majority nearer to a major town or city", "Urban_rura": "Rural", "Shape_Leng": 182910.92391400001, "Shape__Area": 788067543.69613266, "Shape__Length": 182910.92391385374 }, "geometry": { "type": "MultiPolygon", "coordinates": [ [ [ [ -0.752365849560478, 50.759633134408901 ], [ -0.754291415196677, 50.758949139332998 ], [ -0.753148355615919, 50.760515539992802 ], [ -0.752365849560478, 50.759633134408901 ] ] ], [ [ [ -0.492109150908277, 51.094442697917003 ], [ -0.478352212835099, 51.066467946391001 ], [ -0.484127197017171, 51.056811004288299 ], [ -0.475638537554662, 51.056377865683203 ], [ -0.483927399071397, 51.040991518055499 ], [ -0.473194275922599, 51.033850003870199 ], [ -0.475855112121638, 51.020957290258004 ], [ -0.486220867919728, 51.010106080259398 ], [ -0.510680386474117, 51.007817672345297 ], [ -0.517645475452731, 50.998553502134101 ], [ -0.507268466407569, 50.990530056065602 ], [ -0.524857296093485, 50.987038438273302 ], [ -0.533749334088352, 50.950244901233297 ], [ -0.549606040797453, 50.9539506205424 ], [ -0.56857200907236, 50.942602540409801 ], [ -0.556066484192898, 50.923477141287897 ], [ -0.536969271661823, 50.916753657599997 ], [ -0.551488910780269, 50.913216754843802 ], [ -0.553103369727624, 50.901517062091699 ], [ -0.617385108843538, 50.905562049362999 ], [ -0.649201647600831, 50.900011547622903 ], [ -0.654944510369044, 50.905678756716497 ], [ -0.650345247333325, 50.866944651114302 ], [ -0.681124757559029, 50.863285473821001 ], [ -0.692031311286889, 50.849659520986201 ], [ -0.689896912275325, 50.812815059697101 ], [ -0.719106654148629, 50.805247833390098 ], [ -0.73474122055306, 50.809442813119198 ], [ -0.734760035409668, 50.7936625856481 ], [ -0.755091993383259, 50.7906853967365 ], [ -0.749831943663349, 50.781506481313102 ], [ -0.764797055835808, 50.773646862691599 ], [ -0.76376005798871, 50.7724782103382 ], [ -0.786848656450131, 50.759866071388998 ], [ -0.771840431792818, 50.763521390370499 ], [ -0.761753841792852, 50.751183018799701 ], [ -0.751058516372841, 50.757260439792397 ], [ -0.749958943416849, 50.756687780396 ], [ -0.784670288599043, 50.726313839158301 ], [ -0.789161836237019, 50.722484337100497 ], [ -0.818662984750182, 50.7388339014976 ], [ -0.823543745033973, 50.743762825558598 ], [ -0.844100719296166, 50.751314322158102 ], [ -0.859551324439, 50.759731901769499 ], [ -0.880782180943605, 50.764773480887001 ], [ -0.906838787259976, 50.774322190796198 ], [ -0.915316978373429, 50.7806790118225 ], [ -0.915352734007593, 50.788991792419402 ], [ -0.908045255728969, 50.787035209071902 ], [ -0.912139572391311, 50.783456645025801 ], [ -0.910882460757788, 50.781290703304798 ], [ -0.90515740849759, 50.782080135663897 ], [ -0.892011563610659, 50.7942914460425 ], [ -0.877512152475506, 50.807750603043203 ], [ -0.86602958180041, 50.804803799499901 ], [ -0.844578742256673, 50.799294313177498 ], [ -0.825463625323449, 50.804397026175401 ], [ -0.807741037020906, 50.830526031971203 ], [ -0.813787100751054, 50.833935955308696 ], [ -0.819760476620158, 50.816859644698603 ], [ -0.842721720413136, 50.804633631637103 ], [ -0.865834567667977, 50.812857956993 ], [ -0.868758523708859, 50.813897842595999 ], [ -0.865752433800064, 50.816250755620402 ], [ -0.85118778589647, 50.827646279117303 ], [ -0.861226095342326, 50.8280079949458 ], [ -0.858412877092022, 50.839677481440503 ], [ -0.865179586107666, 50.839907294655397 ], [ -0.869928957490676, 50.840068329984 ], [ -0.865479969607855, 50.827504636403397 ], [ -0.865361933609206, 50.827171212200703 ], [ -0.865492379148921, 50.826992142571903 ], [ -0.876799820556532, 50.811464199295997 ], [ -0.892171590313472, 50.818431007308 ], [ -0.894036903561919, 50.838090473653203 ], [ -0.913081274840014, 50.839952004201201 ], [ -0.907917519215049, 50.798530429224002 ], [ -0.942626670545669, 50.815380752547 ], [ -0.932477907919786, 50.846049437229297 ], [ -0.934485538895187, 50.8458652554229 ], [ -0.926450186989275, 50.864091719804399 ], [ -0.938656962420833, 50.873714551368003 ], [ -0.957585094925949, 50.890606991341599 ], [ -0.940245276386778, 50.9180541120271 ], [ -0.924013258512923, 50.924199038235898 ], [ -0.942110087824929, 50.942894085191497 ], [ -0.931847105710517, 50.945580428393797 ], [ -0.907864084059223, 50.994241113528901 ], [ -0.893346615712615, 51.002742984694002 ], [ -0.896993034200906, 51.022010117356899 ], [ -0.852810677861577, 51.044843319151902 ], [ -0.842847950683525, 51.066886807164003 ], [ -0.79778120448179, 51.063546121665198 ], [ -0.780801795334142, 51.079351942274698 ], [ -0.753474893729619, 51.086453501147197 ], [ -0.696752296390414, 51.071491685816497 ], [ -0.629370733100882, 51.088992694245697 ], [ -0.597423052094753, 51.079677088015899 ], [ -0.577592603888771, 51.086653765802801 ], [ -0.539181493590813, 51.0820280439358 ], [ -0.53497929663322, 51.093578921413503 ], [ -0.505377191977252, 51.088262037946897 ], [ -0.492109150908277, 51.094442697917003 ] ] ] ] } },
{ "type": "Feature", "properties": { "FID": 212, "LAD24CD": "E07000226", "LAD24NM": "Crawley", "LAD24NMW": " ", "BNG_E": 526390, "BNG_N": 137581, "LONG": -0.19533, "LAT": 51.1236, "GlobalID": "be205699-bdb7-4518-ba78-c8f26ee0d6d7", "LAD24CD_1": "E07000226", "LAD24NM_1": "Crawley", "RUC21CD": "UUN", "RUC21NM": "Urban: Majority nearer to a major town or city", "Urban_rura": "Urban", "Shape_Leng": 33575.857973300001, "Shape__Area": 45829144.577796936, "Shape__Length": 33575.857973299935 }, "geometry": { "type": "Polygon", "coordinates": [ [ [ -0.140462480803131, 51.160047318194202 ], [ -0.132959635268358, 51.158883731155903 ], [ -0.137571778320172, 51.142159609586798 ], [ -0.145185443413673, 51.102641282124999 ], [ -0.173845222306386, 51.089322458109102 ], [ -0.212074998918325, 51.086613485626202 ], [ -0.219371621174042, 51.099565554978703 ], [ -0.232521955647978, 51.097377736643701 ], [ -0.236873003807449, 51.109476946891398 ], [ -0.200274263901966, 51.139092465330101 ], [ -0.254625028845736, 51.139099443056203 ], [ -0.255184519970304, 51.144190836075701 ], [ -0.214235175126048, 51.148463309648498 ], [ -0.212142089174476, 51.155454885559301 ], [ -0.17670622529243, 51.166849971732098 ], [ -0.140462480803131, 51.160047318194202 ] ] ] } },
{ "type": "Feature", "properties": { "FID": 213, "LAD24CD": "E07000227", "LAD24NM": "Horsham", "LAD24NMW": " ", "BNG_E": 513674, "BNG_N": 123840, "LONG": -0.38126, "LAT": 51.0027, "GlobalID": "acdd5b2e-6c91-427a-b4db-3fa135b06712", "LAD24CD_1": "E07000227", "LAD24NM_1": "Horsham", "RUC21CD": "RMN", "RUC21NM": "Majority rural: Majority nearer to a major town or city", "Urban_rura": "Rural", "Shape_Leng": 128320.144864, "Shape__Area": 530148077.62333679, "Shape__Length": 128320.14486388408 }, "geometry": { "type": "Polygon", "coordinates": [ [ [ -0.212074998918325, 51.086613485626202 ], [ -0.211841715023835, 51.064482964343497 ], [ -0.222753793447392, 51.0601645974617 ], [ -0.226757883310084, 51.041568232660701 ], [ -0.2191588962465, 51.037921930131503 ], [ -0.24693749454031, 51.033507205938001 ], [ -0.249081348544969, 51.024947349797699 ], [ -0.236638554380843, 51.021018028656101 ], [ -0.245296732216148, 51.012331666164201 ], [ -0.232015221809748, 51.010847277104297 ], [ -0.240869656719023, 50.9527154339549 ], [ -0.224759521957669, 50.948448182755698 ], [ -0.231962650535538, 50.935790657870598 ], [ -0.223741457396218, 50.911776456753202 ], [ -0.244154461994183, 50.907363449712697 ], [ -0.248659770651226, 50.873070777858302 ], [ -0.239238286310074, 50.8678855958754 ], [ -0.244970867103618, 50.863808903471501 ], [ -0.255303084256952, 50.871551452501997 ], [ -0.256579131963737, 50.862335266396201 ], [ -0.340900799159014, 50.862623369132699 ], [ -0.364597872567908, 50.874525773528902 ], [ -0.363896226067984, 50.888479673619997 ], [ -0.380064174941901, 50.885593449106402 ], [ -0.392697262002647, 50.893305380255001 ], [ -0.413160900377152, 50.879588047308602 ], [ -0.411683990466897, 50.886517842306901 ], [ -0.43035388904012, 50.892981455458298 ], [ -0.440083310489553, 50.877571789282598 ], [ -0.451502334771634, 50.8954674960465 ], [ -0.464939256035887, 50.883987814658099 ], [ -0.476586541875026, 50.885047848672798 ], [ -0.482977703454624, 50.899115715067403 ], [ -0.493116801617838, 50.885263173133197 ], [ -0.499918002526275, 50.899882789236798 ], [ -0.524791780450509, 50.882984219415597 ], [ -0.538178804166781, 50.886222860723798 ], [ -0.548874388887642, 50.880089002750402 ], [ -0.561114294398945, 50.887821690397097 ], [ -0.542964813476796, 50.891216209217099 ], [ -0.553103369727624, 50.901517062091699 ], [ -0.551488910780269, 50.913216754843802 ], [ -0.536969271661823, 50.916753657599997 ], [ -0.556066484192898, 50.923477141287897 ], [ -0.56857200907236, 50.942602540409801 ], [ -0.549606040797453, 50.9539506205424 ], [ -0.533749334088352, 50.950244901233297 ], [ -0.524857296093485, 50.987038438273302 ], [ -0.507268466407569, 50.990530056065602 ], [ -0.517645475452731, 50.998553502134101 ], [ -0.510680386474117, 51.007817672345297 ], [ -0.486220867919728, 51.010106080259398 ], [ -0.475855112121638, 51.020957290258004 ], [ -0.473194275922599, 51.033850003870199 ], [ -0.483927399071397, 51.040991518055499 ], [ -0.475638537554662, 51.056377865683203 ], [ -0.484127197017171, 51.056811004288299 ], [ -0.478352212835099, 51.066467946391001 ], [ -0.492109150908277, 51.094442697917003 ], [ -0.419197682354686, 51.105190618319199 ], [ -0.391524793518279, 51.1165107854723 ], [ -0.300346786136933, 51.124735695914502 ], [ -0.254625028845736, 51.139099443056203 ], [ -0.200274263901966, 51.139092465330101 ], [ -0.236873003807449, 51.109476946891398 ], [ -0.232521955647978, 51.097377736643701 ], [ -0.219371621174042, 51.099565554978703 ], [ -0.212074998918325, 51.086613485626202 ] ] ] } },
{ "type": "Feature", "properties": { "FID": 214, "LAD24CD": "E07000228", "LAD24NM": "Mid Sussex", "LAD24NMW": " ", "BNG_E": 533052, "BNG_N": 130624, "LONG": -0.10275, "LAT": 51.0595, "GlobalID": "48408ae9-c889-4ead-901f-75c9d24e2a11", "LAD24CD_1": "E07000228", "LAD24NM_1": "Mid Sussex", "RUC21CD": "UUN", "RUC21NM": "Urban: Majority nearer to a major town or city", "Urban_rura": "Urban", "Shape_Leng": 109151.391422, "Shape__Area": 336665240.94132996, "Shape__Length": 109151.39142180629 }, "geometry": { "type": "Polygon", "coordinates": [ [ [ -0.016350499098253, 51.002496384828902 ], [ -0.024604259008753, 50.980025173302401 ], [ -0.061591841092256, 50.9784204152431 ], [ -0.073619417733181, 50.991675262505701 ], [ -0.115147503567339, 50.976116683306799 ], [ -0.104207686196339, 50.946468122463401 ], [ -0.119788174827145, 50.942285117754103 ], [ -0.135004643104498, 50.886650495681103 ], [ -0.168124071976243, 50.880769500623501 ], [ -0.168577549008713, 50.8923794438684 ], [ -0.182416849918432, 50.888271046641101 ], [ -0.18773445855603, 50.868570469073397 ], [ -0.226719329968901, 50.878180637750603 ], [ -0.239238286310074, 50.8678855958754 ], [ -0.248659770651226, 50.873070777858302 ], [ -0.244154461994183, 50.907363449712697 ], [ -0.223741457396218, 50.911776456753202 ], [ -0.231962650535538, 50.935790657870598 ], [ -0.224759521957669, 50.948448182755698 ], [ -0.240869656719023, 50.9527154339549 ], [ -0.232015221809748, 51.010847277104297 ], [ -0.245296732216148, 51.012331666164201 ], [ -0.236638554380843, 51.021018028656101 ], [ -0.249081348544969, 51.024947349797699 ], [ -0.24693749454031, 51.033507205938001 ], [ -0.2191588962465, 51.037921930131503 ], [ -0.226757883310084, 51.041568232660701 ], [ -0.222753793447392, 51.0601645974617 ], [ -0.211841715023835, 51.064482964343497 ], [ -0.212074998918325, 51.086613485626202 ], [ -0.173845222306386, 51.089322458109102 ], [ -0.145185443413673, 51.102641282124999 ], [ -0.137571778320172, 51.142159609586798 ], [ 0.027360061034493, 51.139847992055898 ], [ 0.028147261774582, 51.1177116859783 ], [ 0.044509404578856, 51.1106132994909 ], [ 0.018560909048079, 51.103592001552897 ], [ 0.009505046216635, 51.110391955584099 ], [ 0.010543406178556, 51.1021625577146 ], [ -0.036213376436162, 51.093429522511101 ], [ -0.026852099218016, 51.075112870382902 ], [ -0.013256608824852, 51.073967101992402 ], [ -0.008548157404384, 51.056457987102597 ], [ 0.01374064147303, 51.056996360063202 ], [ -0.003001727690095, 51.0475643226305 ], [ -0.001565492340491, 51.035754986871503 ], [ -0.021874708171749, 51.026503353916503 ], [ -0.016350499098253, 51.002496384828902 ] ] ] } },
{ "type": "Feature", "properties": { "FID": 215, "LAD24CD": "E07000229", "LAD24NM": "Worthing", "LAD24NMW": " ", "BNG_E": 512679, "BNG_N": 104948, "LONG": -0.40127, "LAT": 50.8331, "GlobalID": "0c00e1c5-7f91-4bc7-9961-e1612f4cd14f", "LAD24CD_1": "E07000229", "LAD24NM_1": "Worthing", "RUC21CD": "UUN", "RUC21NM": "Urban: Majority nearer to a major town or city", "Urban_rura": "Urban", "Shape_Leng": 25743.984788599999, "Shape__Area": 30611923.584537506, "Shape__Length": 25743.984788591664 }, "geometry": { "type": "Polygon", "coordinates": [ [ [ -0.367453204005458, 50.860531802173902 ], [ -0.355465206030984, 50.827096183180203 ], [ -0.333122576827798, 50.817357768683301 ], [ -0.435659657168127, 50.803181471426903 ], [ -0.446007008879058, 50.839854205328301 ], [ -0.422299655454207, 50.840677107937502 ], [ -0.422793813030102, 50.860234939269702 ], [ -0.409280310594487, 50.852263589355204 ], [ -0.381582934820488, 50.863168445909899 ], [ -0.367453204005458, 50.860531802173902 ] ] ] } },
{ "type": "Feature", "properties": { "FID": 216, "LAD24CD": "E07000234", "LAD24NM": "Bromsgrove", "LAD24NMW": " ", "BNG_E": 399840, "BNG_N": 273736, "LONG": -2.00376, "LAT": 52.3617, "GlobalID": "20e70f84-9a97-4d99-9755-90d60984d7f2", "LAD24CD_1": "E07000234", "LAD24NM_1": "Bromsgrove", "RUC21CD": "UIN", "RUC21NM": "Intermediate urban: Majority nearer to a major town or city", "Urban_rura": "Urban", "Shape_Leng": 90581.974549499995, "Shape__Area": 218034280.98538971, "Shape__Length": 90581.974549456572 }, "geometry": { "type": "Polygon", "coordinates": [ [ [ -2.01699028095924, 52.432682930084901 ], [ -1.98603705906246, 52.416726185078304 ], [ -2.03364061279039, 52.4023279266382 ], [ -1.99854807012587, 52.381123123159803 ], [ -1.95361379620871, 52.393370650846101 ], [ -1.93431470610424, 52.387236378657001 ], [ -1.91367502449958, 52.407464303254201 ], [ -1.8826972850066, 52.399812964025699 ], [ -1.86876745689888, 52.404711906543596 ], [ -1.84549830963187, 52.399782214477398 ], [ -1.87202017377615, 52.367609005230896 ], [ -1.88897350255566, 52.361093143044798 ], [ -1.86487657654697, 52.333106991092301 ], [ -1.86860056655918, 52.314578258896198 ], [ -1.88095344910368, 52.310871482143597 ], [ -1.8918685638989, 52.321425546587299 ], [ -1.95501227035362, 52.320961531480698 ], [ -1.98200565046637, 52.308306039605299 ], [ -1.98415107248488, 52.292100456536303 ], [ -2.00201768098981, 52.288139413048199 ], [ -2.00245990914605, 52.279582416205599 ], [ -2.09179103629882, 52.288574088546603 ], [ -2.08516367736649, 52.313499008815398 ], [ -2.12405512062693, 52.314502913134 ], [ -2.11328311687734, 52.337161937503303 ], [ -2.13147114145511, 52.347079655685 ], [ -2.12772660258453, 52.3522378305668 ], [ -2.13716881365242, 52.3499796757729 ], [ -2.11921321829335, 52.357888936873003 ], [ -2.13770103486548, 52.393899113765201 ], [ -2.1262477824948, 52.403303925481701 ], [ -2.13403568819586, 52.410300496777701 ], [ -2.15826380268027, 52.409284271712401 ], [ -2.16770663043039, 52.423780350206698 ], [ -2.16485128257998, 52.430204140401898 ], [ -2.13602683609072, 52.4262682220361 ], [ -2.09856509199697, 52.445283538566699 ], [ -2.08479648698127, 52.432151832806802 ], [ -2.06805186468972, 52.43519509507 ], [ -2.06246734325287, 52.427430652478598 ], [ -2.05578306154507, 52.441305848158301 ], [ -2.03788100010757, 52.441557554193999 ], [ -2.03698776266666, 52.4275457066191 ], [ -2.01699028095924, 52.432682930084901 ] ] ] } },
{ "type": "Feature", "properties": { "FID": 217, "LAD24CD": "E07000235", "LAD24NM": "Malvern Hills", "LAD24NMW": " ", "BNG_E": 377463, "BNG_N": 252198, "LONG": -2.33092, "LAT": 52.1676, "GlobalID": "a5fa4853-8194-46ce-943d-51b1e518f677", "LAD24CD_1": "E07000235", "LAD24NM_1": "Malvern Hills", "RUC21CD": "RMN", "RUC21NM": "Majority rural: Majority nearer to a major town or city", "Urban_rura": "Rural", "Shape_Leng": 187728.79651099999, "Shape__Area": 579797328.00850677, "Shape__Length": 187728.79651072732 }, "geometry": { "type": "Polygon", "coordinates": [ [ [ -2.26641521822817, 52.323605463903498 ], [ -2.27507146974601, 52.272264396435901 ], [ -2.25189368814719, 52.266755675882401 ], [ -2.23183435817177, 52.249905769471603 ], [ -2.24327173325611, 52.221854157127098 ], [ -2.23488596099127, 52.211456630210101 ], [ -2.24877385654015, 52.210749303520402 ], [ -2.26176013203444, 52.181925444527899 ], [ -2.25266488397433, 52.183551906630299 ], [ -2.24724413633124, 52.1696313608875 ], [ -2.22768147658086, 52.163630144067398 ], [ -2.20336936001189, 52.167317553377202 ], [ -2.18957557156556, 52.146019724818899 ], [ -2.16492166656419, 52.142829457505499 ], [ -2.19640565193696, 52.124834850537503 ], [ -2.1487536750849, 52.103251094811398 ], [ -2.15831861512887, 52.084529586968799 ], [ -2.14997816782549, 52.0754256053199 ], [ -2.15812782987296, 52.061226526794002 ], [ -2.17539220015768, 52.058651366326202 ], [ -2.17136924553862, 52.047610534043997 ], [ -2.18067935412919, 52.041728122963598 ], [ -2.17690606521531, 52.022559229099997 ], [ -2.18768330302322, 52.019080156756402 ], [ -2.16463014559703, 51.996143253236497 ], [ -2.1807485360373, 51.999615170405001 ], [ -2.18508403441562, 51.990560977942501 ], [ -2.2206132435217, 51.9954966439335 ], [ -2.25135998124032, 51.966564933300603 ], [ -2.27055558557873, 51.968939080058703 ], [ -2.30043302609069, 51.966775263685697 ], [ -2.31261970069138, 51.976504973660901 ], [ -2.32653883120796, 51.975790945981302 ], [ -2.32470967818414, 52.003567277416401 ], [ -2.35254266829771, 52.013535309370099 ], [ -2.35137852244174, 52.021359028124699 ], [ -2.33796261565779, 52.089884619324998 ], [ -2.35214734429092, 52.103485587856802 ], [ -2.35140196148415, 52.144624133750099 ], [ -2.37938385825026, 52.155055201974299 ], [ -2.41500125501049, 52.145164124874597 ], [ -2.43518169514866, 52.168218893410497 ], [ -2.42207066277723, 52.172347065413398 ], [ -2.4078942095378, 52.2027409573219 ], [ -2.39267869727477, 52.2086147371595 ], [ -2.40392023874367, 52.221481548536303 ], [ -2.38419832847772, 52.225222737465401 ], [ -2.42307129047108, 52.237245287203699 ], [ -2.46497842153313, 52.234383008136597 ], [ -2.47470174108041, 52.241359085981699 ], [ -2.46809895102878, 52.256038010595198 ], [ -2.42799581004903, 52.270609934792503 ], [ -2.45140272258487, 52.285082774055603 ], [ -2.50311281254, 52.277449562337999 ], [ -2.49565385062614, 52.256907832747501 ], [ -2.52589623273457, 52.248167118357998 ], [ -2.53167300470246, 52.253276766081598 ], [ -2.57420551071335, 52.252731384160803 ], [ -2.6289691880592, 52.240372916097797 ], [ -2.62829691741787, 52.261164579593299 ], [ -2.59793122459573, 52.281617712547799 ], [ -2.63988032086721, 52.286311216930599 ], [ -2.66320730775251, 52.303951449074198 ], [ -2.61809524430103, 52.3069466451511 ], [ -2.57467429972343, 52.317618664325899 ], [ -2.56257481693948, 52.311090153372803 ], [ -2.56221899576703, 52.3331082823467 ], [ -2.53914994730822, 52.344139087403597 ], [ -2.51212945833582, 52.337110258606401 ], [ -2.51320477489778, 52.329213911295703 ], [ -2.48179590843371, 52.331077746473802 ], [ -2.48838300008294, 52.355401788254603 ], [ -2.47474855503537, 52.367180495797299 ], [ -2.41469594598204, 52.368248038744099 ], [ -2.42099179302258, 52.3330604701559 ], [ -2.43412840030514, 52.322655998633103 ], [ -2.36986501483757, 52.326810072972897 ], [ -2.36328281500724, 52.314850952003901 ], [ -2.33402321739277, 52.318923768884197 ], [ -2.31093194204397, 52.3405500895039 ], [ -2.29916401578431, 52.322360010004502 ], [ -2.27388986097079, 52.328932139826399 ], [ -2.26641521822817, 52.323605463903498 ] ] ] } },
{ "type": "Feature", "properties": { "FID": 218, "LAD24CD": "E07000236", "LAD24NM": "Redditch", "LAD24NMW": " ", "BNG_E": 403705, "BNG_N": 265253, "LONG": -1.9471, "LAT": 52.2854, "GlobalID": "7f220578-7401-41a9-aa51-6f95f2e04969", "LAD24CD_1": "E07000236", "LAD24NM_1": "Redditch", "RUC21CD": "UUN", "RUC21NM": "Urban: Majority nearer to a major town or city", "Urban_rura": "Urban", "Shape_Leng": 32518.38185, "Shape__Area": 55030614.733306885, "Shape__Length": 32518.38185002864 }, "geometry": { "type": "Polygon", "coordinates": [ [ [ -1.88095344910368, 52.310871482143597 ], [ -1.88650728396435, 52.286707901304098 ], [ -1.91597681390647, 52.2750342200763 ], [ -1.93740252329974, 52.276126616676201 ], [ -1.93461083149063, 52.252017863746303 ], [ -1.96762173999737, 52.237035695997697 ], [ -2.01673935544796, 52.237275100474598 ], [ -2.01552960892091, 52.2700022294391 ], [ -2.00245990914605, 52.279582416205599 ], [ -2.00201768098981, 52.288139413048199 ], [ -1.98415107248488, 52.292100456536303 ], [ -1.98200565046637, 52.308306039605299 ], [ -1.95501227035362, 52.320961531480698 ], [ -1.8918685638989, 52.321425546587299 ], [ -1.88095344910368, 52.310871482143597 ] ] ] } },
{ "type": "Feature", "properties": { "FID": 219, "LAD24CD": "E07000237", "LAD24NM": "Worcester", "LAD24NMW": " ", "BNG_E": 385744, "BNG_N": 255190, "LONG": -2.20997, "LAT": 52.1948, "GlobalID": "146feb37-bd73-473e-8aef-c74d193546f8", "LAD24CD_1": "E07000237", "LAD24NM_1": "Worcester", "RUC21CD": "UUN", "RUC21NM": "Urban: Majority nearer to a major town or city", "Urban_rura": "Urban", "Shape_Leng": 23962.776914499998, "Shape__Area": 34677044.940299988, "Shape__Length": 23962.776914527461 }, "geometry": { "type": "Polygon", "coordinates": [ [ [ -2.20336936001189, 52.167317553377202 ], [ -2.22768147658086, 52.163630144067398 ], [ -2.24724413633124, 52.1696313608875 ], [ -2.25266488397433, 52.183551906630299 ], [ -2.26176013203444, 52.181925444527899 ], [ -2.24877385654015, 52.210749303520402 ], [ -2.23488596099127, 52.211456630210101 ], [ -2.24327173325611, 52.221854157127098 ], [ -2.22157623055719, 52.231405414842698 ], [ -2.15690266791097, 52.2132367860548 ], [ -2.17088194291876, 52.1845740076566 ], [ -2.20336936001189, 52.167317553377202 ] ] ] } },
{ "type": "Feature", "properties": { "FID": 220, "LAD24CD": "E07000238", "LAD24NM": "Wychavon", "LAD24NMW": " ", "BNG_E": 398991, "BNG_N": 247839, "LONG": -2.01614, "LAT": 52.1289, "GlobalID": "29207359-6f9b-4339-a121-c4cc4b31df52", "LAD24CD_1": "E07000238", "LAD24NM_1": "Wychavon", "RUC21CD": "RMN", "RUC21NM": "Majority rural: Majority nearer to a major town or city", "Urban_rura": "Rural", "Shape_Leng": 183961.60743400001, "Shape__Area": 659536629.1552887, "Shape__Length": 183961.60743382646 }, "geometry": { "type": "Polygon", "coordinates": [ [ [ -2.13716881365242, 52.3499796757729 ], [ -2.12772660258453, 52.3522378305668 ], [ -2.13147114145511, 52.347079655685 ], [ -2.11328311687734, 52.337161937503303 ], [ -2.12405512062693, 52.314502913134 ], [ -2.08516367736649, 52.313499008815398 ], [ -2.09179103629882, 52.288574088546603 ], [ -2.00245990914605, 52.279582416205599 ], [ -2.01552960892091, 52.2700022294391 ], [ -2.01673935544796, 52.237275100474598 ], [ -1.96762173999737, 52.237035695997697 ], [ -1.93461083149063, 52.252017863746303 ], [ -1.91746463165546, 52.218183810102197 ], [ -1.9355841682889, 52.204119408070298 ], [ -1.94164148445488, 52.177406343152597 ], [ -1.96040736772155, 52.168671730400199 ], [ -1.93548275837819, 52.169557084478797 ], [ -1.9443024167711, 52.155333151857903 ], [ -1.92185203017987, 52.152954474506998 ], [ -1.90347301013314, 52.133450943572299 ], [ -1.88511820710407, 52.146853140752299 ], [ -1.89422974637425, 52.148251475354698 ], [ -1.88977183547481, 52.156213133144199 ], [ -1.86692724441238, 52.153007966749399 ], [ -1.85418798079449, 52.1385209134843 ], [ -1.8396721464105, 52.152713684271397 ], [ -1.82334774779545, 52.145925077119301 ], [ -1.82321733193223, 52.136382321179902 ], [ -1.80843385608566, 52.139875570382102 ], [ -1.78554803075531, 52.132058606161401 ], [ -1.7910043132328, 52.120193559274497 ], [ -1.75739824866764, 52.1159444089065 ], [ -1.7676920738422, 52.1125783274844 ], [ -1.80228873762243, 52.096941468587701 ], [ -1.81273665650818, 52.078744000556398 ], [ -1.81894341276327, 52.085404114207002 ], [ -1.83175334172358, 52.072769353354197 ], [ -1.84661960637666, 52.079421094748703 ], [ -1.87440607681162, 52.0699909106809 ], [ -1.86344917989937, 52.0534177221476 ], [ -1.8345888140813, 52.043733015803703 ], [ -1.8250228816679, 52.030933412642199 ], [ -1.83905030714283, 52.006783127576803 ], [ -1.91344602070409, 52.044461239700901 ], [ -1.93169767686998, 52.029889272855797 ], [ -1.95137076201915, 52.037699482758597 ], [ -1.98413574037062, 52.035879273509103 ], [ -2.03835621126119, 52.004600622608102 ], [ -2.04951417600198, 52.003796217665702 ], [ -2.06077974233804, 52.014663288412898 ], [ -2.08487319407292, 52.010478583707503 ], [ -2.11219762720392, 52.015344734082397 ], [ -2.14068698320585, 51.9994641958926 ], [ -2.14965530887931, 52.011256167763499 ], [ -2.13939720724878, 52.027891848772299 ], [ -2.11721985481579, 52.033614427082597 ], [ -2.11838638193208, 52.042116756958798 ], [ -2.17136924553862, 52.047610534043997 ], [ -2.17539220015768, 52.058651366326202 ], [ -2.15812782987296, 52.061226526794002 ], [ -2.14997816782549, 52.0754256053199 ], [ -2.15831861512887, 52.084529586968799 ], [ -2.1487536750849, 52.103251094811398 ], [ -2.19640565193696, 52.124834850537503 ], [ -2.16492166656419, 52.142829457505499 ], [ -2.18957557156556, 52.146019724818899 ], [ -2.20336936001189, 52.167317553377202 ], [ -2.17088194291876, 52.1845740076566 ], [ -2.15690266791097, 52.2132367860548 ], [ -2.22157623055719, 52.231405414842698 ], [ -2.24327173325611, 52.221854157127098 ], [ -2.23183435817177, 52.249905769471603 ], [ -2.25189368814719, 52.266755675882401 ], [ -2.27507146974601, 52.272264396435901 ], [ -2.26641521822817, 52.323605463903498 ], [ -2.26036842404838, 52.328306532735198 ], [ -2.27177602792604, 52.332632052600999 ], [ -2.24951375440456, 52.345672174271499 ], [ -2.24568386647502, 52.361036232682103 ], [ -2.21054242839881, 52.355175531942798 ], [ -2.19047261966039, 52.328948715734199 ], [ -2.17099308954971, 52.331752070446299 ], [ -2.17456535990168, 52.316608600517 ], [ -2.13716881365242, 52.3499796757729 ] ] ] } },
{ "type": "Feature", "properties": { "FID": 221, "LAD24CD": "E07000239", "LAD24NM": "Wyre Forest", "LAD24NMW": " ", "BNG_E": 384106, "BNG_N": 276388, "LONG": -2.23494, "LAT": 52.3853, "GlobalID": "a2c22eba-4e9a-40d4-ab42-995d8ab5a853", "LAD24CD_1": "E07000239", "LAD24NM_1": "Wyre Forest", "RUC21CD": "UIN", "RUC21NM": "Intermediate urban: Majority nearer to a major town or city", "Urban_rura": "Urban", "Shape_Leng": 82052.062362099998, "Shape__Area": 196173167.05197144, "Shape__Length": 82052.062362143886 }, "geometry": { "type": "Polygon", "coordinates": [ [ [ -2.16770663043039, 52.423780350206698 ], [ -2.15826380268027, 52.409284271712401 ], [ -2.13403568819586, 52.410300496777701 ], [ -2.1262477824948, 52.403303925481701 ], [ -2.13770103486548, 52.393899113765201 ], [ -2.11921321829335, 52.357888936873003 ], [ -2.13716881365242, 52.3499796757729 ], [ -2.17456535990168, 52.316608600517 ], [ -2.17099308954971, 52.331752070446299 ], [ -2.19047261966039, 52.328948715734199 ], [ -2.21054242839881, 52.355175531942798 ], [ -2.24568386647502, 52.361036232682103 ], [ -2.24951375440456, 52.345672174271499 ], [ -2.27177602792604, 52.332632052600999 ], [ -2.26036842404838, 52.328306532735198 ], [ -2.26641521822817, 52.323605463903498 ], [ -2.27388986097079, 52.328932139826399 ], [ -2.29916401578431, 52.322360010004502 ], [ -2.31093194204397, 52.3405500895039 ], [ -2.33402321739277, 52.318923768884197 ], [ -2.36328281500724, 52.314850952003901 ], [ -2.36986501483757, 52.326810072972897 ], [ -2.43412840030514, 52.322655998633103 ], [ -2.42099179302258, 52.3330604701559 ], [ -2.41469594598204, 52.368248038744099 ], [ -2.41047383637194, 52.387153291197897 ], [ -2.39067324035235, 52.381527854953298 ], [ -2.36735191957292, 52.388063002361399 ], [ -2.33555409893311, 52.385337268779999 ], [ -2.3729571483549, 52.4019338452947 ], [ -2.36352792484789, 52.4394258300714 ], [ -2.31175006207078, 52.437531176504898 ], [ -2.28738237113974, 52.455316927592797 ], [ -2.2949641030381, 52.448947683145299 ], [ -2.26950475053342, 52.438615992767197 ], [ -2.16770663043039, 52.423780350206698 ] ] ] } },
{ "type": "Feature", "properties": { "FID": 222, "LAD24CD": "E07000240", "LAD24NM": "St Albans", "LAD24NMW": " ", "BNG_E": 514580, "BNG_N": 209623, "LONG": -0.3407, "LAT": 51.7736, "GlobalID": "c86e7a81-c037-488f-8ec4-4ce97a037709", "LAD24CD_1": "E07000240", "LAD24NM_1": "St Albans", "RUC21CD": "UUN", "RUC21NM": "Urban: Majority nearer to a major town or city", "Urban_rura": "Urban", "Shape_Leng": 63002.825643299999, "Shape__Area": 158865311.94247437, "Shape__Length": 63002.825643348231 }, "geometry": { "type": "Polygon", "coordinates": [ [ [ -0.273535467705262, 51.835364630726403 ], [ -0.243262914392342, 51.8123839150987 ], [ -0.277542611055781, 51.7977860038377 ], [ -0.275838011015433, 51.7722493524738 ], [ -0.242381078068863, 51.744999865595702 ], [ -0.244427609445123, 51.731891924572302 ], [ -0.255135646164785, 51.729537372921598 ], [ -0.264789594476538, 51.7380187802531 ], [ -0.284303148717834, 51.732998286757201 ], [ -0.286408826490258, 51.7211048868825 ], [ -0.276953744643253, 51.721284823940998 ], [ -0.301975988436678, 51.708066702472699 ], [ -0.300019499947257, 51.696524609431599 ], [ -0.322332181329158, 51.6934796384677 ], [ -0.326857422348942, 51.703483222236102 ], [ -0.354107748949262, 51.698940331003499 ], [ -0.355324915697035, 51.690597608334699 ], [ -0.371998946785494, 51.687590850490103 ], [ -0.375358260285264, 51.692511940023799 ], [ -0.375558052337386, 51.692912123994098 ], [ -0.380774778230299, 51.706989147977303 ], [ -0.404990596258289, 51.712544186643797 ], [ -0.402459615530714, 51.721159186242801 ], [ -0.422080280259691, 51.740836850243497 ], [ -0.422831588696582, 51.765989648215303 ], [ -0.44058423783946, 51.786878359898502 ], [ -0.413368275638838, 51.791185302036702 ], [ -0.411968409336411, 51.800278811778398 ], [ -0.428828917635401, 51.8067647432256 ], [ -0.414111631357665, 51.819085585697799 ], [ -0.416276002704226, 51.835760549747597 ], [ -0.404858806630098, 51.8406074641576 ], [ -0.373362805065754, 51.829229167447998 ], [ -0.363307665681262, 51.842104740504702 ], [ -0.339485894640329, 51.849605550156298 ], [ -0.319397914309365, 51.836654906175902 ], [ -0.273535467705262, 51.835364630726403 ] ] ] } },
{ "type": "Feature", "properties": { "FID": 223, "LAD24CD": "E07000241", "LAD24NM": "Welwyn Hatfield", "LAD24NMW": " ", "BNG_E": 525345, "BNG_N": 208467, "LONG": -0.18518, "LAT": 51.7609, "GlobalID": "fd6a44d6-da19-4e08-8683-500f6487174b", "LAD24CD_1": "E07000241", "LAD24NM_1": "Welwyn Hatfield", "RUC21CD": "UUN", "RUC21NM": "Urban: Majority nearer to a major town or city", "Urban_rura": "Urban", "Shape_Leng": 69326.056518700003, "Shape__Area": 129449584.63014221, "Shape__Length": 69326.056518661833 }, "geometry": { "type": "Polygon", "coordinates": [ [ [ -0.172785294956129, 51.856587787119203 ], [ -0.166760340549324, 51.84417743601 ], [ -0.178527540603468, 51.841185208799999 ], [ -0.168475731892204, 51.830415701748599 ], [ -0.183598135116009, 51.8150659642167 ], [ -0.147972135259737, 51.799020171830001 ], [ -0.166704314006869, 51.792553644119998 ], [ -0.141441458468616, 51.773735597102203 ], [ -0.138407683202453, 51.737275850818499 ], [ -0.101193709181173, 51.745133049385302 ], [ -0.092141320835119, 51.7432085744068 ], [ -0.098653730173009, 51.735946465353003 ], [ -0.114083215832648, 51.720807257367703 ], [ -0.105779139838692, 51.691875644200699 ], [ -0.163493271974568, 51.688115078747799 ], [ -0.163118088645696, 51.699857628378197 ], [ -0.183327090787712, 51.706521536198899 ], [ -0.219914438243376, 51.713723588410801 ], [ -0.23897170067197, 51.706141784983402 ], [ -0.255135646164785, 51.729537372921598 ], [ -0.244427609445123, 51.731891924572302 ], [ -0.242381078068863, 51.744999865595702 ], [ -0.275838011015433, 51.7722493524738 ], [ -0.277542611055781, 51.7977860038377 ], [ -0.243262914392342, 51.8123839150987 ], [ -0.273535467705262, 51.835364630726403 ], [ -0.247790666490696, 51.846229769553297 ], [ -0.241623749541185, 51.835298982610396 ], [ -0.224910367919265, 51.833234058956997 ], [ -0.225757677608164, 51.844544233159397 ], [ -0.212925855615528, 51.851396048283497 ], [ -0.205963250670167, 51.846399482784101 ], [ -0.21457142009006, 51.839602958364701 ], [ -0.198911584833952, 51.844146302725903 ], [ -0.206690252020016, 51.854263255277402 ], [ -0.196832241738783, 51.859380174215403 ], [ -0.172785294956129, 51.856587787119203 ] ] ] } },
{ "type": "Feature", "properties": { "FID": 224, "LAD24CD": "E07000242", "LAD24NM": "East Hertfordshire", "LAD24NMW": " ", "BNG_E": 537995, "BNG_N": 220370, "LONG": 0.002739, "LAT": 51.8648, "GlobalID": "3888fe75-d43d-46e5-aaea-58d12b1111cf", "LAD24CD_1": "E07000242", "LAD24NM_1": "East Hertfordshire", "RUC21CD": "UIN", "RUC21NM": "Intermediate urban: Majority nearer to a major town or city", "Urban_rura": "Urban", "Shape_Leng": 112068.89378899999, "Shape__Area": 477728656.94203949, "Shape__Length": 112068.89378871543 }, "geometry": { "type": "Polygon", "coordinates": [ [ [ 0.069061011450733, 51.984042560871899 ], [ 0.096460611163959, 51.984325968204899 ], [ 0.10701203141805, 51.9718178542864 ], [ 0.124847425135061, 51.923608403080102 ], [ 0.124761446710298, 51.884585530093602 ], [ 0.183853999516835, 51.893501189453097 ], [ 0.174917119939892, 51.882785056539603 ], [ 0.195613946593584, 51.868118307772598 ], [ 0.17046768802496, 51.861622142838499 ], [ 0.166251617449305, 51.822154007682201 ], [ 0.172583035411387, 51.8163043887035 ], [ 0.15830881878831, 51.813516996521201 ], [ 0.146141158428203, 51.796243761562501 ], [ 0.057663540837955, 51.779673927309403 ], [ 0.026799445804781, 51.774179899423203 ], [ 0.014029060708307, 51.764379998875199 ], [ 0.005574140684848, 51.780068941190102 ], [ -0.018133357914099, 51.780518653858699 ], [ -0.021676218358702, 51.773535455375203 ], [ -0.047896060369014, 51.768812947132098 ], [ -0.058309335892035, 51.7347015717665 ], [ -0.098653730173009, 51.735946465353003 ], [ -0.092141320835119, 51.7432085744068 ], [ -0.101193709181173, 51.745133049385302 ], [ -0.138407683202453, 51.737275850818499 ], [ -0.141441458468616, 51.773735597102203 ], [ -0.166704314006869, 51.792553644119998 ], [ -0.147972135259737, 51.799020171830001 ], [ -0.183598135116009, 51.8150659642167 ], [ -0.168475731892204, 51.830415701748599 ], [ -0.178527540603468, 51.841185208799999 ], [ -0.166760340549324, 51.84417743601 ], [ -0.172785294956129, 51.856587787119203 ], [ -0.164494654721495, 51.861833248773102 ], [ -0.173584538635936, 51.875330630125902 ], [ -0.146817430268182, 51.870572352229303 ], [ -0.151295589127441, 51.885392585454703 ], [ -0.161177573086972, 51.884984654205198 ], [ -0.15301947970924, 51.898997787052203 ], [ -0.162181000224759, 51.920340878784103 ], [ -0.145625877233184, 51.9339893313199 ], [ -0.119271299788491, 51.928280448270201 ], [ -0.120164696790194, 51.942188275937497 ], [ -0.110153660169407, 51.9419011569288 ], [ -0.107011864409475, 51.953959447625898 ], [ -0.074656833944219, 51.971164482771897 ], [ -0.065539997620923, 51.956845312803999 ], [ -0.040189789752764, 51.967701337162197 ], [ -0.048201346445384, 51.9794486439122 ], [ -0.030601365874834, 51.983788571885803 ], [ -0.023733803361704, 51.997169662534702 ], [ -0.00303606519827, 51.993445772601198 ], [ 0.002469535713412, 51.983053531337397 ], [ 0.035025800008145, 51.989628994293597 ], [ 0.069061011450733, 51.984042560871899 ] ] ] } },
{ "type": "Feature", "properties": { "FID": 225, "LAD24CD": "E07000243", "LAD24NM": "Stevenage", "LAD24NMW": " ", "BNG_E": 524622, "BNG_N": 224531, "LONG": -0.18987, "LAT": 51.9054, "GlobalID": "c654dccd-512e-4115-84c5-1ab47396fc54", "LAD24CD_1": "E07000243", "LAD24NM_1": "Stevenage", "RUC21CD": "UUN", "RUC21NM": "Urban: Majority nearer to a major town or city", "Urban_rura": "Urban", "Shape_Leng": 22050.214326599998, "Shape__Area": 26824166.081413269, "Shape__Length": 22050.214326559868 }, "geometry": { "type": "Polygon", "coordinates": [ [ [ -0.162181000224759, 51.920340878784103 ], [ -0.15301947970924, 51.898997787052203 ], [ -0.161177573086972, 51.884984654205198 ], [ -0.151295589127441, 51.885392585454703 ], [ -0.146817430268182, 51.870572352229303 ], [ -0.173584538635936, 51.875330630125902 ], [ -0.191903250872438, 51.882923939198498 ], [ -0.204203619966741, 51.880138388480198 ], [ -0.234371697047689, 51.905254726310602 ], [ -0.226570006087454, 51.9301135008877 ], [ -0.184606471302981, 51.932413378303004 ], [ -0.162181000224759, 51.920340878784103 ] ] ] } },
{ "type": "Feature", "properties": { "FID": 226, "LAD24CD": "E07000244", "LAD24NM": "East Suffolk", "LAD24NMW": " ", "BNG_E": 636043, "BNG_N": 266291, "LONG": 1.4562, "LAT": 52.2442, "GlobalID": "8513aca7-415f-4d97-b51b-ec97db6fe321", "LAD24CD_1": "E07000244", "LAD24NM_1": "East Suffolk", "RUC21CD": "RIF", "RUC21NM": "Intermediate rural: Majority further from a major town or city", "Urban_rura": "Rural", "Shape_Leng": 247059.42323300001, "Shape__Area": 1278711108.1070709, "Shape__Length": 247059.42323253429 }, "geometry": { "type": "MultiPolygon", "coordinates": [ [ [ [ 1.17182990830236, 52.020408565805603 ], [ 1.17763424391523, 52.016935285447701 ], [ 1.1698716494473, 52.020389503979402 ], [ 1.17182990830236, 52.020408565805603 ] ] ], [ [ [ 1.70209270732496, 52.544650158540399 ], [ 1.72600396630919, 52.530642209894502 ], [ 1.7402347174938, 52.532086641224602 ], [ 1.74023472888191, 52.532084520789397 ], [ 1.76370560966352, 52.481647441257103 ], [ 1.75658106391255, 52.4719746540598 ], [ 1.75766532955815, 52.476934236328397 ], [ 1.71087221158221, 52.474818315465001 ], [ 1.75623230351346, 52.471486066998601 ], [ 1.73494382850025, 52.449153070319902 ], [ 1.73479340630607, 52.4481109188349 ], [ 1.7334632646916, 52.446770192714503 ], [ 1.73107652301663, 52.422341151285302 ], [ 1.72803252286464, 52.401208719796301 ], [ 1.72157237965892, 52.389909033078197 ], [ 1.7032257199802, 52.359983332615698 ], [ 1.67486807906325, 52.313639078508501 ], [ 1.67241529589841, 52.3140999611662 ], [ 1.66502165760461, 52.307071373611599 ], [ 1.64994250268988, 52.3001686605161 ], [ 1.63451133919849, 52.279039688653199 ], [ 1.63437195603042, 52.277905064748303 ], [ 1.63325056922796, 52.276837057316101 ], [ 1.62311369958214, 52.188537617979797 ], [ 1.62057051955587, 52.182648303923003 ], [ 1.58010666539301, 52.0887202748929 ], [ 1.58004449419748, 52.088575625910899 ], [ 1.57952592308366, 52.087369070719198 ], [ 1.47718855743993, 52.051764983295698 ], [ 1.4998210330151, 52.061642705286701 ], [ 1.53528479558285, 52.077102562967902 ], [ 1.54158227010732, 52.079181648465799 ], [ 1.56223044633846, 52.087655740142303 ], [ 1.56715012310411, 52.0909747555908 ], [ 1.56775551306826, 52.091458774405602 ], [ 1.56122370888403, 52.088396091024201 ], [ 1.5414475558277, 52.0797868156682 ], [ 1.51795666716782, 52.075873678803603 ], [ 1.50366767980915, 52.070688239305298 ], [ 1.50125815600665, 52.070721890223297 ], [ 1.50049962991579, 52.0703207387321 ], [ 1.45111962494624, 52.044179372502903 ], [ 1.46324024674419, 52.048281614918601 ], [ 1.46270034252991, 52.046712342680301 ], [ 1.46249581348158, 52.046640994023001 ], [ 1.43196109254167, 52.0071391551622 ], [ 1.39368175148257, 51.986535160248202 ], [ 1.39534282588652, 51.999390268962202 ], [ 1.36074426553821, 52.006265309795097 ], [ 1.39148056980487, 51.989380375757897 ], [ 1.38931076671214, 51.982388575196801 ], [ 1.38261881276774, 51.9757830275068 ], [ 1.34450301519891, 51.956924623877399 ], [ 1.31992571197437, 51.933118113399601 ], [ 1.31570285532722, 51.951284386896702 ], [ 1.31567989953582, 51.951410515924898 ], [ 1.28443542984623, 51.965285347790399 ], [ 1.28232951679363, 51.969249542143103 ], [ 1.28027544414154, 51.993083852108597 ], [ 1.20458821391354, 52.014334962444401 ], [ 1.20272883734661, 52.014856180172799 ], [ 1.1825420814067, 52.020512258654897 ], [ 1.20947704335699, 52.020768655058298 ], [ 1.22361032387657, 52.029434253114502 ], [ 1.20179540916572, 52.037348305317501 ], [ 1.20645480899155, 52.064018740519501 ], [ 1.18989426782392, 52.080449994168902 ], [ 1.16425793503936, 52.079499773434897 ], [ 1.15783883919243, 52.088751635031102 ], [ 1.17776704064408, 52.120699988541197 ], [ 1.16946895373073, 52.131249678859398 ], [ 1.1914028583232, 52.1399843469488 ], [ 1.21396540228161, 52.166538516399498 ], [ 1.23984272640861, 52.170428739529001 ], [ 1.25417322954768, 52.1881313567471 ], [ 1.25673033002399, 52.198364572583401 ], [ 1.24180865493968, 52.201751037953102 ], [ 1.24736332367671, 52.228674228806298 ], [ 1.28673064742665, 52.240544275099403 ], [ 1.30101765522609, 52.25901624662 ], [ 1.33976743265743, 52.265926186100401 ], [ 1.3412686786876, 52.284448441630197 ], [ 1.32759083059411, 52.298479144627699 ], [ 1.34729559476377, 52.293405015114303 ], [ 1.34443170383238, 52.282089650613301 ], [ 1.35565738472947, 52.274077386085899 ], [ 1.40164540153403, 52.285698109787802 ], [ 1.38414039866127, 52.294105566294498 ], [ 1.38402188782499, 52.310666631233197 ], [ 1.35747614271954, 52.322156547736803 ], [ 1.35740456555122, 52.337274324466598 ], [ 1.4095085144785, 52.363265105588702 ], [ 1.37485702054714, 52.394677374287902 ], [ 1.34711166264909, 52.404386044890501 ], [ 1.3636202260657, 52.427475663981703 ], [ 1.4079297794924, 52.444409790769498 ], [ 1.43267992151891, 52.445363443838197 ], [ 1.43331007688959, 52.4559328510407 ], [ 1.4109792467086, 52.461695421203601 ], [ 1.42030308639006, 52.471069665967903 ], [ 1.44619718853406, 52.456022208240697 ], [ 1.48074305837944, 52.471892397896497 ], [ 1.50802174571599, 52.461752282655397 ], [ 1.52971326201219, 52.468392535840003 ], [ 1.5578231460997, 52.4576964847531 ], [ 1.56802007943695, 52.4746308721868 ], [ 1.58637089754791, 52.478694427688801 ], [ 1.61818294312149, 52.463323296886102 ], [ 1.63454251516346, 52.462954512501398 ], [ 1.64683780290567, 52.472014724881099 ], [ 1.65867963844211, 52.468373743994398 ], [ 1.68236363734103, 52.495306671490503 ], [ 1.67183170307879, 52.5039117540069 ], [ 1.65427974170962, 52.501416648589498 ], [ 1.62860465969977, 52.526024579002303 ], [ 1.6677213928621, 52.550253349891797 ], [ 1.70209270732496, 52.544650158540399 ] ] ] ] } },
{ "type": "Feature", "properties": { "FID": 227, "LAD24CD": "E07000245", "LAD24NM": "West Suffolk", "LAD24NMW": " ", "BNG_E": 580941, "BNG_N": 271121, "LONG": 0.652723, "LAT": 52.3084, "GlobalID": "ce14fc72-b490-400a-b5ea-1b6541d2252f", "LAD24CD_1": "E07000245", "LAD24NM_1": "West Suffolk", "RUC21CD": "RIF", "RUC21NM": "Intermediate rural: Majority further from a major town or city", "Urban_rura": "Rural", "Shape_Leng": 220843.60683599999, "Shape__Area": 1033666351.5637436, "Shape__Length": 220843.60683604085 }, "geometry": { "type": "Polygon", "coordinates": [ [ [ 0.967471013134576, 52.370112787542197 ], [ 0.953153538076917, 52.356033303756497 ], [ 0.957304491183799, 52.3403526499946 ], [ 0.932697456863843, 52.335729650331501 ], [ 0.925707639695695, 52.327361263466102 ], [ 0.931124424011021, 52.312868959682497 ], [ 0.900152148105162, 52.298915693567999 ], [ 0.882935334353623, 52.300136936284801 ], [ 0.887356563307841, 52.2927190995619 ], [ 0.87362503457196, 52.299507740785501 ], [ 0.843083815187571, 52.284917378550503 ], [ 0.856327415806795, 52.268442272582199 ], [ 0.842593533173584, 52.268027345455003 ], [ 0.843865439503035, 52.2598002972533 ], [ 0.825826214074469, 52.266515337712697 ], [ 0.799441153937247, 52.264713324294704 ], [ 0.797580855297455, 52.251229873914902 ], [ 0.827129607743654, 52.238967585458703 ], [ 0.815154767126503, 52.203909939202198 ], [ 0.838129471220416, 52.1953411706425 ], [ 0.836273784434032, 52.182169413579501 ], [ 0.814169470353268, 52.170732599863598 ], [ 0.786919173100123, 52.177894241031197 ], [ 0.768688900604055, 52.174999813550201 ], [ 0.759128521717508, 52.157512848344297 ], [ 0.741992150973894, 52.159330796729201 ], [ 0.738336234404334, 52.169970810372199 ], [ 0.722798767349338, 52.165103899130699 ], [ 0.715964178048222, 52.179280690958102 ], [ 0.698145008443463, 52.181307846303 ], [ 0.691699971569074, 52.157581332376701 ], [ 0.645374242363174, 52.1601772551926 ], [ 0.626894823946383, 52.128991040054402 ], [ 0.656900901436426, 52.085441686172601 ], [ 0.58200345991392, 52.075851663882901 ], [ 0.551421973504044, 52.068802892872803 ], [ 0.542293768916435, 52.057747517523303 ], [ 0.511130139957494, 52.059864061792602 ], [ 0.501678783042324, 52.053852666961497 ], [ 0.466581816156426, 52.078433361392499 ], [ 0.453618425016356, 52.068129059009998 ], [ 0.438278486414546, 52.072332676150502 ], [ 0.404638263575799, 52.065502379522101 ], [ 0.394996785207166, 52.0959681287178 ], [ 0.381803808187178, 52.102701293427401 ], [ 0.389589786598814, 52.1174705808696 ], [ 0.417486382150141, 52.1331624284228 ], [ 0.417276418385201, 52.159306683302098 ], [ 0.435915802809098, 52.159495092911797 ], [ 0.452244935675451, 52.173202021601497 ], [ 0.470731332783535, 52.163259053363902 ], [ 0.491332842084376, 52.165102031409802 ], [ 0.514484042486228, 52.226779407527097 ], [ 0.494890700539826, 52.2392880539741 ], [ 0.481765520426287, 52.232375897521301 ], [ 0.42696480396438, 52.253602767115702 ], [ 0.414517804147287, 52.247861137006502 ], [ 0.421335031399158, 52.239691320103901 ], [ 0.371248919207141, 52.2265901694376 ], [ 0.342684099441605, 52.242343345249502 ], [ 0.360955086815676, 52.249348161890502 ], [ 0.339943777893116, 52.267747853128398 ], [ 0.355241041288966, 52.279336253912597 ], [ 0.358892384018672, 52.2975239008586 ], [ 0.382723057789948, 52.293266250385699 ], [ 0.424198050649824, 52.2558764310225 ], [ 0.498852649660747, 52.2730145394587 ], [ 0.504706342735338, 52.284729985813698 ], [ 0.457617975720841, 52.316250931330899 ], [ 0.431376631558306, 52.315825429636 ], [ 0.424188661743469, 52.3292291294186 ], [ 0.442570138660837, 52.348813439146902 ], [ 0.407617046340143, 52.361573796933399 ], [ 0.374777423612123, 52.409728864379701 ], [ 0.429297962734167, 52.436452583039397 ], [ 0.445437119649996, 52.447374596245801 ], [ 0.5236595331849, 52.448195984542402 ], [ 0.554704781403604, 52.456025187061101 ], [ 0.582501080763578, 52.451861369613503 ], [ 0.641832795782061, 52.450964998267601 ], [ 0.666306671108423, 52.462541646867898 ], [ 0.68397338808772, 52.453164952710999 ], [ 0.718744892541811, 52.449696448483301 ], [ 0.668578773135575, 52.408947504609799 ], [ 0.691051677828472, 52.3974190128353 ], [ 0.737589057243696, 52.395138319908902 ], [ 0.747404613361451, 52.383186552063997 ], [ 0.765966099968042, 52.390357496949498 ], [ 0.808172226111564, 52.3895244610068 ], [ 0.840851015761159, 52.400850054606202 ], [ 0.866872972281114, 52.390345906628298 ], [ 0.93113643554975, 52.388672415043601 ], [ 0.967471013134576, 52.370112787542197 ] ] ] } },
{ "type": "Feature", "properties": { "FID": 228, "LAD24CD": "E08000001", "LAD24NM": "Bolton", "LAD24NMW": " ", "BNG_E": 368352, "BNG_N": 409874, "LONG": -2.47952, "LAT": 53.5845, "GlobalID": "c2a79393-da7a-4d24-a81b-11af4772a4c5", "LAD24CD_1": "E08000001", "LAD24NM_1": "Bolton", "RUC21CD": "UUN", "RUC21NM": "Urban: Majority nearer to a major town or city", "Urban_rura": "Urban", "Shape_Leng": 64710.33404, "Shape__Area": 138687865.01419067, "Shape__Length": 64710.334040012101 }, "geometry": { "type": "Polygon", "coordinates": [ [ [ -2.37912645804028, 53.6308524479524 ], [ -2.37943642698578, 53.6202982202539 ], [ -2.36299441860479, 53.610306607658401 ], [ -2.37705749556499, 53.5929173749211 ], [ -2.37398896308778, 53.570837996828601 ], [ -2.35603230934973, 53.560666606221702 ], [ -2.35897845853427, 53.552936964877098 ], [ -2.37358896596843, 53.553914106870103 ], [ -2.34147978194383, 53.545882134634802 ], [ -2.33819354516769, 53.533614139493402 ], [ -2.35369556560839, 53.535056592252801 ], [ -2.35438848105194, 53.526240658983099 ], [ -2.43714722764451, 53.5422534885234 ], [ -2.4510972318287, 53.528605393864297 ], [ -2.50584636407123, 53.538992082017103 ], [ -2.53374718087245, 53.523014445372901 ], [ -2.56960380656572, 53.547854787201402 ], [ -2.55962527802362, 53.561231077883498 ], [ -2.57766251928133, 53.581059342621998 ], [ -2.62593620171468, 53.593695551427999 ], [ -2.59585449396683, 53.610799157872101 ], [ -2.56919721747098, 53.595565169254698 ], [ -2.51132292934796, 53.626994965816898 ], [ -2.47918554429441, 53.617010416699998 ], [ -2.45970004381105, 53.620042693298103 ], [ -2.43868216156574, 53.646072033412104 ], [ -2.42169643500597, 53.623835572973597 ], [ -2.37912645804028, 53.6308524479524 ] ] ] } },
{ "type": "Feature", "properties": { "FID": 229, "LAD24CD": "E08000002", "LAD24NM": "Bury", "LAD24NMW": " ", "BNG_E": 379658, "BNG_N": 410767, "LONG": -2.3088, "LAT": 53.5931, "GlobalID": "e28ba29f-38b4-4ff9-9ff2-d4e99125804b", "LAD24CD_1": "E08000002", "LAD24NM_1": "Bury", "RUC21CD": "UUN", "RUC21NM": "Urban: Majority nearer to a major town or city", "Urban_rura": "Urban", "Shape_Leng": 57016.2534667, "Shape__Area": 100712672.25491333, "Shape__Length": 57016.253466719238 }, "geometry": { "type": "Polygon", "coordinates": [ [ [ -2.27176557607027, 53.614478007830797 ], [ -2.24507858231904, 53.600139457500397 ], [ -2.2823739776338, 53.583888117559901 ], [ -2.27333429535468, 53.579316169127502 ], [ -2.259239989758, 53.585269980524103 ], [ -2.24330452949509, 53.571704233165498 ], [ -2.23722983442873, 53.538860507124802 ], [ -2.25173729405739, 53.544608536014898 ], [ -2.26827062532941, 53.537425957605002 ], [ -2.26411429994798, 53.524690486389197 ], [ -2.24664494747926, 53.52923635322 ], [ -2.25696583528548, 53.517945784299897 ], [ -2.29079629439424, 53.512021167455799 ], [ -2.31047252571556, 53.527187243138798 ], [ -2.33819354516769, 53.533614139493402 ], [ -2.34147978194383, 53.545882134634802 ], [ -2.37358896596843, 53.553914106870103 ], [ -2.35897845853427, 53.552936964877098 ], [ -2.35603230934973, 53.560666606221702 ], [ -2.37398896308778, 53.570837996828601 ], [ -2.37705749556499, 53.5929173749211 ], [ -2.36299441860479, 53.610306607658401 ], [ -2.37943642698578, 53.6202982202539 ], [ -2.37912645804028, 53.6308524479524 ], [ -2.37009698250137, 53.631948066849098 ], [ -2.36264954975664, 53.6559199377865 ], [ -2.37123619444388, 53.667080653592997 ], [ -2.316664441188, 53.654914693018597 ], [ -2.29900613061694, 53.666709452658402 ], [ -2.2951870593827, 53.640179520052598 ], [ -2.27176557607027, 53.614478007830797 ] ] ] } },
{ "type": "Feature", "properties": { "FID": 230, "LAD24CD": "E08000003", "LAD24NM": "Manchester", "LAD24NMW": " ", "BNG_E": 384591, "BNG_N": 397063, "LONG": -2.23359, "LAT": 53.4701, "GlobalID": "808bf68b-e54e-486d-b6ca-95ce47df29c1", "LAD24CD_1": "E08000003", "LAD24NM_1": "Manchester", "RUC21CD": "UUN", "RUC21NM": "Urban: Majority nearer to a major town or city", "Urban_rura": "Urban", "Shape_Leng": 69387.519779299997, "Shape__Area": 111898280.92607117, "Shape__Length": 69387.519779344279 }, "geometry": { "type": "Polygon", "coordinates": [ [ [ -2.23722983442873, 53.538860507124802 ], [ -2.21872522512353, 53.543906829920999 ], [ -2.18601421381712, 53.529059397637297 ], [ -2.1547610370867, 53.518033156103101 ], [ -2.17871040149036, 53.505849950307798 ], [ -2.16303024605401, 53.492849196782998 ], [ -2.16806377593825, 53.480087572319697 ], [ -2.14682778417064, 53.467658725296602 ], [ -2.15845128388528, 53.454936861785697 ], [ -2.17287963616394, 53.448001106680003 ], [ -2.17647056948892, 53.433099221965598 ], [ -2.18853962247078, 53.436652735202003 ], [ -2.21342771329714, 53.418914730065502 ], [ -2.21259491408902, 53.406968010793598 ], [ -2.24682802957703, 53.396059993386103 ], [ -2.24079008412411, 53.359574266088501 ], [ -2.25644728585402, 53.3606768403736 ], [ -2.30135901104771, 53.340120619455902 ], [ -2.29701253705802, 53.348647459516599 ], [ -2.31401249663183, 53.357430416540701 ], [ -2.29859454979864, 53.360824945149801 ], [ -2.28566460664445, 53.376245114015298 ], [ -2.31991901980795, 53.411623553024199 ], [ -2.29771555782357, 53.408361669985801 ], [ -2.27777960010051, 53.415508028785297 ], [ -2.27362065909694, 53.422500838387499 ], [ -2.30018623198938, 53.436416332926299 ], [ -2.25368727534751, 53.459945642932801 ], [ -2.26532011730774, 53.472729017514297 ], [ -2.24513722219961, 53.486086824364101 ], [ -2.25542250647567, 53.499119125792497 ], [ -2.2452274841905, 53.512156706937901 ], [ -2.25696583528548, 53.517945784299897 ], [ -2.24664494747926, 53.52923635322 ], [ -2.26411429994798, 53.524690486389197 ], [ -2.26827062532941, 53.537425957605002 ], [ -2.25173729405739, 53.544608536014898 ], [ -2.23722983442873, 53.538860507124802 ] ] ] } },
{ "type": "Feature", "properties": { "FID": 231, "LAD24CD": "E08000004", "LAD24NM": "Oldham", "LAD24NMW": " ", "BNG_E": 396603, "BNG_N": 406784, "LONG": -2.05274, "LAT": 53.5577, "GlobalID": "56414439-46dc-4ee2-b21b-4e8ab5aea05a", "LAD24CD_1": "E08000004", "LAD24NM_1": "Oldham", "RUC21CD": "UUN", "RUC21NM": "Urban: Majority nearer to a major town or city", "Urban_rura": "Urban", "Shape_Leng": 60962.516153700002, "Shape__Area": 144009083.688797, "Shape__Length": 60962.516153652425 }, "geometry": { "type": "Polygon", "coordinates": [ [ [ -2.00947078713106, 53.6167795102388 ], [ -1.94272585126694, 53.561641293210897 ], [ -1.9128846428011, 53.5516436140542 ], [ -1.90962083195551, 53.538390985645599 ], [ -1.92678065561025, 53.5209487487883 ], [ -1.92197284577495, 53.509954683990301 ], [ -1.95133267475833, 53.504198837989001 ], [ -1.96338598926022, 53.509827259767498 ], [ -2.05491706940516, 53.531392954724197 ], [ -2.05414814082372, 53.522269161568097 ], [ -2.09325828992356, 53.520616692837798 ], [ -2.13612452440151, 53.491927599194 ], [ -2.16303024605401, 53.492849196782998 ], [ -2.17871040149036, 53.505849950307798 ], [ -2.1547610370867, 53.518033156103101 ], [ -2.18601421381712, 53.529059397637297 ], [ -2.1694402426419, 53.546159305177 ], [ -2.17199289453171, 53.558232291027899 ], [ -2.15092967782001, 53.5671241528877 ], [ -2.15658638842001, 53.582287461978297 ], [ -2.12584468713238, 53.586497972742201 ], [ -2.11063766856673, 53.599708822520299 ], [ -2.05988208527965, 53.592487003412003 ], [ -2.03582706317256, 53.6029323744633 ], [ -2.02681574056412, 53.624167145205298 ], [ -2.02303595762586, 53.615839476008802 ], [ -2.00947078713106, 53.6167795102388 ] ] ] } },
{ "type": "Feature", "properties": { "FID": 232, "LAD24CD": "E08000005", "LAD24NM": "Rochdale", "LAD24NMW": " ", "BNG_E": 390315, "BNG_N": 412326, "LONG": -2.14784, "LAT": 53.6074, "GlobalID": "25285536-dcb1-4137-b051-139e117b06b9", "LAD24CD_1": "E08000005", "LAD24NM_1": "Rochdale", "RUC21CD": "UUN", "RUC21NM": "Urban: Majority nearer to a major town or city", "Urban_rura": "Urban", "Shape_Leng": 70318.813826700003, "Shape__Area": 156235168.83082581, "Shape__Length": 70318.813826720929 }, "geometry": { "type": "Polygon", "coordinates": [ [ [ -2.02681574056412, 53.624167145205298 ], [ -2.03582706317256, 53.6029323744633 ], [ -2.05988208527965, 53.592487003412003 ], [ -2.11063766856673, 53.599708822520299 ], [ -2.12584468713238, 53.586497972742201 ], [ -2.15658638842001, 53.582287461978297 ], [ -2.15092967782001, 53.5671241528877 ], [ -2.17199289453171, 53.558232291027899 ], [ -2.1694402426419, 53.546159305177 ], [ -2.18601421381712, 53.529059397637297 ], [ -2.21872522512353, 53.543906829920999 ], [ -2.23722983442873, 53.538860507124802 ], [ -2.24330452949509, 53.571704233165498 ], [ -2.259239989758, 53.585269980524103 ], [ -2.27333429535468, 53.579316169127502 ], [ -2.2823739776338, 53.583888117559901 ], [ -2.24507858231904, 53.600139457500397 ], [ -2.27176557607027, 53.614478007830797 ], [ -2.25679062940177, 53.620442103109397 ], [ -2.26992520624279, 53.646057269793701 ], [ -2.24586450632537, 53.663441759381399 ], [ -2.21772889962318, 53.668980737916598 ], [ -2.20524689197271, 53.654361520936398 ], [ -2.18236631347857, 53.6482630683671 ], [ -2.18539583912308, 53.638224091886897 ], [ -2.1613528322883, 53.641374174336399 ], [ -2.14632807589576, 53.682231528549401 ], [ -2.14225755110277, 53.678005808064299 ], [ -2.13412727234523, 53.685734028175901 ], [ -2.1180850077117, 53.671245223262403 ], [ -2.09289023797517, 53.670161263454503 ], [ -2.05124217318775, 53.683691757746502 ], [ -2.02681574056412, 53.624167145205298 ] ] ] } },
{ "type": "Feature", "properties": { "FID": 233, "LAD24CD": "E08000006", "LAD24NM": "Salford", "LAD24NMW": " ", "BNG_E": 374556, "BNG_N": 398128, "LONG": -2.38485, "LAT": 53.4793, "GlobalID": "2c5fa185-925b-495f-bd47-627caacc7350", "LAD24CD_1": "E08000006", "LAD24NM_1": "Salford", "RUC21CD": "UUN", "RUC21NM": "Urban: Majority nearer to a major town or city", "Urban_rura": "Urban", "Shape_Leng": 56607.457492699999, "Shape__Area": 97966760.852249146, "Shape__Length": 56607.457492667265 }, "geometry": { "type": "Polygon", "coordinates": [ [ [ -2.33819354516769, 53.533614139493402 ], [ -2.31047252571556, 53.527187243138798 ], [ -2.29079629439424, 53.512021167455799 ], [ -2.25696583528548, 53.517945784299897 ], [ -2.2452274841905, 53.512156706937901 ], [ -2.25542250647567, 53.499119125792497 ], [ -2.24513722219961, 53.486086824364101 ], [ -2.26532011730774, 53.472729017514297 ], [ -2.28158629238645, 53.464865687298399 ], [ -2.32205934253643, 53.480170491671601 ], [ -2.35497662386571, 53.474017494572699 ], [ -2.39631826576338, 53.458425854724098 ], [ -2.41958295901607, 53.429318902903397 ], [ -2.44937818830286, 53.415891443377497 ], [ -2.48971382174961, 53.4602822965361 ], [ -2.43446941523023, 53.465044407138699 ], [ -2.438506957341, 53.492402156003699 ], [ -2.41453919482293, 53.514893428963802 ], [ -2.4510972318287, 53.528605393864297 ], [ -2.43714722764451, 53.5422534885234 ], [ -2.35438848105194, 53.526240658983099 ], [ -2.35369556560839, 53.535056592252801 ], [ -2.33819354516769, 53.533614139493402 ] ] ] } },
{ "type": "Feature", "properties": { "FID": 234, "LAD24CD": "E08000007", "LAD24NM": "Stockport", "LAD24NMW": " ", "BNG_E": 391807, "BNG_N": 388258, "LONG": -2.12465, "LAT": 53.3911, "GlobalID": "366fe5d8-586d-4379-b9b0-f2272a0be3d2", "LAD24CD_1": "E08000007", "LAD24NM_1": "Stockport", "RUC21CD": "UUN", "RUC21NM": "Urban: Majority nearer to a major town or city", "Urban_rura": "Urban", "Shape_Leng": 56970.437427999997, "Shape__Area": 125568335.17346191, "Shape__Length": 56970.437427962213 }, "geometry": { "type": "Polygon", "coordinates": [ [ [ -2.0262554175393, 53.429865160526298 ], [ -2.0136971820304, 53.415890108899802 ], [ -1.99232947055908, 53.415193132135002 ], [ -2.00464286724195, 53.386327276598401 ], [ -2.03377543264394, 53.375541568875597 ], [ -2.031058463243, 53.370262385206601 ], [ -2.04056362489501, 53.374087765493499 ], [ -2.06823913874582, 53.357363732235001 ], [ -2.09511992692868, 53.366073647951502 ], [ -2.12326623398133, 53.361907904007502 ], [ -2.13902531020559, 53.3673170106985 ], [ -2.15119059702052, 53.348133134454201 ], [ -2.14409931007101, 53.342871006571102 ], [ -2.16071094860953, 53.327200346978898 ], [ -2.19416286501527, 53.338650440155298 ], [ -2.18097727745663, 53.344043800235198 ], [ -2.18543826739703, 53.352651582338098 ], [ -2.24079008412411, 53.359574266088501 ], [ -2.24682802957703, 53.396059993386103 ], [ -2.21259491408902, 53.406968010793598 ], [ -2.21342771329714, 53.418914730065502 ], [ -2.18853962247078, 53.436652735202003 ], [ -2.17647056948892, 53.433099221965598 ], [ -2.17287963616394, 53.448001106680003 ], [ -2.15845128388528, 53.454936861785697 ], [ -2.14168958750865, 53.438250863943402 ], [ -2.11608483341291, 53.440746102315302 ], [ -2.10234191352923, 53.432610867472 ], [ -2.08904002865182, 53.437309540950402 ], [ -2.0798034760136, 53.426176631818699 ], [ -2.0262554175393, 53.429865160526298 ] ] ] } },
{ "type": "Feature", "properties": { "FID": 235, "LAD24CD": "E08000008", "LAD24NM": "Tameside", "LAD24NMW": " ", "BNG_E": 394987, "BNG_N": 397995, "LONG": -2.077, "LAT": 53.4787, "GlobalID": "c604d7fe-684f-4e63-a44f-c5ddec0a12bc", "LAD24CD_1": "E08000008", "LAD24NM_1": "Tameside", "RUC21CD": "UUN", "RUC21NM": "Urban: Majority nearer to a major town or city", "Urban_rura": "Urban", "Shape_Leng": 43840.615698399997, "Shape__Area": 102157735.37203979, "Shape__Length": 43840.615698399313 }, "geometry": { "type": "Polygon", "coordinates": [ [ [ -1.96338598926022, 53.509827259767498 ], [ -1.98781957548853, 53.481110398481 ], [ -1.98579237816046, 53.455226771258502 ], [ -2.00823485273611, 53.441549298612898 ], [ -2.00421605197447, 53.435921784953898 ], [ -2.01422750540755, 53.439762753757797 ], [ -2.0262554175393, 53.429865160526298 ], [ -2.0798034760136, 53.426176631818699 ], [ -2.08904002865182, 53.437309540950402 ], [ -2.10234191352923, 53.432610867472 ], [ -2.11608483341291, 53.440746102315302 ], [ -2.14168958750865, 53.438250863943402 ], [ -2.15845128388528, 53.454936861785697 ], [ -2.14682778417064, 53.467658725296602 ], [ -2.16806377593825, 53.480087572319697 ], [ -2.16303024605401, 53.492849196782998 ], [ -2.13612452440151, 53.491927599194 ], [ -2.09325828992356, 53.520616692837798 ], [ -2.05414814082372, 53.522269161568097 ], [ -2.05491706940516, 53.531392954724197 ], [ -1.96338598926022, 53.509827259767498 ] ] ] } },
{ "type": "Feature", "properties": { "FID": 236, "LAD24CD": "E08000009", "LAD24NM": "Trafford", "LAD24NMW": " ", "BNG_E": 375790, "BNG_N": 391163, "LONG": -2.36572, "LAT": 53.4167, "GlobalID": "58fc81b8-bf4a-4ac5-ab5d-9732ff34aa66", "LAD24CD_1": "E08000009", "LAD24NM_1": "Trafford", "RUC21CD": "UUN", "RUC21NM": "Urban: Majority nearer to a major town or city", "Urban_rura": "Urban", "Shape_Leng": 50827.792284499999, "Shape__Area": 108080386.80053711, "Shape__Length": 50827.792284507384 }, "geometry": { "type": "Polygon", "coordinates": [ [ [ -2.26532011730774, 53.472729017514297 ], [ -2.25368727534751, 53.459945642932801 ], [ -2.30018623198938, 53.436416332926299 ], [ -2.27362065909694, 53.422500838387499 ], [ -2.27777960010051, 53.415508028785297 ], [ -2.29771555782357, 53.408361669985801 ], [ -2.31991901980795, 53.411623553024199 ], [ -2.28566460664445, 53.376245114015298 ], [ -2.29859454979864, 53.360824945149801 ], [ -2.31401249663183, 53.357430416540701 ], [ -2.33997311542925, 53.367444640111202 ], [ -2.36958798162436, 53.363634025220001 ], [ -2.42658992510444, 53.387461516033099 ], [ -2.47804769508193, 53.395704239028497 ], [ -2.44937818830286, 53.415891443377497 ], [ -2.41958295901607, 53.429318902903397 ], [ -2.39631826576338, 53.458425854724098 ], [ -2.35497662386571, 53.474017494572699 ], [ -2.32205934253643, 53.480170491671601 ], [ -2.28158629238645, 53.464865687298399 ], [ -2.26532011730774, 53.472729017514297 ] ] ] } },
{ "type": "Feature", "properties": { "FID": 237, "LAD24CD": "E08000010", "LAD24NM": "Wigan", "LAD24NMW": " ", "BNG_E": 362139, "BNG_N": 402126, "LONG": -2.57242, "LAT": 53.5145, "GlobalID": "07102084-bd6a-4914-b09e-38ec7d7bd101", "LAD24CD_1": "E08000010", "LAD24NM_1": "Wigan", "RUC21CD": "UUN", "RUC21NM": "Urban: Majority nearer to a major town or city", "Urban_rura": "Urban", "Shape_Leng": 71511.887247000006, "Shape__Area": 188317219.24284363, "Shape__Length": 71511.887247022722 }, "geometry": { "type": "Polygon", "coordinates": [ [ [ -2.62593620171468, 53.593695551427999 ], [ -2.57766251928133, 53.581059342621998 ], [ -2.55962527802362, 53.561231077883498 ], [ -2.56960380656572, 53.547854787201402 ], [ -2.53374718087245, 53.523014445372901 ], [ -2.50584636407123, 53.538992082017103 ], [ -2.4510972318287, 53.528605393864297 ], [ -2.41453919482293, 53.514893428963802 ], [ -2.438506957341, 53.492402156003699 ], [ -2.43446941523023, 53.465044407138699 ], [ -2.48971382174961, 53.4602822965361 ], [ -2.4963344588829, 53.4809294210487 ], [ -2.55263854410147, 53.4678134060186 ], [ -2.54908962869768, 53.4615115557556 ], [ -2.57032006670683, 53.458533679155799 ], [ -2.57666478059629, 53.446085272369501 ], [ -2.61535915029557, 53.463601419459501 ], [ -2.61218386432308, 53.481162602851001 ], [ -2.64553701039882, 53.480271217981198 ], [ -2.66625404343937, 53.499738794769897 ], [ -2.6989618030454, 53.502012495590101 ], [ -2.73041764234419, 53.520581369529701 ], [ -2.71783520038214, 53.5273092243661 ], [ -2.70481914779262, 53.559192184404203 ], [ -2.71922262231971, 53.576114180437798 ], [ -2.69335212229441, 53.589428663716099 ], [ -2.68945573934377, 53.604279535063299 ], [ -2.63459215891522, 53.608282761603697 ], [ -2.62593620171468, 53.593695551427999 ] ] ] } },
{ "type": "Feature", "properties": { "FID": 238, "LAD24CD": "E08000011", "LAD24NM": "Knowsley", "LAD24NMW": " ", "BNG_E": 344762, "BNG_N": 393778, "LONG": -2.83297, "LAT": 53.4379, "GlobalID": "08c02228-28fb-4113-b9d2-6c96f2018b49", "LAD24CD_1": "E08000011", "LAD24NM_1": "Knowsley", "RUC21CD": "UUN", "RUC21NM": "Urban: Majority nearer to a major town or city", "Urban_rura": "Urban", "Shape_Leng": 57791.354237400003, "Shape__Area": 86259350.667678833, "Shape__Length": 57791.354237430613 }, "geometry": { "type": "Polygon", "coordinates": [ [ [ -2.82496446472737, 53.4852092183637 ], [ -2.81871177202822, 53.466891083705697 ], [ -2.80440775663566, 53.467236437842999 ], [ -2.79506946349562, 53.443230091224699 ], [ -2.80502953645005, 53.438660004354801 ], [ -2.77620142616997, 53.426687040816098 ], [ -2.78677596712423, 53.401187567623197 ], [ -2.74517463855405, 53.402095645574498 ], [ -2.75765407352424, 53.380737869210797 ], [ -2.77667109006624, 53.381058712355902 ], [ -2.78730169890451, 53.356290394576803 ], [ -2.81880693241227, 53.348000707051703 ], [ -2.84040558010117, 53.347331102687797 ], [ -2.85349581026672, 53.363514447035001 ], [ -2.85616502047381, 53.378814987279199 ], [ -2.82195480947219, 53.380667044113501 ], [ -2.83719376161634, 53.399741391309398 ], [ -2.85621983009431, 53.394960142508303 ], [ -2.89241121568825, 53.410762124622501 ], [ -2.86592724972323, 53.418301608542301 ], [ -2.8678553409707, 53.4492945968912 ], [ -2.90031500926339, 53.469158677007897 ], [ -2.91437759224157, 53.465005163741601 ], [ -2.92261510760143, 53.474983214826104 ], [ -2.88796343716735, 53.503845948792602 ], [ -2.86515490038089, 53.492087148358102 ], [ -2.8498364247934, 53.4931391719091 ], [ -2.84442114863858, 53.484130388511403 ], [ -2.82496446472737, 53.4852092183637 ] ] ] } },
{ "type": "Feature", "properties": { "FID": 239, "LAD24CD": "E08000012", "LAD24NM": "Liverpool", "LAD24NMW": " ", "BNG_E": 339359, "BNG_N": 390556, "LONG": -2.91368, "LAT": 53.4083, "GlobalID": "d8d1aa73-5216-48fa-ab91-50ee34a048c0", "LAD24CD_1": "E08000012", "LAD24NM_1": "Liverpool", "RUC21CD": "UUN", "RUC21NM": "Urban: Majority nearer to a major town or city", "Urban_rura": "Urban", "Shape_Leng": 54579.667136999997, "Shape__Area": 112986725.79460907, "Shape__Length": 54579.667136978489 }, "geometry": { "type": "Polygon", "coordinates": [ [ [ -2.81880693241227, 53.348000707051703 ], [ -2.81873167222311, 53.339803332307397 ], [ -2.83233934882774, 53.337286254345102 ], [ -2.82786480033037, 53.331472366918298 ], [ -2.85442768254741, 53.3273991316291 ], [ -2.87815839926006, 53.334198839897802 ], [ -2.90270834347078, 53.345556946592801 ], [ -2.97465150886949, 53.378777463316801 ], [ -3.00184542297024, 53.4103255736946 ], [ -3.00862921607139, 53.437881435981801 ], [ -2.97491461632544, 53.443323997947701 ], [ -2.97382315442724, 53.4627566024174 ], [ -2.95630659000364, 53.472993477409297 ], [ -2.92261510760143, 53.474983214826104 ], [ -2.91437759224157, 53.465005163741601 ], [ -2.90031500926339, 53.469158677007897 ], [ -2.8678553409707, 53.4492945968912 ], [ -2.86592724972323, 53.418301608542301 ], [ -2.89241121568825, 53.410762124622501 ], [ -2.85621983009431, 53.394960142508303 ], [ -2.83719376161634, 53.399741391309398 ], [ -2.82195480947219, 53.380667044113501 ], [ -2.85616502047381, 53.378814987279199 ], [ -2.85349581026672, 53.363514447035001 ], [ -2.84040558010117, 53.347331102687797 ], [ -2.81880693241227, 53.348000707051703 ] ] ] } },
{ "type": "Feature", "properties": { "FID": 240, "LAD24CD": "E08000013", "LAD24NM": "St. Helens", "LAD24NMW": " ", "BNG_E": 353413, "BNG_N": 395992, "LONG": -2.70309, "LAT": 53.4586, "GlobalID": "9ed62d24-9d98-47e1-b2c7-95c8794dfed0", "LAD24CD_1": "E08000013", "LAD24NM_1": "St. Helens", "RUC21CD": "UUN", "RUC21NM": "Urban: Majority nearer to a major town or city", "Urban_rura": "Urban", "Shape_Leng": 64913.963367299999, "Shape__Area": 135954692.2988205, "Shape__Length": 64913.963367274409 }, "geometry": { "type": "Polygon", "coordinates": [ [ [ -2.73041764234419, 53.520581369529701 ], [ -2.6989618030454, 53.502012495590101 ], [ -2.66625404343937, 53.499738794769897 ], [ -2.64553701039882, 53.480271217981198 ], [ -2.61218386432308, 53.481162602851001 ], [ -2.61535915029557, 53.463601419459501 ], [ -2.57666478059629, 53.446085272369501 ], [ -2.58529604429635, 53.439807215158702 ], [ -2.59868492292473, 53.450413766861097 ], [ -2.59623052707265, 53.442666292094898 ], [ -2.62746241529418, 53.434412601498401 ], [ -2.63913593419739, 53.444391019329601 ], [ -2.67718842620519, 53.452779864872099 ], [ -2.68207563750069, 53.438901408675598 ], [ -2.66851362188863, 53.440907050891099 ], [ -2.67526772503103, 53.432965303668603 ], [ -2.66355469839731, 53.428713659398703 ], [ -2.67631721273559, 53.387619364297997 ], [ -2.69063279918862, 53.385388218670997 ], [ -2.71280344145918, 53.390626007461201 ], [ -2.71522678914772, 53.399034898825001 ], [ -2.74517463855405, 53.402095645574498 ], [ -2.78677596712423, 53.401187567623197 ], [ -2.77620142616997, 53.426687040816098 ], [ -2.80502953645005, 53.438660004354801 ], [ -2.79506946349562, 53.443230091224699 ], [ -2.80440775663566, 53.467236437842999 ], [ -2.81871177202822, 53.466891083705697 ], [ -2.82496446472737, 53.4852092183637 ], [ -2.81661562875716, 53.512282319008499 ], [ -2.78247648838422, 53.531430196080997 ], [ -2.76887248377879, 53.513571463291498 ], [ -2.73041764234419, 53.520581369529701 ] ] ] } },
{ "type": "Feature", "properties": { "FID": 241, "LAD24CD": "E08000014", "LAD24NM": "Sefton", "LAD24NMW": " ", "BNG_E": 334282, "BNG_N": 398835, "LONG": -2.99177, "LAT": 53.4821, "GlobalID": "84d079b9-0040-40c7-9d20-b3f1a5b65acd", "LAD24CD_1": "E08000014", "LAD24NM_1": "Sefton", "RUC21CD": "UUN", "RUC21NM": "Urban: Majority nearer to a major town or city", "Urban_rura": "Urban", "Shape_Leng": 98970.217861600002, "Shape__Area": 153851174.04849243, "Shape__Length": 98970.217861614234 }, "geometry": { "type": "MultiPolygon", "coordinates": [ [ [ [ -2.95415634922314, 53.695417188080299 ], [ -2.95047123033527, 53.691718377102397 ], [ -2.96230114861707, 53.693804789312701 ], [ -2.95415634922314, 53.695417188080299 ] ] ], [ [ [ -2.95998353705903, 53.691787505634501 ], [ -2.96073416226787, 53.685816297786701 ], [ -2.95371749361695, 53.691612789611597 ], [ -2.9574948267835, 53.683285560003704 ], [ -2.94625404486887, 53.679248143216299 ], [ -2.94976401013062, 53.690996280743597 ], [ -2.95031011440914, 53.6915478067313 ], [ -2.95045032085472, 53.691696987095597 ], [ -2.94678566949808, 53.688017564503397 ], [ -2.94014344409029, 53.658610517929802 ], [ -2.9672591070023, 53.631328617883902 ], [ -2.98182313089385, 53.6222051350477 ], [ -2.99788936527924, 53.6266670871995 ], [ -3.02882214969535, 53.602319974455199 ], [ -3.03598609449788, 53.587218339966597 ], [ -3.02070918258232, 53.5836752108764 ], [ -3.02261999765623, 53.569597905968401 ], [ -3.04038847552938, 53.565272119483097 ], [ -3.04669858190109, 53.542958327910199 ], [ -2.97582621873825, 53.515287937009603 ], [ -2.96298364850007, 53.523760556185103 ], [ -2.97727810557614, 53.546227157100702 ], [ -2.94788017879154, 53.544321645303299 ], [ -2.92300940751067, 53.525220041614403 ], [ -2.88168765511613, 53.520522906353698 ], [ -2.88796343716735, 53.503845948792602 ], [ -2.92261510760143, 53.474983214826104 ], [ -2.95630659000364, 53.472993477409297 ], [ -2.97382315442724, 53.4627566024174 ], [ -2.97491461632544, 53.443323997947701 ], [ -3.00862921607139, 53.437881435981801 ], [ -3.00875228191605, 53.438380990592798 ], [ -3.02652125933588, 53.453117049272201 ], [ -3.0262699451884, 53.454081191425601 ], [ -3.03896586928567, 53.463429890843699 ], [ -3.04137001912836, 53.465421503891498 ], [ -3.05623653252405, 53.492049047761903 ], [ -3.06373684924024, 53.505468676245997 ], [ -3.06275875510167, 53.529950148519603 ], [ -3.06831679467828, 53.519900023452401 ], [ -3.08574739254574, 53.525403637199503 ], [ -3.10189925042513, 53.5371402873254 ], [ -3.10423854228946, 53.554459809309897 ], [ -3.0587181576406, 53.621202145243998 ], [ -3.0056632016861, 53.664691802468901 ], [ -3.0100407471008, 53.672221754145603 ], [ -3.01406936407839, 53.679148955771197 ], [ -2.98286556408102, 53.682585911969603 ], [ -2.98721404807591, 53.6892564126953 ], [ -2.97764390936288, 53.685741293313498 ], [ -2.96726148627491, 53.698447803026902 ], [ -2.97156486543916, 53.692274000512 ], [ -2.95998353705903, 53.691787505634501 ] ] ] ] } },
{ "type": "Feature", "properties": { "FID": 242, "LAD24CD": "E08000015", "LAD24NM": "Wirral", "LAD24NMW": " ", "BNG_E": 329109, "BNG_N": 386965, "LONG": -3.06703, "LAT": 53.3748, "GlobalID": "c3c31408-d6ca-44c8-a486-7779836f5689", "LAD24CD_1": "E08000015", "LAD24NM_1": "Wirral", "RUC21CD": "UUN", "RUC21NM": "Urban: Majority nearer to a major town or city", "Urban_rura": "Urban", "Shape_Leng": 75456.213097600004, "Shape__Area": 155791689.9847641, "Shape__Length": 75456.2130975748 }, "geometry": { "type": "MultiPolygon", "coordinates": [ [ [ [ -3.11387067598427, 53.2943716318239 ], [ -3.12300428172316, 53.289303951071801 ], [ -3.11835037905506, 53.291959894751997 ], [ -3.11706113742963, 53.292684474946803 ], [ -3.11657287212287, 53.292958882037702 ], [ -3.11630778182078, 53.293107861247499 ], [ -3.11409090785379, 53.294376899662502 ], [ -3.11387067598427, 53.2943716318239 ] ] ], [ [ [ -3.00254547537506, 53.3747021315247 ], [ -2.93427763357537, 53.313287192884502 ], [ -2.92884421120653, 53.308389814759401 ], [ -2.9317023798692, 53.306036140815202 ], [ -2.93960850114793, 53.3103882157802 ], [ -2.96803333271532, 53.301255109030201 ], [ -2.99273779101907, 53.307108757447203 ], [ -3.02613955180197, 53.297748657679499 ], [ -3.07416551138978, 53.316380902432897 ], [ -3.1090482669874, 53.297046635047302 ], [ -3.10928952733083, 53.297105289873898 ], [ -3.11261853096692, 53.295213533146303 ], [ -3.12391555496401, 53.296071907281302 ], [ -3.11615687187497, 53.300819182018699 ], [ -3.12743612079501, 53.2943532950896 ], [ -3.13798001157518, 53.2976396931723 ], [ -3.13441428359392, 53.308012680523497 ], [ -3.13303182967529, 53.299708371064902 ], [ -3.12393526131734, 53.3002384166372 ], [ -3.12673908790272, 53.300737379666401 ], [ -3.13074919596589, 53.307269978388 ], [ -3.12813665794485, 53.3045743194848 ], [ -3.12872579173274, 53.306191536285503 ], [ -3.10713362347341, 53.301731934380797 ], [ -3.12682089951784, 53.306336723324698 ], [ -3.11263398227093, 53.309094914951501 ], [ -3.12057637422185, 53.311681631370902 ], [ -3.12645390337778, 53.313595310806001 ], [ -3.11906723698709, 53.316216765439997 ], [ -3.12931293760442, 53.314370232918201 ], [ -3.12268920116551, 53.317421212207798 ], [ -3.1356468481557, 53.315781766261999 ], [ -3.13641252955693, 53.328409581135901 ], [ -3.10604485309061, 53.313574183742404 ], [ -3.20407457615058, 53.383249135181501 ], [ -3.17762493980129, 53.3997077227693 ], [ -3.04118061119981, 53.442924112756003 ], [ -3.00254547537506, 53.3747021315247 ] ] ] ] } },
{ "type": "Feature", "properties": { "FID": 243, "LAD24CD": "E08000016", "LAD24NM": "Barnsley", "LAD24NMW": " ", "BNG_E": 429979, "BNG_N": 403327, "LONG": -1.54925, "LAT": 53.5258, "GlobalID": "19062a7f-8401-4da3-9de8-1b4e16cfeeeb", "LAD24CD_1": "E08000016", "LAD24NM_1": "Barnsley", "RUC21CD": "UUN", "RUC21NM": "Urban: Majority nearer to a major town or city", "Urban_rura": "Urban", "Shape_Leng": 106160.417372, "Shape__Area": 327245738.82879639, "Shape__Length": 106160.41737189656 }, "geometry": { "type": "Polygon", "coordinates": [ [ [ -1.34873341137308, 53.583347629157402 ], [ -1.32680704640604, 53.558185326175398 ], [ -1.29765726882895, 53.551496215923898 ], [ -1.29380884811291, 53.535810405081698 ], [ -1.27572648676218, 53.529837312009697 ], [ -1.28617228194707, 53.526760345066101 ], [ -1.28128337823297, 53.516492277089 ], [ -1.31244277467456, 53.513794480715099 ], [ -1.38009949340725, 53.514228082485602 ], [ -1.42796513905113, 53.485853704510497 ], [ -1.44105081986194, 53.491105488972501 ], [ -1.4522066569649, 53.484928863585402 ], [ -1.4552192140429, 53.471750944657202 ], [ -1.49474873428307, 53.486269265882399 ], [ -1.51481383416335, 53.4636667748752 ], [ -1.51317073618626, 53.451423021429797 ], [ -1.5329268641654, 53.438315311099899 ], [ -1.55126185631079, 53.446204389352403 ], [ -1.53904691905296, 53.461715489971397 ], [ -1.5496581099153, 53.4784942354161 ], [ -1.60659084349599, 53.492907172174903 ], [ -1.70108876364153, 53.5031209751318 ], [ -1.73198288405881, 53.490896645868702 ], [ -1.7385030596915, 53.477138956376301 ], [ -1.78363475618131, 53.484779163361502 ], [ -1.80143009642957, 53.480962549765898 ], [ -1.80146466287506, 53.480987458022703 ], [ -1.80147063244941, 53.480991759848699 ], [ -1.79628821898355, 53.503152989670397 ], [ -1.82222878111984, 53.521090920901003 ], [ -1.80428301600162, 53.537013372576503 ], [ -1.77187711533163, 53.533852567200597 ], [ -1.74155538329141, 53.541070734156101 ], [ -1.7231775076069, 53.559926740620398 ], [ -1.66946580092353, 53.553227515446203 ], [ -1.64823447446973, 53.562195034479203 ], [ -1.61563188440644, 53.563028320882196 ], [ -1.59619871324849, 53.576986907417599 ], [ -1.60175211286839, 53.587758958955398 ], [ -1.58797836748171, 53.593486550052098 ], [ -1.58645325959614, 53.607174054668903 ], [ -1.56045276872154, 53.607551794772597 ], [ -1.53078144404236, 53.593129379023999 ], [ -1.51867106657984, 53.599719295779103 ], [ -1.49656246300737, 53.597373748855901 ], [ -1.49511957803327, 53.6031902320806 ], [ -1.48370858443037, 53.5948687907118 ], [ -1.44763061376209, 53.612738819782201 ], [ -1.4003598366971, 53.598671021432203 ], [ -1.37670296002844, 53.606478417900497 ], [ -1.34873341137308, 53.583347629157402 ] ] ] } },
{ "type": "Feature", "properties": { "FID": 244, "LAD24CD": "E08000017", "LAD24NM": "Doncaster", "LAD24NMW": " ", "BNG_E": 459167, "BNG_N": 403733, "LONG": -1.10894, "LAT": 53.527, "GlobalID": "340f381b-052d-4237-8ea1-50283caf8f52", "LAD24CD_1": "E08000017", "LAD24NM_1": "Doncaster", "RUC21CD": "UUN", "RUC21NM": "Urban: Majority nearer to a major town or city", "Urban_rura": "Urban", "Shape_Leng": 116347.167268, "Shape__Area": 567311902.82406616, "Shape__Length": 116347.16726811905 }, "geometry": { "type": "Polygon", "coordinates": [ [ [ -0.865338726025611, 53.637708232142501 ], [ -0.897926451077773, 53.583277437693098 ], [ -0.901117807880235, 53.5687242257127 ], [ -0.890995208077955, 53.566558981391097 ], [ -0.901265910078631, 53.547908424349103 ], [ -0.892295380495885, 53.537466962944201 ], [ -0.943715825340442, 53.530643017766899 ], [ -0.950009087300711, 53.513657433567701 ], [ -0.932094163383945, 53.510671822714997 ], [ -0.935564625288195, 53.502516528489302 ], [ -0.953259205587141, 53.484423528387403 ], [ -0.985978085087804, 53.471673371093097 ], [ -0.995669798894032, 53.436926683428702 ], [ -1.01434673955409, 53.426295495663901 ], [ -1.03051529485536, 53.425195309491997 ], [ -1.0309498187762, 53.430979525499097 ], [ -1.08043943279743, 53.426867859037998 ], [ -1.11604100602787, 53.4073493528943 ], [ -1.14594565153652, 53.412324622894701 ], [ -1.13601973902786, 53.424482555666003 ], [ -1.16049315962097, 53.424352231545299 ], [ -1.17029071040231, 53.435301634713802 ], [ -1.23809855203463, 53.432754510836403 ], [ -1.25815500897971, 53.454983093979898 ], [ -1.24992621552798, 53.4768236594104 ], [ -1.26981681024038, 53.485846321657696 ], [ -1.29849026472853, 53.475587427628199 ], [ -1.28906385046596, 53.4910408562912 ], [ -1.3100581321947, 53.497932905296203 ], [ -1.31244277467456, 53.513794480715099 ], [ -1.28128337823297, 53.516492277089 ], [ -1.28617228194707, 53.526760345066101 ], [ -1.27572648676218, 53.529837312009697 ], [ -1.29380884811291, 53.535810405081698 ], [ -1.29765726882895, 53.551496215923898 ], [ -1.32680704640604, 53.558185326175398 ], [ -1.34873341137308, 53.583347629157402 ], [ -1.3078197080881, 53.575366969862898 ], [ -1.28824945731244, 53.580732386238701 ], [ -1.25802813621318, 53.5919974489371 ], [ -1.24824986714938, 53.616353283800898 ], [ -1.22791199943292, 53.617330408556597 ], [ -1.23284427243353, 53.6211122455192 ], [ -1.21746850825603, 53.624224325989502 ], [ -1.20982718259376, 53.643164128768497 ], [ -1.18924649793491, 53.635916975414901 ], [ -1.15509032420189, 53.643198475791301 ], [ -1.13491215514482, 53.632698060464001 ], [ -1.12161806948654, 53.646749891162202 ], [ -1.06613883749557, 53.648854863513698 ], [ -1.04866263627315, 53.656057479088197 ], [ -0.946844642823067, 53.659141766583097 ], [ -0.865338726025611, 53.637708232142501 ] ] ] } },
{ "type": "Feature", "properties": { "FID": 245, "LAD24CD": "E08000018", "LAD24NM": "Rotherham", "LAD24NMW": " ", "BNG_E": 447542, "BNG_N": 388980, "LONG": -1.28651, "LAT": 53.3955, "GlobalID": "50287d65-b792-41c2-b223-41ab16774813", "LAD24CD_1": "E08000018", "LAD24NM_1": "Rotherham", "RUC21CD": "UUN", "RUC21NM": "Urban: Majority nearer to a major town or city", "Urban_rura": "Urban", "Shape_Leng": 88845.363251400006, "Shape__Area": 289185192.30247498, "Shape__Length": 88845.363251403149 }, "geometry": { "type": "Polygon", "coordinates": [ [ [ -1.31244277467456, 53.513794480715099 ], [ -1.3100581321947, 53.497932905296203 ], [ -1.28906385046596, 53.4910408562912 ], [ -1.29849026472853, 53.475587427628199 ], [ -1.26981681024038, 53.485846321657696 ], [ -1.24992621552798, 53.4768236594104 ], [ -1.25815500897971, 53.454983093979898 ], [ -1.23809855203463, 53.432754510836403 ], [ -1.17029071040231, 53.435301634713802 ], [ -1.16049315962097, 53.424352231545299 ], [ -1.13601973902786, 53.424482555666003 ], [ -1.14594565153652, 53.412324622894701 ], [ -1.11604100602787, 53.4073493528943 ], [ -1.11557938044441, 53.397185748998098 ], [ -1.13460768887929, 53.390031563521902 ], [ -1.13053708984926, 53.375571218608897 ], [ -1.14603291441165, 53.369041144882402 ], [ -1.13853968203233, 53.355907513313397 ], [ -1.16261328765896, 53.356843861120097 ], [ -1.15684339220656, 53.3449694993649 ], [ -1.14100746087464, 53.346747677104403 ], [ -1.13871810210376, 53.341382810876802 ], [ -1.19974282859, 53.311440184476503 ], [ -1.2032390468772, 53.304223239680603 ], [ -1.23068793446757, 53.308559734174302 ], [ -1.2438683827737, 53.301569791291499 ], [ -1.28201141324174, 53.309462589316503 ], [ -1.29567816421914, 53.315036971553099 ], [ -1.28858902654107, 53.326228054000602 ], [ -1.29902301015448, 53.332511636469903 ], [ -1.32466917492843, 53.328810013080698 ], [ -1.3319766635888, 53.352355872227697 ], [ -1.39139831426442, 53.383320643884097 ], [ -1.37579834104707, 53.393674238542097 ], [ -1.39352979520877, 53.420003012753298 ], [ -1.3804390068682, 53.424168865789902 ], [ -1.40850407737209, 53.420349394282603 ], [ -1.44153520395415, 53.445433643548498 ], [ -1.4552192140429, 53.471750944657202 ], [ -1.4522066569649, 53.484928863585402 ], [ -1.44105081986194, 53.491105488972501 ], [ -1.42796513905113, 53.485853704510497 ], [ -1.38009949340725, 53.514228082485602 ], [ -1.31244277467456, 53.513794480715099 ] ] ] } },
{ "type": "Feature", "properties": { "FID": 246, "LAD24CD": "E08000019", "LAD24NM": "Sheffield", "LAD24NMW": " ", "BNG_E": 430511, "BNG_N": 389736, "LONG": -1.54254, "LAT": 53.4036, "GlobalID": "dbacc134-aa71-4e82-b9ef-b9f686cd5cb2", "LAD24CD_1": "E08000019", "LAD24NM_1": "Sheffield", "RUC21CD": "UUN", "RUC21NM": "Urban: Majority nearer to a major town or city", "Urban_rura": "Urban", "Shape_Leng": 114108.63352800001, "Shape__Area": 365670799.44345093, "Shape__Length": 114108.63352787854 }, "geometry": { "type": "Polygon", "coordinates": [ [ [ -1.4552192140429, 53.471750944657202 ], [ -1.44153520395415, 53.445433643548498 ], [ -1.40850407737209, 53.420349394282603 ], [ -1.3804390068682, 53.424168865789902 ], [ -1.39352979520877, 53.420003012753298 ], [ -1.37579834104707, 53.393674238542097 ], [ -1.39139831426442, 53.383320643884097 ], [ -1.3319766635888, 53.352355872227697 ], [ -1.32466917492843, 53.328810013080698 ], [ -1.3377510519613, 53.315848051111701 ], [ -1.38673871273592, 53.317632134565301 ], [ -1.3865715460456, 53.334902506366397 ], [ -1.41103390674883, 53.3419924911679 ], [ -1.42086649613, 53.334567951552899 ], [ -1.44197211462372, 53.3374924881712 ], [ -1.45988027916359, 53.330689368218501 ], [ -1.45522358182387, 53.321869140297601 ], [ -1.4679128327397, 53.317120054868099 ], [ -1.50213193956548, 53.3175820754971 ], [ -1.5367688622067, 53.304748673524401 ], [ -1.56172989361096, 53.306411316829902 ], [ -1.56173104513262, 53.315970892049499 ], [ -1.58053389587991, 53.311738088325797 ], [ -1.58490201019108, 53.321587951464302 ], [ -1.59909327897252, 53.3113181987842 ], [ -1.6092015844932, 53.322663960159502 ], [ -1.62759442860749, 53.316240574694703 ], [ -1.63272698677736, 53.320839212061998 ], [ -1.61230306160512, 53.3432186688852 ], [ -1.59054795436381, 53.3459209843409 ], [ -1.66354854039897, 53.366595165456097 ], [ -1.65381782187416, 53.391910826207798 ], [ -1.70496532088341, 53.405055973056001 ], [ -1.70853223310302, 53.417339473310903 ], [ -1.73976196210261, 53.4209879155366 ], [ -1.74532296726174, 53.462175395209798 ], [ -1.80143009642957, 53.480962549765898 ], [ -1.78363475618131, 53.484779163361502 ], [ -1.7385030596915, 53.477138956376301 ], [ -1.73198288405881, 53.490896645868702 ], [ -1.70108876364153, 53.5031209751318 ], [ -1.60659084349599, 53.492907172174903 ], [ -1.5496581099153, 53.4784942354161 ], [ -1.53904691905296, 53.461715489971397 ], [ -1.55126185631079, 53.446204389352403 ], [ -1.5329268641654, 53.438315311099899 ], [ -1.51317073618626, 53.451423021429797 ], [ -1.51481383416335, 53.4636667748752 ], [ -1.49474873428307, 53.486269265882399 ], [ -1.4552192140429, 53.471750944657202 ] ] ] } },
{ "type": "Feature", "properties": { "FID": 247, "LAD24CD": "E08000021", "LAD24NM": "Newcastle upon Tyne", "LAD24NMW": " ", "BNG_E": 422287, "BNG_N": 569661, "LONG": -1.65297, "LAT": 55.021, "GlobalID": "ed98a691-0280-4ad0-a17f-01012609691b", "LAD24CD_1": "E08000021", "LAD24NM_1": "Newcastle upon Tyne", "RUC21CD": "UUN", "RUC21NM": "Urban: Majority nearer to a major town or city", "Urban_rura": "Urban", "Shape_Leng": 53418.636143600001, "Shape__Area": 113015422.89668274, "Shape__Length": 53418.636143628137 }, "geometry": { "type": "Polygon", "coordinates": [ [ [ -1.63789356936638, 55.064768597718597 ], [ -1.63850785874478, 55.041551346530397 ], [ -1.59263768532565, 55.038940364952701 ], [ -1.58738252090505, 55.025777771908999 ], [ -1.60026644234707, 55.009838412251298 ], [ -1.55850401184555, 55.005543643156003 ], [ -1.56298107729353, 54.992317494744597 ], [ -1.52921303495831, 54.983341325602503 ], [ -1.53552528994903, 54.9652348438945 ], [ -1.55388177614905, 54.959084884984399 ], [ -1.59433261330954, 54.970605399094303 ], [ -1.6400739876474, 54.959265669081397 ], [ -1.70155584726857, 54.970844146399898 ], [ -1.71955422512026, 54.967466712558704 ], [ -1.74627859673549, 54.981586358981197 ], [ -1.76948002257309, 54.980946808800397 ], [ -1.77384237281685, 55.004139475004798 ], [ -1.75656332387461, 55.0032632881598 ], [ -1.75024527652204, 55.024020779035098 ], [ -1.694991232534, 55.0429558911393 ], [ -1.71377414645177, 55.0654631329407 ], [ -1.64768125804879, 55.079388700635 ], [ -1.63789356936638, 55.064768597718597 ] ] ] } },
{ "type": "Feature", "properties": { "FID": 248, "LAD24CD": "E08000022", "LAD24NM": "North Tyneside", "LAD24NMW": " ", "BNG_E": 431485, "BNG_N": 570602, "LONG": -1.50901, "LAT": 55.029, "GlobalID": "5fcd775d-b4e5-4162-b37b-63350adc7936", "LAD24CD_1": "E08000022", "LAD24NM_1": "North Tyneside", "RUC21CD": "UUN", "RUC21NM": "Urban: Majority nearer to a major town or city", "Urban_rura": "Urban", "Shape_Leng": 58664.961443499997, "Shape__Area": 83081980.918624878, "Shape__Length": 58664.961443483611 }, "geometry": { "type": "Polygon", "coordinates": [ [ [ -1.47451752378926, 54.9864442795513 ], [ -1.52921303495831, 54.983341325602503 ], [ -1.56298107729353, 54.992317494744597 ], [ -1.55850401184555, 55.005543643156003 ], [ -1.60026644234707, 55.009838412251298 ], [ -1.58738252090505, 55.025777771908999 ], [ -1.59263768532565, 55.038940364952701 ], [ -1.63850785874478, 55.041551346530397 ], [ -1.63789356936638, 55.064768597718597 ], [ -1.57853962866581, 55.063081284539898 ], [ -1.57508009741004, 55.055619891188201 ], [ -1.55705109541522, 55.054081732168797 ], [ -1.53988095494966, 55.061582238228397 ], [ -1.53239349851521, 55.054125634288702 ], [ -1.5102739909997, 55.055052481013703 ], [ -1.50870604892087, 55.048027673116501 ], [ -1.4877669177721, 55.053586866157502 ], [ -1.49225352553912, 55.066087165033103 ], [ -1.46184809361967, 55.074378282492098 ], [ -1.46179374970094, 55.074314103144701 ], [ -1.44767432204303, 55.055519504555903 ], [ -1.44767113628081, 55.051763406716098 ], [ -1.4425907179112, 55.048747921213199 ], [ -1.42071394421678, 55.0195786572015 ], [ -1.40291601315902, 55.014576364477001 ], [ -1.41611532889245, 55.016617223462397 ], [ -1.42138651859405, 55.013676259932097 ], [ -1.42985104890825, 55.013282105174 ], [ -1.4560212776443, 54.988662946421201 ], [ -1.50178143406318, 54.988527054784399 ], [ -1.51782683495907, 54.996387042467298 ], [ -1.50252097888871, 54.988492342735498 ], [ -1.53084429541888, 54.984015278056198 ], [ -1.47450166038465, 54.986474949687398 ], [ -1.47451752378926, 54.9864442795513 ] ] ] } },
{ "type": "Feature", "properties": { "FID": 249, "LAD24CD": "E08000023", "LAD24NM": "South Tyneside", "LAD24NMW": " ", "BNG_E": 435505, "BNG_N": 564057, "LONG": -1.44693, "LAT": 54.9699, "GlobalID": "c1ec5449-fa97-4bc1-b0cb-c1ff8e069774", "LAD24CD_1": "E08000023", "LAD24NM_1": "South Tyneside", "RUC21CD": "UUN", "RUC21NM": "Urban: Majority nearer to a major town or city", "Urban_rura": "Urban", "Shape_Leng": 39387.962844499998, "Shape__Area": 62211023.344451904, "Shape__Length": 39387.962844538401 }, "geometry": { "type": "Polygon", "coordinates": [ [ [ -1.36401454325557, 54.943756545026403 ], [ -1.41937079278914, 54.929923995746897 ], [ -1.51121751654077, 54.931665877563802 ], [ -1.51532982678574, 54.957349802470098 ], [ -1.53552528994903, 54.9652348438945 ], [ -1.52921303495831, 54.983341325602503 ], [ -1.47451752378926, 54.9864442795513 ], [ -1.48048609480626, 54.974901169527897 ], [ -1.45655418850596, 54.977435996197798 ], [ -1.47187843569643, 54.986077215969203 ], [ -1.44943209596967, 54.984351327011098 ], [ -1.42583682752823, 55.006229755287798 ], [ -1.41907264618064, 55.003675855829101 ], [ -1.41860375890732, 55.003230983709003 ], [ -1.40725465284156, 55.008462274285499 ], [ -1.40117024530865, 55.011143586813503 ], [ -1.41090492392259, 54.998900176735198 ], [ -1.37659989286456, 54.977655546487298 ], [ -1.35661832192635, 54.965266438666497 ], [ -1.3639710172479, 54.9441194795385 ], [ -1.36401454325557, 54.943756545026403 ] ] ] } },
{ "type": "Feature", "properties": { "FID": 250, "LAD24CD": "E08000024", "LAD24NM": "Sunderland", "LAD24NMW": " ", "BNG_E": 436455, "BNG_N": 551514, "LONG": -1.43368, "LAT": 54.8571, "GlobalID": "9311c83a-ac86-496b-b721-e9b6b674e01f", "LAD24CD_1": "E08000024", "LAD24NM_1": "Sunderland", "RUC21CD": "UUN", "RUC21NM": "Urban: Majority nearer to a major town or city", "Urban_rura": "Urban", "Shape_Leng": 58865.170468999997, "Shape__Area": 136159388.6521759, "Shape__Length": 58865.170469010292 }, "geometry": { "type": "Polygon", "coordinates": [ [ [ -1.34741175455449, 54.860486040419701 ], [ -1.42157982749195, 54.839471059216699 ], [ -1.41295475126421, 54.823654708166401 ], [ -1.4225524435527, 54.803170906139997 ], [ -1.49072646804405, 54.799304135223103 ], [ -1.48185556201966, 54.809651413646598 ], [ -1.50427968057368, 54.831229809810303 ], [ -1.50653070203232, 54.8710801008353 ], [ -1.531781773186, 54.878188386356101 ], [ -1.56191438267007, 54.875692832639999 ], [ -1.55942719513736, 54.882000489940602 ], [ -1.55708031451973, 54.909211252741102 ], [ -1.56889133560984, 54.924624797941398 ], [ -1.51121751654077, 54.931665877563802 ], [ -1.41937079278914, 54.929923995746897 ], [ -1.36401454325557, 54.943756545026403 ], [ -1.36530091006636, 54.9330274214851 ], [ -1.36613008670018, 54.926108356515201 ], [ -1.35235800323134, 54.921317764584202 ], [ -1.3634778749248, 54.922768627792998 ], [ -1.37096831298611, 54.911704724741 ], [ -1.3594379445522, 54.916450421383402 ], [ -1.35698596218142, 54.914103589398401 ], [ -1.35303195024446, 54.918849912522496 ], [ -1.3616070236887, 54.898226824762503 ], [ -1.36141782352676, 54.897720462214103 ], [ -1.36142052702493, 54.897718411239197 ], [ -1.36136415786142, 54.897576832401498 ], [ -1.34756912654959, 54.860621686858501 ], [ -1.34741175455449, 54.860486040419701 ] ] ] } },
{ "type": "Feature", "properties": { "FID": 251, "LAD24CD": "E08000025", "LAD24NM": "Birmingham", "LAD24NMW": " ", "BNG_E": 408150, "BNG_N": 287352, "LONG": -1.88141, "LAT": 52.484, "GlobalID": "d5084175-2117-4a56-81a1-0848348903d1", "LAD24CD_1": "E08000025", "LAD24NM_1": "Birmingham", "RUC21CD": "UUN", "RUC21NM": "Urban: Majority nearer to a major town or city", "Urban_rura": "Urban", "Shape_Leng": 88771.277611700003, "Shape__Area": 269035994.32730103, "Shape__Length": 88771.277611651851 }, "geometry": { "type": "Polygon", "coordinates": [ [ [ -1.78800228267072, 52.587897862166201 ], [ -1.76360629686474, 52.570910548866202 ], [ -1.7742300480517, 52.564627779779599 ], [ -1.7559982648358, 52.555382494865 ], [ -1.74908599922833, 52.531422363380003 ], [ -1.72887793344338, 52.524562766713601 ], [ -1.753810175173, 52.521213161517302 ], [ -1.75351881384396, 52.5129615055519 ], [ -1.7994466173531, 52.504293229018401 ], [ -1.75578291862516, 52.4994801089858 ], [ -1.75960051292333, 52.4519109576989 ], [ -1.77914629442649, 52.450154615263699 ], [ -1.80031736681895, 52.458297577609201 ], [ -1.83464356060036, 52.417433280305602 ], [ -1.84449615918718, 52.410252639072198 ], [ -1.86664513342295, 52.411045314349401 ], [ -1.86876745689888, 52.404711906543596 ], [ -1.8826972850066, 52.399812964025699 ], [ -1.91367502449958, 52.407464303254201 ], [ -1.93431470610424, 52.387236378657001 ], [ -1.95361379620871, 52.393370650846101 ], [ -1.99854807012587, 52.381123123159803 ], [ -2.03364061279039, 52.4023279266382 ], [ -1.98603705906246, 52.416726185078304 ], [ -2.01699028095924, 52.432682930084901 ], [ -2.01324348263751, 52.462190789470199 ], [ -1.97789677393305, 52.467165475651697 ], [ -1.96400703683339, 52.4819856930242 ], [ -1.95077702386458, 52.483246661359303 ], [ -1.93813215324312, 52.498424754796801 ], [ -1.96302485370939, 52.504897309688602 ], [ -1.96198143019223, 52.528415719799398 ], [ -1.92944518787316, 52.531306739442201 ], [ -1.93314991922693, 52.545812812130102 ], [ -1.91815749708244, 52.5473065293844 ], [ -1.87871599452266, 52.569434374358799 ], [ -1.87256445035415, 52.584944694866898 ], [ -1.85363050818885, 52.602073631130601 ], [ -1.82812858189664, 52.608721987766003 ], [ -1.7965280894026, 52.599122937771703 ], [ -1.78800228267072, 52.587897862166201 ] ] ] } },
{ "type": "Feature", "properties": { "FID": 252, "LAD24CD": "E08000026", "LAD24NM": "Coventry", "LAD24NMW": " ", "BNG_E": 432809, "BNG_N": 279689, "LONG": -1.51905, "LAT": 52.4142, "GlobalID": "dff58b6a-18c5-4b6e-bdb3-153c3d5dd02b", "LAD24CD_1": "E08000026", "LAD24NM_1": "Coventry", "RUC21CD": "UUN", "RUC21NM": "Urban: Majority nearer to a major town or city", "Urban_rura": "Urban", "Shape_Leng": 43491.260567999998, "Shape__Area": 99814432.676956177, "Shape__Length": 43491.260567982201 }, "geometry": { "type": "Polygon", "coordinates": [ [ [ -1.45905317416489, 52.455158032827399 ], [ -1.4239324884753, 52.4329788205686 ], [ -1.43794722338479, 52.410364734538497 ], [ -1.43141290559778, 52.396803028147801 ], [ -1.46401360334253, 52.373267167340003 ], [ -1.50449893765669, 52.377807146940299 ], [ -1.51393967013815, 52.369019865505599 ], [ -1.52465132517521, 52.379400900062898 ], [ -1.5524124217106, 52.363892074103802 ], [ -1.56760688746162, 52.384688923020498 ], [ -1.60106738247379, 52.389299484647303 ], [ -1.60217550224297, 52.416057014638596 ], [ -1.61445000065458, 52.427967998816001 ], [ -1.60827084648276, 52.4388409739921 ], [ -1.59522861041217, 52.439926415004301 ], [ -1.59548725924308, 52.4559197581506 ], [ -1.58986310702649, 52.461912108179099 ], [ -1.56119166726618, 52.455222568536499 ], [ -1.53993880020312, 52.464802478078603 ], [ -1.5050136515019, 52.450068065446999 ], [ -1.49198638009856, 52.458602180232099 ], [ -1.45905317416489, 52.455158032827399 ] ] ] } },
{ "type": "Feature", "properties": { "FID": 253, "LAD24CD": "E08000027", "LAD24NM": "Dudley", "LAD24NMW": " ", "BNG_E": 393191, "BNG_N": 288584, "LONG": -2.10171, "LAT": 52.4951, "GlobalID": "18bd4b46-d019-4301-b886-8db822cb87cc", "LAD24CD_1": "E08000027", "LAD24NM_1": "Dudley", "RUC21CD": "UUN", "RUC21NM": "Urban: Majority nearer to a major town or city", "Urban_rura": "Urban", "Shape_Leng": 60134.257685600001, "Shape__Area": 97276251.493133545, "Shape__Length": 60134.257685556644 }, "geometry": { "type": "Polygon", "coordinates": [ [ [ -2.07394205771191, 52.5498796740698 ], [ -2.07959040786026, 52.5240847816357 ], [ -2.0572576082469, 52.512271474390602 ], [ -2.0643228987227, 52.487168984409799 ], [ -2.09709041517253, 52.4683948191879 ], [ -2.05901666622542, 52.461975349834503 ], [ -2.02274923685235, 52.480551404615099 ], [ -2.01324348263751, 52.462190789470199 ], [ -2.01699028095924, 52.432682930084901 ], [ -2.03698776266666, 52.4275457066191 ], [ -2.03788100010757, 52.441557554193999 ], [ -2.05578306154507, 52.441305848158301 ], [ -2.06246734325287, 52.427430652478598 ], [ -2.06805186468972, 52.43519509507 ], [ -2.08479648698127, 52.432151832806802 ], [ -2.09856509199697, 52.445283538566699 ], [ -2.13602683609072, 52.4262682220361 ], [ -2.16485128257998, 52.430204140401898 ], [ -2.17648315747155, 52.454821846597 ], [ -2.16741962532073, 52.471541097484199 ], [ -2.19194273238093, 52.503450733549897 ], [ -2.1442106820995, 52.5170740576349 ], [ -2.15221000603085, 52.525696072791497 ], [ -2.13558727620906, 52.534460936521398 ], [ -2.13348672789088, 52.554066663040501 ], [ -2.12145369207196, 52.5569349873915 ], [ -2.10824437895226, 52.543944879749603 ], [ -2.07987656607507, 52.557065521898402 ], [ -2.07394205771191, 52.5498796740698 ] ] ] } },
{ "type": "Feature", "properties": { "FID": 254, "LAD24CD": "E08000028", "LAD24NM": "Sandwell", "LAD24NMW": " ", "BNG_E": 399573, "BNG_N": 290764, "LONG": -2.00771, "LAT": 52.5148, "GlobalID": "d7288a51-76a8-4c17-8ca5-c64b04c72f7a", "LAD24CD_1": "E08000028", "LAD24NM_1": "Sandwell", "RUC21CD": "UUN", "RUC21NM": "Urban: Majority nearer to a major town or city", "Urban_rura": "Urban", "Shape_Leng": 48305.217, "Shape__Area": 85221028.995033264, "Shape__Length": 48305.217000001394 }, "geometry": { "type": "Polygon", "coordinates": [ [ [ -1.91815749708244, 52.5473065293844 ], [ -1.93314991922693, 52.545812812130102 ], [ -1.92944518787316, 52.531306739442201 ], [ -1.96198143019223, 52.528415719799398 ], [ -1.96302485370939, 52.504897309688602 ], [ -1.93813215324312, 52.498424754796801 ], [ -1.95077702386458, 52.483246661359303 ], [ -1.96400703683339, 52.4819856930242 ], [ -1.97789677393305, 52.467165475651697 ], [ -2.01324348263751, 52.462190789470199 ], [ -2.02274923685235, 52.480551404615099 ], [ -2.05901666622542, 52.461975349834503 ], [ -2.09709041517253, 52.4683948191879 ], [ -2.0643228987227, 52.487168984409799 ], [ -2.0572576082469, 52.512271474390602 ], [ -2.07959040786026, 52.5240847816357 ], [ -2.07394205771191, 52.5498796740698 ], [ -2.05098246778017, 52.552729114373399 ], [ -2.01097848483523, 52.569065334444801 ], [ -1.97549655588075, 52.555560404633603 ], [ -1.96414344608535, 52.563226771291902 ], [ -1.95106861813868, 52.5568330602228 ], [ -1.93392727461876, 52.560034172564499 ], [ -1.91815749708244, 52.5473065293844 ] ] ] } },
{ "type": "Feature", "properties": { "FID": 255, "LAD24CD": "E08000029", "LAD24NM": "Solihull", "LAD24NMW": " ", "BNG_E": 419434, "BNG_N": 281483, "LONG": -1.71558, "LAT": 52.431, "GlobalID": "827c327b-99fb-434a-afdb-80dabfafaf37", "LAD24CD_1": "E08000029", "LAD24NM_1": "Solihull", "RUC21CD": "UUN", "RUC21NM": "Urban: Majority nearer to a major town or city", "Urban_rura": "Urban", "Shape_Leng": 82679.630326900005, "Shape__Area": 177581790.7794342, "Shape__Length": 82679.630326934799 }, "geometry": { "type": "Polygon", "coordinates": [ [ [ -1.59548725924308, 52.4559197581506 ], [ -1.59522861041217, 52.439926415004301 ], [ -1.60827084648276, 52.4388409739921 ], [ -1.61445000065458, 52.427967998816001 ], [ -1.60217550224297, 52.416057014638596 ], [ -1.60106738247379, 52.389299484647303 ], [ -1.62250698532454, 52.366164430422003 ], [ -1.64841803963759, 52.3567433955876 ], [ -1.66088809306568, 52.365670105668201 ], [ -1.68433734679143, 52.363146270469599 ], [ -1.69388500073929, 52.351013356302197 ], [ -1.7185353656547, 52.355817852513802 ], [ -1.72047128876548, 52.372568223494397 ], [ -1.73523358502696, 52.3700624092209 ], [ -1.7459260666355, 52.354876976482799 ], [ -1.77961371235848, 52.364276186013399 ], [ -1.77579036258067, 52.347965250888301 ], [ -1.80780141734951, 52.366608001761797 ], [ -1.87202017377615, 52.367609005230896 ], [ -1.84549830963187, 52.399782214477398 ], [ -1.86876745689888, 52.404711906543596 ], [ -1.86664513342295, 52.411045314349401 ], [ -1.84449615918718, 52.410252639072198 ], [ -1.83464356060036, 52.417433280305602 ], [ -1.80031736681895, 52.458297577609201 ], [ -1.77914629442649, 52.450154615263699 ], [ -1.75960051292333, 52.4519109576989 ], [ -1.75578291862516, 52.4994801089858 ], [ -1.7994466173531, 52.504293229018401 ], [ -1.75351881384396, 52.5129615055519 ], [ -1.67715419118533, 52.436356626342402 ], [ -1.66658594082774, 52.435471565602903 ], [ -1.66228667335888, 52.444299323513498 ], [ -1.64159005921899, 52.4432713590923 ], [ -1.62445220517117, 52.463538670904903 ], [ -1.59548725924308, 52.4559197581506 ] ] ] } },
{ "type": "Feature", "properties": { "FID": 256, "LAD24CD": "E08000030", "LAD24NM": "Walsall", "LAD24NMW": " ", "BNG_E": 402099, "BNG_N": 300807, "LONG": -1.97043, "LAT": 52.605, "GlobalID": "fc2e6aa3-3f70-4e9d-a1ca-885a60638153", "LAD24CD_1": "E08000030", "LAD24NM_1": "Walsall", "RUC21CD": "UUN", "RUC21NM": "Urban: Majority nearer to a major town or city", "Urban_rura": "Urban", "Shape_Leng": 49852.8697484, "Shape__Area": 104037236.4500351, "Shape__Length": 49852.869748356243 }, "geometry": { "type": "Polygon", "coordinates": [ [ [ -1.87256445035415, 52.584944694866898 ], [ -1.87871599452266, 52.569434374358799 ], [ -1.91815749708244, 52.5473065293844 ], [ -1.93392727461876, 52.560034172564499 ], [ -1.95106861813868, 52.5568330602228 ], [ -1.96414344608535, 52.563226771291902 ], [ -1.97549655588075, 52.555560404633603 ], [ -2.01097848483523, 52.569065334444801 ], [ -2.05098246778017, 52.552729114373399 ], [ -2.06195257793633, 52.558249058379801 ], [ -2.05002212961767, 52.572140542339199 ], [ -2.07782393325462, 52.586060467767403 ], [ -2.05459907538167, 52.600847564452202 ], [ -2.05071786918317, 52.620522679672497 ], [ -2.03017319713815, 52.616953662092598 ], [ -2.02953294734342, 52.625639838595397 ], [ -1.98655031223884, 52.640409277330399 ], [ -1.96096309818208, 52.642814676236902 ], [ -1.95461260583226, 52.662683433225801 ], [ -1.94544608874089, 52.656325690603403 ], [ -1.93366343195041, 52.661586485039798 ], [ -1.91087797950224, 52.656500775561703 ], [ -1.91812069842629, 52.649950971637097 ], [ -1.90508380548937, 52.643207556544397 ], [ -1.91598526501652, 52.635285780959002 ], [ -1.88599897186694, 52.615378786996402 ], [ -1.8922660164266, 52.599151927121198 ], [ -1.87256445035415, 52.584944694866898 ] ] ] } },
{ "type": "Feature", "properties": { "FID": 257, "LAD24CD": "E08000031", "LAD24NM": "Wolverhampton", "LAD24NMW": " ", "BNG_E": 391463, "BNG_N": 300016, "LONG": -2.12746, "LAT": 52.5979, "GlobalID": "c2bcab19-c99d-4030-bfaf-41bbefec412a", "LAD24CD_1": "E08000031", "LAD24NM_1": "Wolverhampton", "RUC21CD": "UUN", "RUC21NM": "Urban: Majority nearer to a major town or city", "Urban_rura": "Urban", "Shape_Leng": 41129.972371700002, "Shape__Area": 69461850.061714172, "Shape__Length": 41129.97237169624 }, "geometry": { "type": "Polygon", "coordinates": [ [ [ -2.05071786918317, 52.620522679672497 ], [ -2.05459907538167, 52.600847564452202 ], [ -2.07782393325462, 52.586060467767403 ], [ -2.05002212961767, 52.572140542339199 ], [ -2.06195257793633, 52.558249058379801 ], [ -2.05098246778017, 52.552729114373399 ], [ -2.07394205771191, 52.5498796740698 ], [ -2.07987656607507, 52.557065521898402 ], [ -2.10824437895226, 52.543944879749603 ], [ -2.12145369207196, 52.5569349873915 ], [ -2.13348672789088, 52.554066663040501 ], [ -2.1755346715768, 52.554407131335097 ], [ -2.18033702695604, 52.574504936131703 ], [ -2.20670101056387, 52.585116535155201 ], [ -2.18918611805601, 52.588775084727502 ], [ -2.19639726168784, 52.606615365680099 ], [ -2.16915726306372, 52.609338360747202 ], [ -2.16835061769236, 52.6199896632505 ], [ -2.13164409782653, 52.637623081968997 ], [ -2.10124106052418, 52.635053361975203 ], [ -2.08100174127972, 52.611904978842297 ], [ -2.05071786918317, 52.620522679672497 ] ] ] } },
{ "type": "Feature", "properties": { "FID": 258, "LAD24CD": "E08000032", "LAD24NM": "Bradford", "LAD24NMW": " ", "BNG_E": 408395, "BNG_N": 438626, "LONG": -1.87389, "LAT": 53.8438, "GlobalID": "792654e7-438c-41b3-b7ba-80680ddcac08", "LAD24CD_1": "E08000032", "LAD24NM_1": "Bradford", "RUC21CD": "UUN", "RUC21NM": "Urban: Majority nearer to a major town or city", "Urban_rura": "Urban", "Shape_Leng": 113378.35215200001, "Shape__Area": 369651683.84683228, "Shape__Length": 113378.35215194574 }, "geometry": { "type": "Polygon", "coordinates": [ [ [ -1.72721731903531, 53.910167245518402 ], [ -1.7320521227989, 53.895969951512399 ], [ -1.71706056028283, 53.892266161221897 ], [ -1.72542889664168, 53.885694436984103 ], [ -1.7563449226269, 53.8847039514825 ], [ -1.78746483055355, 53.8969004804677 ], [ -1.80042422664219, 53.885964564090997 ], [ -1.76051110244658, 53.863609028425202 ], [ -1.71528600995672, 53.866244562449403 ], [ -1.6950919532714, 53.8575379523609 ], [ -1.7119957394645, 53.783069767594398 ], [ -1.68227057161415, 53.786414914726002 ], [ -1.67423335807779, 53.780004779770699 ], [ -1.64040591340331, 53.779683703126203 ], [ -1.64956380563777, 53.768197922666701 ], [ -1.68162088419758, 53.7564689236224 ], [ -1.71443157386961, 53.762458139196703 ], [ -1.73376536725727, 53.746918338530698 ], [ -1.74722512348894, 53.746814207044203 ], [ -1.74590093133047, 53.734489839437799 ], [ -1.76090891409939, 53.734645414549902 ], [ -1.77008624312907, 53.726252341473803 ], [ -1.80936786794178, 53.764380704536798 ], [ -1.82783641987897, 53.763732679722899 ], [ -1.85545631955713, 53.748307952958299 ], [ -1.87265337279891, 53.754940881483599 ], [ -1.87340280610694, 53.778690405597402 ], [ -1.92817167079471, 53.787577014985402 ], [ -1.98084882466309, 53.786352987912203 ], [ -1.98676518647138, 53.796150614061901 ], [ -2.06122232901262, 53.825620214434103 ], [ -2.04692463706631, 53.829510281052301 ], [ -2.04613032171259, 53.850141245559598 ], [ -2.02175085543423, 53.871537508175003 ], [ -1.98019888373294, 53.871115401959898 ], [ -1.97941943031718, 53.901131997578901 ], [ -1.95241711483233, 53.903527523295402 ], [ -1.97686723160789, 53.926417766483397 ], [ -1.96307646765848, 53.933404213259202 ], [ -1.96618594335563, 53.951554964363297 ], [ -1.95065798396997, 53.956669571036301 ], [ -1.92797977690032, 53.950458844674003 ], [ -1.87951306390985, 53.962838624273502 ], [ -1.86061101903697, 53.932781241326602 ], [ -1.83616699057491, 53.931411418403897 ], [ -1.84773108570453, 53.940800712711997 ], [ -1.80508916329937, 53.939022668252001 ], [ -1.77597854946963, 53.921488367711902 ], [ -1.74562604180612, 53.923003762090097 ], [ -1.72721731903531, 53.910167245518402 ] ] ] } },
{ "type": "Feature", "properties": { "FID": 259, "LAD24CD": "E08000033", "LAD24NM": "Calderdale", "LAD24NMW": " ", "BNG_E": 402618, "BNG_N": 424895, "LONG": -1.9618, "LAT": 53.7205, "GlobalID": "d2a1e18d-ce3e-4c47-8adf-e9972efc746d", "LAD24CD_1": "E08000033", "LAD24NM_1": "Calderdale", "RUC21CD": "UUN", "RUC21NM": "Urban: Majority nearer to a major town or city", "Urban_rura": "Urban", "Shape_Leng": 94048.301010099996, "Shape__Area": 367612475.28312683, "Shape__Length": 94048.301010083713 }, "geometry": { "type": "Polygon", "coordinates": [ [ [ -1.77008624312907, 53.726252341473803 ], [ -1.75363679123141, 53.7258602583019 ], [ -1.73587108417812, 53.713242807889003 ], [ -1.7312828026626, 53.680372001564301 ], [ -1.74730180983464, 53.694594575421803 ], [ -1.8257242712751, 53.670256214019901 ], [ -1.85368284031579, 53.672537878840103 ], [ -1.8435662907843, 53.6661219118022 ], [ -1.89459856432409, 53.6454218104139 ], [ -1.93415227599983, 53.6483396113588 ], [ -1.97274372991519, 53.625773474254501 ], [ -2.00947078713106, 53.6167795102388 ], [ -2.02303595762586, 53.615839476008802 ], [ -2.02681574056412, 53.624167145205298 ], [ -2.05124217318775, 53.683691757746502 ], [ -2.09289023797517, 53.670161263454503 ], [ -2.1180850077117, 53.671245223262403 ], [ -2.13412727234523, 53.685734028175901 ], [ -2.14225755110277, 53.678005808064299 ], [ -2.14632807589576, 53.682231528549401 ], [ -2.17329132180093, 53.7230096460328 ], [ -2.13117443618115, 53.751544447476597 ], [ -2.13636274882185, 53.780104458625402 ], [ -2.12481550058915, 53.788055341597698 ], [ -2.12835851818789, 53.7990313029985 ], [ -2.11227899052983, 53.8057083882264 ], [ -2.06122232901262, 53.825620214434103 ], [ -1.98676518647138, 53.796150614061901 ], [ -1.98084882466309, 53.786352987912203 ], [ -1.92817167079471, 53.787577014985402 ], [ -1.87340280610694, 53.778690405597402 ], [ -1.87265337279891, 53.754940881483599 ], [ -1.85545631955713, 53.748307952958299 ], [ -1.82783641987897, 53.763732679722899 ], [ -1.80936786794178, 53.764380704536798 ], [ -1.77008624312907, 53.726252341473803 ] ] ] } },
{ "type": "Feature", "properties": { "FID": 260, "LAD24CD": "E08000034", "LAD24NM": "Kirklees", "LAD24NMW": " ", "BNG_E": 414586, "BNG_N": 416223, "LONG": -1.78085, "LAT": 53.6423, "GlobalID": "00eb65c9-cc0e-4a5a-908b-da803a1405a1", "LAD24CD_1": "E08000034", "LAD24NM_1": "Kirklees", "RUC21CD": "UUN", "RUC21NM": "Urban: Majority nearer to a major town or city", "Urban_rura": "Urban", "Shape_Leng": 106837.808517, "Shape__Area": 405306353.38589478, "Shape__Length": 106837.80851725233 }, "geometry": { "type": "Polygon", "coordinates": [ [ [ -1.68162088419758, 53.7564689236224 ], [ -1.65844402016115, 53.745457801121702 ], [ -1.63788191727483, 53.747728906638997 ], [ -1.62337162846243, 53.718546935510297 ], [ -1.59220422650418, 53.718536200056398 ], [ -1.57112226540619, 53.7064046037422 ], [ -1.59837596840081, 53.699780778835297 ], [ -1.60249939450877, 53.692171570735603 ], [ -1.59192004962801, 53.689334736838497 ], [ -1.61521688403456, 53.677581140290997 ], [ -1.59062606036591, 53.660663586161199 ], [ -1.62490150410721, 53.653642178610298 ], [ -1.61367561435389, 53.624573155292097 ], [ -1.58645325959614, 53.607174054668903 ], [ -1.58797836748171, 53.593486550052098 ], [ -1.60175211286839, 53.587758958955398 ], [ -1.59619871324849, 53.576986907417599 ], [ -1.61563188440644, 53.563028320882196 ], [ -1.64823447446973, 53.562195034479203 ], [ -1.66946580092353, 53.553227515446203 ], [ -1.7231775076069, 53.559926740620398 ], [ -1.74155538329141, 53.541070734156101 ], [ -1.77187711533163, 53.533852567200597 ], [ -1.80428301600162, 53.537013372576503 ], [ -1.82222878111984, 53.521090920901003 ], [ -1.84182082823365, 53.5199087793644 ], [ -1.87349262570415, 53.540429649917698 ], [ -1.89410949217379, 53.533611778399198 ], [ -1.90962083195551, 53.538390985645599 ], [ -1.9128846428011, 53.5516436140542 ], [ -1.94272585126694, 53.561641293210897 ], [ -2.00947078713106, 53.6167795102388 ], [ -1.97274372991519, 53.625773474254501 ], [ -1.93415227599983, 53.6483396113588 ], [ -1.89459856432409, 53.6454218104139 ], [ -1.8435662907843, 53.6661219118022 ], [ -1.85368284031579, 53.672537878840103 ], [ -1.8257242712751, 53.670256214019901 ], [ -1.74730180983464, 53.694594575421803 ], [ -1.7312828026626, 53.680372001564301 ], [ -1.73587108417812, 53.713242807889003 ], [ -1.75363679123141, 53.7258602583019 ], [ -1.77008624312907, 53.726252341473803 ], [ -1.76090891409939, 53.734645414549902 ], [ -1.74590093133047, 53.734489839437799 ], [ -1.74722512348894, 53.746814207044203 ], [ -1.73376536725727, 53.746918338530698 ], [ -1.71443157386961, 53.762458139196703 ], [ -1.68162088419758, 53.7564689236224 ] ] ] } },
{ "type": "Feature", "properties": { "FID": 261, "LAD24CD": "E08000035", "LAD24NM": "Leeds", "LAD24NMW": " ", "BNG_E": 432528, "BNG_N": 436384, "LONG": -1.50736, "LAT": 53.8227, "GlobalID": "f383f1a1-8cb0-44a2-80e8-f60c37800385", "LAD24CD_1": "E08000035", "LAD24NM_1": "Leeds", "RUC21CD": "UUN", "RUC21NM": "Urban: Majority nearer to a major town or city", "Urban_rura": "Urban", "Shape_Leng": 133852.55658199999, "Shape__Area": 550640034.86512756, "Shape__Length": 133852.55658200951 }, "geometry": { "type": "Polygon", "coordinates": [ [ [ -1.30196724055708, 53.741672216363199 ], [ -1.39967527899895, 53.719324014197198 ], [ -1.44314942704306, 53.728226598054903 ], [ -1.48829823391603, 53.727756991153498 ], [ -1.49572802686815, 53.722308424731096 ], [ -1.5103956286997, 53.729690109294303 ], [ -1.55932285722572, 53.698983709892403 ], [ -1.57112226540619, 53.7064046037422 ], [ -1.59220422650418, 53.718536200056398 ], [ -1.62337162846243, 53.718546935510297 ], [ -1.63788191727483, 53.747728906638997 ], [ -1.65844402016115, 53.745457801121702 ], [ -1.68162088419758, 53.7564689236224 ], [ -1.64956380563777, 53.768197922666701 ], [ -1.64040591340331, 53.779683703126203 ], [ -1.67423335807779, 53.780004779770699 ], [ -1.68227057161415, 53.786414914726002 ], [ -1.7119957394645, 53.783069767594398 ], [ -1.6950919532714, 53.8575379523609 ], [ -1.71528600995672, 53.866244562449403 ], [ -1.76051110244658, 53.863609028425202 ], [ -1.80042422664219, 53.885964564090997 ], [ -1.78746483055355, 53.8969004804677 ], [ -1.7563449226269, 53.8847039514825 ], [ -1.72542889664168, 53.885694436984103 ], [ -1.71706056028283, 53.892266161221897 ], [ -1.7320521227989, 53.895969951512399 ], [ -1.72721731903531, 53.910167245518402 ], [ -1.71796986402232, 53.908531005218798 ], [ -1.70708308020122, 53.919131255094499 ], [ -1.68462724326052, 53.910588090273897 ], [ -1.65508298511049, 53.912484298062701 ], [ -1.65172654586808, 53.905638857229199 ], [ -1.62065920104965, 53.903386989829102 ], [ -1.599388174075, 53.9096751520472 ], [ -1.58792488986376, 53.9012915421362 ], [ -1.58361500128836, 53.909277404132503 ], [ -1.5518811444059, 53.902958460517702 ], [ -1.54879322245249, 53.910913838194098 ], [ -1.49878116161895, 53.915306938680601 ], [ -1.46293086327229, 53.905896618378399 ], [ -1.43299734465415, 53.910805182567699 ], [ -1.43260133613277, 53.927236604494801 ], [ -1.40670956648195, 53.927849707719602 ], [ -1.39718249968378, 53.942535171455901 ], [ -1.34040516519185, 53.945888187131899 ], [ -1.34470601313736, 53.939498979491098 ], [ -1.30713408561422, 53.934536271493101 ], [ -1.30889461278843, 53.924039771743097 ], [ -1.29408489805138, 53.926914022889001 ], [ -1.30735579340276, 53.921150217881298 ], [ -1.29720289653827, 53.921637792466399 ], [ -1.30045310633845, 53.907519514580798 ], [ -1.32183217384471, 53.902876036630701 ], [ -1.31237643321928, 53.865682402443902 ], [ -1.3529698771545, 53.856750751111598 ], [ -1.32655713555967, 53.840423429428697 ], [ -1.33609674496188, 53.8335897524898 ], [ -1.30362345902206, 53.816535989352097 ], [ -1.31487208408644, 53.809557413950003 ], [ -1.31381045925485, 53.781555749199597 ], [ -1.29038607043323, 53.763194461360001 ], [ -1.29494200882328, 53.755462832673899 ], [ -1.31223876959692, 53.755888504317198 ], [ -1.31535678189555, 53.743680702316098 ], [ -1.30196724055708, 53.741672216363199 ] ] ] } },
{ "type": "Feature", "properties": { "FID": 262, "LAD24CD": "E08000036", "LAD24NM": "Wakefield", "LAD24NMW": " ", "BNG_E": 438367, "BNG_N": 418231, "LONG": -1.42091, "LAT": 53.6592, "GlobalID": "39e643b3-92fe-42c1-ae2c-60069455f172", "LAD24CD_1": "E08000036", "LAD24NM_1": "Wakefield", "RUC21CD": "UUN", "RUC21NM": "Urban: Majority nearer to a major town or city", "Urban_rura": "Urban", "Shape_Leng": 90463.302835399998, "Shape__Area": 337240885.68963623, "Shape__Length": 90463.302835390466 }, "geometry": { "type": "Polygon", "coordinates": [ [ [ -1.23284427243353, 53.6211122455192 ], [ -1.22791199943292, 53.617330408556597 ], [ -1.24824986714938, 53.616353283800898 ], [ -1.25802813621318, 53.5919974489371 ], [ -1.28824945731244, 53.580732386238701 ], [ -1.3078197080881, 53.575366969862898 ], [ -1.34873341137308, 53.583347629157402 ], [ -1.37670296002844, 53.606478417900497 ], [ -1.4003598366971, 53.598671021432203 ], [ -1.44763061376209, 53.612738819782201 ], [ -1.48370858443037, 53.5948687907118 ], [ -1.49511957803327, 53.6031902320806 ], [ -1.49656246300737, 53.597373748855901 ], [ -1.51867106657984, 53.599719295779103 ], [ -1.53078144404236, 53.593129379023999 ], [ -1.56045276872154, 53.607551794772597 ], [ -1.58645325959614, 53.607174054668903 ], [ -1.61367561435389, 53.624573155292097 ], [ -1.62490150410721, 53.653642178610298 ], [ -1.59062606036591, 53.660663586161199 ], [ -1.61521688403456, 53.677581140290997 ], [ -1.59192004962801, 53.689334736838497 ], [ -1.60249939450877, 53.692171570735603 ], [ -1.59837596840081, 53.699780778835297 ], [ -1.57112226540619, 53.7064046037422 ], [ -1.55932285722572, 53.698983709892403 ], [ -1.5103956286997, 53.729690109294303 ], [ -1.49572802686815, 53.722308424731096 ], [ -1.48829823391603, 53.727756991153498 ], [ -1.44314942704306, 53.728226598054903 ], [ -1.39967527899895, 53.719324014197198 ], [ -1.30196724055708, 53.741672216363199 ], [ -1.2687022564653, 53.714980369896999 ], [ -1.22940808376884, 53.714889977592797 ], [ -1.22632884303256, 53.709867809750001 ], [ -1.21981187384993, 53.714419016833901 ], [ -1.19876646275588, 53.700714605363501 ], [ -1.19906068308451, 53.694894716906099 ], [ -1.24442802583222, 53.692468957760902 ], [ -1.25547556487338, 53.645418264197403 ], [ -1.23284427243353, 53.6211122455192 ] ] ] } },
{ "type": "Feature", "properties": { "FID": 263, "LAD24CD": "E08000037", "LAD24NM": "Gateshead", "LAD24NMW": " ", "BNG_E": 420158, "BNG_N": 559652, "LONG": -1.68696, "LAT": 54.9311, "GlobalID": "0e926b04-e56f-41eb-bfd4-05282d56c626", "LAD24CD_1": "E08000037", "LAD24NM_1": "Gateshead", "RUC21CD": "UUN", "RUC21NM": "Urban: Majority nearer to a major town or city", "Urban_rura": "Urban", "Shape_Leng": 67924.729307899994, "Shape__Area": 147502596.14932251, "Shape__Length": 67924.729307903282 }, "geometry": { "type": "Polygon", "coordinates": [ [ [ -1.76948002257309, 54.980946808800397 ], [ -1.74627859673549, 54.981586358981197 ], [ -1.71955422512026, 54.967466712558704 ], [ -1.70155584726857, 54.970844146399898 ], [ -1.6400739876474, 54.959265669081397 ], [ -1.59433261330954, 54.970605399094303 ], [ -1.55388177614905, 54.959084884984399 ], [ -1.53552528994903, 54.9652348438945 ], [ -1.51532982678574, 54.957349802470098 ], [ -1.51121751654077, 54.931665877563802 ], [ -1.56889133560984, 54.924624797941398 ], [ -1.55708031451973, 54.909211252741102 ], [ -1.55942719513736, 54.882000489940602 ], [ -1.57990946563576, 54.877770147902297 ], [ -1.59422138886645, 54.902000415194799 ], [ -1.65055954794471, 54.879323553256697 ], [ -1.64931878603612, 54.892987311576498 ], [ -1.67557639645876, 54.898096853788701 ], [ -1.6747777845835, 54.909560144331799 ], [ -1.69168984097383, 54.902597603273698 ], [ -1.69848150976366, 54.909045501998001 ], [ -1.72492282931812, 54.908844550082399 ], [ -1.73611952843859, 54.918557822760697 ], [ -1.7687448779223, 54.9067261179705 ], [ -1.78163702129734, 54.9115565985377 ], [ -1.79452230430584, 54.903574123416803 ], [ -1.82063707341034, 54.905771086171299 ], [ -1.85272134451354, 54.917413538954797 ], [ -1.84114925719419, 54.9297254834825 ], [ -1.82693347994531, 54.930286467706097 ], [ -1.83363253744904, 54.953333332701298 ], [ -1.81280740471121, 54.976285568083398 ], [ -1.78851501661457, 54.984267362741399 ], [ -1.76948002257309, 54.980946808800397 ] ] ] } },
{ "type": "Feature", "properties": { "FID": 264, "LAD24CD": "E09000001", "LAD24NM": "City of London", "LAD24NMW": " ", "BNG_E": 532382, "BNG_N": 181358, "LONG": -0.09351, "LAT": 51.5156, "GlobalID": "1c2872aa-58a4-4648-b66a-2040b247183d", "LAD24CD_1": "E09000001", "LAD24NM_1": "City of London", "RUC21CD": "UUN", "RUC21NM": "Urban: Majority nearer to a major town or city", "Urban_rura": "Urban", "Shape_Leng": 6902.14934515, "Shape__Area": 2677107.4968414307, "Shape__Length": 6902.1493451546739 }, "geometry": { "type": "Polygon", "coordinates": [ [ [ -0.080182948054445, 51.5068722649455 ], [ -0.109174000436823, 51.509874369079299 ], [ -0.111444375072681, 51.509774698656102 ], [ -0.111567824442113, 51.515335029083097 ], [ -0.105290341558648, 51.518554857832299 ], [ -0.085232645096576, 51.520348396265902 ], [ -0.078529105704302, 51.521511917961497 ], [ -0.080182948054445, 51.5068722649455 ] ] ] } },
{ "type": "Feature", "properties": { "FID": 265, "LAD24CD": "E09000002", "LAD24NM": "Barking and Dagenham", "LAD24NMW": " ", "BNG_E": 547757, "BNG_N": 185111, "LONG": 0.129479, "LAT": 51.5456, "GlobalID": "43a3d128-e49c-4c54-a13c-b7cd1466cc12", "LAD24CD_1": "E09000002", "LAD24NM_1": "Barking and Dagenham", "RUC21CD": "UUN", "RUC21NM": "Urban: Majority nearer to a major town or city", "Urban_rura": "Urban", "Shape_Leng": 31246.909200099999, "Shape__Area": 36356924.030548096, "Shape__Length": 31246.909200134658 }, "geometry": { "type": "Polygon", "coordinates": [ [ [ 0.16011671259232, 51.511780957095603 ], [ 0.158741163472628, 51.512265424911597 ], [ 0.126869821122681, 51.519567160526599 ], [ 0.098144612347847, 51.514958227276203 ], [ 0.098120894043972, 51.5149478077319 ], [ 0.092601548169419, 51.525697996326201 ], [ 0.07274547622173, 51.529274736874697 ], [ 0.068361694633867, 51.5443903891844 ], [ 0.093519764473527, 51.545857893450098 ], [ 0.118901016628217, 51.557370990102903 ], [ 0.131578541181193, 51.571824371111902 ], [ 0.126386612488677, 51.586725220138398 ], [ 0.14820590165784, 51.598968464245701 ], [ 0.146703647684621, 51.568796633310299 ], [ 0.161893735700278, 51.561616872887903 ], [ 0.185180463309676, 51.565513081713803 ], [ 0.190222134044087, 51.552652396133901 ], [ 0.16011671259232, 51.511780957095603 ] ] ] } },
{ "type": "Feature", "properties": { "FID": 266, "LAD24CD": "E09000003", "LAD24NM": "Barnet", "LAD24NMW": " ", "BNG_E": 523473, "BNG_N": 191752, "LONG": -0.21819, "LAT": 51.6111, "GlobalID": "7ee3a825-544d-42bf-aef9-a1f871d68dba", "LAD24CD_1": "E09000003", "LAD24NM_1": "Barnet", "RUC21CD": "UUN", "RUC21NM": "Urban: Majority nearer to a major town or city", "Urban_rura": "Urban", "Shape_Leng": 41943.158454199998, "Shape__Area": 86665152.187759399, "Shape__Length": 41943.15845416818 }, "geometry": { "type": "Polygon", "coordinates": [ [ [ -0.181960815257973, 51.668683194697898 ], [ -0.185893323219588, 51.662845344674302 ], [ -0.154731838818758, 51.6555451442674 ], [ -0.129093931888576, 51.632265448032001 ], [ -0.144495116086128, 51.615509011622201 ], [ -0.13870599645949, 51.610185786251698 ], [ -0.151330701481231, 51.597471099047503 ], [ -0.156483326473497, 51.605324577048002 ], [ -0.157130981863992, 51.586191394333902 ], [ -0.17123183297214, 51.572418250553497 ], [ -0.213486677002519, 51.5551909320072 ], [ -0.233417227576263, 51.571982957502797 ], [ -0.251130244193254, 51.570283871610499 ], [ -0.248234179694855, 51.584313731365 ], [ -0.267113115479641, 51.600371967666298 ], [ -0.304449971011893, 51.636348719248197 ], [ -0.25736482156208, 51.6418210814576 ], [ -0.250582589477333, 51.6560573513569 ], [ -0.212135030723747, 51.6613535274521 ], [ -0.203352928676407, 51.670126498057698 ], [ -0.191066699360921, 51.663896704406298 ], [ -0.181960815257973, 51.668683194697898 ] ] ] } },
{ "type": "Feature", "properties": { "FID": 267, "LAD24CD": "E09000004", "LAD24NM": "Bexley", "LAD24NMW": " ", "BNG_E": 549202, "BNG_N": 175434, "LONG": 0.146212, "LAT": 51.4582, "GlobalID": "8c8558d5-7178-4269-80ef-e6cb7fc69748", "LAD24CD_1": "E09000004", "LAD24NM_1": "Bexley", "RUC21CD": "UUN", "RUC21NM": "Urban: Majority nearer to a major town or city", "Urban_rura": "Urban", "Shape_Leng": 36630.841604300003, "Shape__Area": 61714413.575172424, "Shape__Length": 36630.841604335852 }, "geometry": { "type": "Polygon", "coordinates": [ [ [ 0.162513688689931, 51.504796290537797 ], [ 0.168813601248937, 51.499362145112499 ], [ 0.169215771233888, 51.498864999572298 ], [ 0.183617006203287, 51.481055159616901 ], [ 0.217618086706926, 51.480474717726402 ], [ 0.221177283091669, 51.478799602006703 ], [ 0.203374621646498, 51.454315457991399 ], [ 0.172844869107023, 51.443287150899202 ], [ 0.164328170821928, 51.428584960395 ], [ 0.155875040956964, 51.430876582321801 ], [ 0.152932433172376, 51.408708481376301 ], [ 0.148869410494427, 51.4084291280153 ], [ 0.107022545170679, 51.414264364161298 ], [ 0.075360212261282, 51.431986651297201 ], [ 0.087426753747751, 51.443284342424398 ], [ 0.08231307420876, 51.466641314527202 ], [ 0.098244270803385, 51.475452420291603 ], [ 0.124191087369442, 51.476849018550801 ], [ 0.118676522859303, 51.5113165978631 ], [ 0.120233982272896, 51.511450801646099 ], [ 0.162513688689931, 51.504796290537797 ] ] ] } },
{ "type": "Feature", "properties": { "FID": 268, "LAD24CD": "E09000005", "LAD24NM": "Brent", "LAD24NMW": " ", "BNG_E": 519615, "BNG_N": 186465, "LONG": -0.27568, "LAT": 51.5644, "GlobalID": "59b8baef-4d87-44d1-b638-8171f84bb971", "LAD24CD_1": "E09000005", "LAD24NM_1": "Brent", "RUC21CD": "UUN", "RUC21NM": "Urban: Majority nearer to a major town or city", "Urban_rura": "Urban", "Shape_Leng": 33216.356826499999, "Shape__Area": 44179370.118408203, "Shape__Length": 33216.35682652644 }, "geometry": { "type": "Polygon", "coordinates": [ [ [ -0.213486677002519, 51.5551909320072 ], [ -0.191467608561554, 51.536292358151599 ], [ -0.196479321959949, 51.527638635643697 ], [ -0.205142405490973, 51.532955900780102 ], [ -0.216020723983129, 51.527920360248999 ], [ -0.228440758153743, 51.530319156284797 ], [ -0.246281570983423, 51.532737509428699 ], [ -0.284241047709167, 51.528912594911603 ], [ -0.282457376588103, 51.538648675970997 ], [ -0.307453582279767, 51.533087057954702 ], [ -0.307735039440404, 51.545878814910203 ], [ -0.335555531666752, 51.556556899124701 ], [ -0.322148244821014, 51.5696770562365 ], [ -0.326642146067183, 51.578775146365203 ], [ -0.304696795432772, 51.587052552390901 ], [ -0.282465247610045, 51.585034966445903 ], [ -0.290405901610672, 51.593543800845197 ], [ -0.267113115479641, 51.600371967666298 ], [ -0.248234179694855, 51.584313731365 ], [ -0.251130244193254, 51.570283871610499 ], [ -0.233417227576263, 51.571982957502797 ], [ -0.213486677002519, 51.5551909320072 ] ] ] } },
{ "type": "Feature", "properties": { "FID": 269, "LAD24CD": "E09000006", "LAD24NM": "Bromley", "LAD24NMW": " ", "BNG_E": 542036, "BNG_N": 165707, "LONG": 0.039246, "LAT": 51.3727, "GlobalID": "3b50bbd6-19b9-4252-8515-3d07f7a7c9f4", "LAD24CD_1": "E09000006", "LAD24NM_1": "Bromley", "RUC21CD": "UUN", "RUC21NM": "Urban: Majority nearer to a major town or city", "Urban_rura": "Urban", "Shape_Leng": 63023.107189000002, "Shape__Area": 150200354.49450684, "Shape__Length": 63023.107188981608 }, "geometry": { "type": "Polygon", "coordinates": [ [ [ 0.075360212261282, 51.431986651297201 ], [ 0.107022545170679, 51.414264364161298 ], [ 0.148869410494427, 51.4084291280153 ], [ 0.162384150043184, 51.392490302023297 ], [ 0.147741030714359, 51.392801001808799 ], [ 0.152057738933261, 51.369693704694498 ], [ 0.136958108456318, 51.344174604881204 ], [ 0.118456303441167, 51.344147782327603 ], [ 0.117900333226097, 51.329647100025099 ], [ 0.085029299988601, 51.316023204369401 ], [ 0.085693083414603, 51.293084226556502 ], [ 0.042396497430127, 51.292673046721397 ], [ 0.032909417932232, 51.307520910580202 ], [ 0.015009378467909, 51.291786069142603 ], [ 0.002255311924003, 51.329134834114399 ], [ -0.026766570121141, 51.379375934497602 ], [ -0.036902864195052, 51.377016903217502 ], [ -0.036523498687031, 51.388431536509998 ], [ -0.068201525556868, 51.403488309907601 ], [ -0.078557367172468, 51.4198742113104 ], [ -0.078287681880069, 51.4206047134332 ], [ -0.073907270099848, 51.426212923051899 ], [ -0.030215896380044, 51.425682789675797 ], [ -0.010312080263417, 51.413577793119202 ], [ 0.025458977328269, 51.4289732417637 ], [ 0.036276023931694, 51.422418460994798 ], [ 0.02937881550058, 51.441705418829997 ], [ 0.061705411141948, 51.423700369928802 ], [ 0.075360212261282, 51.431986651297201 ] ] ] } },
{ "type": "Feature", "properties": { "FID": 270, "LAD24CD": "E09000007", "LAD24NM": "Camden", "LAD24NMW": " ", "BNG_E": 527491, "BNG_N": 184283, "LONG": -0.16291, "LAT": 51.543, "GlobalID": "b377b1db-f820-4797-897c-dd123af76974", "LAD24CD_1": "E09000007", "LAD24NM_1": "Camden", "RUC21CD": "UUN", "RUC21NM": "Urban: Majority nearer to a major town or city", "Urban_rura": "Urban", "Shape_Leng": 22059.470411900002, "Shape__Area": 21269432.246589661, "Shape__Length": 22059.470411923721 }, "geometry": { "type": "Polygon", "coordinates": [ [ [ -0.14239561120072, 51.569106001966802 ], [ -0.122563726204788, 51.530753113421198 ], [ -0.105290341558648, 51.518554857832299 ], [ -0.111567824442113, 51.515335029083097 ], [ -0.129335251259481, 51.513472705153603 ], [ -0.152684835329384, 51.537510753078202 ], [ -0.191467608561554, 51.536292358151599 ], [ -0.213486677002519, 51.5551909320072 ], [ -0.17123183297214, 51.572418250553497 ], [ -0.14239561120072, 51.569106001966802 ] ] ] } },
{ "type": "Feature", "properties": { "FID": 271, "LAD24CD": "E09000008", "LAD24NM": "Croydon", "LAD24NMW": " ", "BNG_E": 533922, "BNG_N": 164745, "LONG": -0.07761, "LAT": 51.366, "GlobalID": "793e8c64-9483-4c95-9094-e8a3cc11b5d1", "LAD24CD_1": "E09000008", "LAD24NM_1": "Croydon", "RUC21CD": "UUN", "RUC21NM": "Urban: Majority nearer to a major town or city", "Urban_rura": "Urban", "Shape_Leng": 46711.535870899999, "Shape__Area": 85955790.789634705, "Shape__Length": 46711.535870876018 }, "geometry": { "type": "Polygon", "coordinates": [ [ [ -0.078557367172468, 51.4198742113104 ], [ -0.068201525556868, 51.403488309907601 ], [ -0.036523498687031, 51.388431536509998 ], [ -0.036902864195052, 51.377016903217502 ], [ -0.026766570121141, 51.379375934497602 ], [ 0.002255311924003, 51.329134834114399 ], [ -0.03792008544979, 51.338724743293199 ], [ -0.051307224761096, 51.322452276556497 ], [ -0.07891302057719, 51.319769938729799 ], [ -0.09122374186729, 51.301475229057303 ], [ -0.124301850029936, 51.286790403161099 ], [ -0.137245888383678, 51.300763842138998 ], [ -0.155317700345265, 51.301274393746603 ], [ -0.156523624561657, 51.321485286251999 ], [ -0.14557670392873, 51.323492954078297 ], [ -0.144576133845834, 51.342087665178198 ], [ -0.116842029977448, 51.345762859090399 ], [ -0.134321993903791, 51.390847066178303 ], [ -0.124139637510634, 51.397609567957097 ], [ -0.127724902236922, 51.412316330601598 ], [ -0.112631773723551, 51.423244268600399 ], [ -0.078557367172468, 51.4198742113104 ] ] ] } },
{ "type": "Feature", "properties": { "FID": 272, "LAD24CD": "E09000009", "LAD24NM": "Ealing", "LAD24NMW": " ", "BNG_E": 517055, "BNG_N": 181959, "LONG": -0.3141, "LAT": 51.5244, "GlobalID": "056c7265-5787-484d-a4be-6a13cd756f43", "LAD24CD_1": "E09000009", "LAD24NM_1": "Ealing", "RUC21CD": "UUN", "RUC21NM": "Urban: Majority nearer to a major town or city", "Urban_rura": "Urban", "Shape_Leng": 39296.863232399999, "Shape__Area": 54703293.500495911, "Shape__Length": 39296.86323243675 }, "geometry": { "type": "Polygon", "coordinates": [ [ [ -0.246281570983423, 51.532737509428699 ], [ -0.253040909966186, 51.501422334223903 ], [ -0.267676633366511, 51.4939192512037 ], [ -0.280772402092, 51.502847527375302 ], [ -0.294015372580519, 51.501559326151401 ], [ -0.311911168808834, 51.491971457659197 ], [ -0.350619148399036, 51.499106657078102 ], [ -0.371851047191365, 51.490476154912798 ], [ -0.406918399587474, 51.499666397135996 ], [ -0.3761902207783, 51.5288173306636 ], [ -0.419452371528133, 51.540332325485799 ], [ -0.395285532006663, 51.542551632821201 ], [ -0.398706173814887, 51.547897359714497 ], [ -0.377843376019978, 51.554977063510201 ], [ -0.335555531666752, 51.556556899124701 ], [ -0.307735039440404, 51.545878814910203 ], [ -0.307453582279767, 51.533087057954702 ], [ -0.282457376588103, 51.538648675970997 ], [ -0.284241047709167, 51.528912594911603 ], [ -0.246281570983423, 51.532737509428699 ] ] ] } },
{ "type": "Feature", "properties": { "FID": 273, "LAD24CD": "E09000010", "LAD24NM": "Enfield", "LAD24NMW": " ", "BNG_E": 532831, "BNG_N": 196198, "LONG": -0.08144, "LAT": 51.6489, "GlobalID": "df203a8b-9b20-40f1-90f7-e42b5fc7803f", "LAD24CD_1": "E09000010", "LAD24NM_1": "Enfield", "RUC21CD": "UUN", "RUC21NM": "Urban: Majority nearer to a major town or city", "Urban_rura": "Urban", "Shape_Leng": 37695.486839899997, "Shape__Area": 83007482.297195435, "Shape__Length": 37695.486839901016 }, "geometry": { "type": "Polygon", "coordinates": [ [ [ -0.011918675972722, 51.6808778146614 ], [ -0.012259687054712, 51.646228696271898 ], [ -0.041390716789704, 51.605646784415903 ], [ -0.13870599645949, 51.610185786251698 ], [ -0.144495116086128, 51.615509011622201 ], [ -0.129093931888576, 51.632265448032001 ], [ -0.154731838818758, 51.6555451442674 ], [ -0.185893323219588, 51.662845344674302 ], [ -0.181960815257973, 51.668683194697898 ], [ -0.163493271974568, 51.688115078747799 ], [ -0.105779139838692, 51.691875644200699 ], [ -0.011918675972722, 51.6808778146614 ] ] ] } },
{ "type": "Feature", "properties": { "FID": 274, "LAD24CD": "E09000011", "LAD24NM": "Greenwich", "LAD24NMW": " ", "BNG_E": 542507, "BNG_N": 175878, "LONG": 0.050093, "LAT": 51.4639, "GlobalID": "ae897147-8870-49ae-99a5-0fd1f778b4bb", "LAD24CD_1": "E09000011", "LAD24NM_1": "Greenwich", "RUC21CD": "UUN", "RUC21NM": "Urban: Majority nearer to a major town or city", "Urban_rura": "Urban", "Shape_Leng": 37948.260036599997, "Shape__Area": 47350661.953529358, "Shape__Length": 37948.260036620079 }, "geometry": { "type": "MultiPolygon", "coordinates": [ [ [ [ -0.01708188383685, 51.4804048672828 ], [ -0.01956450173254, 51.478164948410097 ], [ -0.022015674436631, 51.483672098008498 ], [ -0.01708188383685, 51.4804048672828 ] ] ], [ [ [ -0.008484307377134, 51.487088896892402 ], [ -0.008561369478834, 51.486575579774303 ], [ -0.010687503007873, 51.487046760320702 ], [ -0.008484307377134, 51.487088896892402 ] ] ], [ [ [ 0.118676522859303, 51.5113165978631 ], [ 0.124191087369442, 51.476849018550801 ], [ 0.098244270803385, 51.475452420291603 ], [ 0.08231307420876, 51.466641314527202 ], [ 0.087426753747751, 51.443284342424398 ], [ 0.075360212261282, 51.431986651297201 ], [ 0.061705411141948, 51.423700369928802 ], [ 0.02937881550058, 51.441705418829997 ], [ 0.009962165688925, 51.459395037213902 ], [ 0.017962965802973, 51.473830033351803 ], [ -0.015061544957288, 51.468044431914798 ], [ -0.01915237721856, 51.477238878450599 ], [ 0.001970480426538, 51.488510926432703 ], [ 0.00148935785163, 51.501847909271198 ], [ 0.00140327036507, 51.504233823354703 ], [ 0.002002542077534, 51.504359626508403 ], [ 0.006900539940926, 51.501755377330703 ], [ 0.015465596038428, 51.4972002670265 ], [ 0.021572335482926, 51.4939516435443 ], [ 0.058030554201814, 51.4940485832307 ], [ 0.076677470975649, 51.495908101859001 ], [ 0.082016154670327, 51.500445315030099 ], [ 0.090811680098821, 51.507918222646197 ], [ 0.093560946446962, 51.5091495600266 ], [ 0.118676522859303, 51.5113165978631 ] ] ] ] } },
{ "type": "Feature", "properties": { "FID": 275, "LAD24CD": "E09000012", "LAD24NM": "Hackney", "LAD24NMW": " ", "BNG_E": 534560, "BNG_N": 185787, "LONG": -0.06045, "LAT": 51.5549, "GlobalID": "ddb44c04-5c7a-40d3-b0f9-9813de43bee4", "LAD24CD_1": "E09000012", "LAD24NM_1": "Hackney", "RUC21CD": "UUN", "RUC21NM": "Urban: Majority nearer to a major town or city", "Urban_rura": "Urban", "Shape_Leng": 21351.242593399998, "Shape__Area": 19832945.175834656, "Shape__Length": 21351.242593391253 }, "geometry": { "type": "Polygon", "coordinates": [ [ [ -0.017174335251558, 51.551577283719801 ], [ -0.016549676137034, 51.543329866782997 ], [ -0.062434445954616, 51.535532497537197 ], [ -0.078529105704302, 51.521511917961497 ], [ -0.085232645096576, 51.520348396265902 ], [ -0.097032336919264, 51.533003339418102 ], [ -0.076559086972201, 51.5478395014255 ], [ -0.104373934561655, 51.564766657584897 ], [ -0.097741752628111, 51.573623469155301 ], [ -0.061158572066501, 51.577786036197502 ], [ -0.047079099058099, 51.562592110487799 ], [ -0.028390534944039, 51.561020250037103 ], [ -0.017174335251558, 51.551577283719801 ] ] ] } },
{ "type": "Feature", "properties": { "FID": 276, "LAD24CD": "E09000013", "LAD24NM": "Hammersmith and Fulham", "LAD24NMW": " ", "BNG_E": 523867, "BNG_N": 177993, "LONG": -0.21735, "LAT": 51.4873, "GlobalID": "934e514a-dad5-47ce-96c0-0438d0e05576", "LAD24CD_1": "E09000013", "LAD24NM_1": "Hammersmith and Fulham", "RUC21CD": "UUN", "RUC21NM": "Urban: Majority nearer to a major town or city", "Urban_rura": "Urban", "Shape_Leng": 20302.428443199999, "Shape__Area": 17334835.191818237, "Shape__Length": 20302.428443176792 }, "geometry": { "type": "Polygon", "coordinates": [ [ [ -0.228440758153743, 51.530319156284797 ], [ -0.214177219911025, 51.5008341830221 ], [ -0.177749617256423, 51.477540371030898 ], [ -0.190529144136711, 51.464275080423697 ], [ -0.221737464202912, 51.472332313917804 ], [ -0.229959225072846, 51.4879286511243 ], [ -0.243366811301174, 51.487891725771703 ], [ -0.253040909966186, 51.501422334223903 ], [ -0.246281570983423, 51.532737509428699 ], [ -0.228440758153743, 51.530319156284797 ] ] ] } },
{ "type": "Feature", "properties": { "FID": 277, "LAD24CD": "E09000014", "LAD24NM": "Haringey", "LAD24NMW": " ", "BNG_E": 531260, "BNG_N": 189349, "LONG": -0.1067, "LAT": 51.5877, "GlobalID": "144baeed-734c-4e2b-856c-0831a2e0e5bc", "LAD24CD_1": "E09000014", "LAD24NM_1": "Haringey", "RUC21CD": "UUN", "RUC21NM": "Urban: Majority nearer to a major town or city", "Urban_rura": "Urban", "Shape_Leng": 25726.857324100001, "Shape__Area": 28656867.046211243, "Shape__Length": 25726.857324102712 }, "geometry": { "type": "Polygon", "coordinates": [ [ [ -0.041390716789704, 51.605646784415903 ], [ -0.061158572066501, 51.577786036197502 ], [ -0.097741752628111, 51.573623469155301 ], [ -0.104373934561655, 51.564766657584897 ], [ -0.119534587269282, 51.575506765325997 ], [ -0.14239561120072, 51.569106001966802 ], [ -0.17123183297214, 51.572418250553497 ], [ -0.157130981863992, 51.586191394333902 ], [ -0.156483326473497, 51.605324577048002 ], [ -0.151330701481231, 51.597471099047503 ], [ -0.13870599645949, 51.610185786251698 ], [ -0.041390716789704, 51.605646784415903 ] ] ] } },
{ "type": "Feature", "properties": { "FID": 278, "LAD24CD": "E09000015", "LAD24NM": "Harrow", "LAD24NMW": " ", "BNG_E": 515359, "BNG_N": 189736, "LONG": -0.33598, "LAT": 51.5947, "GlobalID": "2cac0b9b-65af-4546-8781-a601f2a01693", "LAD24CD_1": "E09000015", "LAD24NM_1": "Harrow", "RUC21CD": "UUN", "RUC21NM": "Urban: Majority nearer to a major town or city", "Urban_rura": "Urban", "Shape_Leng": 31182.055602799999, "Shape__Area": 51801479.592292786, "Shape__Length": 31182.0556027942 }, "geometry": { "type": "Polygon", "coordinates": [ [ [ -0.304449971011893, 51.636348719248197 ], [ -0.267113115479641, 51.600371967666298 ], [ -0.290405901610672, 51.593543800845197 ], [ -0.282465247610045, 51.585034966445903 ], [ -0.304696795432772, 51.587052552390901 ], [ -0.326642146067183, 51.578775146365203 ], [ -0.322148244821014, 51.5696770562365 ], [ -0.335555531666752, 51.556556899124701 ], [ -0.377843376019978, 51.554977063510201 ], [ -0.404003977890064, 51.613183972624697 ], [ -0.362621257698241, 51.623504816580201 ], [ -0.316672244970353, 51.640535566650399 ], [ -0.304449971011893, 51.636348719248197 ] ] ] } },
{ "type": "Feature", "properties": { "FID": 279, "LAD24CD": "E09000016", "LAD24NM": "Havering", "LAD24NMW": " ", "BNG_E": 555032, "BNG_N": 187514, "LONG": 0.235368, "LAT": 51.5652, "GlobalID": "01f38310-a29c-4fce-b1dd-758fc4c3cba0", "LAD24CD_1": "E09000016", "LAD24NM_1": "Havering", "RUC21CD": "UUN", "RUC21NM": "Urban: Majority nearer to a major town or city", "Urban_rura": "Urban", "Shape_Leng": 58255.992408799997, "Shape__Area": 113330560.8843689, "Shape__Length": 58255.992408814796 }, "geometry": { "type": "MultiPolygon", "coordinates": [ [ [ [ 0.164694931244556, 51.5044525252274 ], [ 0.168813601248937, 51.499362145112499 ], [ 0.162513688689931, 51.504796290537797 ], [ 0.164694931244556, 51.5044525252274 ] ] ], [ [ [ 0.269866485133475, 51.599554449812103 ], [ 0.290289733913774, 51.564299392320201 ], [ 0.313035079940716, 51.565818131885003 ], [ 0.334024218329939, 51.540503803766697 ], [ 0.265347272043956, 51.532150265061098 ], [ 0.263682923643184, 51.517869792103397 ], [ 0.253834318187163, 51.517885871583097 ], [ 0.248964774122808, 51.528674028827801 ], [ 0.23717600954358, 51.519334433490599 ], [ 0.241919319161816, 51.507960126895298 ], [ 0.226597286350539, 51.506563242715899 ], [ 0.229965349544136, 51.499365918716499 ], [ 0.214156929096117, 51.496039609880299 ], [ 0.211792634982751, 51.489752992697397 ], [ 0.210575775391054, 51.490247753730003 ], [ 0.187657973831843, 51.487885443468599 ], [ 0.182018252178163, 51.4986276421577 ], [ 0.178514728636713, 51.505298429937298 ], [ 0.16011671259232, 51.511780957095603 ], [ 0.190222134044087, 51.552652396133901 ], [ 0.185180463309676, 51.565513081713803 ], [ 0.161893735700278, 51.561616872887903 ], [ 0.146703647684621, 51.568796633310299 ], [ 0.14820590165784, 51.598968464245701 ], [ 0.138184235471144, 51.6235453960564 ], [ 0.200311572516926, 51.6249357566968 ], [ 0.224087730411796, 51.631737761450097 ], [ 0.252194314453482, 51.617769404891597 ], [ 0.26456196557058, 51.608320660874902 ], [ 0.254008700235285, 51.601598200767398 ], [ 0.269866485133475, 51.599554449812103 ] ] ] ] } },
{ "type": "Feature", "properties": { "FID": 280, "LAD24CD": "E09000017", "LAD24NM": "Hillingdon", "LAD24NMW": " ", "BNG_E": 508168, "BNG_N": 183121, "LONG": -0.44179, "LAT": 51.5366, "GlobalID": "592256b5-4406-4095-8778-11affad03cbc", "LAD24CD_1": "E09000017", "LAD24NM_1": "Hillingdon", "RUC21CD": "UUN", "RUC21NM": "Urban: Majority nearer to a major town or city", "Urban_rura": "Urban", "Shape_Leng": 55986.343013199999, "Shape__Area": 115529298.4450531, "Shape__Length": 55986.34301317326 }, "geometry": { "type": "Polygon", "coordinates": [ [ [ -0.404003977890064, 51.613183972624697 ], [ -0.377843376019978, 51.554977063510201 ], [ -0.398706173814887, 51.547897359714497 ], [ -0.395285532006663, 51.542551632821201 ], [ -0.419452371528133, 51.540332325485799 ], [ -0.3761902207783, 51.5288173306636 ], [ -0.406918399587474, 51.499666397135996 ], [ -0.41691849392387, 51.4824764802677 ], [ -0.41113166386798, 51.469887513853202 ], [ -0.443949638873137, 51.453290591353898 ], [ -0.458723754309907, 51.456341740020797 ], [ -0.509807321692741, 51.469207263698998 ], [ -0.490024731164425, 51.494747634376097 ], [ -0.4832235109622, 51.507084911657699 ], [ -0.495487343928382, 51.538545230016503 ], [ -0.476620654293635, 51.559188836895103 ], [ -0.500595886737316, 51.599689898645799 ], [ -0.496828509147855, 51.631723840522199 ], [ -0.457130755473738, 51.612293889069903 ], [ -0.440575301279442, 51.620073238383497 ], [ -0.404003977890064, 51.613183972624697 ] ] ] } },
{ "type": "Feature", "properties": { "FID": 281, "LAD24CD": "E09000018", "LAD24NM": "Hounslow", "LAD24NMW": " ", "BNG_E": 512737, "BNG_N": 174959, "LONG": -0.37855, "LAT": 51.4624, "GlobalID": "21098592-aa3e-4864-9ff5-5313ebdf34e0", "LAD24CD_1": "E09000018", "LAD24NM_1": "Hounslow", "RUC21CD": "UUN", "RUC21NM": "Urban: Majority nearer to a major town or city", "Urban_rura": "Urban", "Shape_Leng": 46725.306113099999, "Shape__Area": 56826609.923706055, "Shape__Length": 46725.306113125574 }, "geometry": { "type": "Polygon", "coordinates": [ [ [ -0.253040909966186, 51.501422334223903 ], [ -0.243366811301174, 51.487891725771703 ], [ -0.257492822103567, 51.471205524574302 ], [ -0.292096182057123, 51.487281559441001 ], [ -0.326934014640788, 51.457010898984997 ], [ -0.373024056271843, 51.457473020304498 ], [ -0.387815795898182, 51.449438455516201 ], [ -0.366823470215651, 51.441623326301702 ], [ -0.39131707100993, 51.422315411876703 ], [ -0.45646755928571, 51.438106679685902 ], [ -0.458723754309907, 51.456341740020797 ], [ -0.443949638873137, 51.453290591353898 ], [ -0.41113166386798, 51.469887513853202 ], [ -0.41691849392387, 51.4824764802677 ], [ -0.406918399587474, 51.499666397135996 ], [ -0.371851047191365, 51.490476154912798 ], [ -0.350619148399036, 51.499106657078102 ], [ -0.311911168808834, 51.491971457659197 ], [ -0.294015372580519, 51.501559326151401 ], [ -0.280772402092, 51.502847527375302 ], [ -0.267676633366511, 51.4939192512037 ], [ -0.253040909966186, 51.501422334223903 ] ] ] } },
{ "type": "Feature", "properties": { "FID": 282, "LAD24CD": "E09000019", "LAD24NM": "Islington", "LAD24NMW": " ", "BNG_E": 531160, "BNG_N": 184645, "LONG": -0.10989, "LAT": 51.5455, "GlobalID": "794e44c6-198c-4f03-a0b7-5955e2a49301", "LAD24CD_1": "E09000019", "LAD24NM_1": "Islington", "RUC21CD": "UUN", "RUC21NM": "Urban: Majority nearer to a major town or city", "Urban_rura": "Urban", "Shape_Leng": 17529.0688543, "Shape__Area": 15147055.24256134, "Shape__Length": 17529.06885431835 }, "geometry": { "type": "Polygon", "coordinates": [ [ [ -0.104373934561655, 51.564766657584897 ], [ -0.076559086972201, 51.5478395014255 ], [ -0.097032336919264, 51.533003339418102 ], [ -0.085232645096576, 51.520348396265902 ], [ -0.105290341558648, 51.518554857832299 ], [ -0.122563726204788, 51.530753113421198 ], [ -0.14239561120072, 51.569106001966802 ], [ -0.119534587269282, 51.575506765325997 ], [ -0.104373934561655, 51.564766657584897 ] ] ] } },
{ "type": "Feature", "properties": { "FID": 283, "LAD24CD": "E09000020", "LAD24NM": "Kensington and Chelsea", "LAD24NMW": " ", "BNG_E": 525756, "BNG_N": 179054, "LONG": -0.18978, "LAT": 51.4964, "GlobalID": "92040876-14dc-4889-8664-6349f736cb44", "LAD24CD_1": "E09000020", "LAD24NM_1": "Kensington and Chelsea", "RUC21CD": "UUN", "RUC21NM": "Urban: Majority nearer to a major town or city", "Urban_rura": "Urban", "Shape_Leng": 17844.768288800002, "Shape__Area": 11387818.313842773, "Shape__Length": 17844.76828884261 }, "geometry": { "type": "Polygon", "coordinates": [ [ [ -0.216020723983129, 51.527920360248999 ], [ -0.179521115667993, 51.497766113668099 ], [ -0.158457848304668, 51.502226196896103 ], [ -0.149806087718761, 51.484545995712701 ], [ -0.177749617256423, 51.477540371030898 ], [ -0.214177219911025, 51.5008341830221 ], [ -0.228440758153743, 51.530319156284797 ], [ -0.216020723983129, 51.527920360248999 ] ] ] } },
{ "type": "Feature", "properties": { "FID": 284, "LAD24CD": "E09000021", "LAD24NM": "Kingston upon Thames", "LAD24NMW": " ", "BNG_E": 519508, "BNG_N": 167389, "LONG": -0.28367, "LAT": 51.393, "GlobalID": "ad54d18f-1f59-475c-a33c-9008a0cebd10", "LAD24CD_1": "E09000021", "LAD24NM_1": "Kingston upon Thames", "RUC21CD": "UUN", "RUC21NM": "Urban: Majority nearer to a major town or city", "Urban_rura": "Urban", "Shape_Leng": 33057.8145248, "Shape__Area": 37854519.449157715, "Shape__Length": 33057.814524781817 }, "geometry": { "type": "Polygon", "coordinates": [ [ [ -0.251085089413751, 51.432557791518001 ], [ -0.239691091190174, 51.3892739323285 ], [ -0.245027866580531, 51.3800591554688 ], [ -0.260996427671818, 51.379593950965202 ], [ -0.288469327282705, 51.362127887138698 ], [ -0.30618917299884, 51.335075564703899 ], [ -0.330655551869037, 51.329009638114002 ], [ -0.330510146371957, 51.348419435144699 ], [ -0.307365443633207, 51.378383545088603 ], [ -0.317697879461912, 51.393667079332403 ], [ -0.308788746091744, 51.401916882776199 ], [ -0.310650913997973, 51.4322095269603 ], [ -0.290616410459767, 51.428990164330102 ], [ -0.286559992341689, 51.420185492770798 ], [ -0.254066366518792, 51.4372878642506 ], [ -0.251085089413751, 51.432557791518001 ] ] ] } },
{ "type": "Feature", "properties": { "FID": 285, "LAD24CD": "E09000022", "LAD24NM": "Lambeth", "LAD24NMW": " ", "BNG_E": 531118, "BNG_N": 175629, "LONG": -0.11385, "LAT": 51.4645, "GlobalID": "abd1a93e-2eaf-4af1-8638-139ba9630866", "LAD24CD_1": "E09000022", "LAD24NM_1": "Lambeth", "RUC21CD": "UUN", "RUC21NM": "Urban: Majority nearer to a major town or city", "Urban_rura": "Urban", "Shape_Leng": 28899.894920499999, "Shape__Area": 27177208.443466187, "Shape__Length": 28899.894920501785 }, "geometry": { "type": "Polygon", "coordinates": [ [ [ -0.078287681880069, 51.4206047134332 ], [ -0.078557367172468, 51.4198742113104 ], [ -0.112631773723551, 51.423244268600399 ], [ -0.127724902236922, 51.412316330601598 ], [ -0.148064535784428, 51.412870112471602 ], [ -0.140358848161646, 51.419263703584697 ], [ -0.135888414709844, 51.441975892495797 ], [ -0.143610577448564, 51.441838961720599 ], [ -0.151211614592545, 51.465861155225603 ], [ -0.129471243203922, 51.4858909429731 ], [ -0.111444375072681, 51.509774698656102 ], [ -0.109174000436823, 51.509874369079299 ], [ -0.108224646364217, 51.480306788272301 ], [ -0.090039492650524, 51.466065594251901 ], [ -0.101383006818995, 51.451923977481201 ], [ -0.078287681880069, 51.4206047134332 ] ] ] } },
{ "type": "Feature", "properties": { "FID": 286, "LAD24CD": "E09000023", "LAD24NM": "Lewisham", "LAD24NMW": " ", "BNG_E": 537888, "BNG_N": 173343, "LONG": -0.01734, "LAT": 51.4423, "GlobalID": "8bfce11c-0d0b-45b7-a372-ddc28bc53707", "LAD24CD_1": "E09000023", "LAD24NM_1": "Lewisham", "RUC21CD": "UUN", "RUC21NM": "Urban: Majority nearer to a major town or city", "Urban_rura": "Urban", "Shape_Leng": 30891.981738099999, "Shape__Area": 34349445.730010986, "Shape__Length": 30891.981738085786 }, "geometry": { "type": "Polygon", "coordinates": [ [ [ -0.022015674436631, 51.483672098008498 ], [ -0.01956450173254, 51.478164948410097 ], [ -0.02267493896056, 51.475358227986597 ], [ -0.01915237721856, 51.477238878450599 ], [ -0.015061544957288, 51.468044431914798 ], [ 0.017962965802973, 51.473830033351803 ], [ 0.009962165688925, 51.459395037213902 ], [ 0.02937881550058, 51.441705418829997 ], [ 0.036276023931694, 51.422418460994798 ], [ 0.025458977328269, 51.4289732417637 ], [ -0.010312080263417, 51.413577793119202 ], [ -0.030215896380044, 51.425682789675797 ], [ -0.073907270099848, 51.426212923051899 ], [ -0.061801430646336, 51.447786577102001 ], [ -0.041643327195896, 51.455004975417701 ], [ -0.053971967947754, 51.487938385826197 ], [ -0.032295456068025, 51.492975199358902 ], [ -0.024829254355396, 51.485534991057101 ], [ -0.022015674436631, 51.483672098008498 ] ] ] } },
{ "type": "Feature", "properties": { "FID": 287, "LAD24CD": "E09000024", "LAD24NM": "Merton", "LAD24NMW": " ", "BNG_E": 526068, "BNG_N": 169508, "LONG": -0.18868, "LAT": 51.4106, "GlobalID": "8375c849-5b9d-477f-81d0-df5441d29e94", "LAD24CD_1": "E09000024", "LAD24NM_1": "Merton", "RUC21CD": "UUN", "RUC21NM": "Urban: Majority nearer to a major town or city", "Urban_rura": "Urban", "Shape_Leng": 27911.075998299999, "Shape__Area": 37363811.4061203, "Shape__Length": 27911.075998299639 }, "geometry": { "type": "Polygon", "coordinates": [ [ [ -0.140358848161646, 51.419263703584697 ], [ -0.148064535784428, 51.412870112471602 ], [ -0.127724902236922, 51.412316330601598 ], [ -0.124139637510634, 51.397609567957097 ], [ -0.134321993903791, 51.390847066178303 ], [ -0.165214785175961, 51.387971713827703 ], [ -0.174812978456833, 51.393412945875198 ], [ -0.188399006002823, 51.385434280601601 ], [ -0.209783879622302, 51.388299755153596 ], [ -0.218080128415406, 51.3801823745994 ], [ -0.239691091190174, 51.3892739323285 ], [ -0.251085089413751, 51.432557791518001 ], [ -0.190026527777626, 51.441464584023301 ], [ -0.181939169287309, 51.424731271428897 ], [ -0.140358848161646, 51.419263703584697 ] ] ] } },
{ "type": "Feature", "properties": { "FID": 288, "LAD24CD": "E09000025", "LAD24NM": "Newham", "LAD24NMW": " ", "BNG_E": 540713, "BNG_N": 183346, "LONG": 0.027261, "LAT": 51.5315, "GlobalID": "5785caf6-9ca1-4351-bbad-312e17f9b8eb", "LAD24CD_1": "E09000025", "LAD24NM_1": "Newham", "RUC21CD": "UUN", "RUC21NM": "Urban: Majority nearer to a major town or city", "Urban_rura": "Urban", "Shape_Leng": 25880.6823148, "Shape__Area": 36911701.998390198, "Shape__Length": 25880.68231483005 }, "geometry": { "type": "MultiPolygon", "coordinates": [ [ [ [ 0.093560946446962, 51.5091495600266 ], [ 0.090811680098821, 51.507918222646197 ], [ 0.092114129659729, 51.509024548983703 ], [ 0.093560946446962, 51.5091495600266 ] ] ], [ [ [ 0.050344992489226, 51.564021770310298 ], [ 0.068361694633867, 51.5443903891844 ], [ 0.07274547622173, 51.529274736874697 ], [ 0.092601548169419, 51.525697996326201 ], [ 0.098120894043972, 51.5149478077319 ], [ 0.065781675093208, 51.500732722706999 ], [ 0.060385612446722, 51.4983591287587 ], [ 0.020249919441287, 51.499419094232103 ], [ 0.017577333724112, 51.5015721542376 ], [ 0.015724804355067, 51.5030644308221 ], [ 0.009187310196193, 51.508329630054099 ], [ 0.008127061402262, 51.508103345273597 ], [ 0.005703594735044, 51.507586068404301 ], [ -0.021129061565773, 51.536508168925202 ], [ -0.016549676137034, 51.543329866782997 ], [ -0.017174335251558, 51.551577283719801 ], [ 0.020474204165771, 51.556128125074501 ], [ 0.046272611011731, 51.554829939768297 ], [ 0.050344992489226, 51.564021770310298 ] ] ] ] } },
{ "type": "Feature", "properties": { "FID": 289, "LAD24CD": "E09000026", "LAD24NM": "Redbridge", "LAD24NMW": " ", "BNG_E": 543512, "BNG_N": 189477, "LONG": 0.070085, "LAT": 51.5859, "GlobalID": "c271eb38-95ca-4c94-9b8f-8dd0452fbdfe", "LAD24CD_1": "E09000026", "LAD24NM_1": "Redbridge", "RUC21CD": "UUN", "RUC21NM": "Urban: Majority nearer to a major town or city", "Urban_rura": "Urban", "Shape_Leng": 36059.3667126, "Shape__Area": 57723543.7370224, "Shape__Length": 36059.3667125629 }, "geometry": { "type": "Polygon", "coordinates": [ [ [ 0.138184235471144, 51.6235453960564 ], [ 0.14820590165784, 51.598968464245701 ], [ 0.126386612488677, 51.586725220138398 ], [ 0.131578541181193, 51.571824371111902 ], [ 0.118901016628217, 51.557370990102903 ], [ 0.093519764473527, 51.545857893450098 ], [ 0.068361694633867, 51.5443903891844 ], [ 0.050344992489226, 51.564021770310298 ], [ 0.046272611011731, 51.554829939768297 ], [ 0.020474204165771, 51.556128125074501 ], [ 0.012095900506266, 51.592690500742599 ], [ 0.021443771585101, 51.6118028969615 ], [ 0.00869444540429, 51.619069901452697 ], [ 0.021819035344359, 51.628832786110401 ], [ 0.072867372178107, 51.604665522412198 ], [ 0.138184235471144, 51.6235453960564 ] ] ] } },
{ "type": "Feature", "properties": { "FID": 290, "LAD24CD": "E09000027", "LAD24NM": "Richmond upon Thames", "LAD24NMW": " ", "BNG_E": 519005, "BNG_N": 172650, "LONG": -0.28914, "LAT": 51.4403, "GlobalID": "6ea29b04-ee42-41b6-b0b7-d004039e3064", "LAD24CD_1": "E09000027", "LAD24NM_1": "Richmond upon Thames", "RUC21CD": "UUN", "RUC21NM": "Urban: Majority nearer to a major town or city", "Urban_rura": "Urban", "Shape_Leng": 45187.667786799997, "Shape__Area": 57385306.970016479, "Shape__Length": 45187.667786817052 }, "geometry": { "type": "Polygon", "coordinates": [ [ [ -0.221737464202912, 51.472332313917804 ], [ -0.232733298874365, 51.472510758717803 ], [ -0.233290023158623, 51.463971745614899 ], [ -0.256187822981795, 51.462834074768097 ], [ -0.259111198831886, 51.454953488951801 ], [ -0.24159865877434, 51.443117985084697 ], [ -0.254066366518792, 51.4372878642506 ], [ -0.286559992341689, 51.420185492770798 ], [ -0.290616410459767, 51.428990164330102 ], [ -0.310650913997973, 51.4322095269603 ], [ -0.308788746091744, 51.401916882776199 ], [ -0.317697879461912, 51.393667079332403 ], [ -0.327817849624804, 51.3918371417138 ], [ -0.359139332144209, 51.411903160417303 ], [ -0.383350026681253, 51.408538295089201 ], [ -0.39131707100993, 51.422315411876703 ], [ -0.366823470215651, 51.441623326301702 ], [ -0.387815795898182, 51.449438455516201 ], [ -0.373024056271843, 51.457473020304498 ], [ -0.326934014640788, 51.457010898984997 ], [ -0.292096182057123, 51.487281559441001 ], [ -0.257492822103567, 51.471205524574302 ], [ -0.243366811301174, 51.487891725771703 ], [ -0.229959225072846, 51.4879286511243 ], [ -0.221737464202912, 51.472332313917804 ] ] ] } },
{ "type": "Feature", "properties": { "FID": 291, "LAD24CD": "E09000028", "LAD24NM": "Southwark", "LAD24NMW": " ", "BNG_E": 533945, "BNG_N": 175869, "LONG": -0.07308, "LAT": 51.4659, "GlobalID": "ad06e62b-15e4-4491-b28d-ac6b9828189f", "LAD24CD_1": "E09000028", "LAD24NM_1": "Southwark", "RUC21CD": "UUN", "RUC21NM": "Urban: Majority nearer to a major town or city", "Urban_rura": "Urban", "Shape_Leng": 28145.726251700002, "Shape__Area": 29744496.396774292, "Shape__Length": 28145.726251686894 }, "geometry": { "type": "Polygon", "coordinates": [ [ [ -0.080182948054445, 51.5068722649455 ], [ -0.072975928236025, 51.505027587423498 ], [ -0.068368751104445, 51.503020141243503 ], [ -0.062953951259199, 51.500660378504797 ], [ -0.053873462638143, 51.502780453836102 ], [ -0.035889674737337, 51.506976595377303 ], [ -0.03475025029599, 51.502461010109599 ], [ -0.03237822923314, 51.493057668418999 ], [ -0.032295456068025, 51.492975199358902 ], [ -0.053971967947754, 51.487938385826197 ], [ -0.041643327195896, 51.455004975417701 ], [ -0.061801430646336, 51.447786577102001 ], [ -0.073907270099848, 51.426212923051899 ], [ -0.078287681880069, 51.4206047134332 ], [ -0.101383006818995, 51.451923977481201 ], [ -0.090039492650524, 51.466065594251901 ], [ -0.108224646364217, 51.480306788272301 ], [ -0.109174000436823, 51.509874369079299 ], [ -0.080182948054445, 51.5068722649455 ] ] ] } },
{ "type": "Feature", "properties": { "FID": 292, "LAD24CD": "E09000029", "LAD24NM": "Sutton", "LAD24NMW": " ", "BNG_E": 527357, "BNG_N": 163639, "LONG": -0.17226, "LAT": 51.3576, "GlobalID": "d48bb4f3-8ea0-429f-ae40-d207a13abcce", "LAD24CD_1": "E09000029", "LAD24NM_1": "Sutton", "RUC21CD": "UUN", "RUC21NM": "Urban: Majority nearer to a major town or city", "Urban_rura": "Urban", "Shape_Leng": 32961.76034, "Shape__Area": 44495920.81678772, "Shape__Length": 32961.760339983295 }, "geometry": { "type": "Polygon", "coordinates": [ [ [ -0.134321993903791, 51.390847066178303 ], [ -0.116842029977448, 51.345762859090399 ], [ -0.144576133845834, 51.342087665178198 ], [ -0.14557670392873, 51.323492954078297 ], [ -0.156523624561657, 51.321485286251999 ], [ -0.197319340394251, 51.343595159866702 ], [ -0.220841625332819, 51.3298019706872 ], [ -0.229822682346971, 51.336522804565497 ], [ -0.217264425534208, 51.343387090802203 ], [ -0.222736428311044, 51.357086072360403 ], [ -0.245382434157475, 51.366889294327898 ], [ -0.245027866580531, 51.3800591554688 ], [ -0.239691091190174, 51.3892739323285 ], [ -0.218080128415406, 51.3801823745994 ], [ -0.209783879622302, 51.388299755153596 ], [ -0.188399006002823, 51.385434280601601 ], [ -0.174812978456833, 51.393412945875198 ], [ -0.165214785175961, 51.387971713827703 ], [ -0.134321993903791, 51.390847066178303 ] ] ] } },
{ "type": "Feature", "properties": { "FID": 293, "LAD24CD": "E09000030", "LAD24NM": "Tower Hamlets", "LAD24NMW": " ", "BNG_E": 536340, "BNG_N": 181452, "LONG": -0.03647, "LAT": 51.5155, "GlobalID": "99143da5-4747-474e-af05-10cc8830aa4e", "LAD24CD_1": "E09000030", "LAD24NM_1": "Tower Hamlets", "RUC21CD": "UUN", "RUC21NM": "Urban: Majority nearer to a major town or city", "Urban_rura": "Urban", "Shape_Leng": 22595.7356506, "Shape__Area": 19288810.888687134, "Shape__Length": 22595.735650642568 }, "geometry": { "type": "MultiPolygon", "coordinates": [ [ [ [ 0.002002542077534, 51.504359626508403 ], [ 0.00140327036507, 51.504233823354703 ], [ 0.001386920906859, 51.504686916596299 ], [ 0.002002542077534, 51.504359626508403 ] ] ], [ [ [ -0.021129061565773, 51.536508168925202 ], [ 0.005703594735044, 51.507586068404301 ], [ -0.005773790655895, 51.505135403313197 ], [ -0.006247927438962, 51.5019797595195 ], [ -0.008484307377134, 51.487088896892402 ], [ -0.010687503007873, 51.487046760320702 ], [ -0.025374375946683, 51.490300319342701 ], [ -0.028276719154752, 51.5023520769358 ], [ -0.02985621142275, 51.508908205793297 ], [ -0.045493420657086, 51.509394934472603 ], [ -0.059620458879845, 51.502875734603499 ], [ -0.059694058109782, 51.502841761533801 ], [ -0.059843036375227, 51.502879416325698 ], [ -0.079369188957907, 51.5078126901602 ], [ -0.072975928236025, 51.505027587423498 ], [ -0.080182948054445, 51.5068722649455 ], [ -0.078529105704302, 51.521511917961497 ], [ -0.062434445954616, 51.535532497537197 ], [ -0.016549676137034, 51.543329866782997 ], [ -0.021129061565773, 51.536508168925202 ] ] ] ] } },
{ "type": "Feature", "properties": { "FID": 294, "LAD24CD": "E09000031", "LAD24NM": "Waltham Forest", "LAD24NMW": " ", "BNG_E": 537328, "BNG_N": 190278, "LONG": -0.0188, "LAT": 51.5946, "GlobalID": "8a040c8f-b07b-4c79-902f-249321220184", "LAD24CD_1": "E09000031", "LAD24NM_1": "Waltham Forest", "RUC21CD": "UUN", "RUC21NM": "Urban: Majority nearer to a major town or city", "Urban_rura": "Urban", "Shape_Leng": 28358.261271300002, "Shape__Area": 39280519.915260315, "Shape__Length": 28358.261271293777 }, "geometry": { "type": "Polygon", "coordinates": [ [ [ 0.021819035344359, 51.628832786110401 ], [ 0.00869444540429, 51.619069901452697 ], [ 0.021443771585101, 51.6118028969615 ], [ 0.012095900506266, 51.592690500742599 ], [ 0.020474204165771, 51.556128125074501 ], [ -0.017174335251558, 51.551577283719801 ], [ -0.028390534944039, 51.561020250037103 ], [ -0.047079099058099, 51.562592110487799 ], [ -0.061158572066501, 51.577786036197502 ], [ -0.041390716789704, 51.605646784415903 ], [ -0.012259687054712, 51.646228696271898 ], [ 0.022719541696959, 51.6411154928849 ], [ 0.021819035344359, 51.628832786110401 ] ] ] } },
{ "type": "Feature", "properties": { "FID": 295, "LAD24CD": "E09000032", "LAD24NM": "Wandsworth", "LAD24NMW": " ", "BNG_E": 525152, "BNG_N": 174138, "LONG": -0.20021, "LAT": 51.4524, "GlobalID": "258cac5c-9cec-4fc1-b6c0-16948e8b9593", "LAD24CD_1": "E09000032", "LAD24NM_1": "Wandsworth", "RUC21CD": "UUN", "RUC21NM": "Urban: Majority nearer to a major town or city", "Urban_rura": "Urban", "Shape_Leng": 32987.756477900002, "Shape__Area": 35067705.14377594, "Shape__Length": 32987.756477920397 }, "geometry": { "type": "Polygon", "coordinates": [ [ [ -0.140358848161646, 51.419263703584697 ], [ -0.181939169287309, 51.424731271428897 ], [ -0.190026527777626, 51.441464584023301 ], [ -0.251085089413751, 51.432557791518001 ], [ -0.254066366518792, 51.4372878642506 ], [ -0.24159865877434, 51.443117985084697 ], [ -0.259111198831886, 51.454953488951801 ], [ -0.256187822981795, 51.462834074768097 ], [ -0.233290023158623, 51.463971745614899 ], [ -0.232733298874365, 51.472510758717803 ], [ -0.221737464202912, 51.472332313917804 ], [ -0.190529144136711, 51.464275080423697 ], [ -0.177749617256423, 51.477540371030898 ], [ -0.149806087718761, 51.484545995712701 ], [ -0.129471243203922, 51.4858909429731 ], [ -0.151211614592545, 51.465861155225603 ], [ -0.143610577448564, 51.441838961720599 ], [ -0.135888414709844, 51.441975892495797 ], [ -0.140358848161646, 51.419263703584697 ] ] ] } },
{ "type": "Feature", "properties": { "FID": 296, "LAD24CD": "E09000033", "LAD24NM": "Westminster", "LAD24NMW": " ", "BNG_E": 528268, "BNG_N": 180871, "LONG": -0.15295, "LAT": 51.5122, "GlobalID": "2f1e059b-7eed-4e9b-8b68-895fb226734b", "LAD24CD_1": "E09000033", "LAD24NM_1": "Westminster", "RUC21CD": "UUN", "RUC21NM": "Urban: Majority nearer to a major town or city", "Urban_rura": "Urban", "Shape_Leng": 22657.060825799999, "Shape__Area": 22896812.787818909, "Shape__Length": 22657.060825836277 }, "geometry": { "type": "Polygon", "coordinates": [ [ [ -0.111567824442113, 51.515335029083097 ], [ -0.111444375072681, 51.509774698656102 ], [ -0.129471243203922, 51.4858909429731 ], [ -0.149806087718761, 51.484545995712701 ], [ -0.158457848304668, 51.502226196896103 ], [ -0.179521115667993, 51.497766113668099 ], [ -0.216020723983129, 51.527920360248999 ], [ -0.205142405490973, 51.532955900780102 ], [ -0.196479321959949, 51.527638635643697 ], [ -0.191467608561554, 51.536292358151599 ], [ -0.152684835329384, 51.537510753078202 ], [ -0.129335251259481, 51.513472705153603 ], [ -0.111567824442113, 51.515335029083097 ] ] ] } },
{ "type": "Feature", "properties": { "FID": 297, "LAD24CD": "W06000001", "LAD24NM": "Isle of Anglesey", "LAD24NMW": "Ynys Môn", "BNG_E": 245217, "BNG_N": 378331, "LONG": -4.32298, "LAT": 53.2793, "GlobalID": "7cb4b760-78b8-427f-a89c-942b2d6b49dc", "LAD24CD_1": "W06000001", "LAD24NM_1": "Isle of Anglesey", "RUC21CD": "RMF", "RUC21NM": "Majority rural: Majority further from a major town or city", "Urban_rura": "Rural", "Shape_Leng": 208578.871037, "Shape__Area": 708278765.30641174, "Shape__Length": 208578.87103660466 }, "geometry": { "type": "MultiPolygon", "coordinates": [ [ [ [ -4.15860749005237, 53.224325638761101 ], [ -4.16342436837014, 53.220596591730697 ], [ -4.16695377550217, 53.221386242596999 ], [ -4.1649625625112, 53.222087595823403 ], [ -4.1629275124758, 53.222804333013102 ], [ -4.15860749005237, 53.224325638761101 ] ] ], [ [ [ -4.64398404932459, 53.3204279890235 ], [ -4.64819999538441, 53.318666855587701 ], [ -4.62770814396475, 53.3144644579477 ], [ -4.62531247226005, 53.318125143626602 ], [ -4.62524270458337, 53.318116532640701 ], [ -4.6313565731011, 53.307825843219497 ], [ -4.62080089619086, 53.312700012026802 ], [ -4.61119092238863, 53.302780122020003 ], [ -4.58498258486146, 53.301179183271401 ], [ -4.5837858420145, 53.290192659344498 ], [ -4.58693701779217, 53.288883416545403 ], [ -4.6098974936199, 53.279338983038798 ], [ -4.5980156759158, 53.2827318856557 ], [ -4.59735937615227, 53.274374420753702 ], [ -4.57641605289011, 53.272427705135499 ], [ -4.58451052099212, 53.263249526601797 ], [ -4.56183417667213, 53.263998115069199 ], [ -4.5726860353926, 53.261615302605797 ], [ -4.55674457191515, 53.245695835476504 ], [ -4.56781884215489, 53.2438327863212 ], [ -4.5970302630142, 53.240408025591897 ], [ -4.60075505656963, 53.2416033980968 ], [ -4.61051068524746, 53.245444052433399 ], [ -4.61234943458299, 53.2482845043073 ], [ -4.60851715939334, 53.255912613979802 ], [ -4.62557436990558, 53.269282182437699 ], [ -4.61728470219488, 53.279146544285098 ], [ -4.64999550559928, 53.287497539646701 ], [ -4.65159815465714, 53.287906375461098 ], [ -4.65270462494502, 53.287437257825502 ], [ -4.6557666127426, 53.2861389394835 ], [ -4.67765205525987, 53.282761924341202 ], [ -4.6828285045969, 53.283520581155599 ], [ -4.68021340818607, 53.294286511089602 ], [ -4.67773000188356, 53.298293246167098 ], [ -4.6966989969827, 53.307376869118997 ], [ -4.69583858369954, 53.308297498329402 ], [ -4.68325020440296, 53.313242443478103 ], [ -4.6814561899704, 53.3225170508844 ], [ -4.66192878336279, 53.318882547039003 ], [ -4.62350675096761, 53.329601087309101 ], [ -4.64725905764447, 53.320831581752003 ], [ -4.64398404932459, 53.3204279890235 ] ] ], [ [ [ -4.40937359636262, 53.423658819550397 ], [ -4.4025750612337, 53.420922115451802 ], [ -4.3681996976341, 53.424058888253903 ], [ -4.35636323002126, 53.414214556430998 ], [ -4.33879549441199, 53.419605529132902 ], [ -4.33438844617996, 53.413283973124699 ], [ -4.32655348102835, 53.417651686214199 ], [ -4.30527062166444, 53.413842877656201 ], [ -4.29301437648181, 53.411071541776103 ], [ -4.28947950893253, 53.414778278130001 ], [ -4.28725982962786, 53.416960695430198 ], [ -4.26937922524536, 53.390547369682402 ], [ -4.29569189379049, 53.364623178925399 ], [ -4.27635636951154, 53.371061996815499 ], [ -4.27999109008737, 53.376092131994199 ], [ -4.26477654172063, 53.360811796279897 ], [ -4.2300625133839, 53.357749933103499 ], [ -4.23385199039209, 53.340622462850199 ], [ -4.21910175263699, 53.319021407266099 ], [ -4.2042588270957, 53.313809701356902 ], [ -4.21451102527413, 53.298798328595304 ], [ -4.21077772742051, 53.296453587143702 ], [ -4.20407902799883, 53.292245438980203 ], [ -4.18209419335486, 53.296982098534301 ], [ -4.14334821556696, 53.305317613430397 ], [ -4.11970084941247, 53.319185984296901 ], [ -4.10309831503076, 53.317399427177897 ], [ -4.04016170236539, 53.3106045388854 ], [ -4.05244131146822, 53.299284437950497 ], [ -4.10005137207778, 53.255326774743402 ], [ -4.10068994360711, 53.254736464757102 ], [ -4.15923594144875, 53.2338931101337 ], [ -4.16263394841393, 53.223686490816803 ], [ -4.17083721305443, 53.225155391322801 ], [ -4.20277287216358, 53.215750279056103 ], [ -4.20398833896404, 53.213427188054503 ], [ -4.20500230025892, 53.213069193971698 ], [ -4.21270448513948, 53.196760706465597 ], [ -4.21852631055385, 53.185621204106603 ], [ -4.31767506197948, 53.144150296723502 ], [ -4.31860889781139, 53.149981049367298 ], [ -4.33440985699004, 53.148958283128401 ], [ -4.33092674977735, 53.165617794655198 ], [ -4.34011783753518, 53.148588290388098 ], [ -4.33618840465102, 53.147537562890498 ], [ -4.33757090384343, 53.142784525818101 ], [ -4.35502706763014, 53.134415842301998 ], [ -4.3288536710533, 53.126632234637199 ], [ -4.32885488032255, 53.126628641508901 ], [ -4.39366465256456, 53.143658572992102 ], [ -4.3949529107356, 53.143996594780802 ], [ -4.39575232404859, 53.144303397219801 ], [ -4.39587028355769, 53.1442372893545 ], [ -4.39868773470703, 53.144976453651097 ], [ -4.41353218913219, 53.136313910850902 ], [ -4.41005376445978, 53.141551657111599 ], [ -4.40757990270329, 53.1443429409277 ], [ -4.41979357294508, 53.163817372870298 ], [ -4.39505554381888, 53.168645770750402 ], [ -4.38959191018865, 53.169711361291597 ], [ -4.38506008478926, 53.191357972923903 ], [ -4.385014989386, 53.191573267232798 ], [ -4.39614050481844, 53.18810620963 ], [ -4.39686254123672, 53.187881146105397 ], [ -4.44354569361885, 53.1550204371934 ], [ -4.44356423214482, 53.155016722688998 ], [ -4.46613725091121, 53.183369636929001 ], [ -4.46009411437475, 53.194624539298999 ], [ -4.46678762584371, 53.184185918497199 ], [ -4.46673518221453, 53.182255684614603 ], [ -4.48644970464768, 53.177208657238197 ], [ -4.48778251737612, 53.183906433976198 ], [ -4.48750669018254, 53.185126781610897 ], [ -4.48803771756042, 53.1851886278669 ], [ -4.48831982913959, 53.186605932499802 ], [ -4.50422361916117, 53.187106732296797 ], [ -4.4973422225285, 53.207225986497903 ], [ -4.52388591679666, 53.226500702092501 ], [ -4.52352675496886, 53.231957445122099 ], [ -4.52181807610554, 53.231992249723803 ], [ -4.51273672634413, 53.238618063233098 ], [ -4.5231567110982, 53.237578429427998 ], [ -4.52348558120647, 53.232582939732502 ], [ -4.5358960281715, 53.236977913206999 ], [ -4.55547661809846, 53.249675805973503 ], [ -4.5542325086675, 53.267633368050397 ], [ -4.56033749088394, 53.264549080181503 ], [ -4.58861512905795, 53.281282803690502 ], [ -4.57618280474778, 53.286014375950501 ], [ -4.58119317058762, 53.289007844260503 ], [ -4.58350990970228, 53.290391775843403 ], [ -4.57883793604728, 53.289058909222099 ], [ -4.57479038568222, 53.287903967290603 ], [ -4.57207866182269, 53.289205203395298 ], [ -4.52972453483732, 53.309510804575901 ], [ -4.56314239450579, 53.299443556914703 ], [ -4.56236334079995, 53.316751583881398 ], [ -4.57931995346216, 53.324114283975597 ], [ -4.58218636606495, 53.326938786028101 ], [ -4.57775780116604, 53.334603983296397 ], [ -4.57070508688003, 53.337920215853998 ], [ -4.55992711234587, 53.365437623249697 ], [ -4.55512443300095, 53.373734792641599 ], [ -4.57408564260097, 53.403427563567 ], [ -4.56543504887227, 53.404170501009503 ], [ -4.52979751506779, 53.4060600205827 ], [ -4.51086975930787, 53.416492441603502 ], [ -4.51006742310307, 53.415422179373103 ], [ -4.50947538116602, 53.409413082840402 ], [ -4.50583872322169, 53.409780374430397 ], [ -4.50543559176465, 53.409242439861004 ], [ -4.50394163555549, 53.409971927714302 ], [ -4.49192089383266, 53.411184952779699 ], [ -4.47812046571868, 53.422232847943697 ], [ -4.45020811717076, 53.412893881418903 ], [ -4.45031957591859, 53.4143715897983 ], [ -4.44986240649853, 53.4142381970454 ], [ -4.45089857623247, 53.422045917808099 ], [ -4.45096067859649, 53.422868852288303 ], [ -4.42530540397575, 53.429994556492098 ], [ -4.42249529874098, 53.428938749186798 ], [ -4.40937359636262, 53.423658819550397 ] ] ] ] } },
{ "type": "Feature", "properties": { "FID": 298, "LAD24CD": "W06000002", "LAD24NM": "Gwynedd", "LAD24NMW": "Gwynedd", "BNG_E": 280555, "BNG_N": 334966, "LONG": -3.77715, "LAT": 52.8988, "GlobalID": "d959444d-fa17-4539-babb-02d20bc1e523", "LAD24CD_1": "W06000002", "LAD24NM_1": "Gwynedd", "RUC21CD": "RMF", "RUC21NM": "Majority rural: Majority further from a major town or city", "Urban_rura": "Rural", "Shape_Leng": 430034.74694899999, "Shape__Area": 2547846209.8469315, "Shape__Length": 430034.74694861483 }, "geometry": { "type": "MultiPolygon", "coordinates": [ [ [ [ -4.7802232300981, 52.758990137615797 ], [ -4.80165211671975, 52.745081468200802 ], [ -4.79342815805209, 52.768495785859102 ], [ -4.77992168689255, 52.766098852051101 ], [ -4.77993002392907, 52.765388415362999 ], [ -4.7802232300981, 52.758990137615797 ] ] ], [ [ [ -3.99820068532517, 53.248387290327699 ], [ -3.97935469349149, 53.231890765922401 ], [ -3.93529264322312, 53.214874839996902 ], [ -3.93904721799848, 53.200111060605003 ], [ -3.9649747786347, 53.183390133353598 ], [ -3.970328734249, 53.160186303444803 ], [ -4.00785596984136, 53.143768411962803 ], [ -4.02011915203951, 53.124821906797003 ], [ -3.9954901925886, 53.125034196496699 ], [ -4.02101386393113, 53.124586513656403 ], [ -4.03133767240668, 53.105647367038301 ], [ -4.01410270677426, 53.103555943361897 ], [ -4.01359753460594, 53.0897054850969 ], [ -3.98667489448416, 53.0842017514573 ], [ -3.99132280341945, 53.076493772322699 ], [ -3.97706207506254, 53.068933123554899 ], [ -3.99721360551865, 53.037651426496303 ], [ -3.98542343964355, 53.0106531769894 ], [ -3.89893618859919, 53.020566932126599 ], [ -3.88781065236373, 53.011588225944301 ], [ -3.8965596302856, 52.994898323422099 ], [ -3.84937454503058, 52.977324613353701 ], [ -3.84103349558743, 52.962297022387197 ], [ -3.81322379852604, 52.949371837245202 ], [ -3.769722571078, 52.959304029261503 ], [ -3.73534180790698, 52.9798505348231 ], [ -3.68302562316268, 52.986843917292802 ], [ -3.67294998337037, 52.997051642831998 ], [ -3.61532137496385, 53.0113500950158 ], [ -3.59962152587494, 53.011690066724398 ], [ -3.61078834343209, 52.996014148492598 ], [ -3.58298969485227, 52.967537229674598 ], [ -3.53380848856708, 52.973685987284497 ], [ -3.50454184375406, 52.965350446401899 ], [ -3.45798182754802, 52.984888283752397 ], [ -3.43678549411509, 52.980848282843198 ], [ -3.44874525979931, 52.973827446979598 ], [ -3.44671330417645, 52.963237585280901 ], [ -3.49142843895324, 52.933686249417597 ], [ -3.46511544179629, 52.920269540571297 ], [ -3.48996769941813, 52.895789425096602 ], [ -3.47356216422379, 52.871267476088498 ], [ -3.48301242437159, 52.865453635557301 ], [ -3.50528547718477, 52.8419567250791 ], [ -3.56667290042623, 52.830079673068397 ], [ -3.56817022436498, 52.822895510155 ], [ -3.58647616495156, 52.827717329353703 ], [ -3.59705828680558, 52.814053983621903 ], [ -3.60871307821455, 52.794021640924903 ], [ -3.58351412881328, 52.738622896856903 ], [ -3.59929431340588, 52.725881938433901 ], [ -3.60201715672644, 52.704986180510097 ], [ -3.65637501558936, 52.691372631761098 ], [ -3.68392766699035, 52.693857856193503 ], [ -3.70936761188281, 52.671082460411299 ], [ -3.71675970977808, 52.678778691117998 ], [ -3.74390740995229, 52.681308767093903 ], [ -3.75935156167215, 52.6694463659204 ], [ -3.80809559100283, 52.677945356397203 ], [ -3.8407140579194, 52.650902864121903 ], [ -3.83461399752491, 52.6330587252139 ], [ -3.85044991341621, 52.620635871497903 ], [ -3.84188361405782, 52.599855453212498 ], [ -3.8749556281153, 52.593207749002701 ], [ -3.88377986801944, 52.5771350019861 ], [ -3.91535464798611, 52.578589476617502 ], [ -3.92885334573839, 52.571460650781702 ], [ -3.92645021911398, 52.560769894607802 ], [ -3.93293144753597, 52.552978309857302 ], [ -3.94179663525015, 52.557818941509403 ], [ -3.94163233156495, 52.557954686142502 ], [ -3.93982088696159, 52.560699719423503 ], [ -3.96048674266349, 52.560666455742599 ], [ -4.06438869477808, 52.541403363564001 ], [ -4.06587871434715, 52.542989137153398 ], [ -4.09992259297751, 52.579183713873498 ], [ -4.12651737640199, 52.607409213723301 ], [ -4.12860214238446, 52.611734657722202 ], [ -4.09500865882187, 52.668384288637803 ], [ -4.07232900804677, 52.6797748925147 ], [ -4.05730542248179, 52.687314702219403 ], [ -4.04983891065446, 52.715395146146903 ], [ -4.05144024600058, 52.703766160721102 ], [ -4.01623533830726, 52.720615701892903 ], [ -4.01150020369195, 52.713136413450698 ], [ -3.98916682999697, 52.736076504525897 ], [ -4.0232041339142, 52.736101582914301 ], [ -4.03624547901744, 52.721068715800698 ], [ -4.05892981518208, 52.717819258784502 ], [ -4.06636792473585, 52.7251762108829 ], [ -4.08476673783767, 52.749150232259097 ], [ -4.12480756403313, 52.782873365538101 ], [ -4.15060088938363, 52.808279900996503 ], [ -4.134649347349, 52.824073970854798 ], [ -4.13369761228818, 52.824472916340802 ], [ -4.13961191137329, 52.815463733568102 ], [ -4.11868203834479, 52.830289525310803 ], [ -4.10792522359484, 52.8266453682064 ], [ -4.11489416641653, 52.832094515455999 ], [ -4.12902301321294, 52.827083140217603 ], [ -4.12848558129405, 52.828713689423402 ], [ -4.11896791684863, 52.847958915349203 ], [ -4.14524738111786, 52.893746385490203 ], [ -4.08648000179468, 52.901961418888497 ], [ -4.08295758869145, 52.900248691977602 ], [ -4.08284002988256, 52.900324978847998 ], [ -4.06863254802678, 52.909541801942197 ], [ -4.08302337236495, 52.904143120659398 ], [ -4.08556352106682, 52.903189880493301 ], [ -4.08309853208421, 52.905709077125501 ], [ -4.07378516603876, 52.915224267111 ], [ -4.07184965733934, 52.917037450740402 ], [ -4.05906974605186, 52.916008973912902 ], [ -4.04765837914837, 52.926879343279197 ], [ -4.07677143448961, 52.922741330200999 ], [ -4.08374365346717, 52.919145810091102 ], [ -4.10353523847427, 52.908934079303201 ], [ -4.11918681756591, 52.918977033579303 ], [ -4.11039748452136, 52.9199794302261 ], [ -4.12863269136349, 52.921902572571398 ], [ -4.12663300104772, 52.929118016333099 ], [ -4.15205922611698, 52.906361988971 ], [ -4.21909926746586, 52.919107945877002 ], [ -4.22511735591397, 52.917936932423999 ], [ -4.22763025051852, 52.918454129855299 ], [ -4.23760047616124, 52.915506781540799 ], [ -4.26127592388737, 52.910893422790501 ], [ -4.28472265220783, 52.917152232900001 ], [ -4.26383500213094, 52.910597418372703 ], [ -4.3163139593581, 52.908691884756699 ], [ -4.32665396483342, 52.891951214234403 ], [ -4.37995609734482, 52.8953916168646 ], [ -4.38720268209537, 52.895857463326202 ], [ -4.38909050173114, 52.894487556450301 ], [ -4.39767782428275, 52.891692886694202 ], [ -4.39764258809313, 52.888280233638298 ], [ -4.40329532508598, 52.884176011519202 ], [ -4.40738230380212, 52.891735885006902 ], [ -4.41512587253587, 52.885230520488903 ], [ -4.39758166808081, 52.8823776369127 ], [ -4.39758003178353, 52.8822190335503 ], [ -4.44252372537054, 52.8756568092113 ], [ -4.45025448824108, 52.871568293625103 ], [ -4.45967072647548, 52.869743863598202 ], [ -4.4669780592313, 52.862719498388202 ], [ -4.47651241010548, 52.857672030479002 ], [ -4.4703288721445, 52.8478291197696 ], [ -4.47384946297122, 52.845584693300999 ], [ -4.49638063014529, 52.832608666190097 ], [ -4.49606498249677, 52.831414412866799 ], [ -4.50615420670839, 52.824974598751503 ], [ -4.49737594720339, 52.825658678369201 ], [ -4.49985815580878, 52.812271678699602 ], [ -4.48988360254193, 52.808013166739102 ], [ -4.48645176398544, 52.795009371254402 ], [ -4.48651476663043, 52.794815991056403 ], [ -4.51485084616124, 52.792966889100697 ], [ -4.52802770593702, 52.777702743357501 ], [ -4.5425734678438, 52.786488861747301 ], [ -4.5361827629522, 52.800280808081801 ], [ -4.60147291175004, 52.824947046196002 ], [ -4.60475179533507, 52.823012853957003 ], [ -4.61253777434854, 52.822617722292101 ], [ -4.64255051272576, 52.800697179179799 ], [ -4.64401089594967, 52.799834300938201 ], [ -4.66130462746961, 52.806156797225299 ], [ -4.6643626987029, 52.804771259576 ], [ -4.66567964551992, 52.805106025052403 ], [ -4.67734470612415, 52.798887587277299 ], [ -4.68844172796523, 52.793855847520497 ], [ -4.72090319040869, 52.802819855649801 ], [ -4.73232221860448, 52.781854397601897 ], [ -4.73274837402228, 52.782024231698202 ], [ -4.76693556283444, 52.7967099508692 ], [ -4.72253738733195, 52.836268972854199 ], [ -4.72616451399432, 52.853511734538202 ], [ -4.6960648665922, 52.859458773674298 ], [ -4.67895727378209, 52.876737556821503 ], [ -4.67058421931047, 52.877205973097503 ], [ -4.65086488789626, 52.905076563403902 ], [ -4.64976250560995, 52.906187753453402 ], [ -4.63215656363575, 52.905967888150599 ], [ -4.61514902664791, 52.923768035803299 ], [ -4.59991064816708, 52.928937736394197 ], [ -4.57057087171215, 52.938882547090202 ], [ -4.56744774731379, 52.948546939009702 ], [ -4.56633172494003, 52.946908124277897 ], [ -4.56080529075201, 52.938393357163399 ], [ -4.56054267891288, 52.938405011559098 ], [ -4.56008161790655, 52.9377276330383 ], [ -4.52486461486544, 52.939982990790597 ], [ -4.52172447558673, 52.940121358164802 ], [ -4.52159262063603, 52.940191996220499 ], [ -4.51959864304468, 52.940319321014996 ], [ -4.47158991787261, 52.966739052847103 ], [ -4.43749823377488, 52.998324872416099 ], [ -4.41719400347277, 52.9982005897349 ], [ -4.41015829458257, 52.9980222762822 ], [ -4.38641694980088, 53.012863297485303 ], [ -4.35385509049415, 53.033194153656297 ], [ -4.35269415309391, 53.036252712449702 ], [ -4.33958068004066, 53.050285600526301 ], [ -4.33797186424303, 53.075002510876601 ], [ -4.33640214563113, 53.079130038578 ], [ -4.34652734937431, 53.114039164691803 ], [ -4.3465961291956, 53.114276088099601 ], [ -4.33893938002848, 53.1213433471898 ], [ -4.32436874140214, 53.121630907007898 ], [ -4.32407908368476, 53.121760044301297 ], [ -4.31961557196091, 53.121485406391102 ], [ -4.33324544424643, 53.114299857462797 ], [ -4.33383148069077, 53.113990817907002 ], [ -4.31932695394759, 53.092796046425498 ], [ -4.30583541989826, 53.107867490425001 ], [ -4.31377717396464, 53.106631028184097 ], [ -4.31303289372379, 53.114695045901399 ], [ -4.31187904521938, 53.127191568715901 ], [ -4.28314551864377, 53.1394891893639 ], [ -4.27362236297725, 53.132809958982399 ], [ -4.27769558362094, 53.143387089846797 ], [ -4.24363187550543, 53.170458031240699 ], [ -4.21210729523864, 53.183187198260399 ], [ -4.21137125406417, 53.184730121362598 ], [ -4.21033775149812, 53.185165734276602 ], [ -4.21024647829166, 53.187087714831002 ], [ -4.19931851986734, 53.209979733879599 ], [ -4.18556401043163, 53.214828968021799 ], [ -4.1609112002308, 53.219906317628698 ], [ -4.14290199703498, 53.229853793548003 ], [ -4.12237188637414, 53.237074664488297 ], [ -4.11447156312936, 53.231407211337903 ], [ -4.11324436922087, 53.236882667610097 ], [ -4.10626377500896, 53.232329374394901 ], [ -4.0990277519286, 53.234411821376199 ], [ -4.09108354142769, 53.236697340668002 ], [ -4.0855743297236, 53.225647427049097 ], [ -4.00739102671084, 53.246922243392603 ], [ -4.00738600166913, 53.2469248831068 ], [ -4.0073007830046, 53.246822013788197 ], [ -3.99820068532517, 53.248387290327699 ] ] ] ] } },
{ "type": "Feature", "properties": { "FID": 299, "LAD24CD": "W06000003", "LAD24NM": "Conwy", "LAD24NMW": "Conwy", "BNG_E": 283293, "BNG_N": 362563, "LONG": -3.74646, "LAT": 53.1474, "GlobalID": "cb06944f-2903-4f8f-ae60-3e63f4c136ea", "LAD24CD_1": "W06000003", "LAD24NM_1": "Conwy", "RUC21CD": "UIF", "RUC21NM": "Intermediate urban: Majority further from a major town or city", "Urban_rura": "Urban", "Shape_Leng": 196007.39494200001, "Shape__Area": 1136883056.9020157, "Shape__Length": 196007.39494236637 }, "geometry": { "type": "Polygon", "coordinates": [ [ [ -3.50518453009116, 53.313540082278699 ], [ -3.49648162229537, 53.302273188133697 ], [ -3.52191935866836, 53.283392714776802 ], [ -3.51833804393229, 53.256373748451601 ], [ -3.53307853932662, 53.248869100896897 ], [ -3.52599437788076, 53.240278784659303 ], [ -3.50967595337247, 53.241841628171997 ], [ -3.46602452042478, 53.220781160083902 ], [ -3.47445863906158, 53.176372397856397 ], [ -3.46101388345239, 53.164994057268103 ], [ -3.53407185466858, 53.139947784659697 ], [ -3.56334304525562, 53.119484495655001 ], [ -3.55595403241121, 53.106669791622899 ], [ -3.60161792678133, 53.085210125592702 ], [ -3.59290416655851, 53.078559365977398 ], [ -3.5649307000254, 53.094655692465999 ], [ -3.51571023292841, 53.089799034051502 ], [ -3.50986657643489, 53.076353463101597 ], [ -3.48692900123402, 53.084049894832297 ], [ -3.48688796779066, 53.065923354947003 ], [ -3.46260915895504, 53.046211244259297 ], [ -3.48965815705353, 53.037859099334703 ], [ -3.47627476639923, 53.0264200996357 ], [ -3.48118431558185, 53.0185226087453 ], [ -3.45459142321376, 52.997925838824898 ], [ -3.45798182754802, 52.984888283752397 ], [ -3.50454184375406, 52.965350446401899 ], [ -3.53380848856708, 52.973685987284497 ], [ -3.58298969485227, 52.967537229674598 ], [ -3.61078834343209, 52.996014148492598 ], [ -3.59962152587494, 53.011690066724398 ], [ -3.61532137496385, 53.0113500950158 ], [ -3.67294998337037, 52.997051642831998 ], [ -3.68302562316268, 52.986843917292802 ], [ -3.73534180790698, 52.9798505348231 ], [ -3.769722571078, 52.959304029261503 ], [ -3.81322379852604, 52.949371837245202 ], [ -3.84103349558743, 52.962297022387197 ], [ -3.84937454503058, 52.977324613353701 ], [ -3.8965596302856, 52.994898323422099 ], [ -3.88781065236373, 53.011588225944301 ], [ -3.89893618859919, 53.020566932126599 ], [ -3.98542343964355, 53.0106531769894 ], [ -3.99721360551865, 53.037651426496303 ], [ -3.97706207506254, 53.068933123554899 ], [ -3.99132280341945, 53.076493772322699 ], [ -3.98667489448416, 53.0842017514573 ], [ -4.01359753460594, 53.0897054850969 ], [ -4.01410270677426, 53.103555943361897 ], [ -4.03133767240668, 53.105647367038301 ], [ -4.02101386393113, 53.124586513656403 ], [ -3.9954901925886, 53.125034196496699 ], [ -4.02011915203951, 53.124821906797003 ], [ -4.00785596984136, 53.143768411962803 ], [ -3.970328734249, 53.160186303444803 ], [ -3.9649747786347, 53.183390133353598 ], [ -3.93904721799848, 53.200111060605003 ], [ -3.93529264322312, 53.214874839996902 ], [ -3.97935469349149, 53.231890765922401 ], [ -3.99820068532517, 53.248387290327699 ], [ -4.0073007830046, 53.246822013788197 ], [ -4.00738600166913, 53.2469248831068 ], [ -3.98348578668795, 53.2594714570278 ], [ -3.98307546675652, 53.259575940557703 ], [ -3.9830529636938, 53.259569883279603 ], [ -3.98213423704288, 53.259815606587601 ], [ -3.84597977344959, 53.294378569402603 ], [ -3.82626933679108, 53.281441388860401 ], [ -3.82619113984609, 53.283057487715901 ], [ -3.82295135753566, 53.2804382207595 ], [ -3.82604973145812, 53.285980384241 ], [ -3.82581537493467, 53.290824107022601 ], [ -3.83040117670773, 53.2937612815766 ], [ -3.83547028997426, 53.3028215006509 ], [ -3.8445095017504, 53.318967317257098 ], [ -3.8752980415835, 53.337276686658903 ], [ -3.87293267822347, 53.339271958104298 ], [ -3.8330070420935, 53.3380273102457 ], [ -3.81880497869118, 53.322791399606501 ], [ -3.80314371325252, 53.324769899619902 ], [ -3.77522231468904, 53.328291639318302 ], [ -3.77504943384274, 53.328236782485497 ], [ -3.76487174365069, 53.318842136134997 ], [ -3.73910972268719, 53.314135503216498 ], [ -3.73413567153039, 53.304338506325799 ], [ -3.73211765770968, 53.300362408244297 ], [ -3.70690147633212, 53.293738371600703 ], [ -3.60580882896845, 53.290837262882498 ], [ -3.54750255180843, 53.306907004296299 ], [ -3.51144974319058, 53.316823223547203 ], [ -3.50864095296322, 53.313555629842597 ], [ -3.50617510107692, 53.310686510791399 ], [ -3.50518453009116, 53.313540082278699 ] ] ] } },
{ "type": "Feature", "properties": { "FID": 300, "LAD24CD": "W06000004", "LAD24NM": "Denbighshire", "LAD24NMW": "Sir Ddinbych", "BNG_E": 309843, "BNG_N": 355416, "LONG": -3.34761, "LAT": 53.0883, "GlobalID": "0f6b6271-79f6-41af-8cc6-aba1ce43b7e7", "LAD24CD_1": "W06000004", "LAD24NM_1": "Denbighshire", "RUC21CD": "RMF", "RUC21NM": "Majority rural: Majority further from a major town or city", "Urban_rura": "Rural", "Shape_Leng": 188183.27632599999, "Shape__Area": 834278706.94521332, "Shape__Length": 188183.27632601652 }, "geometry": { "type": "Polygon", "coordinates": [ [ [ -3.12961644150367, 53.072368119862503 ], [ -3.14779038696129, 53.043807301578603 ], [ -3.13089037480663, 53.023876439922802 ], [ -3.14876541013181, 52.998577116461497 ], [ -3.12055148199791, 52.985545155057899 ], [ -3.12228842153758, 52.9767601821463 ], [ -3.10517911985718, 52.973372332011898 ], [ -3.11128082664197, 52.969388641326098 ], [ -3.09029519615975, 52.971619376302201 ], [ -3.09214857001195, 52.964275627153498 ], [ -3.11070013484344, 52.961724966378199 ], [ -3.09672610468331, 52.959247785408401 ], [ -3.1979748510662, 52.944206284556003 ], [ -3.2374404584035, 52.951012663412101 ], [ -3.29740172336207, 52.942966988340203 ], [ -3.31430774450655, 52.946801474854901 ], [ -3.32434037553279, 52.931843997132503 ], [ -3.35331539181239, 52.921971721033401 ], [ -3.34887538777017, 52.9163324412159 ], [ -3.37501483546352, 52.892453453143098 ], [ -3.38882355067375, 52.876070120954502 ], [ -3.46724662656058, 52.862077782238401 ], [ -3.48301242437159, 52.865453635557301 ], [ -3.47356216422379, 52.871267476088498 ], [ -3.48996769941813, 52.895789425096602 ], [ -3.46511544179629, 52.920269540571297 ], [ -3.49142843895324, 52.933686249417597 ], [ -3.44671330417645, 52.963237585280901 ], [ -3.44874525979931, 52.973827446979598 ], [ -3.43678549411509, 52.980848282843198 ], [ -3.45798182754802, 52.984888283752397 ], [ -3.45459142321376, 52.997925838824898 ], [ -3.48118431558185, 53.0185226087453 ], [ -3.47627476639923, 53.0264200996357 ], [ -3.48965815705353, 53.037859099334703 ], [ -3.46260915895504, 53.046211244259297 ], [ -3.48688796779066, 53.065923354947003 ], [ -3.48692900123402, 53.084049894832297 ], [ -3.50986657643489, 53.076353463101597 ], [ -3.51571023292841, 53.089799034051502 ], [ -3.5649307000254, 53.094655692465999 ], [ -3.59290416655851, 53.078559365977398 ], [ -3.60161792678133, 53.085210125592702 ], [ -3.55595403241121, 53.106669791622899 ], [ -3.56334304525562, 53.119484495655001 ], [ -3.53407185466858, 53.139947784659697 ], [ -3.46101388345239, 53.164994057268103 ], [ -3.47445863906158, 53.176372397856397 ], [ -3.46602452042478, 53.220781160083902 ], [ -3.50967595337247, 53.241841628171997 ], [ -3.52599437788076, 53.240278784659303 ], [ -3.53307853932662, 53.248869100896897 ], [ -3.51833804393229, 53.256373748451601 ], [ -3.52191935866836, 53.283392714776802 ], [ -3.49648162229537, 53.302273188133697 ], [ -3.50518453009116, 53.313540082278699 ], [ -3.5039193154805, 53.317184293134098 ], [ -3.50374224132659, 53.317468955236201 ], [ -3.50260343719226, 53.318005262967098 ], [ -3.48056301595311, 53.328380059504298 ], [ -3.36669451767912, 53.351400352026197 ], [ -3.36817996700774, 53.335237681784299 ], [ -3.38834707176079, 53.3232328649556 ], [ -3.3934630398597, 53.326982965442902 ], [ -3.4005980136671, 53.313826878764502 ], [ -3.38130770092936, 53.315827169866601 ], [ -3.39434119528737, 53.301707614165998 ], [ -3.37513083863763, 53.291653717907899 ], [ -3.35603721978439, 53.297269630381102 ], [ -3.35703378877838, 53.2839276971985 ], [ -3.3296245938485, 53.273367284086397 ], [ -3.36175470576406, 53.2530826848228 ], [ -3.33380727395636, 53.236662817317097 ], [ -3.30444008992093, 53.232923932690902 ], [ -3.32237891408009, 53.220409308115002 ], [ -3.31708523704491, 53.209995087355701 ], [ -3.30421537259416, 53.208031383266601 ], [ -3.30769843558939, 53.1977144754172 ], [ -3.27517164229129, 53.179421210741197 ], [ -3.28097774118084, 53.168590180224697 ], [ -3.27120583745626, 53.157466070691399 ], [ -3.24415197558098, 53.152298108911197 ], [ -3.20822603952642, 53.159843519538597 ], [ -3.18234577676363, 53.154037152480399 ], [ -3.17676206718147, 53.116086531743299 ], [ -3.14590821538291, 53.103949750624103 ], [ -3.15176428216857, 53.092962815051997 ], [ -3.12961644150367, 53.072368119862503 ] ] ] } },
{ "type": "Feature", "properties": { "FID": 301, "LAD24CD": "W06000005", "LAD24NM": "Flintshire", "LAD24NMW": "Sir y Fflint", "BNG_E": 321134, "BNG_N": 369280, "LONG": -3.18248, "LAT": 53.2147, "GlobalID": "e5b20ca5-86e2-4d8c-8911-4e65e523d459", "LAD24CD_1": "W06000005", "LAD24NM_1": "Flintshire", "RUC21CD": "UIN", "RUC21NM": "Intermediate urban: Majority nearer to a major town or city", "Urban_rura": "Urban", "Shape_Leng": 137105.72197700001, "Shape__Area": 435971753.23269653, "Shape__Length": 137105.72197693447 }, "geometry": { "type": "MultiPolygon", "coordinates": [ [ [ [ -3.10739770594214, 53.271765098785998 ], [ -3.08607619005066, 53.256829760670698 ], [ -3.09141897280218, 53.259510074521103 ], [ -3.09161844173346, 53.259629569786298 ], [ -3.09258402395897, 53.260187065793801 ], [ -3.09446152714667, 53.261390619023501 ], [ -3.09548596851066, 53.262127410628501 ], [ -3.1122631489779, 53.262665332825499 ], [ -3.1017227354591, 53.267220904908399 ], [ -3.11134435132853, 53.266362516730702 ], [ -3.10739770594214, 53.271765098785998 ] ] ], [ [ [ -3.29832632604469, 53.3320802598966 ], [ -3.27321758743207, 53.320662919268798 ], [ -3.26479563705493, 53.324598370571401 ], [ -3.25989840535054, 53.318433934153497 ], [ -3.25966833021177, 53.319592707290802 ], [ -3.25827356158214, 53.314552236000999 ], [ -3.24702236579498, 53.310427087663903 ], [ -3.20168016537473, 53.293783443721303 ], [ -3.20121913552108, 53.293614061701597 ], [ -3.1089519807517, 53.240915711942598 ], [ -3.06614612013454, 53.227133695412 ], [ -3.09465173008679, 53.244824046776898 ], [ -3.08493462462197, 53.2402344762383 ], [ -3.08932057235027, 53.244738364885301 ], [ -3.0810377085939, 53.244704354461 ], [ -3.0770072750934, 53.242738973748096 ], [ -3.07218577774635, 53.235373275819299 ], [ -3.07516624216219, 53.2410837567123 ], [ -3.05927262074136, 53.245748368646701 ], [ -3.07382516777714, 53.242002805885299 ], [ -3.10935720675223, 53.257607578562002 ], [ -3.08560042475301, 53.2566383419001 ], [ -3.08596333488254, 53.256773138835001 ], [ -3.08601484756326, 53.256798983839701 ], [ -3.0360241317657, 53.251804982644103 ], [ -2.9983782407184, 53.235858643366598 ], [ -2.92229929317117, 53.1892926708204 ], [ -2.92783850918185, 53.1714114098192 ], [ -2.99508831009331, 53.154195961059798 ], [ -2.97949802680966, 53.150621645143801 ], [ -2.96381312518341, 53.132757524162102 ], [ -2.99685175246349, 53.129935382811503 ], [ -3.02914759967575, 53.103515303407001 ], [ -3.02755947431444, 53.092972773535799 ], [ -3.03500265054413, 53.096804633432598 ], [ -3.05885084937636, 53.085332354018298 ], [ -3.07134039527475, 53.089610920402698 ], [ -3.12961644150367, 53.072368119862503 ], [ -3.15176428216857, 53.092962815051997 ], [ -3.14590821538291, 53.103949750624103 ], [ -3.17676206718147, 53.116086531743299 ], [ -3.18234577676363, 53.154037152480399 ], [ -3.20822603952642, 53.159843519538597 ], [ -3.24415197558098, 53.152298108911197 ], [ -3.27120583745626, 53.157466070691399 ], [ -3.28097774118084, 53.168590180224697 ], [ -3.27517164229129, 53.179421210741197 ], [ -3.30769843558939, 53.1977144754172 ], [ -3.30421537259416, 53.208031383266601 ], [ -3.31708523704491, 53.209995087355701 ], [ -3.32237891408009, 53.220409308115002 ], [ -3.30444008992093, 53.232923932690902 ], [ -3.33380727395636, 53.236662817317097 ], [ -3.36175470576406, 53.2530826848228 ], [ -3.3296245938485, 53.273367284086397 ], [ -3.35703378877838, 53.2839276971985 ], [ -3.35603721978439, 53.297269630381102 ], [ -3.37513083863763, 53.291653717907899 ], [ -3.39434119528737, 53.301707614165998 ], [ -3.38130770092936, 53.315827169866601 ], [ -3.4005980136671, 53.313826878764502 ], [ -3.3934630398597, 53.326982965442902 ], [ -3.38834707176079, 53.3232328649556 ], [ -3.36817996700774, 53.335237681784299 ], [ -3.36669451767912, 53.351400352026197 ], [ -3.36342966855741, 53.352058449449402 ], [ -3.31084327502326, 53.355571761696403 ], [ -3.31244594769246, 53.342318407765703 ], [ -3.29832632604469, 53.3320802598966 ] ] ] ] } },
{ "type": "Feature", "properties": { "FID": 302, "LAD24CD": "W06000006", "LAD24NM": "Wrexham", "LAD24NMW": "Wrecsam", "BNG_E": 333523, "BNG_N": 345387, "LONG": -2.99203, "LAT": 53.0017, "GlobalID": "fffc69ac-3424-4caf-ab70-0eb5a8c37050", "LAD24CD_1": "W06000006", "LAD24NM_1": "Wrexham", "RUC21CD": "UIN", "RUC21NM": "Intermediate urban: Majority nearer to a major town or city", "Urban_rura": "Urban", "Shape_Leng": 155295.953545, "Shape__Area": 506869221.27183533, "Shape__Length": 155295.95354469257 }, "geometry": { "type": "Polygon", "coordinates": [ [ [ -2.7268406065337, 52.983272945391498 ], [ -2.73529356518204, 52.9699461891475 ], [ -2.72417751071701, 52.957121654699201 ], [ -2.72843937384749, 52.925301862485803 ], [ -2.75532645758129, 52.924628036358499 ], [ -2.79884789455756, 52.895758763330903 ], [ -2.84101496067848, 52.942623714099497 ], [ -2.88353939739913, 52.946639216146401 ], [ -2.88743132915924, 52.952529889976397 ], [ -2.9288886576968, 52.938678829368399 ], [ -2.9598133204483, 52.951169554783803 ], [ -2.97502999812956, 52.9689845232229 ], [ -2.98202234589558, 52.9591982537615 ], [ -3.00964949707879, 52.956199472327498 ], [ -3.03512347363092, 52.929462488537901 ], [ -3.07651316772971, 52.925479343120003 ], [ -3.09602579987912, 52.930332992994302 ], [ -3.11416217688046, 52.893978215602601 ], [ -3.14750393983102, 52.890169344893899 ], [ -3.17438182854302, 52.901575544171003 ], [ -3.20536495070437, 52.893129266023003 ], [ -3.23300312723679, 52.867011024938598 ], [ -3.26180306073989, 52.866608617267097 ], [ -3.34565100557456, 52.8925408577838 ], [ -3.37501483546352, 52.892453453143098 ], [ -3.34887538777017, 52.9163324412159 ], [ -3.35331539181239, 52.921971721033401 ], [ -3.32434037553279, 52.931843997132503 ], [ -3.31430774450655, 52.946801474854901 ], [ -3.29740172336207, 52.942966988340203 ], [ -3.2374404584035, 52.951012663412101 ], [ -3.1979748510662, 52.944206284556003 ], [ -3.09672610468331, 52.959247785408401 ], [ -3.11070013484344, 52.961724966378199 ], [ -3.09214857001195, 52.964275627153498 ], [ -3.09029519615975, 52.971619376302201 ], [ -3.11128082664197, 52.969388641326098 ], [ -3.10517911985718, 52.973372332011898 ], [ -3.12228842153758, 52.9767601821463 ], [ -3.12055148199791, 52.985545155057899 ], [ -3.14876541013181, 52.998577116461497 ], [ -3.13089037480663, 53.023876439922802 ], [ -3.14779038696129, 53.043807301578603 ], [ -3.12961644150367, 53.072368119862503 ], [ -3.07134039527475, 53.089610920402698 ], [ -3.05885084937636, 53.085332354018298 ], [ -3.03500265054413, 53.096804633432598 ], [ -3.02755947431444, 53.092972773535799 ], [ -3.02914759967575, 53.103515303407001 ], [ -2.99685175246349, 53.129935382811503 ], [ -2.96381312518341, 53.132757524162102 ], [ -2.91023233565262, 53.112638963328301 ], [ -2.88109940909981, 53.121603717496299 ], [ -2.90207396485116, 53.092039424097401 ], [ -2.87572225442175, 53.081522027627997 ], [ -2.88164358493242, 53.074392083098701 ], [ -2.86147506310468, 53.060660399277999 ], [ -2.87255483685911, 53.058615538811701 ], [ -2.85924038438122, 53.054255526990502 ], [ -2.87011791101549, 53.045360592317998 ], [ -2.85571506741516, 53.037255903346797 ], [ -2.86104429459502, 53.022848654091398 ], [ -2.84406201373811, 53.017668366167399 ], [ -2.83599558996295, 52.997150145918702 ], [ -2.80331096693005, 52.989594183574901 ], [ -2.76827535224616, 52.994860503285899 ], [ -2.7599401790776, 52.986419665564298 ], [ -2.7268406065337, 52.983272945391498 ] ] ] } },
{ "type": "Feature", "properties": { "FID": 303, "LAD24CD": "W06000008", "LAD24NM": "Ceredigion", "LAD24NMW": "Ceredigion", "BNG_E": 267127, "BNG_N": 268437, "LONG": -3.94993, "LAT": 52.298, "GlobalID": "a0926567-cae2-47eb-939a-4f6663bc5eaf", "LAD24CD_1": "W06000008", "LAD24NM_1": "Ceredigion", "RUC21CD": "RMF", "RUC21NM": "Majority rural: Majority further from a major town or city", "Urban_rura": "Rural", "Shape_Leng": 260666.01546900001, "Shape__Area": 1782772431.6891632, "Shape__Length": 260666.01546879724 }, "geometry": { "type": "Polygon", "coordinates": [ [ [ -3.75776898889901, 52.128225791420199 ], [ -3.78609987963238, 52.104557464063397 ], [ -3.79441843538763, 52.117138331909103 ], [ -3.86010447696003, 52.142196312675203 ], [ -3.90672239184834, 52.119787636946597 ], [ -3.94048881317809, 52.138447877302603 ], [ -4.01812297928029, 52.097144315678698 ], [ -4.05809915780287, 52.113878939777102 ], [ -4.10005505472362, 52.096061085197498 ], [ -4.14400402616874, 52.0942707969824 ], [ -4.15876105010449, 52.086893029898398 ], [ -4.14727405858525, 52.080796737758 ], [ -4.15856416517479, 52.081209960320201 ], [ -4.1641557993554, 52.068153068779601 ], [ -4.19145641793384, 52.059325964220299 ], [ -4.2058442020402, 52.0625734191863 ], [ -4.23447649493128, 52.038214703566403 ], [ -4.2824977105904, 52.039810334991699 ], [ -4.28896729775378, 52.052785210490498 ], [ -4.30107218717429, 52.051642984376599 ], [ -4.30578800300691, 52.038613165080598 ], [ -4.33474329662028, 52.041329601920403 ], [ -4.35061460033492, 52.026756131853901 ], [ -4.38489658578998, 52.040021744915698 ], [ -4.39884206980144, 52.034635205119997 ], [ -4.41110120363155, 52.041837189864999 ], [ -4.44873212810416, 52.044145427183501 ], [ -4.46365449203762, 52.036537472105898 ], [ -4.48745036971288, 52.049069743075002 ], [ -4.50187522948956, 52.0425759612489 ], [ -4.53562239883079, 52.044360863629699 ], [ -4.54107697138143, 52.052126500888001 ], [ -4.54492769770434, 52.0442437953335 ], [ -4.55975485087236, 52.043726523714597 ], [ -4.5702592995448, 52.0588694417619 ], [ -4.6077759211639, 52.062152865528297 ], [ -4.6311865734688, 52.055961298773099 ], [ -4.64703985016656, 52.078341490380701 ], [ -4.66491968254301, 52.057808313560599 ], [ -4.68033816157951, 52.063719540937598 ], [ -4.66969110665357, 52.080339665496901 ], [ -4.68170736062837, 52.085125365066297 ], [ -4.68863087190637, 52.104220099501902 ], [ -4.68837412255409, 52.104138365765401 ], [ -4.68800055188475, 52.108578251936201 ], [ -4.68622093017045, 52.129711589928199 ], [ -4.64186580725541, 52.138272440238602 ], [ -4.58286668875013, 52.137953260993299 ], [ -4.58282052932219, 52.1379729081454 ], [ -4.58279850192803, 52.1379727082183 ], [ -4.56725140138035, 52.144532498419501 ], [ -4.54558438207058, 52.133294353124498 ], [ -4.51860473943483, 52.1349873197357 ], [ -4.47098762408705, 52.160278430249399 ], [ -4.46691482620976, 52.1712681262307 ], [ -4.46213494545452, 52.169851748734402 ], [ -4.46004771025587, 52.1676546832051 ], [ -4.45662816537784, 52.1682196203041 ], [ -4.45450953455681, 52.167591588261701 ], [ -4.45058368959045, 52.169217943215699 ], [ -4.44508136932174, 52.1701264141184 ], [ -4.43988100903892, 52.173650489315598 ], [ -4.42892777386793, 52.178184903301599 ], [ -4.3797518149443, 52.214204145413802 ], [ -4.37764653697893, 52.215744434472001 ], [ -4.37745871594285, 52.215781921028899 ], [ -4.35759464189558, 52.215442207661702 ], [ -4.35659283409508, 52.214668960602197 ], [ -4.35053435586122, 52.209991925617601 ], [ -4.3432007147474, 52.211031356874898 ], [ -4.32496691485593, 52.213613545114399 ], [ -4.3208360001969, 52.215377531898298 ], [ -4.20751390152546, 52.263658547499297 ], [ -4.14038141184307, 52.3225022797414 ], [ -4.13568861038509, 52.330708435125501 ], [ -4.08989467424588, 52.398956565692799 ], [ -4.08618585147006, 52.4272230455474 ], [ -4.06911593558428, 52.467514878087599 ], [ -4.06645648163594, 52.4705641787953 ], [ -4.06261916866502, 52.473430572394797 ], [ -4.05174024958489, 52.481554228762498 ], [ -4.05626840538118, 52.532334847306998 ], [ -4.04152123188497, 52.526506146253602 ], [ -4.03918723620352, 52.526785287145898 ], [ -4.00146867033532, 52.532773428563701 ], [ -3.9856591584084, 52.517604436720099 ], [ -3.99703890765372, 52.534838928837303 ], [ -3.96667993346183, 52.530733211159898 ], [ -3.98447254965618, 52.536259613339503 ], [ -3.955964344879, 52.555400833775998 ], [ -3.94923029919798, 52.5516762490521 ], [ -3.94179663525015, 52.557818941509403 ], [ -3.93293144753597, 52.552978309857302 ], [ -3.92645021911398, 52.560769894607802 ], [ -3.85946623224588, 52.560843602895602 ], [ -3.84086195671383, 52.551354789588402 ], [ -3.84399589219058, 52.5120392604126 ], [ -3.82675577732801, 52.484794005044002 ], [ -3.81246679120455, 52.4789114878362 ], [ -3.73326052207006, 52.506589558940597 ], [ -3.74479814311403, 52.474633273230303 ], [ -3.76640744059756, 52.469303614749798 ], [ -3.77161679254761, 52.442152440264898 ], [ -3.7120501053968, 52.413356414787003 ], [ -3.69720067008912, 52.366929540976102 ], [ -3.68547877660111, 52.368221264893201 ], [ -3.65816741122617, 52.3476491316843 ], [ -3.70512953361775, 52.341454594094202 ], [ -3.74501071096046, 52.317565761662401 ], [ -3.72773649744209, 52.305826167342197 ], [ -3.73308978363023, 52.2903041440048 ], [ -3.70717016810407, 52.274057568283901 ], [ -3.73163759374058, 52.271450710091599 ], [ -3.75343342312644, 52.251760586065899 ], [ -3.74420801811538, 52.246304550996904 ], [ -3.75227178227964, 52.197614026885503 ], [ -3.74199032919723, 52.139460320753898 ], [ -3.75776898889901, 52.128225791420199 ] ] ] } },
{ "type": "Feature", "properties": { "FID": 304, "LAD24CD": "W06000009", "LAD24NM": "Pembrokeshire", "LAD24NMW": "Sir Benfro", "BNG_E": 199821, "BNG_N": 221392, "LONG": -4.90818, "LAT": 51.8551, "GlobalID": "35597187-cf4c-4cc1-8c7c-849e3a3af4b3", "LAD24CD_1": "W06000009", "LAD24NM_1": "Pembrokeshire", "RUC21CD": "RMF", "RUC21NM": "Majority rural: Majority further from a major town or city", "Urban_rura": "Rural", "Shape_Leng": 372068.45386299997, "Shape__Area": 1626517792.7304764, "Shape__Length": 372068.45386267843 }, "geometry": { "type": "MultiPolygon", "coordinates": [ [ [ [ -4.67482190627257, 51.637600908080003 ], [ -4.68405664537645, 51.629915447751003 ], [ -4.70347152846698, 51.632024916098501 ], [ -4.70951487183564, 51.642176930090798 ], [ -4.70334941126693, 51.642261446086501 ], [ -4.67482190627257, 51.637600908080003 ] ] ], [ [ [ -5.28296809514837, 51.694122347021498 ], [ -5.28796314833789, 51.693514256215998 ], [ -5.27399120806196, 51.703497665141199 ], [ -5.26465013536465, 51.701835672864298 ], [ -5.27009338600403, 51.695960851043999 ], [ -5.28296809514837, 51.694122347021498 ] ] ], [ [ [ -5.66812342812174, 51.720666574171801 ], [ -5.66817181664226, 51.719745617574098 ], [ -5.66932862445889, 51.720453426997103 ], [ -5.66812342812174, 51.720666574171801 ] ] ], [ [ [ -5.47740347266694, 51.732425846958897 ], [ -5.48005928799017, 51.728339414616997 ], [ -5.48155299240433, 51.730431674300597 ], [ -5.47740347266694, 51.732425846958897 ] ] ], [ [ [ -5.2837393315005, 51.739569459164599 ], [ -5.26949643136985, 51.7346152559332 ], [ -5.26970057346505, 51.734561223642203 ], [ -5.28123669261323, 51.735949804378599 ], [ -5.28141919757556, 51.736746407783002 ], [ -5.29303622474801, 51.728318869014899 ], [ -5.31079541602371, 51.7327177400675 ], [ -5.31316734557121, 51.739700644937102 ], [ -5.31091379322266, 51.740670807074103 ], [ -5.29971100527445, 51.744962002037497 ], [ -5.2837393315005, 51.739569459164599 ] ] ], [ [ [ -5.32981058097771, 51.877703089461598 ], [ -5.33335987107999, 51.8537515141483 ], [ -5.3533708341561, 51.863767016638199 ], [ -5.34871605224008, 51.868587090850298 ], [ -5.33813980252547, 51.8790686162585 ], [ -5.32981058097771, 51.877703089461598 ] ] ], [ [ [ -5.18931837711816, 51.873890415123 ], [ -5.20063010715515, 51.867593810236102 ], [ -5.24579515797209, 51.873510456257897 ], [ -5.28255540441583, 51.870231823391499 ], [ -5.29628015371766, 51.860745565625699 ], [ -5.29755992995837, 51.866103037535296 ], [ -5.31857850667989, 51.861874336453702 ], [ -5.3197629660478, 51.8616835527109 ], [ -5.30733267051488, 51.8747802832848 ], [ -5.30745577298683, 51.874919016817501 ], [ -5.30737248189617, 51.875005824843598 ], [ -5.3158545925982, 51.884800206978603 ], [ -5.29585181380809, 51.893320802066803 ], [ -5.30377631500544, 51.903665057237397 ], [ -5.31458980197623, 51.902013802702903 ], [ -5.30553879542507, 51.908302355419501 ], [ -5.25916131254313, 51.914844407791499 ], [ -5.23624886514884, 51.929506580133499 ], [ -5.2101362778329, 51.9322335364308 ], [ -5.2022986677298, 51.9427347045796 ], [ -5.19641779264829, 51.950610675747001 ], [ -5.15406481797116, 51.9482969638429 ], [ -5.15291086789577, 51.950391545157501 ], [ -5.1426255279703, 51.961463307541798 ], [ -5.12454597740509, 51.961321092307301 ], [ -5.12191565714392, 51.960633703876198 ], [ -5.12049783421938, 51.961288856932498 ], [ -5.10711353374625, 51.961181276348 ], [ -5.10455526461008, 51.9686531939575 ], [ -5.10324114797965, 51.9692600210279 ], [ -5.08579691104557, 51.9682348861582 ], [ -5.0799118378718, 51.985354556718498 ], [ -5.095657465945, 51.9936276571948 ], [ -5.07258140524272, 52.003962708966597 ], [ -5.07333868002174, 52.0044673372239 ], [ -5.07301462461824, 52.004623781948197 ], [ -5.08772015553165, 52.014047385887999 ], [ -5.08963921125481, 52.015325270529601 ], [ -5.08637135371134, 52.017953888503499 ], [ -5.071291110453, 52.030079139098603 ], [ -5.04547749168485, 52.025255428993802 ], [ -5.02073365446916, 52.020353219183903 ], [ -4.99180444923071, 52.026033819821798 ], [ -4.9900607927293, 52.022551342945299 ], [ -4.98712458124326, 52.0164343875743 ], [ -4.98698389921635, 52.016404546689103 ], [ -4.98680929150048, 52.016055655046699 ], [ -4.97142832797507, 52.012997770075899 ], [ -4.98194085705225, 52.014574884249903 ], [ -4.98269739820205, 52.014692832888798 ], [ -4.98663770954193, 52.010675743857099 ], [ -4.99249915864663, 52.004772401188603 ], [ -4.99244629854048, 52.004752453846102 ], [ -4.99311671917663, 52.0040686783721 ], [ -4.99110911498086, 52.004247835814901 ], [ -4.9863123443689, 52.002437441626803 ], [ -4.9897349435476, 52.000700731120901 ], [ -4.96923530673654, 51.994931127962197 ], [ -4.96996242961658, 51.997370742403298 ], [ -4.92473076882552, 52.009263314794097 ], [ -4.91970936778452, 52.010098561205503 ], [ -4.91620187478002, 52.019080674499897 ], [ -4.91493533305496, 52.0223231718047 ], [ -4.91002401830743, 52.034892663071702 ], [ -4.90974265575097, 52.034749396215602 ], [ -4.88570817466214, 52.020758779390803 ], [ -4.88252295327679, 52.020881475148499 ], [ -4.878887124684, 52.0190279585469 ], [ -4.81434509399364, 52.018526601610603 ], [ -4.83883639183193, 52.02418220066 ], [ -4.84132647504617, 52.024756850236599 ], [ -4.83796714230033, 52.033419700589803 ], [ -4.84422088094409, 52.036158397180699 ], [ -4.83839801749964, 52.049741579203904 ], [ -4.83793673840511, 52.050332671074898 ], [ -4.83768652276424, 52.050378710205997 ], [ -4.7914305217548, 52.058456843331903 ], [ -4.75905210022317, 52.076770779160299 ], [ -4.74144022574785, 52.098633241231497 ], [ -4.74719986832182, 52.102459072308598 ], [ -4.74925200907752, 52.104169909539998 ], [ -4.73154141433034, 52.1178681947111 ], [ -4.68863087190637, 52.104220099501902 ], [ -4.68170736062837, 52.085125365066297 ], [ -4.66969110665357, 52.080339665496901 ], [ -4.68033816157951, 52.063719540937598 ], [ -4.66491968254301, 52.057808313560599 ], [ -4.64703985016656, 52.078341490380701 ], [ -4.6311865734688, 52.055961298773099 ], [ -4.6077759211639, 52.062152865528297 ], [ -4.5702592995448, 52.0588694417619 ], [ -4.55975485087236, 52.043726523714597 ], [ -4.54639822107041, 52.019057850028801 ], [ -4.52301227333206, 52.011251714882803 ], [ -4.51227455004136, 51.994913526708203 ], [ -4.48711128676196, 51.988683319051297 ], [ -4.49331053972026, 51.961309788853299 ], [ -4.54154953150956, 51.956550653066998 ], [ -4.57768532937283, 51.931914470857002 ], [ -4.59995396450654, 51.940930257384302 ], [ -4.63561082838126, 51.918595693306401 ], [ -4.66788945755038, 51.934078407837703 ], [ -4.71342790172044, 51.915785556036703 ], [ -4.71353811924994, 51.899237947545402 ], [ -4.7231034056339, 51.895698308658297 ], [ -4.70671350526003, 51.888878280757197 ], [ -4.69410200751906, 51.8596201041466 ], [ -4.70861811449431, 51.847267874420197 ], [ -4.70426280780244, 51.839120293096798 ], [ -4.64579247973085, 51.831339481060603 ], [ -4.6169404718901, 51.811614653196997 ], [ -4.64459385885353, 51.797274530634397 ], [ -4.63411909904058, 51.785013594909799 ], [ -4.64397020296571, 51.7765210010541 ], [ -4.62258210919168, 51.768125500034103 ], [ -4.63217453451122, 51.735186964579697 ], [ -4.63285204516072, 51.735198374112699 ], [ -4.6762727366059, 51.727156065167698 ], [ -4.69656985679293, 51.712722681986101 ], [ -4.69209795439065, 51.708494319489802 ], [ -4.69269854651747, 51.705401777602198 ], [ -4.6840989051621, 51.7009284507186 ], [ -4.68024419410902, 51.697281362150903 ], [ -4.69720164080801, 51.686290540458302 ], [ -4.70187311462552, 51.674543275588803 ], [ -4.69335391216671, 51.671959543773298 ], [ -4.70010964671505, 51.667707743073798 ], [ -4.71428078813131, 51.658785035555098 ], [ -4.71114070135419, 51.651752788432397 ], [ -4.75685108614284, 51.653683705565399 ], [ -4.75593967204922, 51.6440063593272 ], [ -4.77711713447788, 51.642429921292504 ], [ -4.78117319076453, 51.634939253854 ], [ -4.78132254849494, 51.6349754653613 ], [ -4.81287938528187, 51.645130780897297 ], [ -4.82539230903544, 51.645649092739397 ], [ -4.82999796180343, 51.646763321796797 ], [ -4.84451592340253, 51.646438649894897 ], [ -4.86078918464782, 51.647108076150801 ], [ -4.86171095410727, 51.639247393815801 ], [ -4.86202220251223, 51.638646216241199 ], [ -4.89114032199357, 51.629509704611102 ], [ -4.89865021345605, 51.627151556782898 ], [ -4.89643383478663, 51.6101254634521 ], [ -4.92299794541608, 51.611431105937399 ], [ -4.92338116056605, 51.599004614748601 ], [ -4.92490057489397, 51.597190571264598 ], [ -4.94834794118444, 51.597011188527901 ], [ -4.97544795259385, 51.610339055667097 ], [ -5.00758978012201, 51.608569433076099 ], [ -5.05941041264515, 51.620602625298602 ], [ -5.05006957208738, 51.639943747627299 ], [ -5.06214781736519, 51.658823050063098 ], [ -5.06507134377004, 51.663390122135802 ], [ -5.1233745182764, 51.6711966128453 ], [ -5.12567208741828, 51.6816213200416 ], [ -5.10509824009494, 51.692058688591899 ], [ -5.10396575048324, 51.691961019041798 ], [ -5.07630372314939, 51.688104128123001 ], [ -5.07590469771052, 51.687911825690499 ], [ -5.08813616368731, 51.684696494216702 ], [ -5.0738947451691, 51.6778539857808 ], [ -5.04655270360189, 51.676246846253697 ], [ -5.051184569659, 51.693872408328303 ], [ -5.02756115623282, 51.6950325446901 ], [ -5.00748894055015, 51.687320511376299 ], [ -4.98145061788668, 51.689121062748796 ], [ -4.98630035739701, 51.684004680282797 ], [ -4.97535155594327, 51.680874891793898 ], [ -4.9754641718466, 51.681497121891503 ], [ -4.9734950664472, 51.678901459967598 ], [ -4.9765656625949, 51.687581801312596 ], [ -4.97667300038299, 51.688174624247303 ], [ -4.94922960015099, 51.7021789279354 ], [ -4.89118274212594, 51.706035883387401 ], [ -4.88682019787213, 51.716755001295802 ], [ -4.87215408581503, 51.717645830293897 ], [ -4.88482460693761, 51.719019760699297 ], [ -4.88294226065844, 51.733917229402898 ], [ -4.89801745337196, 51.739567297460098 ], [ -4.88609578210335, 51.771022770059602 ], [ -4.91286380765917, 51.771527328444897 ], [ -4.89509626289, 51.761285200648999 ], [ -4.90249800130614, 51.741557099451597 ], [ -4.88687359644194, 51.730286467103902 ], [ -4.89556250818229, 51.709935234300403 ], [ -4.94631819919215, 51.703663685302203 ], [ -4.94323158126777, 51.705237615905602 ], [ -4.9849218828108, 51.699378649379398 ], [ -5.01920546074072, 51.7072304699089 ], [ -5.01388719735359, 51.717175526680201 ], [ -5.02260115652383, 51.708007605707898 ], [ -5.0345704214278, 51.710745876067101 ], [ -5.06092145356723, 51.708195525382301 ], [ -5.0596345428892, 51.706962115548102 ], [ -5.06323898635909, 51.706867121837 ], [ -5.06321704868187, 51.707231162885599 ], [ -5.08512604876166, 51.706421355974399 ], [ -5.09032645646031, 51.710884963916598 ], [ -5.09781723437172, 51.7200137516149 ], [ -5.09974607604881, 51.718966981530102 ], [ -5.10513418704872, 51.7235882439522 ], [ -5.09302426481602, 51.740467380178401 ], [ -5.10525712952611, 51.736076440487302 ], [ -5.11590830743018, 51.710376144300199 ], [ -5.12458441096024, 51.717435603269998 ], [ -5.13469444836079, 51.715978732301799 ], [ -5.15820632442002, 51.715068574725898 ], [ -5.16999933451193, 51.7309667120645 ], [ -5.16851875245671, 51.706777338306303 ], [ -5.14961759660099, 51.702366413391097 ], [ -5.15812521227946, 51.701721181841897 ], [ -5.15731799068385, 51.687974644546898 ], [ -5.17560262873158, 51.680308398677802 ], [ -5.18419647499418, 51.686821168339399 ], [ -5.18827940717255, 51.689914485729403 ], [ -5.18718627205001, 51.7088624544661 ], [ -5.19095363970956, 51.709523253814602 ], [ -5.20942041567737, 51.719306891401203 ], [ -5.21220974362268, 51.722967389494102 ], [ -5.23257542276546, 51.724917568426399 ], [ -5.25351785116877, 51.7377508937738 ], [ -5.25402372597685, 51.738185644179303 ], [ -5.21086579767254, 51.733915182354998 ], [ -5.20318517311117, 51.755572480230398 ], [ -5.18891897159828, 51.753947946646399 ], [ -5.18610968636539, 51.753627825811598 ], [ -5.16029876777647, 51.772127683025197 ], [ -5.11858163790798, 51.768255874457402 ], [ -5.10764727538255, 51.7741761392383 ], [ -5.10288649901088, 51.810053039055099 ], [ -5.11604714807349, 51.8372903041858 ], [ -5.12312106196955, 51.851915609708001 ], [ -5.13778013234857, 51.863914221168301 ], [ -5.13982652555268, 51.863780756461097 ], [ -5.1398546406805, 51.863807658066598 ], [ -5.14535786365979, 51.863419822375199 ], [ -5.18159306796127, 51.8610487846883 ], [ -5.17950312337631, 51.867246515106999 ], [ -5.183296500968, 51.867231850107103 ], [ -5.19322361505631, 51.868957961218101 ], [ -5.18931837711816, 51.873890415123 ] ] ] ] } },
{ "type": "Feature", "properties": { "FID": 305, "LAD24CD": "W06000010", "LAD24NM": "Carmarthenshire", "LAD24NMW": "Sir Gaerfyrddin", "BNG_E": 247955, "BNG_N": 224133, "LONG": -4.21109, "LAT": 51.895, "GlobalID": "7d4d7ee4-f7a8-40e1-922c-403360a58141", "LAD24CD_1": "W06000010", "LAD24NM_1": "Carmarthenshire", "RUC21CD": "RIF", "RUC21NM": "Intermediate rural: Majority further from a major town or city", "Urban_rura": "Rural", "Shape_Leng": 317262.59661900002, "Shape__Area": 2368434521.9924545, "Shape__Length": 317262.59661908145 }, "geometry": { "type": "Polygon", "coordinates": [ [ [ -3.86010447696003, 52.142196312675203 ], [ -3.79441843538763, 52.117138331909103 ], [ -3.78609987963238, 52.104557464063397 ], [ -3.75776898889901, 52.128225791420199 ], [ -3.72031901826934, 52.117501588967599 ], [ -3.7140763938064, 52.104970927510401 ], [ -3.72879836684997, 52.093977413755503 ], [ -3.72309534087783, 52.085214264590903 ], [ -3.66713104531823, 52.074299269167 ], [ -3.67904983034794, 52.0606120182496 ], [ -3.64713650260716, 52.0387891948426 ], [ -3.66827222447723, 52.025432334603799 ], [ -3.67001662688168, 52.004213196486099 ], [ -3.71118216727451, 51.9618527208739 ], [ -3.69985446611416, 51.945984351394102 ], [ -3.72033971567699, 51.941761835944 ], [ -3.72751468496771, 51.910633306110199 ], [ -3.71356827017406, 51.905906501960999 ], [ -3.71383514681224, 51.887140969491 ], [ -3.77264550334438, 51.846022317187398 ], [ -3.80669047538918, 51.787952285237402 ], [ -3.81857806880622, 51.802347966251901 ], [ -3.8654561412009, 51.810346537209 ], [ -3.89988199897599, 51.803631134594099 ], [ -3.8820962986127, 51.787904837005499 ], [ -3.88720583055589, 51.768797931101801 ], [ -3.91842457565384, 51.7753011220655 ], [ -3.93650461617364, 51.771355411054401 ], [ -3.96519017577005, 51.7637050922878 ], [ -3.99980417233353, 51.774151471798 ], [ -4.00168319784235, 51.762569364446598 ], [ -4.04930254396701, 51.729594022834497 ], [ -4.04345305487469, 51.706628845048797 ], [ -4.04965738712283, 51.712045988330502 ], [ -4.04400067967167, 51.706681029254597 ], [ -4.05632354244201, 51.713196539725601 ], [ -4.05489688620038, 51.707523372445003 ], [ -4.05917898669976, 51.700312349559397 ], [ -4.07177826527186, 51.699056430678397 ], [ -4.06732706188907, 51.690657432070701 ], [ -4.08164288113595, 51.688803867369799 ], [ -4.08136019407258, 51.684121691792797 ], [ -4.08140630008571, 51.6841122380728 ], [ -4.0813489121668, 51.6839348152374 ], [ -4.08113022523621, 51.680310336612202 ], [ -4.08048973638657, 51.669688798621003 ], [ -4.08134550437243, 51.674904383188498 ], [ -4.08965891087294, 51.671699537151802 ], [ -4.08168324585071, 51.663895183828203 ], [ -4.12942508834228, 51.657942252674196 ], [ -4.13321271552629, 51.665379721863999 ], [ -4.14616234279879, 51.654682031472298 ], [ -4.16760876044495, 51.6640674090389 ], [ -4.16846667937388, 51.678730239162498 ], [ -4.16858856866292, 51.680812671962101 ], [ -4.168789631471, 51.678724261052999 ], [ -4.17006916480414, 51.665429361087 ], [ -4.18055813168361, 51.678506291121302 ], [ -4.18233864795419, 51.680725259958798 ], [ -4.21544124543316, 51.685314272347902 ], [ -4.28908687377915, 51.676950300284602 ], [ -4.28602161107528, 51.676501320264997 ], [ -4.26420434022536, 51.673303098248901 ], [ -4.29123562909102, 51.667651861449002 ], [ -4.30869896501857, 51.676056849301297 ], [ -4.31564976719279, 51.6794006169604 ], [ -4.34832381261797, 51.695106586424799 ], [ -4.37992586041014, 51.732137865637803 ], [ -4.36054566826539, 51.7302905317623 ], [ -4.36298516032877, 51.724668509545197 ], [ -4.35751548837509, 51.729696698122197 ], [ -4.3565948757039, 51.724147556652497 ], [ -4.35620953364968, 51.721824370052502 ], [ -4.33544342825179, 51.7230969248671 ], [ -4.3364643602493, 51.717510942841201 ], [ -4.32384556126803, 51.724096765265401 ], [ -4.32249048939067, 51.716587487823404 ], [ -4.32178037975887, 51.724656521673602 ], [ -4.31780216286736, 51.721532932796201 ], [ -4.31484710065416, 51.719212322367603 ], [ -4.3150117596388, 51.726260362437102 ], [ -4.30979088137136, 51.721451267042603 ], [ -4.30194921603015, 51.726132130350898 ], [ -4.31824542020984, 51.730204393896898 ], [ -4.32502347905204, 51.731897272082598 ], [ -4.31844594886182, 51.734119984534999 ], [ -4.29545634398676, 51.741884051613702 ], [ -4.3185112735659, 51.7353953707469 ], [ -4.32171124213161, 51.734494245469598 ], [ -4.36555467753542, 51.737920030011203 ], [ -4.37604524605263, 51.753876471339197 ], [ -4.36612994080781, 51.787185040526502 ], [ -4.32401598095458, 51.801520864107999 ], [ -4.32646427533597, 51.801351478888101 ], [ -4.36346340016537, 51.796501471108897 ], [ -4.40383169458145, 51.757275721987803 ], [ -4.44887995810673, 51.770113624662002 ], [ -4.46275225384406, 51.769121200781299 ], [ -4.45898769121104, 51.760458863762103 ], [ -4.41778231759532, 51.745291595042502 ], [ -4.42365994686299, 51.740734573670302 ], [ -4.46321924240552, 51.7316834780938 ], [ -4.55902369144595, 51.741982587565303 ], [ -4.57188594725086, 51.7369441724328 ], [ -4.60632590817944, 51.734748754552903 ], [ -4.60816040813201, 51.734780041403297 ], [ -4.63217453451122, 51.735186964579697 ], [ -4.62258210919168, 51.768125500034103 ], [ -4.64397020296571, 51.7765210010541 ], [ -4.63411909904058, 51.785013594909799 ], [ -4.64459385885353, 51.797274530634397 ], [ -4.6169404718901, 51.811614653196997 ], [ -4.64579247973085, 51.831339481060603 ], [ -4.70426280780244, 51.839120293096798 ], [ -4.70861811449431, 51.847267874420197 ], [ -4.69410200751906, 51.8596201041466 ], [ -4.70671350526003, 51.888878280757197 ], [ -4.7231034056339, 51.895698308658297 ], [ -4.71353811924994, 51.899237947545402 ], [ -4.71342790172044, 51.915785556036703 ], [ -4.66788945755038, 51.934078407837703 ], [ -4.63561082838126, 51.918595693306401 ], [ -4.59995396450654, 51.940930257384302 ], [ -4.57768532937283, 51.931914470857002 ], [ -4.54154953150956, 51.956550653066998 ], [ -4.49331053972026, 51.961309788853299 ], [ -4.48711128676196, 51.988683319051297 ], [ -4.51227455004136, 51.994913526708203 ], [ -4.52301227333206, 52.011251714882803 ], [ -4.54639822107041, 52.019057850028801 ], [ -4.55975485087236, 52.043726523714597 ], [ -4.54492769770434, 52.0442437953335 ], [ -4.54107697138143, 52.052126500888001 ], [ -4.53562239883079, 52.044360863629699 ], [ -4.50187522948956, 52.0425759612489 ], [ -4.48745036971288, 52.049069743075002 ], [ -4.46365449203762, 52.036537472105898 ], [ -4.44873212810416, 52.044145427183501 ], [ -4.41110120363155, 52.041837189864999 ], [ -4.39884206980144, 52.034635205119997 ], [ -4.38489658578998, 52.040021744915698 ], [ -4.35061460033492, 52.026756131853901 ], [ -4.33474329662028, 52.041329601920403 ], [ -4.30578800300691, 52.038613165080598 ], [ -4.30107218717429, 52.051642984376599 ], [ -4.28896729775378, 52.052785210490498 ], [ -4.2824977105904, 52.039810334991699 ], [ -4.23447649493128, 52.038214703566403 ], [ -4.2058442020402, 52.0625734191863 ], [ -4.19145641793384, 52.059325964220299 ], [ -4.1641557993554, 52.068153068779601 ], [ -4.15856416517479, 52.081209960320201 ], [ -4.14727405858525, 52.080796737758 ], [ -4.15876105010449, 52.086893029898398 ], [ -4.14400402616874, 52.0942707969824 ], [ -4.10005505472362, 52.096061085197498 ], [ -4.05809915780287, 52.113878939777102 ], [ -4.01812297928029, 52.097144315678698 ], [ -3.94048881317809, 52.138447877302603 ], [ -3.90672239184834, 52.119787636946597 ], [ -3.86010447696003, 52.142196312675203 ] ] ] } },
{ "type": "Feature", "properties": { "FID": 306, "LAD24CD": "W06000011", "LAD24NM": "Swansea", "LAD24NMW": "Abertawe", "BNG_E": 264022, "BNG_N": 197308, "LONG": -3.96723, "LAT": 51.6581, "GlobalID": "4ec75262-86f5-4757-9603-68bff6779a71", "LAD24CD_1": "W06000011", "LAD24NM_1": "Swansea", "RUC21CD": "UUN", "RUC21NM": "Urban: Majority nearer to a major town or city", "Urban_rura": "Urban", "Shape_Leng": 153709.35835299999, "Shape__Area": 376289629.28155899, "Shape__Length": 153709.35835324178 }, "geometry": { "type": "MultiPolygon", "coordinates": [ [ [ [ -4.30970658007285, 51.562530784037698 ], [ -4.31141272359455, 51.561646167006899 ], [ -4.33380535779627, 51.565153307986897 ], [ -4.30971983973256, 51.562791973255202 ], [ -4.30970658007285, 51.562530784037698 ] ] ], [ [ [ -4.31181369685419, 51.604051805428803 ], [ -4.31181257558778, 51.6040297332612 ], [ -4.31651027846597, 51.608999439617101 ], [ -4.31215488266979, 51.610773703228098 ], [ -4.31181369685419, 51.604051805428803 ] ] ], [ [ [ -4.08136019407258, 51.684121691792797 ], [ -4.0813489121668, 51.6839348152374 ], [ -4.08140630008571, 51.6841122380728 ], [ -4.08136019407258, 51.684121691792797 ] ] ], [ [ [ -4.05323283704745, 51.7009045829274 ], [ -4.05917898669976, 51.700312349559397 ], [ -4.05489688620038, 51.707523372445003 ], [ -4.05323283704745, 51.7009045829274 ] ] ], [ [ [ -3.99980417233353, 51.774151471798 ], [ -3.96519017577005, 51.7637050922878 ], [ -3.93650461617364, 51.771355411054401 ], [ -3.88850610202894, 51.739086196413297 ], [ -3.87602271282126, 51.7039605072097 ], [ -3.84274318431454, 51.697369332377697 ], [ -3.8870194190256, 51.634055036941497 ], [ -3.88636008740697, 51.6175023727913 ], [ -3.92261139576578, 51.607555238825697 ], [ -3.92713504519316, 51.607262817701098 ], [ -3.92930271233206, 51.616713026743099 ], [ -3.92873273257803, 51.613461569643398 ], [ -3.92876287836853, 51.608195564775798 ], [ -3.92909561331935, 51.6134459758715 ], [ -3.9583431461475, 51.612185301728204 ], [ -3.99390019657479, 51.598697331819103 ], [ -4.00058271122287, 51.580034081589702 ], [ -3.98631891061131, 51.573346382565099 ], [ -3.98638470241447, 51.573256880279096 ], [ -3.97677340554124, 51.568520372736799 ], [ -3.98085470349252, 51.564756206341698 ], [ -3.98110109212868, 51.564744979610502 ], [ -4.01055299357602, 51.568156628918302 ], [ -4.02121347135582, 51.564281923060904 ], [ -4.02432868027121, 51.563149350701899 ], [ -4.03499393856182, 51.5701067317802 ], [ -4.06435163751016, 51.557254937328203 ], [ -4.11132497634675, 51.569949552273698 ], [ -4.10371388043533, 51.577774085984501 ], [ -4.15643950995501, 51.561949981954598 ], [ -4.15287633638278, 51.542507424103299 ], [ -4.17516631659192, 51.544873276524498 ], [ -4.19480580503846, 51.548264338141401 ], [ -4.21078403582841, 51.537148662992898 ], [ -4.27881803373776, 51.5615030888397 ], [ -4.30816062119017, 51.563021591614699 ], [ -4.30641234022824, 51.564238645930097 ], [ -4.29955211719111, 51.567794551370703 ], [ -4.2993277350394, 51.569169626490698 ], [ -4.28900610839056, 51.576350965331201 ], [ -4.30920622894354, 51.609618381492801 ], [ -4.27965056655498, 51.615911280457297 ], [ -4.24550350778722, 51.647589047184397 ], [ -4.23059954796192, 51.647736567361797 ], [ -4.24246596267727, 51.646352144194999 ], [ -4.23252998262843, 51.6422456856764 ], [ -4.24556018524486, 51.617989419666898 ], [ -4.23226397089495, 51.631504105249803 ], [ -4.2338881313531, 51.622856184457 ], [ -4.22871227024847, 51.630360332212099 ], [ -4.22372285433251, 51.620968240614502 ], [ -4.22537446022407, 51.626229300168099 ], [ -4.22229249709654, 51.625717654742203 ], [ -4.20553721618095, 51.6164220261035 ], [ -4.21296220062639, 51.624168139096803 ], [ -4.22090690725781, 51.625487598673097 ], [ -4.2246499863714, 51.6276945317356 ], [ -4.2195497149679, 51.631549252979397 ], [ -4.20889593683695, 51.624930888034903 ], [ -4.21768366542568, 51.635555620457403 ], [ -4.18636258176437, 51.626712542818098 ], [ -4.19778465779034, 51.622322015974802 ], [ -4.18779486077331, 51.616960113586401 ], [ -4.19204682644764, 51.6241362376608 ], [ -4.16589158925756, 51.628173912027599 ], [ -4.17320083618366, 51.6161260109577 ], [ -4.15887583516342, 51.624234781536501 ], [ -4.16414762813243, 51.627962345079098 ], [ -4.15570034012701, 51.626553893962601 ], [ -4.16432709804661, 51.628181184734601 ], [ -4.15472618259134, 51.627797498431299 ], [ -4.1584731796005, 51.634315880388002 ], [ -4.13297540578407, 51.632494098900601 ], [ -4.13744681444567, 51.6421213468264 ], [ -4.08717888951721, 51.647982303025799 ], [ -4.11633257657684, 51.644719575699298 ], [ -4.10539689088778, 51.652654316135298 ], [ -4.04856764417897, 51.655698117494602 ], [ -4.08132773490499, 51.662099444494501 ], [ -4.06243230133848, 51.672656555269398 ], [ -4.07461437468197, 51.680425373069603 ], [ -4.07716210673677, 51.682049621956402 ], [ -4.07153783470015, 51.680479562795099 ], [ -4.0692276533117, 51.6798345472154 ], [ -4.06860710517107, 51.680531174830698 ], [ -4.0513946417325, 51.699845033915899 ], [ -4.05368968212731, 51.708902747688597 ], [ -4.0436501141592, 51.706233699028601 ], [ -4.04327856979508, 51.7064764755129 ], [ -4.04345305487469, 51.706628845048797 ], [ -4.04930254396701, 51.729594022834497 ], [ -4.00168319784235, 51.762569364446598 ], [ -3.99980417233353, 51.774151471798 ] ] ] ] } },
{ "type": "Feature", "properties": { "FID": 307, "LAD24CD": "W06000012", "LAD24NM": "Neath Port Talbot", "LAD24NMW": "Castell-nedd Port Talbot", "BNG_E": 279261, "BNG_N": 195412, "LONG": -3.74638, "LAT": 51.6445, "GlobalID": "3fb21243-4d5f-4ab4-b6fa-d765e15e7893", "LAD24CD_1": "W06000012", "LAD24NM_1": "Neath Port Talbot", "RUC21CD": "UIN", "RUC21NM": "Intermediate urban: Majority nearer to a major town or city", "Urban_rura": "Urban", "Shape_Leng": 121377.04064799999, "Shape__Area": 448029250.0245285, "Shape__Length": 121377.04064835647 }, "geometry": { "type": "Polygon", "coordinates": [ [ [ -3.80669047538918, 51.787952285237402 ], [ -3.77032044220936, 51.754521624293098 ], [ -3.74609070527297, 51.7533922248221 ], [ -3.72791050775453, 51.776206625134797 ], [ -3.67036593629973, 51.787198214286498 ], [ -3.60343089033746, 51.773846442557698 ], [ -3.59129302676969, 51.754611960698902 ], [ -3.57864581676569, 51.717880772379999 ], [ -3.58958497701697, 51.679272430883998 ], [ -3.56331023234254, 51.645484752526301 ], [ -3.59571966592766, 51.6377287712425 ], [ -3.66570118567218, 51.641152771026 ], [ -3.68071022656698, 51.621912115475602 ], [ -3.67673865238845, 51.601324336631201 ], [ -3.69112130973368, 51.603519001915799 ], [ -3.69442004466421, 51.594266855739498 ], [ -3.65528753275708, 51.564833825723298 ], [ -3.6566131360753, 51.539171456839803 ], [ -3.68780313022907, 51.537434667088 ], [ -3.70312742752493, 51.5271657970994 ], [ -3.76227085707083, 51.534757553663901 ], [ -3.76300511881063, 51.536511272961697 ], [ -3.76391445975819, 51.537661955504198 ], [ -3.76279899182597, 51.538017529754597 ], [ -3.7641593940401, 51.5379718849169 ], [ -3.78926583624116, 51.5697147950142 ], [ -3.79719557411654, 51.569279544415302 ], [ -3.81740061500185, 51.5743221125974 ], [ -3.79793703840584, 51.571135634740898 ], [ -3.80223234955444, 51.581884872266698 ], [ -3.81228917232568, 51.580348817719198 ], [ -3.80992206557529, 51.583135270301298 ], [ -3.81000048491146, 51.583195797575797 ], [ -3.79070972963899, 51.592982813901898 ], [ -3.81094128969024, 51.583921924214003 ], [ -3.8193447708915, 51.590406069200498 ], [ -3.82297857160899, 51.592334704531801 ], [ -3.85082601988119, 51.614466154117302 ], [ -3.83694031954908, 51.623658099800302 ], [ -3.88623327835871, 51.617537142375497 ], [ -3.88636008740697, 51.6175023727913 ], [ -3.8870194190256, 51.634055036941497 ], [ -3.84274318431454, 51.697369332377697 ], [ -3.87602271282126, 51.7039605072097 ], [ -3.88850610202894, 51.739086196413297 ], [ -3.93650461617364, 51.771355411054401 ], [ -3.91842457565384, 51.7753011220655 ], [ -3.88720583055589, 51.768797931101801 ], [ -3.8820962986127, 51.787904837005499 ], [ -3.89988199897599, 51.803631134594099 ], [ -3.8654561412009, 51.810346537209 ], [ -3.81857806880622, 51.802347966251901 ], [ -3.80669047538918, 51.787952285237402 ] ] ] } },
{ "type": "Feature", "properties": { "FID": 308, "LAD24CD": "W06000013", "LAD24NM": "Bridgend", "LAD24NMW": "Pen-y-bont ar Ogwr", "BNG_E": 288231, "BNG_N": 185870, "LONG": -3.61375, "LAT": 51.5606, "GlobalID": "57144f6a-cb25-4614-88a3-cb07704e2600", "LAD24CD_1": "W06000013", "LAD24NM_1": "Bridgend", "RUC21CD": "UIF", "RUC21NM": "Intermediate urban: Majority further from a major town or city", "Urban_rura": "Urban", "Shape_Leng": 76696.219490100004, "Shape__Area": 249582321.20202637, "Shape__Length": 76696.219490078976 }, "geometry": { "type": "Polygon", "coordinates": [ [ [ -3.49751220567078, 51.5126420268085 ], [ -3.52960964127188, 51.501363646138799 ], [ -3.52761109537081, 51.493684205377797 ], [ -3.53944974689279, 51.491031290748801 ], [ -3.53285023908749, 51.481605659771503 ], [ -3.55476092182447, 51.492773405964797 ], [ -3.62123213014466, 51.475543307490597 ], [ -3.61963032579258, 51.476619623863499 ], [ -3.62635978228912, 51.4742120663253 ], [ -3.63988663218639, 51.4706987799172 ], [ -3.65891866475533, 51.480045950953098 ], [ -3.67983679825256, 51.473179515829401 ], [ -3.69881529465771, 51.4780156360384 ], [ -3.69945901152331, 51.474465137576999 ], [ -3.70832911926941, 51.475728794564397 ], [ -3.72082860172148, 51.479681726515999 ], [ -3.72972534648936, 51.487266284892499 ], [ -3.74942257899617, 51.5040472070758 ], [ -3.75018071916771, 51.5058605366035 ], [ -3.76227085707083, 51.534757553663901 ], [ -3.70312742752493, 51.5271657970994 ], [ -3.68780313022907, 51.537434667088 ], [ -3.6566131360753, 51.539171456839803 ], [ -3.65528753275708, 51.564833825723298 ], [ -3.69442004466421, 51.594266855739498 ], [ -3.69112130973368, 51.603519001915799 ], [ -3.67673865238845, 51.601324336631201 ], [ -3.68071022656698, 51.621912115475602 ], [ -3.66570118567218, 51.641152771026 ], [ -3.59571966592766, 51.6377287712425 ], [ -3.56331023234254, 51.645484752526301 ], [ -3.5376382782254, 51.644133216655298 ], [ -3.51002138309901, 51.618140741202801 ], [ -3.47252606809024, 51.601269873359598 ], [ -3.47646718426235, 51.5816362640482 ], [ -3.48873208047808, 51.574242821882201 ], [ -3.46302487947318, 51.543412001514099 ], [ -3.49751220567078, 51.5126420268085 ] ] ] } },
{ "type": "Feature", "properties": { "FID": 309, "LAD24CD": "W06000014", "LAD24NM": "Vale of Glamorgan", "LAD24NMW": "Bro Morgannwg", "BNG_E": 302947, "BNG_N": 173080, "LONG": -3.39801, "LAT": 51.4484, "GlobalID": "5dcd6f27-89f1-49a8-a12c-5e0f9dbf3fc6", "LAD24CD_1": "W06000014", "LAD24NM_1": "Vale of Glamorgan", "RUC21CD": "UIF", "RUC21NM": "Intermediate urban: Majority further from a major town or city", "Urban_rura": "Urban", "Shape_Leng": 90397.391182199994, "Shape__Area": 330462530.24316025, "Shape__Length": 90397.39118215238 }, "geometry": { "type": "MultiPolygon", "coordinates": [ [ [ [ -3.62635978228912, 51.4742120663253 ], [ -3.6383229570123, 51.469930503641599 ], [ -3.63988663218639, 51.4706987799172 ], [ -3.62635978228912, 51.4742120663253 ] ] ], [ [ [ -3.41105789652737, 51.506766547616003 ], [ -3.40191328314089, 51.498963078561303 ], [ -3.37864068603151, 51.512713048897602 ], [ -3.33573834667109, 51.508427345641401 ], [ -3.29838483897548, 51.499914702985897 ], [ -3.27105893924266, 51.4650533942742 ], [ -3.24805311333364, 51.464555265045099 ], [ -3.21891214711872, 51.474858491160902 ], [ -3.18666461665162, 51.447900214403802 ], [ -3.16594900413308, 51.444002087501801 ], [ -3.16969675510739, 51.406295989126797 ], [ -3.18764295437649, 51.400088599850299 ], [ -3.22415392403049, 51.403419980158098 ], [ -3.26090409106591, 51.394772579134099 ], [ -3.26464965577941, 51.389229345558903 ], [ -3.26898391744668, 51.3878976264714 ], [ -3.31033300963496, 51.392757793300099 ], [ -3.34236446327156, 51.3810629585481 ], [ -3.39578966687884, 51.382731244409101 ], [ -3.39518989439021, 51.397862248194897 ], [ -3.39658662293993, 51.382362407581198 ], [ -3.40559318361234, 51.381000127018503 ], [ -3.41525709676574, 51.387775440822899 ], [ -3.43859207743513, 51.389988375844403 ], [ -3.5589612520361, 51.401326304977999 ], [ -3.59679039626332, 51.441024293275298 ], [ -3.62681520551185, 51.455465589752997 ], [ -3.63932116677576, 51.463383660139399 ], [ -3.62123213014466, 51.475543307490597 ], [ -3.55476092182447, 51.492773405964797 ], [ -3.53285023908749, 51.481605659771503 ], [ -3.53944974689279, 51.491031290748801 ], [ -3.52761109537081, 51.493684205377797 ], [ -3.52960964127188, 51.501363646138799 ], [ -3.49751220567078, 51.5126420268085 ], [ -3.46536073216511, 51.514808759616201 ], [ -3.41105789652737, 51.506766547616003 ] ] ] ] } },
{ "type": "Feature", "properties": { "FID": 310, "LAD24CD": "W06000015", "LAD24NM": "Cardiff", "LAD24NMW": "Caerdydd", "BNG_E": 315272, "BNG_N": 178887, "LONG": -3.22209, "LAT": 51.5025, "GlobalID": "aee88e81-7bc7-4c59-a704-4f5a7329df35", "LAD24CD_1": "W06000015", "LAD24NM_1": "Cardiff", "RUC21CD": "UUN", "RUC21NM": "Urban: Majority nearer to a major town or city", "Urban_rura": "Urban", "Shape_Leng": 60169.497152000004, "Shape__Area": 142291275.57580948, "Shape__Length": 60169.497152025877 }, "geometry": { "type": "Polygon", "coordinates": [ [ [ -3.1188911554542, 51.545637983105898 ], [ -3.06891000794598, 51.520266372276701 ], [ -3.09039120430917, 51.509874622972902 ], [ -3.0834997417565, 51.501680420523002 ], [ -3.1254539704397, 51.489505584259703 ], [ -3.14175703412085, 51.512273304978201 ], [ -3.12358056397598, 51.486045841072503 ], [ -3.15282585093002, 51.457007431449099 ], [ -3.16414123884824, 51.445760218194401 ], [ -3.16438874993459, 51.445814796944902 ], [ -3.16573293768705, 51.446174412605203 ], [ -3.16594900413308, 51.444002087501801 ], [ -3.18666461665162, 51.447900214403802 ], [ -3.21891214711872, 51.474858491160902 ], [ -3.24805311333364, 51.464555265045099 ], [ -3.27105893924266, 51.4650533942742 ], [ -3.29838483897548, 51.499914702985897 ], [ -3.33573834667109, 51.508427345641401 ], [ -3.34118112641233, 51.5353043956463 ], [ -3.32435912927702, 51.535775330972598 ], [ -3.31036333925924, 51.548932267403401 ], [ -3.27766706057663, 51.551858151972802 ], [ -3.26157198600536, 51.5377865744803 ], [ -3.23769569140824, 51.552602684893998 ], [ -3.16373462517749, 51.560505014072199 ], [ -3.15257557541337, 51.551641203468598 ], [ -3.14448296450805, 51.555337780801302 ], [ -3.1188911554542, 51.545637983105898 ] ] ] } },
{ "type": "Feature", "properties": { "FID": 311, "LAD24CD": "W06000016", "LAD24NM": "Rhondda Cynon Taf", "LAD24NMW": "Rhondda Cynon Taf", "BNG_E": 302237, "BNG_N": 192395, "LONG": -3.41359, "LAT": 51.6218, "GlobalID": "13f0a59d-91e9-4a00-922b-ce21d17568c9", "LAD24CD_1": "W06000016", "LAD24NM_1": "Rhondda Cynon Taf", "RUC21CD": "UUF", "RUC21NM": "Urban: Majority further from a major town or city", "Urban_rura": "Urban", "Shape_Leng": 112311.517074, "Shape__Area": 422367693.12498093, "Shape__Length": 112311.51707442006 }, "geometry": { "type": "Polygon", "coordinates": [ [ [ -3.44418989536612, 51.816483400636201 ], [ -3.44068818498247, 51.795803868488697 ], [ -3.41663421160154, 51.767177879246702 ], [ -3.42747151565767, 51.75849829573 ], [ -3.4531499878985, 51.761661605935601 ], [ -3.39991496470078, 51.717883731073897 ], [ -3.38003997952384, 51.711011839494603 ], [ -3.33140896742721, 51.656702290356002 ], [ -3.31386814952502, 51.655705097131403 ], [ -3.31389674357014, 51.644682644965499 ], [ -3.29138189699849, 51.592106751492999 ], [ -3.26984751893858, 51.583831013227901 ], [ -3.26285680369796, 51.566236746010901 ], [ -3.24245391455566, 51.565488201271698 ], [ -3.23769569140824, 51.552602684893998 ], [ -3.26157198600536, 51.5377865744803 ], [ -3.27766706057663, 51.551858151972802 ], [ -3.31036333925924, 51.548932267403401 ], [ -3.32435912927702, 51.535775330972598 ], [ -3.34118112641233, 51.5353043956463 ], [ -3.33573834667109, 51.508427345641401 ], [ -3.37864068603151, 51.512713048897602 ], [ -3.40191328314089, 51.498963078561303 ], [ -3.41105789652737, 51.506766547616003 ], [ -3.46536073216511, 51.514808759616201 ], [ -3.49751220567078, 51.5126420268085 ], [ -3.46302487947318, 51.543412001514099 ], [ -3.48873208047808, 51.574242821882201 ], [ -3.47646718426235, 51.5816362640482 ], [ -3.47252606809024, 51.601269873359598 ], [ -3.51002138309901, 51.618140741202801 ], [ -3.5376382782254, 51.644133216655298 ], [ -3.56331023234254, 51.645484752526301 ], [ -3.58958497701697, 51.679272430883998 ], [ -3.57864581676569, 51.717880772379999 ], [ -3.59129302676969, 51.754611960698902 ], [ -3.56564346678195, 51.764884540840697 ], [ -3.55986799668613, 51.7775158819693 ], [ -3.53706351746384, 51.7761977180907 ], [ -3.54121292551029, 51.784563330303499 ], [ -3.47632991677645, 51.809470729976198 ], [ -3.47007348567582, 51.828504627337097 ], [ -3.46013155656307, 51.8301292499997 ], [ -3.44418989536612, 51.816483400636201 ] ] ] } },
{ "type": "Feature", "properties": { "FID": 312, "LAD24CD": "W06000018", "LAD24NM": "Caerphilly", "LAD24NMW": "Caerffili", "BNG_E": 317245, "BNG_N": 195259, "LONG": -3.19753, "LAT": 51.65, "GlobalID": "eb61937f-785a-4e69-bd00-141b1761473e", "LAD24CD_1": "W06000018", "LAD24NM_1": "Caerphilly", "RUC21CD": "UUN", "RUC21NM": "Urban: Majority nearer to a major town or city", "Urban_rura": "Urban", "Shape_Leng": 98223.998043400003, "Shape__Area": 277812160.26792526, "Shape__Length": 98223.998043404979 }, "geometry": { "type": "Polygon", "coordinates": [ [ [ -3.11611499460293, 51.690802435218302 ], [ -3.10197372830353, 51.682091693983999 ], [ -3.08442297733053, 51.688358693833699 ], [ -3.07166242000881, 51.674187264925898 ], [ -3.07483893099296, 51.652239888543498 ], [ -3.10265451559855, 51.633951192921202 ], [ -3.08182858214858, 51.619432840880599 ], [ -3.06457279337954, 51.603932628691297 ], [ -3.09373796745917, 51.591398006921999 ], [ -3.10515778716035, 51.597214692884101 ], [ -3.1241920442001, 51.588551421881597 ], [ -3.12175398071899, 51.579692603019801 ], [ -3.09020472933484, 51.569266097861203 ], [ -3.1188911554542, 51.545637983105898 ], [ -3.14448296450805, 51.555337780801302 ], [ -3.15257557541337, 51.551641203468598 ], [ -3.16373462517749, 51.560505014072199 ], [ -3.23769569140824, 51.552602684893998 ], [ -3.24245391455566, 51.565488201271698 ], [ -3.26285680369796, 51.566236746010901 ], [ -3.26984751893858, 51.583831013227901 ], [ -3.29138189699849, 51.592106751492999 ], [ -3.31389674357014, 51.644682644965499 ], [ -3.29610987069155, 51.6640939487461 ], [ -3.28521657721722, 51.658238418112397 ], [ -3.2846798334777, 51.677129822946902 ], [ -3.27393042083335, 51.682336856150201 ], [ -3.30063731998051, 51.736314390238803 ], [ -3.31551152629488, 51.731808629706002 ], [ -3.30995029322805, 51.739049629683002 ], [ -3.32904601048213, 51.758652806403703 ], [ -3.33447027982823, 51.790402312692798 ], [ -3.31009487268817, 51.794301986789101 ], [ -3.30131708318478, 51.798976303751303 ], [ -3.27248258388128, 51.7774829619459 ], [ -3.26697286496451, 51.759292487823998 ], [ -3.2228917474242, 51.723100688884003 ], [ -3.22404844459663, 51.7291499605548 ], [ -3.21088283580935, 51.730703385663297 ], [ -3.21963695315342, 51.745080756044999 ], [ -3.21013111842713, 51.750094800280799 ], [ -3.16724876175334, 51.709901569694303 ], [ -3.15636281162751, 51.713970153044002 ], [ -3.12907178015667, 51.695781279538998 ], [ -3.13766752346356, 51.681925690521801 ], [ -3.11611499460293, 51.690802435218302 ] ] ] } },
{ "type": "Feature", "properties": { "FID": 313, "LAD24CD": "W06000019", "LAD24NM": "Blaenau Gwent", "LAD24NMW": "Blaenau Gwent", "BNG_E": 318236, "BNG_N": 206771, "LONG": -3.18592, "LAT": 51.7536, "GlobalID": "211c0c33-ea74-47c1-a7d7-cd929110c183", "LAD24CD_1": "W06000019", "LAD24NM_1": "Blaenau Gwent", "RUC21CD": "UUF", "RUC21NM": "Urban: Majority further from a major town or city", "Urban_rura": "Urban", "Shape_Leng": 58166.9529683, "Shape__Area": 109273372.23900604, "Shape__Length": 58166.952968302088 }, "geometry": { "type": "Polygon", "coordinates": [ [ [ -3.15735167770916, 51.816051078908799 ], [ -3.14582760500366, 51.804696805635601 ], [ -3.15686059964412, 51.796088873494099 ], [ -3.13418867270015, 51.792810340877402 ], [ -3.14392394952362, 51.786100784707102 ], [ -3.1061136893966, 51.761252194636299 ], [ -3.11518930705384, 51.757396134184397 ], [ -3.10601554595748, 51.7205153961823 ], [ -3.11611499460293, 51.690802435218302 ], [ -3.13766752346356, 51.681925690521801 ], [ -3.12907178015667, 51.695781279538998 ], [ -3.15636281162751, 51.713970153044002 ], [ -3.16724876175334, 51.709901569694303 ], [ -3.21013111842713, 51.750094800280799 ], [ -3.21963695315342, 51.745080756044999 ], [ -3.21088283580935, 51.730703385663297 ], [ -3.22404844459663, 51.7291499605548 ], [ -3.2228917474242, 51.723100688884003 ], [ -3.26697286496451, 51.759292487823998 ], [ -3.27248258388128, 51.7774829619459 ], [ -3.30131708318478, 51.798976303751303 ], [ -3.31009487268817, 51.794301986789101 ], [ -3.30858543846897, 51.806132960547103 ], [ -3.28343451733682, 51.8254886575548 ], [ -3.23877871810066, 51.812355285019699 ], [ -3.15735167770916, 51.816051078908799 ] ] ] } },
{ "type": "Feature", "properties": { "FID": 314, "LAD24CD": "W06000020", "LAD24NM": "Torfaen", "LAD24NMW": "Torfaen", "BNG_E": 327459, "BNG_N": 200480, "LONG": -3.05101, "LAT": 51.6984, "GlobalID": "0cf05ad3-d5b4-4034-aef6-391a4f42fdb9", "LAD24CD_1": "W06000020", "LAD24NM_1": "Torfaen", "RUC21CD": "UUN", "RUC21NM": "Urban: Majority nearer to a major town or city", "Urban_rura": "Urban", "Shape_Leng": 68470.4790201, "Shape__Area": 125718310.47426605, "Shape__Length": 68470.479020142331 }, "geometry": { "type": "Polygon", "coordinates": [ [ [ -2.95891050451244, 51.628780325733601 ], [ -2.9893253479761, 51.628762923723201 ], [ -3.01961084741525, 51.616526037075303 ], [ -3.04717226881848, 51.622507447040803 ], [ -3.04504302497987, 51.606674943349198 ], [ -3.08182858214858, 51.619432840880599 ], [ -3.10265451559855, 51.633951192921202 ], [ -3.07483893099296, 51.652239888543498 ], [ -3.07166242000881, 51.674187264925898 ], [ -3.08442297733053, 51.688358693833699 ], [ -3.10197372830353, 51.682091693983999 ], [ -3.11611499460293, 51.690802435218302 ], [ -3.10601554595748, 51.7205153961823 ], [ -3.11518930705384, 51.757396134184397 ], [ -3.1061136893966, 51.761252194636299 ], [ -3.14392394952362, 51.786100784707102 ], [ -3.13418867270015, 51.792810340877402 ], [ -3.1082390595213, 51.796221347634898 ], [ -3.058877262772, 51.783639785995099 ], [ -3.0434484634958, 51.770402871678897 ], [ -3.04933649949667, 51.7604479923138 ], [ -3.02777985214112, 51.745372566691103 ], [ -3.03128679829136, 51.722679422298498 ], [ -2.98354684727702, 51.715371161086097 ], [ -3.00200489280865, 51.690829246929702 ], [ -2.96859889495424, 51.691439471687801 ], [ -2.97945508163387, 51.673685472019699 ], [ -2.99490248695935, 51.679259050605197 ], [ -3.00346940696528, 51.669057336394602 ], [ -2.95891050451244, 51.628780325733601 ] ] ] } },
{ "type": "Feature", "properties": { "FID": 315, "LAD24CD": "W06000021", "LAD24NM": "Monmouthshire", "LAD24NMW": "Sir Fynwy", "BNG_E": 337812, "BNG_N": 209231, "LONG": -2.9028, "LAT": 51.7783, "GlobalID": "46cfbd32-dcb3-4da1-a166-0f149baa4e24", "LAD24CD_1": "W06000021", "LAD24NM_1": "Monmouthshire", "RUC21CD": "RIN", "RUC21NM": "Intermediate rural: Majority nearer to a major town or city", "Urban_rura": "Rural", "Shape_Leng": 183155.56337399999, "Shape__Area": 855039406.47707748, "Shape__Length": 183155.56337382484 }, "geometry": { "type": "MultiPolygon", "coordinates": [ [ [ [ -2.65664127759941, 51.622799600920999 ], [ -2.65690762279837, 51.6219971692245 ], [ -2.66017627868065, 51.629599942048799 ], [ -2.65664127759941, 51.622799600920999 ] ] ], [ [ [ -3.02592825998755, 51.957270769139001 ], [ -3.00812331564277, 51.927130545758097 ], [ -2.97666533447377, 51.927490198269403 ], [ -2.97184633087118, 51.904981625872601 ], [ -2.87783522764085, 51.933814375218297 ], [ -2.84499642015606, 51.922087189750599 ], [ -2.86187161480982, 51.913979070428397 ], [ -2.84194532227904, 51.917727812754002 ], [ -2.83610650626024, 51.906053538119103 ], [ -2.76830730538435, 51.880444840720202 ], [ -2.77879887552431, 51.865859065781997 ], [ -2.73884858634764, 51.836616509463198 ], [ -2.71966531119947, 51.848869689110302 ], [ -2.71512837058452, 51.840243926792901 ], [ -2.69730211579747, 51.844809126748899 ], [ -2.69329553822647, 51.833841011250101 ], [ -2.66619753963782, 51.8356235561264 ], [ -2.65040070567432, 51.826124688022098 ], [ -2.66087144177876, 51.822753863612803 ], [ -2.65953874455198, 51.810682373244902 ], [ -2.67853782959666, 51.802845198471303 ], [ -2.66981057919979, 51.794273449820203 ], [ -2.68045213470349, 51.7689294138601 ], [ -2.66269206735517, 51.753894742742901 ], [ -2.67222511999267, 51.736362949281997 ], [ -2.68754079653479, 51.730426258230999 ], [ -2.66844054916154, 51.705788864331304 ], [ -2.68379147622247, 51.7006275146612 ], [ -2.66916891575376, 51.693150010737298 ], [ -2.67225329931617, 51.681000135274402 ], [ -2.65686372173786, 51.674503712440398 ], [ -2.6863760655126, 51.663201290759098 ], [ -2.66592276270364, 51.664323542032598 ], [ -2.68033178982132, 51.647547038684102 ], [ -2.66851392778044, 51.645630592683403 ], [ -2.66330246199113, 51.635612004554801 ], [ -2.65819446777054, 51.621629354186602 ], [ -2.66969343652585, 51.608784767820801 ], [ -2.69558143306712, 51.603405214256902 ], [ -2.71261056120873, 51.582353959002297 ], [ -2.75753539707036, 51.578409847098101 ], [ -2.82163512673604, 51.554068942866998 ], [ -2.82221054616915, 51.553919417173503 ], [ -2.83425278922036, 51.570392745280998 ], [ -2.85263850199979, 51.571261986547299 ], [ -2.85921673724206, 51.579420991929901 ], [ -2.83028965437961, 51.614948154851398 ], [ -2.80319729719593, 51.6158645781098 ], [ -2.83450434402021, 51.648364083504902 ], [ -2.88360286048244, 51.641537192145002 ], [ -2.90852474789641, 51.623632730686097 ], [ -2.92079541056213, 51.626896848761 ], [ -2.94137127891559, 51.617103036288903 ], [ -2.9476962087977, 51.628637453921101 ], [ -2.95891050451244, 51.628780325733601 ], [ -3.00346940696528, 51.669057336394602 ], [ -2.99490248695935, 51.679259050605197 ], [ -2.97945508163387, 51.673685472019699 ], [ -2.96859889495424, 51.691439471687801 ], [ -3.00200489280865, 51.690829246929702 ], [ -2.98354684727702, 51.715371161086097 ], [ -3.03128679829136, 51.722679422298498 ], [ -3.02777985214112, 51.745372566691103 ], [ -3.04933649949667, 51.7604479923138 ], [ -3.0434484634958, 51.770402871678897 ], [ -3.058877262772, 51.783639785995099 ], [ -3.1082390595213, 51.796221347634898 ], [ -3.13418867270015, 51.792810340877402 ], [ -3.15686059964412, 51.796088873494099 ], [ -3.14582760500366, 51.804696805635601 ], [ -3.15735167770916, 51.816051078908799 ], [ -3.12052038324219, 51.838920774485501 ], [ -3.10100161433293, 51.8320487363317 ], [ -3.09717296498312, 51.846427568609599 ], [ -3.0634021876905, 51.863323316698803 ], [ -3.07224579086096, 51.8751961706337 ], [ -3.04005396457711, 51.884589845631602 ], [ -3.04950657913779, 51.911445790043601 ], [ -3.07865087218254, 51.924530787910399 ], [ -3.09005398204765, 51.950354618823397 ], [ -3.08159314872394, 51.955394016070102 ], [ -3.09308619989053, 51.965190623987297 ], [ -3.06737674091607, 51.983136296546299 ], [ -3.02592825998755, 51.957270769139001 ] ] ] ] } },
{ "type": "Feature", "properties": { "FID": 316, "LAD24CD": "W06000022", "LAD24NM": "Newport", "LAD24NMW": "Casnewydd", "BNG_E": 337897, "BNG_N": 187432, "LONG": -2.89769, "LAT": 51.5823, "GlobalID": "2d467913-8823-4be7-9178-ced94fc0673a", "LAD24CD_1": "W06000022", "LAD24NM_1": "Newport", "RUC21CD": "UUN", "RUC21NM": "Urban: Majority nearer to a major town or city", "Urban_rura": "Urban", "Shape_Leng": 87840.542999400001, "Shape__Area": 191835512.29045105, "Shape__Length": 87840.542999378973 }, "geometry": { "type": "Polygon", "coordinates": [ [ [ -2.82221054616915, 51.553919417173503 ], [ -2.86657843346613, 51.542378716907002 ], [ -2.90488226643788, 51.532397182975501 ], [ -2.92252256767124, 51.535784988784499 ], [ -2.91401684865905, 51.5425759570984 ], [ -2.95123519676215, 51.535092070208101 ], [ -2.98165691825103, 51.545131891009497 ], [ -2.97023127093506, 51.5555882601085 ], [ -2.98871326988364, 51.549527231132799 ], [ -3.00491814445661, 51.565770753568202 ], [ -2.98931100387115, 51.547513871299998 ], [ -2.99530910349432, 51.536470348063901 ], [ -3.05165243100682, 51.514204389823298 ], [ -3.08272010278254, 51.501906461351297 ], [ -3.0834997417565, 51.501680420523002 ], [ -3.09039120430917, 51.509874622972902 ], [ -3.06891000794598, 51.520266372276701 ], [ -3.1188911554542, 51.545637983105898 ], [ -3.09020472933484, 51.569266097861203 ], [ -3.12175398071899, 51.579692603019801 ], [ -3.1241920442001, 51.588551421881597 ], [ -3.10515778716035, 51.597214692884101 ], [ -3.09373796745917, 51.591398006921999 ], [ -3.06457279337954, 51.603932628691297 ], [ -3.08182858214858, 51.619432840880599 ], [ -3.04504302497987, 51.606674943349198 ], [ -3.04717226881848, 51.622507447040803 ], [ -3.01961084741525, 51.616526037075303 ], [ -2.9893253479761, 51.628762923723201 ], [ -2.95891050451244, 51.628780325733601 ], [ -2.9476962087977, 51.628637453921101 ], [ -2.94137127891559, 51.617103036288903 ], [ -2.92079541056213, 51.626896848761 ], [ -2.90852474789641, 51.623632730686097 ], [ -2.88360286048244, 51.641537192145002 ], [ -2.83450434402021, 51.648364083504902 ], [ -2.80319729719593, 51.6158645781098 ], [ -2.83028965437961, 51.614948154851398 ], [ -2.85921673724206, 51.579420991929901 ], [ -2.85263850199979, 51.571261986547299 ], [ -2.83425278922036, 51.570392745280998 ], [ -2.82221054616915, 51.553919417173503 ] ] ] } },
{ "type": "Feature", "properties": { "FID": 317, "LAD24CD": "W06000023", "LAD24NM": "Powys", "LAD24NMW": "Powys", "BNG_E": 302329, "BNG_N": 273254, "LONG": -3.43531, "LAT": 52.3486, "GlobalID": "1f185fde-3f8c-4e60-b45d-4fb0379a9a51", "LAD24CD_1": "W06000023", "LAD24NM_1": "Powys", "RUC21CD": "RMF", "RUC21NM": "Majority rural: Majority further from a major town or city", "Urban_rura": "Rural", "Shape_Leng": 504284.66019899998, "Shape__Area": 5199673437.2665596, "Shape__Length": 504284.66019889672 }, "geometry": { "type": "Polygon", "coordinates": [ [ [ -3.14750393983102, 52.890169344893899 ], [ -3.13552413220342, 52.885013666063401 ], [ -3.15241672487316, 52.878747886248 ], [ -3.12771287514737, 52.867103031903099 ], [ -3.16301475130881, 52.847490944346497 ], [ -3.15126038171278, 52.842564887384199 ], [ -3.16788753046969, 52.819266678782 ], [ -3.16820515656899, 52.807328442098999 ], [ -3.15319003437988, 52.806368624926499 ], [ -3.16085535746191, 52.795745085153897 ], [ -3.11828683786622, 52.783582420066402 ], [ -3.08663218442715, 52.795593155843903 ], [ -3.09168246698264, 52.786662978685897 ], [ -3.07951607132088, 52.771513911764004 ], [ -3.04779141568697, 52.772635573375801 ], [ -3.05254038732917, 52.768588347859499 ], [ -3.03898545182156, 52.770394726268499 ], [ -3.03536166527588, 52.764032715930298 ], [ -3.01714764503031, 52.767621763327298 ], [ -3.01081496516033, 52.758474134017597 ], [ -3.02180979863464, 52.751940780915902 ], [ -2.99199278312435, 52.743756037640402 ], [ -2.99131975668694, 52.733818000783799 ], [ -2.96506569361931, 52.732268063928501 ], [ -2.96107942399414, 52.716465693738201 ], [ -2.97810302517224, 52.715357324982001 ], [ -2.97759195389928, 52.726591675103499 ], [ -3.00055465557069, 52.720275309819201 ], [ -3.02035717507642, 52.725102241172003 ], [ -3.0224859512498, 52.706667941247503 ], [ -3.04704782420661, 52.691265840017202 ], [ -3.03858027691564, 52.675373165924803 ], [ -3.05112433418108, 52.647370319046601 ], [ -3.08356627752097, 52.6412925192923 ], [ -3.05981991551762, 52.630710332343099 ], [ -3.07318689672821, 52.6289626614398 ], [ -3.09362257365342, 52.609339086746701 ], [ -3.08955816271373, 52.599506297111503 ], [ -3.11741414899447, 52.585763146624302 ], [ -3.13950076571608, 52.585719807162903 ], [ -3.11149542440582, 52.541363763929603 ], [ -3.1370447146752, 52.534044809851501 ], [ -3.13307842958419, 52.5274720738946 ], [ -3.08541228712571, 52.534502701906 ], [ -3.08727582526502, 52.551331507343001 ], [ -3.014230447679, 52.5754965428671 ], [ -2.99416397610144, 52.552910873339897 ], [ -3.00387364775971, 52.519833036237102 ], [ -3.03237893922629, 52.523731342419403 ], [ -3.02920219998827, 52.501268024987397 ], [ -3.11101713479608, 52.4989348274703 ], [ -3.18021448078352, 52.4739344849595 ], [ -3.19724017301225, 52.475989403595896 ], [ -3.23555343310675, 52.442511183188799 ], [ -3.21954231380943, 52.421246565300898 ], [ -3.17885189317182, 52.409445301076303 ], [ -3.15444662965246, 52.387715171253497 ], [ -3.11060650812059, 52.377192857708501 ], [ -3.06066441920979, 52.348239528791602 ], [ -3.04017440612675, 52.344326448647003 ], [ -2.97450325778266, 52.354700771080402 ], [ -2.95465135625057, 52.349154761937797 ], [ -2.96680116367831, 52.329449073725598 ], [ -3.0008661669243, 52.321765802528503 ], [ -3.01262166661965, 52.279206804999099 ], [ -2.94963475580722, 52.269468233310803 ], [ -2.97718162692593, 52.259686146293198 ], [ -3.00577598466957, 52.26425950182 ], [ -3.03586088954314, 52.2567570179136 ], [ -3.04831809735968, 52.250232908346298 ], [ -3.04421511696905, 52.2379274553372 ], [ -3.07303671037743, 52.235876919723502 ], [ -3.07209180392951, 52.213087286731898 ], [ -3.10208187078616, 52.202720424728199 ], [ -3.09465104889233, 52.183742272120803 ], [ -3.12243047087079, 52.163419604666402 ], [ -3.09889603996449, 52.154733885173798 ], [ -3.08254318096633, 52.1630471599712 ], [ -3.0725382658941, 52.155773233873703 ], [ -3.09369007605061, 52.144305995509299 ], [ -3.13587330508285, 52.137908391339003 ], [ -3.14192072484887, 52.127867184510499 ], [ -3.10492212967307, 52.116741892895199 ], [ -3.10534931223889, 52.105417821815998 ], [ -3.12267991084996, 52.103148785591998 ], [ -3.1258956184989, 52.078310820691797 ], [ -3.09058811273154, 52.050513287011 ], [ -3.08628664345927, 52.040194373574799 ], [ -3.09919890693024, 52.0226858076554 ], [ -3.06737674091607, 51.983136296546299 ], [ -3.09308619989053, 51.965190623987297 ], [ -3.08159314872394, 51.955394016070102 ], [ -3.09005398204765, 51.950354618823397 ], [ -3.07865087218254, 51.924530787910399 ], [ -3.04950657913779, 51.911445790043601 ], [ -3.04005396457711, 51.884589845631602 ], [ -3.07224579086096, 51.8751961706337 ], [ -3.0634021876905, 51.863323316698803 ], [ -3.09717296498312, 51.846427568609599 ], [ -3.10100161433293, 51.8320487363317 ], [ -3.12052038324219, 51.838920774485501 ], [ -3.15735167770916, 51.816051078908799 ], [ -3.23877871810066, 51.812355285019699 ], [ -3.28343451733682, 51.8254886575548 ], [ -3.30858543846897, 51.806132960547103 ], [ -3.31009487268817, 51.794301986789101 ], [ -3.33447027982823, 51.790402312692798 ], [ -3.36005377637026, 51.791088177896 ], [ -3.35753935294715, 51.806976838953702 ], [ -3.40230936533691, 51.814198416087599 ], [ -3.40237448114706, 51.826340962821398 ], [ -3.41715948163403, 51.835060991057297 ], [ -3.44418989536612, 51.816483400636201 ], [ -3.46013155656307, 51.8301292499997 ], [ -3.47007348567582, 51.828504627337097 ], [ -3.47632991677645, 51.809470729976198 ], [ -3.54121292551029, 51.784563330303499 ], [ -3.53706351746384, 51.7761977180907 ], [ -3.55986799668613, 51.7775158819693 ], [ -3.56564346678195, 51.764884540840697 ], [ -3.59129302676969, 51.754611960698902 ], [ -3.60343089033746, 51.773846442557698 ], [ -3.67036593629973, 51.787198214286498 ], [ -3.72791050775453, 51.776206625134797 ], [ -3.74609070527297, 51.7533922248221 ], [ -3.77032044220936, 51.754521624293098 ], [ -3.80669047538918, 51.787952285237402 ], [ -3.77264550334438, 51.846022317187398 ], [ -3.71383514681224, 51.887140969491 ], [ -3.71356827017406, 51.905906501960999 ], [ -3.72751468496771, 51.910633306110199 ], [ -3.72033971567699, 51.941761835944 ], [ -3.69985446611416, 51.945984351394102 ], [ -3.71118216727451, 51.9618527208739 ], [ -3.67001662688168, 52.004213196486099 ], [ -3.66827222447723, 52.025432334603799 ], [ -3.64713650260716, 52.0387891948426 ], [ -3.67904983034794, 52.0606120182496 ], [ -3.66713104531823, 52.074299269167 ], [ -3.72309534087783, 52.085214264590903 ], [ -3.72879836684997, 52.093977413755503 ], [ -3.7140763938064, 52.104970927510401 ], [ -3.72031901826934, 52.117501588967599 ], [ -3.75776898889901, 52.128225791420199 ], [ -3.74199032919723, 52.139460320753898 ], [ -3.75227178227964, 52.197614026885503 ], [ -3.74420801811538, 52.246304550996904 ], [ -3.75343342312644, 52.251760586065899 ], [ -3.73163759374058, 52.271450710091599 ], [ -3.70717016810407, 52.274057568283901 ], [ -3.73308978363023, 52.2903041440048 ], [ -3.72773649744209, 52.305826167342197 ], [ -3.74501071096046, 52.317565761662401 ], [ -3.70512953361775, 52.341454594094202 ], [ -3.65816741122617, 52.3476491316843 ], [ -3.68547877660111, 52.368221264893201 ], [ -3.69720067008912, 52.366929540976102 ], [ -3.7120501053968, 52.413356414787003 ], [ -3.77161679254761, 52.442152440264898 ], [ -3.76640744059756, 52.469303614749798 ], [ -3.74479814311403, 52.474633273230303 ], [ -3.73326052207006, 52.506589558940597 ], [ -3.81246679120455, 52.4789114878362 ], [ -3.82675577732801, 52.484794005044002 ], [ -3.84399589219058, 52.5120392604126 ], [ -3.84086195671383, 52.551354789588402 ], [ -3.85946623224588, 52.560843602895602 ], [ -3.92645021911398, 52.560769894607802 ], [ -3.92885334573839, 52.571460650781702 ], [ -3.91535464798611, 52.578589476617502 ], [ -3.88377986801944, 52.5771350019861 ], [ -3.8749556281153, 52.593207749002701 ], [ -3.84188361405782, 52.599855453212498 ], [ -3.85044991341621, 52.620635871497903 ], [ -3.83461399752491, 52.6330587252139 ], [ -3.8407140579194, 52.650902864121903 ], [ -3.80809559100283, 52.677945356397203 ], [ -3.75935156167215, 52.6694463659204 ], [ -3.74390740995229, 52.681308767093903 ], [ -3.71675970977808, 52.678778691117998 ], [ -3.70936761188281, 52.671082460411299 ], [ -3.68392766699035, 52.693857856193503 ], [ -3.65637501558936, 52.691372631761098 ], [ -3.60201715672644, 52.704986180510097 ], [ -3.59929431340588, 52.725881938433901 ], [ -3.58351412881328, 52.738622896856903 ], [ -3.60871307821455, 52.794021640924903 ], [ -3.59705828680558, 52.814053983621903 ], [ -3.58647616495156, 52.827717329353703 ], [ -3.56817022436498, 52.822895510155 ], [ -3.56667290042623, 52.830079673068397 ], [ -3.50528547718477, 52.8419567250791 ], [ -3.48301242437159, 52.865453635557301 ], [ -3.46724662656058, 52.862077782238401 ], [ -3.38882355067375, 52.876070120954502 ], [ -3.37501483546352, 52.892453453143098 ], [ -3.34565100557456, 52.8925408577838 ], [ -3.26180306073989, 52.866608617267097 ], [ -3.23300312723679, 52.867011024938598 ], [ -3.20536495070437, 52.893129266023003 ], [ -3.17438182854302, 52.901575544171003 ], [ -3.14750393983102, 52.890169344893899 ] ] ] } },
{ "type": "Feature", "properties": { "FID": 318, "LAD24CD": "W06000024", "LAD24NM": "Merthyr Tydfil", "LAD24NMW": "Merthyr Tudful", "BNG_E": 305916, "BNG_N": 206404, "LONG": -3.36425, "LAT": 51.7484, "GlobalID": "9925511b-44e7-4753-8da5-72e7e510b305", "LAD24CD_1": "W06000024", "LAD24NM_1": "Merthyr Tydfil", "RUC21CD": "UUF", "RUC21NM": "Urban: Majority further from a major town or city", "Urban_rura": "Urban", "Shape_Leng": 59176.4583327, "Shape__Area": 113429663.90416718, "Shape__Length": 59176.458332682436 }, "geometry": { "type": "Polygon", "coordinates": [ [ [ -3.33447027982823, 51.790402312692798 ], [ -3.32904601048213, 51.758652806403703 ], [ -3.30995029322805, 51.739049629683002 ], [ -3.31551152629488, 51.731808629706002 ], [ -3.30063731998051, 51.736314390238803 ], [ -3.27393042083335, 51.682336856150201 ], [ -3.2846798334777, 51.677129822946902 ], [ -3.28521657721722, 51.658238418112397 ], [ -3.29610987069155, 51.6640939487461 ], [ -3.31389674357014, 51.644682644965499 ], [ -3.31386814952502, 51.655705097131403 ], [ -3.33140896742721, 51.656702290356002 ], [ -3.38003997952384, 51.711011839494603 ], [ -3.39991496470078, 51.717883731073897 ], [ -3.4531499878985, 51.761661605935601 ], [ -3.42747151565767, 51.75849829573 ], [ -3.41663421160154, 51.767177879246702 ], [ -3.44068818498247, 51.795803868488697 ], [ -3.44418989536612, 51.816483400636201 ], [ -3.41715948163403, 51.835060991057297 ], [ -3.40237448114706, 51.826340962821398 ], [ -3.40230936533691, 51.814198416087599 ], [ -3.35753935294715, 51.806976838953702 ], [ -3.36005377637026, 51.791088177896 ], [ -3.33447027982823, 51.790402312692798 ] ] ] } }
]
}
