site_name,town,county,permit_type,activity,status,latitude,longitude,permit_regime
Banc Gwyn Farm,St Harmon,,Bespoke,,Effective,52.33893699010702,-3.4651182083635517,Installation
Deeside Paper Mill,Deeside,Flintshire,Bespoke,,Effective,53.2204732592278,-3.0190557775513636,Installation
Deeside Paper Mill,Deeside,Flintshire,Bespoke,,Effective,53.2204732592278,-3.0190557775513636,Installation
Deeside Paper Mill,Deeside,Flintshire,Bespoke,,Effective,53.2204732592278,-3.0190557775513636,Installation
Ystum Colwyn AD,,Powys,Standard,Recovery or a mix of recovery and disposal of non-hazardous waste with a capacity exceeding 75 tonnes per day (or 100 tonnes per day if the only waste treatment activity is anaerobic digestion) involv,Effective,52.73971430660074,-3.199294885423467,Installation
Ystum Colwyn AD,,Powys,Standard,Recovery or a mix of recovery and disposal of non-hazardous waste with a capacity exceeding 75 tonnes per day (or 100 tonnes per day if the only waste treatment activity is anaerobic digestion) involv,Effective,52.73971430660074,-3.199294885423467,Installation
Ystum Colwyn AD,,Powys,Standard,Recovery or a mix of recovery and disposal of non-hazardous waste with a capacity exceeding 75 tonnes per day (or 100 tonnes per day if the only waste treatment activity is anaerobic digestion) involv,Effective,52.73971430660074,-3.199294885423467,Installation
Ystum Colwyn AD,,Powys,Standard,Recovery or a mix of recovery and disposal of non-hazardous waste with a capacity exceeding 75 tonnes per day (or 100 tonnes per day if the only waste treatment activity is anaerobic digestion) involv,Effective,52.73971430660074,-3.199294885423467,Installation
Ystum Colwyn AD,,Powys,Standard,Recovery or a mix of recovery and disposal of non-hazardous waste with a capacity exceeding 75 tonnes per day (or 100 tonnes per day if the only waste treatment activity is anaerobic digestion) involv,Effective,52.73971430660074,-3.199294885423467,Installation
Ystum Colwyn AD,,Powys,Standard,Recovery or a mix of recovery and disposal of non-hazardous waste with a capacity exceeding 75 tonnes per day (or 100 tonnes per day if the only waste treatment activity is anaerobic digestion) involv,Effective,52.73971430660074,-3.199294885423467,Installation
Ystum Colwyn AD,,Powys,Standard,Recovery or a mix of recovery and disposal of non-hazardous waste with a capacity exceeding 75 tonnes per day (or 100 tonnes per day if the only waste treatment activity is anaerobic digestion) involv,Effective,52.73971430660074,-3.199294885423467,Installation
Ystum Colwyn AD,,Powys,Standard,Recovery or a mix of recovery and disposal of non-hazardous waste with a capacity exceeding 75 tonnes per day (or 100 tonnes per day if the only waste treatment activity is anaerobic digestion) involv,Effective,52.73971430660074,-3.199294885423467,Installation
CWL13 Data Centre,Newport,Newport,Bespoke,Burning any fuel in an appliance with a rated thermal input of 50 or more megawatts,Effective,51.55474368198892,-3.032841327479603,Installation
Cwmafan Broiler Unit,Builth Wells,Powys,Bespoke,"Rearing poultry or pigs intensively in an installation with more than 40,000 places for poultry",Effective,52.186722885705194,-3.518826021111126,Installation
Newport Data Centre,Newport,,Bespoke,Burning any fuel in an appliance with a rated thermal input of 50 or more megawatts,Effective,51.55540072955178,-3.0378614046045542,Installation
Oxland Anaerobic Digester,,,Standard,Recovery or a mix of recovery and disposal of non-hazardous waste with a capacity exceeding 75 tonnes per day (or 100 tonnes per day if the only waste treatment activity is anaerobic digestion) involv,Effective,51.732259472008366,-4.769377451367508,Installation
Oxland Anaerobic Digester,,,Standard,Recovery or a mix of recovery and disposal of non-hazardous waste with a capacity exceeding 75 tonnes per day (or 100 tonnes per day if the only waste treatment activity is anaerobic digestion) involv,Effective,51.732259472008366,-4.769377451367508,Installation
Oxland Anaerobic Digester,,,Standard,Recovery or a mix of recovery and disposal of non-hazardous waste with a capacity exceeding 75 tonnes per day (or 100 tonnes per day if the only waste treatment activity is anaerobic digestion) involv,Effective,51.732259472008366,-4.769377451367508,Installation
Oxland Anaerobic Digester,,,Standard,Recovery or a mix of recovery and disposal of non-hazardous waste with a capacity exceeding 75 tonnes per day (or 100 tonnes per day if the only waste treatment activity is anaerobic digestion) involv,Effective,51.732259472008366,-4.769377451367508,Installation
Oxland Anaerobic Digester,,,Standard,Recovery or a mix of recovery and disposal of non-hazardous waste with a capacity exceeding 75 tonnes per day (or 100 tonnes per day if the only waste treatment activity is anaerobic digestion) involv,Effective,51.732259472008366,-4.769377451367508,Installation
Oxland Anaerobic Digester,,,Standard,Recovery or a mix of recovery and disposal of non-hazardous waste with a capacity exceeding 75 tonnes per day (or 100 tonnes per day if the only waste treatment activity is anaerobic digestion) involv,Effective,51.732259472008366,-4.769377451367508,Installation
Oxland Anaerobic Digester,,,Standard,Recovery or a mix of recovery and disposal of non-hazardous waste with a capacity exceeding 75 tonnes per day (or 100 tonnes per day if the only waste treatment activity is anaerobic digestion) involv,Effective,51.732259472008366,-4.769377451367508,Installation
Oxland Anaerobic Digester,,,Standard,Recovery or a mix of recovery and disposal of non-hazardous waste with a capacity exceeding 75 tonnes per day (or 100 tonnes per day if the only waste treatment activity is anaerobic digestion) involv,Effective,51.732259472008366,-4.769377451367508,Installation
Oxland Anaerobic Digester,,,Standard,Recovery or a mix of recovery and disposal of non-hazardous waste with a capacity exceeding 75 tonnes per day (or 100 tonnes per day if the only waste treatment activity is anaerobic digestion) involv,Effective,51.732259472008366,-4.769377451367508,Installation
Oxland Anaerobic Digester,,,Standard,Recovery or a mix of recovery and disposal of non-hazardous waste with a capacity exceeding 75 tonnes per day (or 100 tonnes per day if the only waste treatment activity is anaerobic digestion) involv,Effective,51.732259472008366,-4.769377451367508,Installation
Oxland Anaerobic Digester,,,Standard,Recovery or a mix of recovery and disposal of non-hazardous waste with a capacity exceeding 75 tonnes per day (or 100 tonnes per day if the only waste treatment activity is anaerobic digestion) involv,Effective,51.732259472008366,-4.769377451367508,Installation
Oxland Anaerobic Digester,,,Standard,Recovery or a mix of recovery and disposal of non-hazardous waste with a capacity exceeding 75 tonnes per day (or 100 tonnes per day if the only waste treatment activity is anaerobic digestion) involv,Effective,51.732259472008366,-4.769377451367508,Installation
Oxland Anaerobic Digester,,,Standard,Recovery or a mix of recovery and disposal of non-hazardous waste with a capacity exceeding 75 tonnes per day (or 100 tonnes per day if the only waste treatment activity is anaerobic digestion) involv,Effective,51.732259472008366,-4.769377451367508,Installation
Oxland Anaerobic Digester,,,Standard,Recovery or a mix of recovery and disposal of non-hazardous waste with a capacity exceeding 75 tonnes per day (or 100 tonnes per day if the only waste treatment activity is anaerobic digestion) involv,Effective,51.732259472008366,-4.769377451367508,Installation
Oxland Anaerobic Digester,,,Standard,Recovery or a mix of recovery and disposal of non-hazardous waste with a capacity exceeding 75 tonnes per day (or 100 tonnes per day if the only waste treatment activity is anaerobic digestion) involv,Effective,51.732259472008366,-4.769377451367508,Installation
Oxland Anaerobic Digester,,,Standard,Recovery or a mix of recovery and disposal of non-hazardous waste with a capacity exceeding 75 tonnes per day (or 100 tonnes per day if the only waste treatment activity is anaerobic digestion) involv,Effective,51.732259472008366,-4.769377451367508,Installation
Rhosfawr Pullet Rearing Unit,Welshpool,Powys,Bespoke,"Rearing poultry or pigs intensively in an installation with more than 40,000 places for poultry",Effective,52.64655778631661,-3.2999146680723577,Installation
Glanmeheli Poultry Unit,,,Bespoke,,Effective,52.50131543252049,-3.2355177833027446,Installation
Crugeran Poultry Unit,Pwllheli,Gwynedd,Bespoke,"Rearing poultry or pigs intensively in an installation with more than 40,000 places for poultry",Effective,52.85740796542125,-4.6097448312623355,Installation
ALUK (GB) LTD,Chepstow,Monmouthshire,Bespoke,"Unless falling within Part A(2) of this Section, surface treating metals and plastic materials using an electrolytic or chemical process where the aggregated volume of the treatment vats is more than ",Effective,51.61830625100007,-2.680436042261711,Installation
ALUK (GB) LTD,Chepstow,Monmouthshire,Bespoke,"Unless falling within Part A(2) of this Section, surface treating metals and plastic materials using an electrolytic or chemical process where the aggregated volume of the treatment vats is more than ",Effective,51.61830625100007,-2.680436042261711,Installation
ALUK (GB) LTD,Chepstow,Monmouthshire,Bespoke,"Unless falling within Part A(2) of this Section, surface treating metals and plastic materials using an electrolytic or chemical process where the aggregated volume of the treatment vats is more than ",Effective,51.61830625100007,-2.680436042261711,Installation
Groes Y Garreg,Welshpool,Powys,Bespoke,,Effective,52.61599298823518,-3.225495507358494,Installation
Cog Moors Wastewater Treatment Works,Dinas Powys,,Bespoke,Recovery or a mix of recovery and disposal of non-hazardous waste with a capacity exceeding 75 tonnes per day (or 100 tonnes per day if the only waste treatment activity is anaerobic digestion) involv,Effective,51.41959645307872,-3.206065067242824,Installation
Cardiff East Wastewater Treatment Works CHP Facility,Cardiff,Cardiff,Bespoke,Recovery or a mix of recovery and disposal of non-hazardous waste with a capacity exceeding 75 tonnes per day (or 100 tonnes per day if the only waste treatment activity is anaerobic digestion) involv,Effective,51.4735338710472,-3.1364163837668264,Installation
Garn,Llandrindod Wells,,Bespoke,"Rearing poultry or pigs intensively in an installation with more than 40,000 places for poultry",Effective,52.427625314741874,-3.3214952448056443,Installation
Hirwaun OCGT Plant,Aberdare,RCT,Bespoke,Burning any fuel in an appliance with a rated thermal input of 50 or more megawatts,Effective,51.74497382061282,-3.5406522233619784,Installation
Dolobran Hall Poultry Unit,Meifod,,Bespoke,"Rearing poultry or pigs intensively in an installation with more than 40,000 places for poultry",Effective,52.70412987164198,-3.3016992739903306,Installation
Blaenbwch Farm,Builth Well,Powys,Bespoke,"Rearing poultry or pigs intensively in an installation with more than 40,000 places for poultry",Effective,52.09147805425776,-3.4400780146654455,Installation
Pencraig Fawr,Corwen,,Bespoke,"Rearing poultry or pigs intensively in an installation with more than 40,000 places for poultry",Effective,53.03113795106539,-3.4635438250306496,Installation
Upper Bryn Free Range Poultry,Montgomery,Powys,Bespoke,"Rearing poultry or pigs intensively in an installation with more than 40,000 places for poultry",Effective,52.54130761210929,-3.2266137198225793,Installation
Lower Trederwen Farm Broiler Unit,Llanymynech,Powys,Bespoke,"Rearing poultry or pigs intensively in an installation with more than 40,000 places for poultry",Effective,52.73518464424332,-3.0862980590588664,Installation
Sandycroft Waste Management Centre,Deeside,Flintshire,Bespoke,,Effective,53.19838093849668,-2.993127923567883,Installation
Sandycroft Waste Management Centre,Deeside,Flintshire,Bespoke,,Effective,53.19838093849668,-2.993127923567883,Installation
Sandycroft Waste Management Centre,Deeside,Flintshire,Bespoke,,Effective,53.19838093849668,-2.993127923567883,Installation
Drefor Broiler Unit,Newtown,Powys,Bespoke,"Rearing poultry or pigs intensively in an installation with more than 40,000 places for poultry",Effective,52.49360351291019,-3.224961437729816,Installation
Nantgarw  Enzyme Production Facility,Cardiff,Cardiff,Bespoke,"Producing organic chemicals such as:
(iv) Organic compounds containing nitrogen (for example amines, amides, nitrous-, nitro- or azo-compounds, nitrates, nitriles, nitrogen heterocyclics, cyanates, is",Effective,51.56355782750771,-3.2707385333515493,Installation
Forward Waste Management East Moors Road Hazardous Waste Transfer Station,Cardiff,,Bespoke,Disposal or recovery of hazardous waste with a capacity exceeding 10 tonnes per day involving one or more of the following activities - blending or mixing prior to submission to any of the other activ,Effective,51.475227444804524,-3.160879177391364,Installation
Forward Waste Management East Moors Road Hazardous Waste Transfer Station,Cardiff,,Bespoke,Disposal or recovery of hazardous waste with a capacity exceeding 10 tonnes per day involving one or more of the following activities - blending or mixing prior to submission to any of the other activ,Effective,51.475227444804524,-3.160879177391364,Installation
Forward Waste Management East Moors Road Hazardous Waste Transfer Station,Cardiff,,Bespoke,Disposal or recovery of hazardous waste with a capacity exceeding 10 tonnes per day involving one or more of the following activities - blending or mixing prior to submission to any of the other activ,Effective,51.475227444804524,-3.160879177391364,Installation
Forward Waste Management East Moors Road Hazardous Waste Transfer Station,Cardiff,,Bespoke,Disposal or recovery of hazardous waste with a capacity exceeding 10 tonnes per day involving one or more of the following activities - blending or mixing prior to submission to any of the other activ,Effective,51.475227444804524,-3.160879177391364,Installation
Upper Maenllwyd Farm Broiler Unit,Newtown,Powys,Bespoke,"Rearing poultry or pigs intensively in an installation with more than 40,000 places for poultry",Effective,52.52267329234101,-3.225475388806429,Installation
[TEST],Bangor,Gwynedd,Bespoke,,Effective,52.588563344987726,-3.4775359361519933,Installation
Braich yr Alarch,Ruthin,,Bespoke,,Effective,53.05386487810286,-3.4023203847070773,Installation
Norton Farm,Presteigne,Powys,Bespoke,"Rearing poultry or pigs intensively in an installation with more than 40,000 places for poultry",Effective,52.2866423470985,-3.0204454958406757,Installation
MicroPharm Limited,Cilgerran,,Bespoke,Producing pharmaceutical products,Effective,52.053572738485336,-4.622934163895856,Installation
Llangadog Pet Foods Plant,Llangadog,,Bespoke,"Treatment and processing, other than exclusively packaging, of the following raw materials, whether previously processed or unprocessed, intended for the production of food or feed (where the weight o",Effective,51.9400692249546,-3.895832424486303,Installation
Llangadog Pet Foods Plant,Llangadog,,Bespoke,"Treatment and processing, other than exclusively packaging, of the following raw materials, whether previously processed or unprocessed, intended for the production of food or feed (where the weight o",Effective,51.9400692249546,-3.895832424486303,Installation
Pen Cae Poultry,Welshpool,Powys,Bespoke,,Effective,52.647793068559466,-3.0723943201777826,Installation
University of South Wales Hydrogen R&D Centre,Port Talbot,Neath Port Talbot,Standard,"Producing inorganic chemicals such as:
(i) Gases (for example ammonia, hydrogen chloride, hydrogen fluoride, hydrogen cyanide, hydrogen sulphide, oxides of carbon, sulphur compounds, oxides of nitroge",Effective,51.620937573981294,-3.8208128349436747,Installation
Installation of a Hydrogen Refueller,Milford Haven,,Bespoke,"Producing inorganic chemicals such as:
(i) Gases (for example ammonia, hydrogen chloride, hydrogen fluoride, hydrogen cyanide, hydrogen sulphide, oxides of carbon, sulphur compounds, oxides of nitroge",Effective,51.71066915032406,-5.035178024771699,Installation
Lower Yardro Poultry Farm,Presteigne,,Bespoke,"Rearing poultry or pigs intensively in an installation with more than 40,000 places for poultry",Effective,52.219904377454256,-3.1328027738598756,Installation
Cardiff Waste Management Resources Centre,Cardiff,,Bespoke,Disposal or recovery of hazardous waste with a capacity exceeding 10 tonnes per day involving one or more of the following activities - blending or mixing prior to submission to any of the other activ,Effective,51.501106674200315,-3.124841790767064,Installation
Cardiff Waste Management Resources Centre,Cardiff,,Bespoke,Disposal or recovery of hazardous waste with a capacity exceeding 10 tonnes per day involving one or more of the following activities - blending or mixing prior to submission to any of the other activ,Effective,51.501106674200315,-3.124841790767064,Installation
Cardiff Waste Management Resources Centre,Cardiff,,Bespoke,Disposal or recovery of hazardous waste with a capacity exceeding 10 tonnes per day involving one or more of the following activities - blending or mixing prior to submission to any of the other activ,Effective,51.501106674200315,-3.124841790767064,Installation
Cardiff Waste Management Resources Centre,Cardiff,,Bespoke,Disposal or recovery of hazardous waste with a capacity exceeding 10 tonnes per day involving one or more of the following activities - blending or mixing prior to submission to any of the other activ,Effective,51.501106674200315,-3.124841790767064,Installation
Cardiff Waste Management Resources Centre,Cardiff,,Bespoke,Disposal or recovery of hazardous waste with a capacity exceeding 10 tonnes per day involving one or more of the following activities - blending or mixing prior to submission to any of the other activ,Effective,51.501106674200315,-3.124841790767064,Installation
Cardiff Waste Management Resources Centre,Cardiff,,Bespoke,Disposal or recovery of hazardous waste with a capacity exceeding 10 tonnes per day involving one or more of the following activities - blending or mixing prior to submission to any of the other activ,Effective,51.501106674200315,-3.124841790767064,Installation
Cardiff Waste Management Resources Centre,Cardiff,,Bespoke,Disposal or recovery of hazardous waste with a capacity exceeding 10 tonnes per day involving one or more of the following activities - blending or mixing prior to submission to any of the other activ,Effective,51.501106674200315,-3.124841790767064,Installation
Cardiff Waste Management Resources Centre,Cardiff,,Bespoke,Disposal or recovery of hazardous waste with a capacity exceeding 10 tonnes per day involving one or more of the following activities - blending or mixing prior to submission to any of the other activ,Effective,51.501106674200315,-3.124841790767064,Installation
Cardiff Waste Management Resources Centre,Cardiff,,Bespoke,Disposal or recovery of hazardous waste with a capacity exceeding 10 tonnes per day involving one or more of the following activities - blending or mixing prior to submission to any of the other activ,Effective,51.501106674200315,-3.124841790767064,Installation
Cardiff Waste Management Resources Centre,Cardiff,,Bespoke,Disposal or recovery of hazardous waste with a capacity exceeding 10 tonnes per day involving one or more of the following activities - blending or mixing prior to submission to any of the other activ,Effective,51.501106674200315,-3.124841790767064,Installation
Cardiff Waste Management Resources Centre,Cardiff,,Bespoke,Disposal or recovery of hazardous waste with a capacity exceeding 10 tonnes per day involving one or more of the following activities - blending or mixing prior to submission to any of the other activ,Effective,51.501106674200315,-3.124841790767064,Installation
Cardiff Waste Management Resources Centre,Cardiff,,Bespoke,Disposal or recovery of hazardous waste with a capacity exceeding 10 tonnes per day involving one or more of the following activities - blending or mixing prior to submission to any of the other activ,Effective,51.501106674200315,-3.124841790767064,Installation
Cardiff Waste Management Resources Centre,Cardiff,,Bespoke,Disposal or recovery of hazardous waste with a capacity exceeding 10 tonnes per day involving one or more of the following activities - blending or mixing prior to submission to any of the other activ,Effective,51.501106674200315,-3.124841790767064,Installation
Cardiff Waste Management Resources Centre,Cardiff,,Bespoke,Disposal or recovery of hazardous waste with a capacity exceeding 10 tonnes per day involving one or more of the following activities - blending or mixing prior to submission to any of the other activ,Effective,51.501106674200315,-3.124841790767064,Installation
Cardiff Waste Management Resources Centre,Cardiff,,Bespoke,Disposal or recovery of hazardous waste with a capacity exceeding 10 tonnes per day involving one or more of the following activities - blending or mixing prior to submission to any of the other activ,Effective,51.501106674200315,-3.124841790767064,Installation
Cardiff Waste Management Resources Centre,Cardiff,,Bespoke,Disposal or recovery of hazardous waste with a capacity exceeding 10 tonnes per day involving one or more of the following activities - blending or mixing prior to submission to any of the other activ,Effective,51.501106674200315,-3.124841790767064,Installation
Cardiff Waste Management Resources Centre,Cardiff,,Bespoke,Disposal or recovery of hazardous waste with a capacity exceeding 10 tonnes per day involving one or more of the following activities - blending or mixing prior to submission to any of the other activ,Effective,51.501106674200315,-3.124841790767064,Installation
Cardiff Waste Management Resources Centre,Cardiff,,Bespoke,Disposal or recovery of hazardous waste with a capacity exceeding 10 tonnes per day involving one or more of the following activities - blending or mixing prior to submission to any of the other activ,Effective,51.501106674200315,-3.124841790767064,Installation
Cardiff Waste Management Resources Centre,Cardiff,,Bespoke,Disposal or recovery of hazardous waste with a capacity exceeding 10 tonnes per day involving one or more of the following activities - blending or mixing prior to submission to any of the other activ,Effective,51.501106674200315,-3.124841790767064,Installation
Cardiff Waste Management Resources Centre,Cardiff,,Bespoke,Disposal or recovery of hazardous waste with a capacity exceeding 10 tonnes per day involving one or more of the following activities - blending or mixing prior to submission to any of the other activ,Effective,51.501106674200315,-3.124841790767064,Installation
Cardiff Waste Management Resources Centre,Cardiff,,Bespoke,Disposal or recovery of hazardous waste with a capacity exceeding 10 tonnes per day involving one or more of the following activities - blending or mixing prior to submission to any of the other activ,Effective,51.501106674200315,-3.124841790767064,Installation
Cardiff Waste Management Resources Centre,Cardiff,,Bespoke,Disposal or recovery of hazardous waste with a capacity exceeding 10 tonnes per day involving one or more of the following activities - blending or mixing prior to submission to any of the other activ,Effective,51.501106674200315,-3.124841790767064,Installation
Cardiff Waste Management Resources Centre,Cardiff,,Bespoke,Disposal or recovery of hazardous waste with a capacity exceeding 10 tonnes per day involving one or more of the following activities - blending or mixing prior to submission to any of the other activ,Effective,51.501106674200315,-3.124841790767064,Installation
Cardiff Waste Management Resources Centre,Cardiff,,Bespoke,Disposal or recovery of hazardous waste with a capacity exceeding 10 tonnes per day involving one or more of the following activities - blending or mixing prior to submission to any of the other activ,Effective,51.501106674200315,-3.124841790767064,Installation
Cardiff Waste Management Resources Centre,Cardiff,,Bespoke,Disposal or recovery of hazardous waste with a capacity exceeding 10 tonnes per day involving one or more of the following activities - blending or mixing prior to submission to any of the other activ,Effective,51.501106674200315,-3.124841790767064,Installation
Cardiff Waste Management Resources Centre,Cardiff,,Bespoke,Disposal or recovery of hazardous waste with a capacity exceeding 10 tonnes per day involving one or more of the following activities - blending or mixing prior to submission to any of the other activ,Effective,51.501106674200315,-3.124841790767064,Installation
Cardiff Waste Management Resources Centre,Cardiff,,Bespoke,Disposal or recovery of hazardous waste with a capacity exceeding 10 tonnes per day involving one or more of the following activities - blending or mixing prior to submission to any of the other activ,Effective,51.501106674200315,-3.124841790767064,Installation
Cardiff Waste Management Resources Centre,Cardiff,,Bespoke,Disposal or recovery of hazardous waste with a capacity exceeding 10 tonnes per day involving one or more of the following activities - blending or mixing prior to submission to any of the other activ,Effective,51.501106674200315,-3.124841790767064,Installation
GP Biotec Ltd,Brecon,Powys,Bespoke,Recovery or a mix of recovery and disposal of non-hazardous waste with a capacity exceeding 75 tonnes per day (or 100 tonnes per day if the only waste treatment activity is anaerobic digestion) involv,Effective,52.00705374930046,-3.2251923798348123,Installation
GP Biotec Ltd,Brecon,Powys,Bespoke,Recovery or a mix of recovery and disposal of non-hazardous waste with a capacity exceeding 75 tonnes per day (or 100 tonnes per day if the only waste treatment activity is anaerobic digestion) involv,Effective,52.00705374930046,-3.2251923798348123,Installation
GP Biotec Ltd,Brecon,Powys,Bespoke,Recovery or a mix of recovery and disposal of non-hazardous waste with a capacity exceeding 75 tonnes per day (or 100 tonnes per day if the only waste treatment activity is anaerobic digestion) involv,Effective,52.00705374930046,-3.2251923798348123,Installation
GP Biotec Ltd,Brecon,Powys,Bespoke,Recovery or a mix of recovery and disposal of non-hazardous waste with a capacity exceeding 75 tonnes per day (or 100 tonnes per day if the only waste treatment activity is anaerobic digestion) involv,Effective,52.00705374930046,-3.2251923798348123,Installation
GP Biotec Ltd,Brecon,Powys,Bespoke,Recovery or a mix of recovery and disposal of non-hazardous waste with a capacity exceeding 75 tonnes per day (or 100 tonnes per day if the only waste treatment activity is anaerobic digestion) involv,Effective,52.00705374930046,-3.2251923798348123,Installation
GP Biotec Ltd,Brecon,Powys,Bespoke,Recovery or a mix of recovery and disposal of non-hazardous waste with a capacity exceeding 75 tonnes per day (or 100 tonnes per day if the only waste treatment activity is anaerobic digestion) involv,Effective,52.00705374930046,-3.2251923798348123,Installation
Newport Metal Site,Newport,Gwent,Bespoke,Recovery or a mix of recovery and disposal of non-hazardous waste with a capacity exceeding 75 tonnes per day (or 100 tonnes per day if the only waste treatment activity is anaerobic digestion) involv,Effective,51.56085274798091,-2.9875093831427124,Installation
Newport Metal Site,Newport,Gwent,Bespoke,Recovery or a mix of recovery and disposal of non-hazardous waste with a capacity exceeding 75 tonnes per day (or 100 tonnes per day if the only waste treatment activity is anaerobic digestion) involv,Effective,51.56085274798091,-2.9875093831427124,Installation
Newport Metal Site,Newport,Gwent,Bespoke,Recovery or a mix of recovery and disposal of non-hazardous waste with a capacity exceeding 75 tonnes per day (or 100 tonnes per day if the only waste treatment activity is anaerobic digestion) involv,Effective,51.56085274798091,-2.9875093831427124,Installation
Newport Metal Site,Newport,Gwent,Bespoke,Recovery or a mix of recovery and disposal of non-hazardous waste with a capacity exceeding 75 tonnes per day (or 100 tonnes per day if the only waste treatment activity is anaerobic digestion) involv,Effective,51.56085274798091,-2.9875093831427124,Installation
Newport Metal Site,Newport,Gwent,Bespoke,Recovery or a mix of recovery and disposal of non-hazardous waste with a capacity exceeding 75 tonnes per day (or 100 tonnes per day if the only waste treatment activity is anaerobic digestion) involv,Effective,51.56085274798091,-2.9875093831427124,Installation
Newport Metal Site,Newport,Gwent,Bespoke,Recovery or a mix of recovery and disposal of non-hazardous waste with a capacity exceeding 75 tonnes per day (or 100 tonnes per day if the only waste treatment activity is anaerobic digestion) involv,Effective,51.56085274798091,-2.9875093831427124,Installation
Newport Metal Site,Newport,Gwent,Bespoke,Recovery or a mix of recovery and disposal of non-hazardous waste with a capacity exceeding 75 tonnes per day (or 100 tonnes per day if the only waste treatment activity is anaerobic digestion) involv,Effective,51.56085274798091,-2.9875093831427124,Installation
Newport Metal Site,Newport,Gwent,Bespoke,Recovery or a mix of recovery and disposal of non-hazardous waste with a capacity exceeding 75 tonnes per day (or 100 tonnes per day if the only waste treatment activity is anaerobic digestion) involv,Effective,51.56085274798091,-2.9875093831427124,Installation
Newport Metal Site,Newport,Gwent,Bespoke,Recovery or a mix of recovery and disposal of non-hazardous waste with a capacity exceeding 75 tonnes per day (or 100 tonnes per day if the only waste treatment activity is anaerobic digestion) involv,Effective,51.56085274798091,-2.9875093831427124,Installation
Newport Metal Site,Newport,Gwent,Bespoke,Recovery or a mix of recovery and disposal of non-hazardous waste with a capacity exceeding 75 tonnes per day (or 100 tonnes per day if the only waste treatment activity is anaerobic digestion) involv,Effective,51.56085274798091,-2.9875093831427124,Installation
Nantycaws H C I Transfer & Treatment Facility,Carmarthen,Carmarthenshire,Bespoke,,Effective,51.835703198978926,-4.216411328710771,Installation
Nantycaws H C I Transfer & Treatment Facility,Carmarthen,Carmarthenshire,Bespoke,,Effective,51.835703198978926,-4.216411328710771,Installation
Nantycaws H C I Transfer & Treatment Facility,Carmarthen,Carmarthenshire,Bespoke,,Effective,51.835703198978926,-4.216411328710771,Installation
Nantycaws H C I Transfer & Treatment Facility,Carmarthen,Carmarthenshire,Bespoke,,Effective,51.835703198978926,-4.216411328710771,Installation
Nantycaws H C I Transfer & Treatment Facility,Carmarthen,Carmarthenshire,Bespoke,,Effective,51.835703198978926,-4.216411328710771,Installation
Nantycaws H C I Transfer & Treatment Facility,Carmarthen,Carmarthenshire,Bespoke,,Effective,51.835703198978926,-4.216411328710771,Installation
Nantycaws H C I Transfer & Treatment Facility,Carmarthen,Carmarthenshire,Bespoke,,Effective,51.835703198978926,-4.216411328710771,Installation
Nantycaws H C I Transfer & Treatment Facility,Carmarthen,Carmarthenshire,Bespoke,,Effective,51.835703198978926,-4.216411328710771,Installation
Nantycaws H C I Transfer & Treatment Facility,Carmarthen,Carmarthenshire,Bespoke,,Effective,51.835703198978926,-4.216411328710771,Installation
Nantycaws H C I Transfer & Treatment Facility,Carmarthen,Carmarthenshire,Bespoke,,Effective,51.835703198978926,-4.216411328710771,Installation
Nantycaws H C I Transfer & Treatment Facility,Carmarthen,Carmarthenshire,Bespoke,,Effective,51.835703198978926,-4.216411328710771,Installation
Nantycaws H C I Transfer & Treatment Facility,Carmarthen,Carmarthenshire,Bespoke,,Effective,51.835703198978926,-4.216411328710771,Installation
Nantycaws H C I Transfer & Treatment Facility,Carmarthen,Carmarthenshire,Bespoke,,Effective,51.835703198978926,-4.216411328710771,Installation
Nantycaws H C I Transfer & Treatment Facility,Carmarthen,Carmarthenshire,Bespoke,,Effective,51.835703198978926,-4.216411328710771,Installation
Nantycaws H C I Transfer & Treatment Facility,Carmarthen,Carmarthenshire,Bespoke,,Effective,51.835703198978926,-4.216411328710771,Installation
Nantycaws H C I Transfer & Treatment Facility,Carmarthen,Carmarthenshire,Bespoke,,Effective,51.835703198978926,-4.216411328710771,Installation
Nantycaws H C I Transfer & Treatment Facility,Carmarthen,Carmarthenshire,Bespoke,,Effective,51.835703198978926,-4.216411328710771,Installation
Nantycaws H C I Transfer & Treatment Facility,Carmarthen,Carmarthenshire,Bespoke,,Effective,51.835703198978926,-4.216411328710771,Installation
RMR Recycling Ltd,Blackwood,Caerphilly,Bespoke,,Effective,51.694813760376455,-3.164638496663848,Installation
RMR Recycling Ltd,Blackwood,Caerphilly,Bespoke,,Effective,51.694813760376455,-3.164638496663848,Installation
RMR Recycling Ltd,Blackwood,Caerphilly,Bespoke,,Effective,51.694813760376455,-3.164638496663848,Installation
RMR Recycling Ltd,Blackwood,Caerphilly,Bespoke,,Effective,51.694813760376455,-3.164638496663848,Installation
RMR Recycling Ltd,Blackwood,Caerphilly,Bespoke,,Effective,51.694813760376455,-3.164638496663848,Installation
RMR Recycling Ltd,Blackwood,Caerphilly,Bespoke,,Effective,51.694813760376455,-3.164638496663848,Installation
RMR Recycling Ltd,Blackwood,Caerphilly,Bespoke,,Effective,51.694813760376455,-3.164638496663848,Installation
Pancross A D Plant,Barry,South Glamorgan,Standard,Recovery or a mix of recovery and disposal of non-hazardous waste with a capacity exceeding 75 tonnes per day (or 100 tonnes per day if the only waste treatment activity is anaerobic digestion) involv,Effective,51.42438879306064,-3.3720436593068874,Installation
Pancross A D Plant,Barry,South Glamorgan,Standard,Recovery or a mix of recovery and disposal of non-hazardous waste with a capacity exceeding 75 tonnes per day (or 100 tonnes per day if the only waste treatment activity is anaerobic digestion) involv,Effective,51.42438879306064,-3.3720436593068874,Installation
Pancross A D Plant,Barry,South Glamorgan,Standard,Recovery or a mix of recovery and disposal of non-hazardous waste with a capacity exceeding 75 tonnes per day (or 100 tonnes per day if the only waste treatment activity is anaerobic digestion) involv,Effective,51.42438879306064,-3.3720436593068874,Installation
Pancross A D Plant,Barry,South Glamorgan,Standard,Recovery or a mix of recovery and disposal of non-hazardous waste with a capacity exceeding 75 tonnes per day (or 100 tonnes per day if the only waste treatment activity is anaerobic digestion) involv,Effective,51.42438879306064,-3.3720436593068874,Installation
Pancross A D Plant,Barry,South Glamorgan,Standard,Recovery or a mix of recovery and disposal of non-hazardous waste with a capacity exceeding 75 tonnes per day (or 100 tonnes per day if the only waste treatment activity is anaerobic digestion) involv,Effective,51.42438879306064,-3.3720436593068874,Installation
Pancross A D Plant,Barry,South Glamorgan,Standard,Recovery or a mix of recovery and disposal of non-hazardous waste with a capacity exceeding 75 tonnes per day (or 100 tonnes per day if the only waste treatment activity is anaerobic digestion) involv,Effective,51.42438879306064,-3.3720436593068874,Installation
Pancross A D Plant,Barry,South Glamorgan,Standard,Recovery or a mix of recovery and disposal of non-hazardous waste with a capacity exceeding 75 tonnes per day (or 100 tonnes per day if the only waste treatment activity is anaerobic digestion) involv,Effective,51.42438879306064,-3.3720436593068874,Installation
Pancross A D Plant,Barry,South Glamorgan,Standard,Recovery or a mix of recovery and disposal of non-hazardous waste with a capacity exceeding 75 tonnes per day (or 100 tonnes per day if the only waste treatment activity is anaerobic digestion) involv,Effective,51.42438879306064,-3.3720436593068874,Installation
Pancross A D Plant,Barry,South Glamorgan,Standard,Recovery or a mix of recovery and disposal of non-hazardous waste with a capacity exceeding 75 tonnes per day (or 100 tonnes per day if the only waste treatment activity is anaerobic digestion) involv,Effective,51.42438879306064,-3.3720436593068874,Installation
Pancross A D Plant,Barry,South Glamorgan,Standard,Recovery or a mix of recovery and disposal of non-hazardous waste with a capacity exceeding 75 tonnes per day (or 100 tonnes per day if the only waste treatment activity is anaerobic digestion) involv,Effective,51.42438879306064,-3.3720436593068874,Installation
Pancross A D Plant,Barry,South Glamorgan,Standard,Recovery or a mix of recovery and disposal of non-hazardous waste with a capacity exceeding 75 tonnes per day (or 100 tonnes per day if the only waste treatment activity is anaerobic digestion) involv,Effective,51.42438879306064,-3.3720436593068874,Installation
Pancross A D Plant,Barry,South Glamorgan,Standard,Recovery or a mix of recovery and disposal of non-hazardous waste with a capacity exceeding 75 tonnes per day (or 100 tonnes per day if the only waste treatment activity is anaerobic digestion) involv,Effective,51.42438879306064,-3.3720436593068874,Installation
Newport Refrigerator Plant,Newport,Gwent,Bespoke,,Effective,51.56108173179479,-2.9859419181005733,Installation
Newport Refrigerator Plant,Newport,Gwent,Bespoke,,Effective,51.56108173179479,-2.9859419181005733,Installation
Newport Refrigerator Plant,Newport,Gwent,Bespoke,,Effective,51.56108173179479,-2.9859419181005733,Installation
Newport Refrigerator Plant,Newport,Gwent,Bespoke,,Effective,51.56108173179479,-2.9859419181005733,Installation
Newport Refrigerator Plant,Newport,Gwent,Bespoke,,Effective,51.56108173179479,-2.9859419181005733,Installation
Newport Refrigerator Plant,Newport,Gwent,Bespoke,,Effective,51.56108173179479,-2.9859419181005733,Installation
Newport Refrigerator Plant,Newport,Gwent,Bespoke,,Effective,51.56108173179479,-2.9859419181005733,Installation
Newport Refrigerator Plant,Newport,Gwent,Bespoke,,Effective,51.56108173179479,-2.9859419181005733,Installation
Newport Refrigerator Plant,Newport,Gwent,Bespoke,,Effective,51.56108173179479,-2.9859419181005733,Installation
Newport Refrigerator Plant,Newport,Gwent,Bespoke,,Effective,51.56108173179479,-2.9859419181005733,Installation
Newport Refrigerator Plant,Newport,Gwent,Bespoke,,Effective,51.56108173179479,-2.9859419181005733,Installation
Newport Refrigerator Plant,Newport,Gwent,Bespoke,,Effective,51.56108173179479,-2.9859419181005733,Installation
Newport Refrigerator Plant,Newport,Gwent,Bespoke,,Effective,51.56108173179479,-2.9859419181005733,Installation
Newport Refrigerator Plant,Newport,Gwent,Bespoke,,Effective,51.56108173179479,-2.9859419181005733,Installation
Harp International Limited Gellihirion Hazardous Waste,Pontypridd,Rhondda Cynon Taff,Bespoke,,Effective,51.58169315788914,-3.2938895244769073,Installation
Atlantic Recycling Limited,Cardiff,Glamorgan,Bespoke,Recovery or a mix of recovery and disposal of non-hazardous waste with a capacity exceeding 75 tonnes per day (or 100 tonnes per day if the only waste treatment activity is anaerobic digestion) involv,Effective,51.5013353423153,-3.1026603562659676,Installation
Atlantic Recycling Limited,Cardiff,Glamorgan,Bespoke,Recovery or a mix of recovery and disposal of non-hazardous waste with a capacity exceeding 75 tonnes per day (or 100 tonnes per day if the only waste treatment activity is anaerobic digestion) involv,Effective,51.5013353423153,-3.1026603562659676,Installation
Atlantic Recycling Limited,Cardiff,Glamorgan,Bespoke,Recovery or a mix of recovery and disposal of non-hazardous waste with a capacity exceeding 75 tonnes per day (or 100 tonnes per day if the only waste treatment activity is anaerobic digestion) involv,Effective,51.5013353423153,-3.1026603562659676,Installation
Atlantic Recycling Limited,Cardiff,Glamorgan,Bespoke,Recovery or a mix of recovery and disposal of non-hazardous waste with a capacity exceeding 75 tonnes per day (or 100 tonnes per day if the only waste treatment activity is anaerobic digestion) involv,Effective,51.5013353423153,-3.1026603562659676,Installation
Atlantic Recycling Limited,Cardiff,Glamorgan,Bespoke,Recovery or a mix of recovery and disposal of non-hazardous waste with a capacity exceeding 75 tonnes per day (or 100 tonnes per day if the only waste treatment activity is anaerobic digestion) involv,Effective,51.5013353423153,-3.1026603562659676,Installation
Atlantic Recycling Limited,Cardiff,Glamorgan,Bespoke,Recovery or a mix of recovery and disposal of non-hazardous waste with a capacity exceeding 75 tonnes per day (or 100 tonnes per day if the only waste treatment activity is anaerobic digestion) involv,Effective,51.5013353423153,-3.1026603562659676,Installation
Atlantic Recycling Limited,Cardiff,Glamorgan,Bespoke,Recovery or a mix of recovery and disposal of non-hazardous waste with a capacity exceeding 75 tonnes per day (or 100 tonnes per day if the only waste treatment activity is anaerobic digestion) involv,Effective,51.5013353423153,-3.1026603562659676,Installation
Atlantic Recycling Limited,Cardiff,Glamorgan,Bespoke,Recovery or a mix of recovery and disposal of non-hazardous waste with a capacity exceeding 75 tonnes per day (or 100 tonnes per day if the only waste treatment activity is anaerobic digestion) involv,Effective,51.5013353423153,-3.1026603562659676,Installation
Atlantic Recycling Limited,Cardiff,Glamorgan,Bespoke,Recovery or a mix of recovery and disposal of non-hazardous waste with a capacity exceeding 75 tonnes per day (or 100 tonnes per day if the only waste treatment activity is anaerobic digestion) involv,Effective,51.5013353423153,-3.1026603562659676,Installation
Atlantic Recycling Limited,Cardiff,Glamorgan,Bespoke,Recovery or a mix of recovery and disposal of non-hazardous waste with a capacity exceeding 75 tonnes per day (or 100 tonnes per day if the only waste treatment activity is anaerobic digestion) involv,Effective,51.5013353423153,-3.1026603562659676,Installation
Atlantic Recycling Limited,Cardiff,Glamorgan,Bespoke,Recovery or a mix of recovery and disposal of non-hazardous waste with a capacity exceeding 75 tonnes per day (or 100 tonnes per day if the only waste treatment activity is anaerobic digestion) involv,Effective,51.5013353423153,-3.1026603562659676,Installation
Atlantic Recycling Limited,Cardiff,Glamorgan,Bespoke,Recovery or a mix of recovery and disposal of non-hazardous waste with a capacity exceeding 75 tonnes per day (or 100 tonnes per day if the only waste treatment activity is anaerobic digestion) involv,Effective,51.5013353423153,-3.1026603562659676,Installation
Atlantic Recycling Limited,Cardiff,Glamorgan,Bespoke,Recovery or a mix of recovery and disposal of non-hazardous waste with a capacity exceeding 75 tonnes per day (or 100 tonnes per day if the only waste treatment activity is anaerobic digestion) involv,Effective,51.5013353423153,-3.1026603562659676,Installation
Atlantic Recycling Limited,Cardiff,Glamorgan,Bespoke,Recovery or a mix of recovery and disposal of non-hazardous waste with a capacity exceeding 75 tonnes per day (or 100 tonnes per day if the only waste treatment activity is anaerobic digestion) involv,Effective,51.5013353423153,-3.1026603562659676,Installation
Atlantic Recycling Limited,Cardiff,Glamorgan,Bespoke,Recovery or a mix of recovery and disposal of non-hazardous waste with a capacity exceeding 75 tonnes per day (or 100 tonnes per day if the only waste treatment activity is anaerobic digestion) involv,Effective,51.5013353423153,-3.1026603562659676,Installation
Atlantic Recycling Limited,Cardiff,Glamorgan,Bespoke,Recovery or a mix of recovery and disposal of non-hazardous waste with a capacity exceeding 75 tonnes per day (or 100 tonnes per day if the only waste treatment activity is anaerobic digestion) involv,Effective,51.5013353423153,-3.1026603562659676,Installation
Atlantic Recycling Limited,Cardiff,Glamorgan,Bespoke,Recovery or a mix of recovery and disposal of non-hazardous waste with a capacity exceeding 75 tonnes per day (or 100 tonnes per day if the only waste treatment activity is anaerobic digestion) involv,Effective,51.5013353423153,-3.1026603562659676,Installation
Atlantic Recycling Limited,Cardiff,Glamorgan,Bespoke,Recovery or a mix of recovery and disposal of non-hazardous waste with a capacity exceeding 75 tonnes per day (or 100 tonnes per day if the only waste treatment activity is anaerobic digestion) involv,Effective,51.5013353423153,-3.1026603562659676,Installation
Atlantic Recycling Limited,Cardiff,Glamorgan,Bespoke,Recovery or a mix of recovery and disposal of non-hazardous waste with a capacity exceeding 75 tonnes per day (or 100 tonnes per day if the only waste treatment activity is anaerobic digestion) involv,Effective,51.5013353423153,-3.1026603562659676,Installation
Atlantic Recycling Limited,Cardiff,Glamorgan,Bespoke,Recovery or a mix of recovery and disposal of non-hazardous waste with a capacity exceeding 75 tonnes per day (or 100 tonnes per day if the only waste treatment activity is anaerobic digestion) involv,Effective,51.5013353423153,-3.1026603562659676,Installation
Phase 2 Wrexham Recycling Park,Wrexham,Clwyd,Bespoke,Recovery or a mix of recovery and disposal of non-hazardous waste with a capacity exceeding 75 tonnes per day (or 100 tonnes per day if the only waste treatment activity is anaerobic digestion) involv,Effective,53.042764483542946,-2.914893510567792,Installation
Trostrey Court Farm EPR/FP3836MU,Usk,Monmouthshire,Bespoke,"Rearing poultry or pigs intensively in an installation with more than 40,000 places for poultry",Effective,51.734612256044024,-2.920205462239786,Installation
Trostrey Court Farm EPR/FP3836MU,Usk,Monmouthshire,Bespoke,"Rearing poultry or pigs intensively in an installation with more than 40,000 places for poultry",Effective,51.734612256044024,-2.920205462239786,Installation
Llanelli Tin Recovery Works,LLANELLI,DYFED,Bespoke,"Unless falling within Part A(2) of this Section, producing non-ferrous metals from ore, concentrates or secondary raw materials by metallurgical, chemical or electrolytic activities",Effective,51.6690081478038,-4.158902795884996,Installation
Llanelli Tin Recovery Works,LLANELLI,DYFED,Bespoke,"Unless falling within Part A(2) of this Section, producing non-ferrous metals from ore, concentrates or secondary raw materials by metallurgical, chemical or electrolytic activities",Effective,51.6690081478038,-4.158902795884996,Installation
Llay Feed Mill,,Wrexham,Bespoke,"Treatment and processing, other than exclusively packaging, of the following raw materials, whether previously processed or unprocessed, intended for the production of food or feed (where the weight o",Effective,53.1003131034657,-3.0116724942698463,Installation
Broughton Aircraft Factory EPR/BM3965IA,CHESTER,CHESTER,Bespoke,"Unless falling within Part A(2) of this Section, surface treating metals and plastic materials using an electrolytic or chemical process where the aggregated volume of the treatment vats is more than ",Effective,53.1719558924292,-2.9796962723847584,Installation
Broughton Aircraft Factory EPR/BM3965IA,CHESTER,CHESTER,Bespoke,"Unless falling within Part A(2) of this Section, surface treating metals and plastic materials using an electrolytic or chemical process where the aggregated volume of the treatment vats is more than ",Effective,53.1719558924292,-2.9796962723847584,Installation
Broughton Aircraft Factory EPR/BM3965IA,CHESTER,CHESTER,Bespoke,"Unless falling within Part A(2) of this Section, surface treating metals and plastic materials using an electrolytic or chemical process where the aggregated volume of the treatment vats is more than ",Effective,53.1719558924292,-2.9796962723847584,Installation
Broughton Aircraft Factory EPR/BM3965IA,CHESTER,CHESTER,Bespoke,"Unless falling within Part A(2) of this Section, surface treating metals and plastic materials using an electrolytic or chemical process where the aggregated volume of the treatment vats is more than ",Effective,53.1719558924292,-2.9796962723847584,Installation
Broughton Aircraft Factory EPR/BM3965IA,CHESTER,CHESTER,Bespoke,"Unless falling within Part A(2) of this Section, surface treating metals and plastic materials using an electrolytic or chemical process where the aggregated volume of the treatment vats is more than ",Effective,53.1719558924292,-2.9796962723847584,Installation
Broughton Aircraft Factory EPR/BM3965IA,CHESTER,CHESTER,Bespoke,"Unless falling within Part A(2) of this Section, surface treating metals and plastic materials using an electrolytic or chemical process where the aggregated volume of the treatment vats is more than ",Effective,53.1719558924292,-2.9796962723847584,Installation
Rhymney Organic Regeneration Facility EA/EPR/ZP3535MW/V002,Rhymney,Caerphilly,Bespoke,The incineration of hazardous waste in a waste incineration plant or waste co-incineration plant with a capacity exceeding 10 tonnes per day,Effective,51.75518364201306,-3.286151729663781,Installation
Rhymney Organic Regeneration Facility EA/EPR/ZP3535MW/V002,Rhymney,Caerphilly,Bespoke,The incineration of hazardous waste in a waste incineration plant or waste co-incineration plant with a capacity exceeding 10 tonnes per day,Effective,51.75518364201306,-3.286151729663781,Installation
Upper Esgair Farm,LLANDRINDOD WELLS,Powys,Bespoke,"Rearing poultry or pigs intensively in an installation with more than 40,000 places for poultry",Effective,52.405339826021326,-3.33408860450408,Installation
Llanddulas Landfill EPR/BU0800IZ,ABERGELE,,Bespoke,"The disposal of waste in a landfill receiving more than 10 tonnes of waste in any day, or with a total capacity of more than 25,000 tonnes, but excluding disposals in a landfill taking only inert wast",Effective,53.2831049408374,-3.6453796088342445,Installation
Llanddulas Landfill EPR/BU0800IZ,ABERGELE,,Bespoke,"The disposal of waste in a landfill receiving more than 10 tonnes of waste in any day, or with a total capacity of more than 25,000 tonnes, but excluding disposals in a landfill taking only inert wast",Effective,53.2831049408374,-3.6453796088342445,Installation
Llanddulas Landfill EPR/BU0800IZ,ABERGELE,,Bespoke,"The disposal of waste in a landfill receiving more than 10 tonnes of waste in any day, or with a total capacity of more than 25,000 tonnes, but excluding disposals in a landfill taking only inert wast",Effective,53.2831049408374,-3.6453796088342445,Installation
Volac Felinfach,Lampeter,Ceredigion,Bespoke,"Treatment and processing, other than exclusively packaging, of the following raw materials, whether previously processed or unprocessed, intended for the production of food or feed (where the weight o",Effective,52.197601975605146,-4.168806934514384,Installation
Volac Felinfach,Lampeter,Ceredigion,Bespoke,"Treatment and processing, other than exclusively packaging, of the following raw materials, whether previously processed or unprocessed, intended for the production of food or feed (where the weight o",Effective,52.197601975605146,-4.168806934514384,Installation
Poeton Cardiff,Cardiff,Cardiff,Bespoke,"Unless falling within Part A(2) of this Section, surface treating metals and plastic materials using an electrolytic or chemical process where the aggregated volume of the treatment vats is more than ",Effective,51.46582676179754,-3.1908722818242454,Installation
KLA Corporation UK Limited,Newport,Newport,Bespoke,"Unless falling within another section of this Schedule, any manufacturing activity which is likely to result in the release into the air of any hydrogen halide (other than the manufacture of glass or ",Effective,51.60052649776531,-2.9231228428020364,Installation
Awelon Poultry Farm EPR/BP3238WL,PENTRAETH,Gwynedd,Bespoke,"Rearing poultry or pigs intensively in an installation with more than 40,000 places for poultry",Effective,53.25894532127692,-4.234863710752082,Installation
Awelon Poultry Farm EPR/BP3238WL,PENTRAETH,Gwynedd,Bespoke,"Rearing poultry or pigs intensively in an installation with more than 40,000 places for poultry",Effective,53.25894532127692,-4.234863710752082,Installation
Pembroke Power Station,PEMBROKE,Dyfed,Bespoke,Burning any fuel in an appliance with a rated thermal input of 50 or more megawatts,Effective,51.683795160901354,-5.00018696626738,Installation
Four Crosses Farm,OSWESTRY,Shropshire,Bespoke,"Rearing poultry or pigs intensively in an installation with more than 40,000 places for poultry",Effective,52.8007107823031,-3.1751336285739815,Installation
Newport Ceramic Works EPR/BP3532HX,Newport,South Wales,Bespoke,"Producing inorganic chemicals such as:
(v) Non-metals, metal oxides, metal carbonyls or other inorganic compounds (for example calcium carbide, silicon, silicon carbide, titanium dioxide)",Effective,51.56930571369725,-2.948172871638913,Installation
Tremorfa Melt Shop,Cardiff,Cardiff,Bespoke,,Effective,51.480145786668515,-3.1361199393002823,Installation
Tremorfa Melt Shop,Cardiff,Cardiff,Bespoke,,Effective,51.480145786668515,-3.1361199393002823,Installation
Tremorfa Melt Shop,Cardiff,Cardiff,Bespoke,,Effective,51.480145786668515,-3.1361199393002823,Installation
Tremorfa Melt Shop,Cardiff,Cardiff,Bespoke,,Effective,51.480145786668515,-3.1361199393002823,Installation
Tremorfa Melt Shop,Cardiff,Cardiff,Bespoke,,Effective,51.480145786668515,-3.1361199393002823,Installation
Tremorfa Melt Shop,Cardiff,Cardiff,Bespoke,,Effective,51.480145786668515,-3.1361199393002823,Installation
Tremorfa Melt Shop,Cardiff,Cardiff,Bespoke,,Effective,51.480145786668515,-3.1361199393002823,Installation
Tremorfa Melt Shop,Cardiff,Cardiff,Bespoke,,Effective,51.480145786668515,-3.1361199393002823,Installation
Tremorfa Melt Shop,Cardiff,Cardiff,Bespoke,,Effective,51.480145786668515,-3.1361199393002823,Installation
Tremorfa Melt Shop,Cardiff,Cardiff,Bespoke,,Effective,51.480145786668515,-3.1361199393002823,Installation
Tremorfa Melt Shop,Cardiff,Cardiff,Bespoke,,Effective,51.480145786668515,-3.1361199393002823,Installation
Tremorfa Melt Shop,Cardiff,Cardiff,Bespoke,,Effective,51.480145786668515,-3.1361199393002823,Installation
Tremorfa Melt Shop,Cardiff,Cardiff,Bespoke,,Effective,51.480145786668515,-3.1361199393002823,Installation
Tremorfa Melt Shop,Cardiff,Cardiff,Bespoke,,Effective,51.480145786668515,-3.1361199393002823,Installation
Tremorfa Melt Shop,Cardiff,Cardiff,Bespoke,,Effective,51.480145786668515,-3.1361199393002823,Installation
Tremorfa Melt Shop,Cardiff,Cardiff,Bespoke,,Effective,51.480145786668515,-3.1361199393002823,Installation
Tremorfa Melt Shop,Cardiff,Cardiff,Bespoke,,Effective,51.480145786668515,-3.1361199393002823,Installation
Tremorfa Melt Shop,Cardiff,Cardiff,Bespoke,,Effective,51.480145786668515,-3.1361199393002823,Installation
Tremorfa Melt Shop,Cardiff,Cardiff,Bespoke,,Effective,51.480145786668515,-3.1361199393002823,Installation
Tremorfa Melt Shop,Cardiff,Cardiff,Bespoke,,Effective,51.480145786668515,-3.1361199393002823,Installation
Tremorfa Melt Shop,Cardiff,Cardiff,Bespoke,,Effective,51.480145786668515,-3.1361199393002823,Installation
Tremorfa Melt Shop,Cardiff,Cardiff,Bespoke,,Effective,51.480145786668515,-3.1361199393002823,Installation
Tremorfa Melt Shop,Cardiff,Cardiff,Bespoke,,Effective,51.480145786668515,-3.1361199393002823,Installation
Tremorfa Melt Shop,Cardiff,Cardiff,Bespoke,,Effective,51.480145786668515,-3.1361199393002823,Installation
Tremorfa Melt Shop,Cardiff,Cardiff,Bespoke,,Effective,51.480145786668515,-3.1361199393002823,Installation
Tremorfa Melt Shop,Cardiff,Cardiff,Bespoke,,Effective,51.480145786668515,-3.1361199393002823,Installation
Tremorfa Melt Shop,Cardiff,Cardiff,Bespoke,,Effective,51.480145786668515,-3.1361199393002823,Installation
Tremorfa Melt Shop,Cardiff,Cardiff,Bespoke,,Effective,51.480145786668515,-3.1361199393002823,Installation
Tremorfa Melt Shop,Cardiff,Cardiff,Bespoke,,Effective,51.480145786668515,-3.1361199393002823,Installation
Tremorfa Melt Shop,Cardiff,Cardiff,Bespoke,,Effective,51.480145786668515,-3.1361199393002823,Installation
Tremorfa Melt Shop,Cardiff,Cardiff,Bespoke,,Effective,51.480145786668515,-3.1361199393002823,Installation
Tremorfa Melt Shop,Cardiff,Cardiff,Bespoke,,Effective,51.480145786668515,-3.1361199393002823,Installation
Tremorfa Melt Shop,Cardiff,Cardiff,Bespoke,,Effective,51.480145786668515,-3.1361199393002823,Installation
Tremorfa Melt Shop,Cardiff,Cardiff,Bespoke,,Effective,51.480145786668515,-3.1361199393002823,Installation
Tremorfa Melt Shop,Cardiff,Cardiff,Bespoke,,Effective,51.480145786668515,-3.1361199393002823,Installation
Tremorfa Melt Shop,Cardiff,Cardiff,Bespoke,,Effective,51.480145786668515,-3.1361199393002823,Installation
Tremorfa Melt Shop,Cardiff,Cardiff,Bespoke,,Effective,51.480145786668515,-3.1361199393002823,Installation
Tremorfa Melt Shop,Cardiff,Cardiff,Bespoke,,Effective,51.480145786668515,-3.1361199393002823,Installation
Tremorfa Melt Shop,Cardiff,Cardiff,Bespoke,,Effective,51.480145786668515,-3.1361199393002823,Installation
Tremorfa Melt Shop,Cardiff,Cardiff,Bespoke,,Effective,51.480145786668515,-3.1361199393002823,Installation
Tremorfa Melt Shop,Cardiff,Cardiff,Bespoke,,Effective,51.480145786668515,-3.1361199393002823,Installation
Tremorfa Melt Shop,Cardiff,Cardiff,Bespoke,,Effective,51.480145786668515,-3.1361199393002823,Installation
Tremorfa Melt Shop,Cardiff,Cardiff,Bespoke,,Effective,51.480145786668515,-3.1361199393002823,Installation
Tremorfa Melt Shop,Cardiff,Cardiff,Bespoke,,Effective,51.480145786668515,-3.1361199393002823,Installation
Tremorfa Melt Shop,Cardiff,Cardiff,Bespoke,,Effective,51.480145786668515,-3.1361199393002823,Installation
Tremorfa Melt Shop,Cardiff,Cardiff,Bespoke,,Effective,51.480145786668515,-3.1361199393002823,Installation
Tremorfa Melt Shop,Cardiff,Cardiff,Bespoke,,Effective,51.480145786668515,-3.1361199393002823,Installation
Tremorfa Melt Shop,Cardiff,Cardiff,Bespoke,,Effective,51.480145786668515,-3.1361199393002823,Installation
Tremorfa Melt Shop,Cardiff,Cardiff,Bespoke,,Effective,51.480145786668515,-3.1361199393002823,Installation
Tremorfa Melt Shop,Cardiff,Cardiff,Bespoke,,Effective,51.480145786668515,-3.1361199393002823,Installation
Tremorfa Melt Shop,Cardiff,Cardiff,Bespoke,,Effective,51.480145786668515,-3.1361199393002823,Installation
Tremorfa Melt Shop,Cardiff,Cardiff,Bespoke,,Effective,51.480145786668515,-3.1361199393002823,Installation
Tremorfa Melt Shop,Cardiff,Cardiff,Bespoke,,Effective,51.480145786668515,-3.1361199393002823,Installation
Tremorfa Melt Shop,Cardiff,Cardiff,Bespoke,,Effective,51.480145786668515,-3.1361199393002823,Installation
Tremorfa Melt Shop,Cardiff,Cardiff,Bespoke,,Effective,51.480145786668515,-3.1361199393002823,Installation
Tremorfa Melt Shop,Cardiff,Cardiff,Bespoke,,Effective,51.480145786668515,-3.1361199393002823,Installation
Tremorfa Melt Shop,Cardiff,Cardiff,Bespoke,,Effective,51.480145786668515,-3.1361199393002823,Installation
Tremorfa Melt Shop,Cardiff,Cardiff,Bespoke,,Effective,51.480145786668515,-3.1361199393002823,Installation
Tremorfa Melt Shop,Cardiff,Cardiff,Bespoke,,Effective,51.480145786668515,-3.1361199393002823,Installation
Tremorfa Melt Shop,Cardiff,Cardiff,Bespoke,,Effective,51.480145786668515,-3.1361199393002823,Installation
Tremorfa Melt Shop,Cardiff,Cardiff,Bespoke,,Effective,51.480145786668515,-3.1361199393002823,Installation
Tremorfa Melt Shop,Cardiff,Cardiff,Bespoke,,Effective,51.480145786668515,-3.1361199393002823,Installation
Tremorfa Melt Shop,Cardiff,Cardiff,Bespoke,,Effective,51.480145786668515,-3.1361199393002823,Installation
Tremorfa Melt Shop,Cardiff,Cardiff,Bespoke,,Effective,51.480145786668515,-3.1361199393002823,Installation
Tremorfa Melt Shop,Cardiff,Cardiff,Bespoke,,Effective,51.480145786668515,-3.1361199393002823,Installation
Tremorfa Melt Shop,Cardiff,Cardiff,Bespoke,,Effective,51.480145786668515,-3.1361199393002823,Installation
Tremorfa Melt Shop,Cardiff,Cardiff,Bespoke,,Effective,51.480145786668515,-3.1361199393002823,Installation
Tremorfa Melt Shop,Cardiff,Cardiff,Bespoke,,Effective,51.480145786668515,-3.1361199393002823,Installation
Tremorfa Melt Shop,Cardiff,Cardiff,Bespoke,,Effective,51.480145786668515,-3.1361199393002823,Installation
Tremorfa Melt Shop,Cardiff,Cardiff,Bespoke,,Effective,51.480145786668515,-3.1361199393002823,Installation
Tremorfa Melt Shop,Cardiff,Cardiff,Bespoke,,Effective,51.480145786668515,-3.1361199393002823,Installation
Tremorfa Melt Shop,Cardiff,Cardiff,Bespoke,,Effective,51.480145786668515,-3.1361199393002823,Installation
Tremorfa Melt Shop,Cardiff,Cardiff,Bespoke,,Effective,51.480145786668515,-3.1361199393002823,Installation
Tremorfa Melt Shop,Cardiff,Cardiff,Bespoke,,Effective,51.480145786668515,-3.1361199393002823,Installation
Tremorfa Melt Shop,Cardiff,Cardiff,Bespoke,,Effective,51.480145786668515,-3.1361199393002823,Installation
Tremorfa Melt Shop,Cardiff,Cardiff,Bespoke,,Effective,51.480145786668515,-3.1361199393002823,Installation
Tremorfa Melt Shop,Cardiff,Cardiff,Bespoke,,Effective,51.480145786668515,-3.1361199393002823,Installation
Tremorfa Melt Shop,Cardiff,Cardiff,Bespoke,,Effective,51.480145786668515,-3.1361199393002823,Installation
Tremorfa Melt Shop,Cardiff,Cardiff,Bespoke,,Effective,51.480145786668515,-3.1361199393002823,Installation
Tremorfa Melt Shop,Cardiff,Cardiff,Bespoke,,Effective,51.480145786668515,-3.1361199393002823,Installation
Tremorfa Melt Shop,Cardiff,Cardiff,Bespoke,,Effective,51.480145786668515,-3.1361199393002823,Installation
Tremorfa Melt Shop,Cardiff,Cardiff,Bespoke,,Effective,51.480145786668515,-3.1361199393002823,Installation
Tremorfa Melt Shop,Cardiff,Cardiff,Bespoke,,Effective,51.480145786668515,-3.1361199393002823,Installation
Tremorfa Melt Shop,Cardiff,Cardiff,Bespoke,,Effective,51.480145786668515,-3.1361199393002823,Installation
Awel Deg Poultry Farm EPR/BP3738WZ,Llandrygan,Gwynedd,Bespoke,"Rearing poultry or pigs intensively in an installation with more than 40,000 places for poultry",Effective,53.298982178467924,-4.395436217907282,Installation
Awel Deg Poultry Farm EPR/BP3738WZ,Llandrygan,Gwynedd,Bespoke,"Rearing poultry or pigs intensively in an installation with more than 40,000 places for poultry",Effective,53.298982178467924,-4.395436217907282,Installation
"Minffordd Farm,",Welshpool,Powys,Bespoke,"Rearing poultry or pigs intensively in an installation with more than 40,000 places for poultry",Effective,52.68676641730568,-3.461601485207604,Installation
"Minffordd Farm,",Welshpool,Powys,Bespoke,"Rearing poultry or pigs intensively in an installation with more than 40,000 places for poultry",Effective,52.68676641730568,-3.461601485207604,Installation
Dumbles Poultry Farm EPR/HP3936MT,Powys,,Bespoke,"Rearing poultry or pigs intensively in an installation with more than 40,000 places for poultry",Effective,52.34946613773517,-2.969479966347571,Installation
Dumbles Poultry Farm EPR/HP3936MT,Powys,,Bespoke,"Rearing poultry or pigs intensively in an installation with more than 40,000 places for poultry",Effective,52.34946613773517,-2.969479966347571,Installation
Solway Foods Limited,Newport,Newport,Bespoke,"Treatment and processing, other than exclusively packaging, of the following raw materials, whether previously processed or unprocessed, intended for the production of food or feed (where the weight o",Effective,51.59820397141822,-3.0823380886254954,Installation
Solway Foods Limited,Newport,Newport,Bespoke,"Treatment and processing, other than exclusively packaging, of the following raw materials, whether previously processed or unprocessed, intended for the production of food or feed (where the weight o",Effective,51.59820397141822,-3.0823380886254954,Installation
Sherwin-Williams Packaging Coatings Deeside,Deeside,Flintshire,Bespoke,"Producing organic chemicals such as:
(viii) Plastic materials (for example polymers, synthetic fibres and cellulose-based fibres)",Effective,53.23204611686462,-3.006985908228836,Installation
Sherwin-Williams Packaging Coatings Deeside,Deeside,Flintshire,Bespoke,"Producing organic chemicals such as:
(viii) Plastic materials (for example polymers, synthetic fibres and cellulose-based fibres)",Effective,53.23204611686462,-3.006985908228836,Installation
Cardiff Section Mill,Cardiff,Cardiff,Bespoke,Processing ferrous metals and their alloys by using hot-rolling mills with a production capacity of more than 20 tonnes of crude steel per hour,Effective,51.4795462485979,-3.1422971868613936,Installation
Cardiff Section Mill,Cardiff,Cardiff,Bespoke,Processing ferrous metals and their alloys by using hot-rolling mills with a production capacity of more than 20 tonnes of crude steel per hour,Effective,51.4795462485979,-3.1422971868613936,Installation
Abercynon Inorganics EPR/BV7443IP,,Rhondda Cynon Taf,Bespoke,"Unless falling within any other Section, any manufacturing activity involving the use of mercury or cadmium or any compound of either element or which may result in the release into the air of either ",Effective,51.65869617519469,-3.3429815446076216,Installation
Abercynon Inorganics EPR/BV7443IP,,Rhondda Cynon Taf,Bespoke,"Unless falling within any other Section, any manufacturing activity involving the use of mercury or cadmium or any compound of either element or which may result in the release into the air of either ",Effective,51.65869617519469,-3.3429815446076216,Installation
Abercynon Inorganics EPR/BV7443IP,,Rhondda Cynon Taf,Bespoke,"Unless falling within any other Section, any manufacturing activity involving the use of mercury or cadmium or any compound of either element or which may result in the release into the air of either ",Effective,51.65869617519469,-3.3429815446076216,Installation
Abercynon Inorganics EPR/BV7443IP,,Rhondda Cynon Taf,Bespoke,"Unless falling within any other Section, any manufacturing activity involving the use of mercury or cadmium or any compound of either element or which may result in the release into the air of either ",Effective,51.65869617519469,-3.3429815446076216,Installation
Carmarthen EPR/BV9667IV,CARMARTHEN,DYFED,Bespoke,"Treatment and processing, other than exclusively packaging, of the following raw materials, whether previously processed or unprocessed, intended for the production of food or feed (where the weight o",Effective,51.847257452699374,-4.33221997140373,Installation
Pencoed EPR/BX9854IW,Pencoed,Mid Glamorgan,Bespoke,"Unless falling within any other Section, any manufacturing activity (other than …",Effective,51.51769641048605,-3.4923247141080243,Installation
Evenjobb Poultry Unit,,Powys,Bespoke,"Rearing poultry or pigs intensively in an installation with more than 40,000 places for poultry",Effective,52.25421655494502,-3.0777143224580903,Installation
Evenjobb Poultry Unit,,Powys,Bespoke,"Rearing poultry or pigs intensively in an installation with more than 40,000 places for poultry",Effective,52.25421655494502,-3.0777143224580903,Installation
Hammond Poultry,LLANDRINDOD WELLS,Powys,Bespoke,"Rearing poultry or pigs intensively in an installation with more than 40,000 places for poultry",Effective,52.246339321877215,-3.392297799145173,Installation
Ffridd Rasus Landfill,Harlech,Gwynedd,Bespoke,"The disposal of waste in a landfill receiving more than 10 tonnes of waste in any day, or with a total capacity of more than 25,000 tonnes, but excluding disposals in a landfill taking only inert wast",Effective,52.88338084936155,-4.112787742544693,Installation
Ffridd Rasus Landfill,Harlech,Gwynedd,Bespoke,"The disposal of waste in a landfill receiving more than 10 tonnes of waste in any day, or with a total capacity of more than 25,000 tonnes, but excluding disposals in a landfill taking only inert wast",Effective,52.88338084936155,-4.112787742544693,Installation
Ffridd Rasus Landfill,Harlech,Gwynedd,Bespoke,"The disposal of waste in a landfill receiving more than 10 tonnes of waste in any day, or with a total capacity of more than 25,000 tonnes, but excluding disposals in a landfill taking only inert wast",Effective,52.88338084936155,-4.112787742544693,Installation
Ffridd Rasus Landfill,Harlech,Gwynedd,Bespoke,"The disposal of waste in a landfill receiving more than 10 tonnes of waste in any day, or with a total capacity of more than 25,000 tonnes, but excluding disposals in a landfill taking only inert wast",Effective,52.88338084936155,-4.112787742544693,Installation
Ffridd Rasus Landfill,Harlech,Gwynedd,Bespoke,"The disposal of waste in a landfill receiving more than 10 tonnes of waste in any day, or with a total capacity of more than 25,000 tonnes, but excluding disposals in a landfill taking only inert wast",Effective,52.88338084936155,-4.112787742544693,Installation
Ffridd Rasus Landfill,Harlech,Gwynedd,Bespoke,"The disposal of waste in a landfill receiving more than 10 tonnes of waste in any day, or with a total capacity of more than 25,000 tonnes, but excluding disposals in a landfill taking only inert wast",Effective,52.88338084936155,-4.112787742544693,Installation
Ffridd Rasus Landfill,Harlech,Gwynedd,Bespoke,"The disposal of waste in a landfill receiving more than 10 tonnes of waste in any day, or with a total capacity of more than 25,000 tonnes, but excluding disposals in a landfill taking only inert wast",Effective,52.88338084936155,-4.112787742544693,Installation
Ffridd Rasus Landfill,Harlech,Gwynedd,Bespoke,"The disposal of waste in a landfill receiving more than 10 tonnes of waste in any day, or with a total capacity of more than 25,000 tonnes, but excluding disposals in a landfill taking only inert wast",Effective,52.88338084936155,-4.112787742544693,Installation
Ffridd Rasus Landfill,Harlech,Gwynedd,Bespoke,"The disposal of waste in a landfill receiving more than 10 tonnes of waste in any day, or with a total capacity of more than 25,000 tonnes, but excluding disposals in a landfill taking only inert wast",Effective,52.88338084936155,-4.112787742544693,Installation
Ffridd Rasus Landfill,Harlech,Gwynedd,Bespoke,"The disposal of waste in a landfill receiving more than 10 tonnes of waste in any day, or with a total capacity of more than 25,000 tonnes, but excluding disposals in a landfill taking only inert wast",Effective,52.88338084936155,-4.112787742544693,Installation
PB Gelatins EPR/DP3030ZC,,Rhondda Cynon Taf,Bespoke,"Disposing of or recycling animal carcasses or animal waste, other than by rendering in a small waste incineration plant, at a plant with a treatment capacity exceeding 10 tonnes per day of animal carc",Effective,51.5739138131217,-3.2940148909444282,Installation
PB Gelatins EPR/DP3030ZC,,Rhondda Cynon Taf,Bespoke,"Disposing of or recycling animal carcasses or animal waste, other than by rendering in a small waste incineration plant, at a plant with a treatment capacity exceeding 10 tonnes per day of animal carc",Effective,51.5739138131217,-3.2940148909444282,Installation
Plas Bach Farm EA/EPR/VP3037MG/V003,MEIFOD,Powys,Bespoke,"Rearing poultry or pigs intensively in an installation with more than 40,000 places for poultry",Effective,52.74071907264012,-3.186998340173762,Installation
Plas Bach Farm EA/EPR/VP3037MG/V003,MEIFOD,Powys,Bespoke,"Rearing poultry or pigs intensively in an installation with more than 40,000 places for poultry",Effective,52.74071907264012,-3.186998340173762,Installation
Hirwaun Materials Recovery Facility,Aberdare,Rhondda Cynon Taff,Bespoke,Recovery or a mix of recovery and disposal of non-hazardous waste with a capacity exceeding 75 tonnes per day (or 100 tonnes per day if the only waste treatment activity is anaerobic digestion) involv,Effective,51.74882059312808,-3.538726072727826,Installation
Ddole Farm EPR/BV5220IH,Llandrindod Wells,Powys,Bespoke,"Rearing poultry or pigs intensively in an installation with more than 40,000 places for poultry",Effective,52.34038286871205,-3.281197260564971,Installation
Margam Green Energy Plant,Port Talbot,Neath Port Talbot,Bespoke,,Effective,51.562557798859785,-3.7469909951545004,Installation
Nant-y-Corddi Poultry Farm,KNIGHTON,Powys,Bespoke,,Effective,52.300038740365096,-3.143998144135675,Installation
Nant-y-Corddi Poultry Farm,KNIGHTON,Powys,Bespoke,,Effective,52.300038740365096,-3.143998144135675,Installation
WREXHAM CABLE WORKS,WREXHAM,Clwyd,Bespoke,"Melting, including making alloys of, non-ferrous metals, including recovered products and the operation of non-ferrous metal foundries where any furnace (other than a vacuum furnace), bath or other ho",Effective,53.03982859348259,-2.909730530275126,Installation
Llwyn Isaf Landfill,,Gwynedd,Bespoke,"The disposal of waste in a landfill receiving more than 10 tonnes of waste in any day, or with a total capacity of more than 25,000 tonnes, but excluding disposals in a landfill taking only inert wast",Effective,53.01399858140251,-4.3119294028846955,Installation
Llwyn Isaf Landfill,,Gwynedd,Bespoke,"The disposal of waste in a landfill receiving more than 10 tonnes of waste in any day, or with a total capacity of more than 25,000 tonnes, but excluding disposals in a landfill taking only inert wast",Effective,53.01399858140251,-4.3119294028846955,Installation
Aberthaw Works,,Vale of Glamorgan,Bespoke,Producing cement clinker in rotary kilns with a production capacity exceeding 500 tonnes per day or in other kilns with a production capacity exceeding 50 tonnes per day,Effective,51.39405699062957,-3.3896923637099996,Installation
Aberthaw Works,,Vale of Glamorgan,Bespoke,Producing cement clinker in rotary kilns with a production capacity exceeding 500 tonnes per day or in other kilns with a production capacity exceeding 50 tonnes per day,Effective,51.39405699062957,-3.3896923637099996,Installation
Aberthaw Works,,Vale of Glamorgan,Bespoke,Producing cement clinker in rotary kilns with a production capacity exceeding 500 tonnes per day or in other kilns with a production capacity exceeding 50 tonnes per day,Effective,51.39405699062957,-3.3896923637099996,Installation
Aberthaw Works,,Vale of Glamorgan,Bespoke,Producing cement clinker in rotary kilns with a production capacity exceeding 500 tonnes per day or in other kilns with a production capacity exceeding 50 tonnes per day,Effective,51.39405699062957,-3.3896923637099996,Installation
Aberthaw Works,,Vale of Glamorgan,Bespoke,Producing cement clinker in rotary kilns with a production capacity exceeding 500 tonnes per day or in other kilns with a production capacity exceeding 50 tonnes per day,Effective,51.39405699062957,-3.3896923637099996,Installation
Aberthaw Ash Disposal Site EPR/DP3432SW,Aberthaw,Vale of Glamorgan,Bespoke,"The disposal of waste in a landfill receiving more than 10 tonnes of waste in any day, or with a total capacity of more than 25,000 tonnes, but excluding disposals in a landfill taking only inert wast",Effective,51.3874690605191,-3.4067388101039935,Installation
Hafod Quarry Landfill Site,,,Bespoke,"The disposal of waste in a landfill receiving more than 10 tonnes of waste in any day, or with a total capacity of more than 25,000 tonnes, but excluding disposals in a landfill taking only inert wast",Effective,53.00225206660781,-3.0309556710762693,Installation
Waen Anaerobic Digestion Site,St Asaph,Clwyd,Bespoke,Recovery or a mix of recovery and disposal of non-hazardous waste with a capacity exceeding 75 tonnes per day (or 100 tonnes per day if the only waste treatment activity is anaerobic digestion) involv,Effective,53.26445853627887,-3.41663966690368,Installation
Waen Anaerobic Digestion Site,St Asaph,Clwyd,Bespoke,Recovery or a mix of recovery and disposal of non-hazardous waste with a capacity exceeding 75 tonnes per day (or 100 tonnes per day if the only waste treatment activity is anaerobic digestion) involv,Effective,53.26445853627887,-3.41663966690368,Installation
Waen Anaerobic Digestion Site,St Asaph,Clwyd,Bespoke,Recovery or a mix of recovery and disposal of non-hazardous waste with a capacity exceeding 75 tonnes per day (or 100 tonnes per day if the only waste treatment activity is anaerobic digestion) involv,Effective,53.26445853627887,-3.41663966690368,Installation
Western Wood Energy Plant,PORT TALBOT,West Glamorgan,Bespoke,The incineration of non-hazardous waste in a waste incineration plant or waste co-incineration plant with a capacity exceeding 3 tonnes per hour,Effective,51.561584235533445,-3.7459437753770812,Installation
Distribution Way EPR/DP3832EF,Hengoed,Caerphilly,Bespoke,"Producing organic chemicals such as:
(i) Hydrocarbons (linear or cyclic, saturated or unsaturated, aliphatic or aromatic)",Effective,51.62802201092597,-3.232621060127169,Installation
Point Of Ayr Gas Terminal,HOLYWELL,Clwyd,Bespoke,"Refining gas where this is likely to involve the use of 1,000 or more tonnes of gas in any 12-month period",Effective,53.34468702056629,-3.319675853224848,Installation
Point Of Ayr Gas Terminal,HOLYWELL,Clwyd,Bespoke,"Refining gas where this is likely to involve the use of 1,000 or more tonnes of gas in any 12-month period",Effective,53.34468702056629,-3.319675853224848,Installation
Higher Hall Farm EPR/HP3636KB,,Wrexham,Bespoke,"Rearing poultry or pigs intensively in an installation with more than 40,000 places for poultry",Effective,53.04151312153971,-2.8769525716409574,Installation
Higher Hall Farm EPR/HP3636KB,,Wrexham,Bespoke,"Rearing poultry or pigs intensively in an installation with more than 40,000 places for poultry",Effective,53.04151312153971,-2.8769525716409574,Installation
Alyn Works,Mold,Flintshire,Bespoke,"Producing organic chemicals such as:
(ii) Organic compounds containing oxygen (for example alcohols, aldehydes, ketones, carboxylic acids, esters, ethers, peroxides, phenols, epoxy resins)",Effective,53.17547104826736,-3.1495932574359924,Installation
Alyn Works,Mold,Flintshire,Bespoke,"Producing organic chemicals such as:
(ii) Organic compounds containing oxygen (for example alcohols, aldehydes, ketones, carboxylic acids, esters, ethers, peroxides, phenols, epoxy resins)",Effective,53.17547104826736,-3.1495932574359924,Installation
Alyn Works,Mold,Flintshire,Bespoke,"Producing organic chemicals such as:
(ii) Organic compounds containing oxygen (for example alcohols, aldehydes, ketones, carboxylic acids, esters, ethers, peroxides, phenols, epoxy resins)",Effective,53.17547104826736,-3.1495932574359924,Installation
Alyn Works,Mold,Flintshire,Bespoke,"Producing organic chemicals such as:
(ii) Organic compounds containing oxygen (for example alcohols, aldehydes, ketones, carboxylic acids, esters, ethers, peroxides, phenols, epoxy resins)",Effective,53.17547104826736,-3.1495932574359924,Installation
Bridgend Paper Mill,Bridgend,MID GLAMORGAN,Bespoke,,Effective,51.57193063243574,-3.6202195320687784,Installation
Bridgend Paper Mill,Bridgend,MID GLAMORGAN,Bespoke,,Effective,51.57193063243574,-3.6202195320687784,Installation
Bridgend Paper Mill,Bridgend,MID GLAMORGAN,Bespoke,,Effective,51.57193063243574,-3.6202195320687784,Installation
Bridgend Paper Mill,Bridgend,MID GLAMORGAN,Bespoke,,Effective,51.57193063243574,-3.6202195320687784,Installation
Bridgend Paper Mill,Bridgend,MID GLAMORGAN,Bespoke,,Effective,51.57193063243574,-3.6202195320687784,Installation
Bridgend Paper Mill,Bridgend,MID GLAMORGAN,Bespoke,,Effective,51.57193063243574,-3.6202195320687784,Installation
Enersys Newport,Newport,Newport,Bespoke,"Melting, including making alloys of, non-ferrous metals, including recovered products and the operation of non-ferrous metal foundries where",Effective,51.56856555024462,-2.972685533660113,Installation
Enersys Newport,Newport,Newport,Bespoke,"Melting, including making alloys of, non-ferrous metals, including recovered products and the operation of non-ferrous metal foundries where",Effective,51.56856555024462,-2.972685533660113,Installation
Enersys Newport,Newport,Newport,Bespoke,"Melting, including making alloys of, non-ferrous metals, including recovered products and the operation of non-ferrous metal foundries where",Effective,51.56856555024462,-2.972685533660113,Installation
Enersys Newport,Newport,Newport,Bespoke,"Melting, including making alloys of, non-ferrous metals, including recovered products and the operation of non-ferrous metal foundries where",Effective,51.56856555024462,-2.972685533660113,Installation
Abril Industrial Waxes,,Bridgend,Bespoke,"Producing organic chemicals such as:
(ii) Organic compounds containing oxygen (for example alcohols, aldehydes, ketones, carboxylic acids, esters, ethers, peroxides, phenols, epoxy resins)",Effective,51.52657462868498,-3.686507409150885,Installation
Abril Industrial Waxes,,Bridgend,Bespoke,"Producing organic chemicals such as:
(ii) Organic compounds containing oxygen (for example alcohols, aldehydes, ketones, carboxylic acids, esters, ethers, peroxides, phenols, epoxy resins)",Effective,51.52657462868498,-3.686507409150885,Installation
Abril Industrial Waxes,,Bridgend,Bespoke,"Producing organic chemicals such as:
(ii) Organic compounds containing oxygen (for example alcohols, aldehydes, ketones, carboxylic acids, esters, ethers, peroxides, phenols, epoxy resins)",Effective,51.52657462868498,-3.686507409150885,Installation
Deeside Engine Casting Plant,Deeside,Flintshire,Bespoke,,Effective,53.23160002535272,-3.0276496864630307,Installation
Deeside Engine Casting Plant,Deeside,Flintshire,Bespoke,,Effective,53.23160002535272,-3.0276496864630307,Installation
Deeside Engine Casting Plant,Deeside,Flintshire,Bespoke,,Effective,53.23160002535272,-3.0276496864630307,Installation
Ty Castle,MONMOUTH,Gwent,Bespoke,"Rearing poultry or pigs intensively in an installation with more than 40,000 places for poultry",Effective,51.858169982378996,-2.8206445701722433,Installation
Ty Castle,MONMOUTH,Gwent,Bespoke,"Rearing poultry or pigs intensively in an installation with more than 40,000 places for poultry",Effective,51.858169982378996,-2.8206445701722433,Installation
Ty Newydd Farm,USK,Gwent,Bespoke,"Rearing poultry or pigs intensively in an installation with more than 40,000 places for poultry",Effective,51.776867776414385,-2.897438847468419,Installation
Ty Newydd Farm,USK,Gwent,Bespoke,"Rearing poultry or pigs intensively in an installation with more than 40,000 places for poultry",Effective,51.776867776414385,-2.897438847468419,Installation
Soft Drinks Site– Cardiff,,South Wales,Bespoke,"Treatment and processing, other than exclusively packaging, of the following raw materials, whether previously processed or unprocessed, intended for the production of food or feed (where the weight o",Effective,51.47467391875621,-3.1476901948892944,Installation
Pentre Agrochemicals Plant EPR/FP3031CW,Deeside,Flintshire,Bespoke,"Producing inorganic chemicals such as:
(iv) Salts (for example ammonium chloride, potassium chlorate, potassium carbonate, sodium carbonate, perborate, silver nitrate, cupric acetate, ammonium phospho",Effective,53.20120905642875,-3.0074604107379943,Installation
Neuadd Isaf Farm,Llandrindod Wells,Powys,Bespoke,"Rearing poultry or pigs intensively in an installation with more than 40,000 places for poultry",Effective,52.250077460281844,-3.3253229508191886,Installation
Neuadd Isaf Farm,Llandrindod Wells,Powys,Bespoke,"Rearing poultry or pigs intensively in an installation with more than 40,000 places for poultry",Effective,52.250077460281844,-3.3253229508191886,Installation
Haverfordwest Creamery,HAVERFORDWEST,Dyfed,Bespoke,"Treatment and processing, other than exclusively packaging, of the following raw materials, whether previously processed or unprocessed, intended for the production of food or feed (where the weight o",Effective,51.79144954619896,-4.97556908396336,Installation
Haverfordwest Creamery,HAVERFORDWEST,Dyfed,Bespoke,"Treatment and processing, other than exclusively packaging, of the following raw materials, whether previously processed or unprocessed, intended for the production of food or feed (where the weight o",Effective,51.79144954619896,-4.97556908396336,Installation
Bryn Glas Farm EPR/FP3434CG,LLANSANFFRAID,Powys,Bespoke,"Rearing poultry or pigs intensively in an installation with more than 40,000 places for poultry",Effective,52.76869223372811,-3.1397355650034355,Installation
Units B1 - B3 Antur Teifi EPR/FP3437VK,,,Bespoke,Producing pharmaceutical products,Effective,52.034866778351436,-4.459203084212766,Installation
Queensway Non-Haz Landfill EPR/GP3331SV,,South Wales,Bespoke,"The disposal of waste in a landfill receiving more than 10 tonnes of waste in any day, or with a total capacity of more than 25,000 tonnes, but excluding disposals in a landfill taking only inert wast",Effective,51.56676036337554,-2.8944489933479325,Installation
The Recycling Centre EPR/KP3636HB,Pontypridd,,Bespoke,Disposal or recovery of hazardous waste with a capacity exceeding 10 tonnes per day involving one or more of the following activities - physico-chemical treatment,Effective,51.57244370984882,-3.2968591101657037,Installation
The Recycling Centre EPR/KP3636HB,Pontypridd,,Bespoke,Disposal or recovery of hazardous waste with a capacity exceeding 10 tonnes per day involving one or more of the following activities - physico-chemical treatment,Effective,51.57244370984882,-3.2968591101657037,Installation
The Recycling Centre EPR/KP3636HB,Pontypridd,,Bespoke,Disposal or recovery of hazardous waste with a capacity exceeding 10 tonnes per day involving one or more of the following activities - physico-chemical treatment,Effective,51.57244370984882,-3.2968591101657037,Installation
The Recycling Centre EPR/KP3636HB,Pontypridd,,Bespoke,Disposal or recovery of hazardous waste with a capacity exceeding 10 tonnes per day involving one or more of the following activities - physico-chemical treatment,Effective,51.57244370984882,-3.2968591101657037,Installation
The Recycling Centre EPR/KP3636HB,Pontypridd,,Bespoke,Disposal or recovery of hazardous waste with a capacity exceeding 10 tonnes per day involving one or more of the following activities - physico-chemical treatment,Effective,51.57244370984882,-3.2968591101657037,Installation
The Recycling Centre EPR/KP3636HB,Pontypridd,,Bespoke,Disposal or recovery of hazardous waste with a capacity exceeding 10 tonnes per day involving one or more of the following activities - physico-chemical treatment,Effective,51.57244370984882,-3.2968591101657037,Installation
The Recycling Centre EPR/KP3636HB,Pontypridd,,Bespoke,Disposal or recovery of hazardous waste with a capacity exceeding 10 tonnes per day involving one or more of the following activities - physico-chemical treatment,Effective,51.57244370984882,-3.2968591101657037,Installation
The Recycling Centre EPR/KP3636HB,Pontypridd,,Bespoke,Disposal or recovery of hazardous waste with a capacity exceeding 10 tonnes per day involving one or more of the following activities - physico-chemical treatment,Effective,51.57244370984882,-3.2968591101657037,Installation
The Recycling Centre EPR/KP3636HB,Pontypridd,,Bespoke,Disposal or recovery of hazardous waste with a capacity exceeding 10 tonnes per day involving one or more of the following activities - physico-chemical treatment,Effective,51.57244370984882,-3.2968591101657037,Installation
The Recycling Centre EPR/KP3636HB,Pontypridd,,Bespoke,Disposal or recovery of hazardous waste with a capacity exceeding 10 tonnes per day involving one or more of the following activities - physico-chemical treatment,Effective,51.57244370984882,-3.2968591101657037,Installation
The Recycling Centre EPR/KP3636HB,Pontypridd,,Bespoke,Disposal or recovery of hazardous waste with a capacity exceeding 10 tonnes per day involving one or more of the following activities - physico-chemical treatment,Effective,51.57244370984882,-3.2968591101657037,Installation
The Recycling Centre EPR/KP3636HB,Pontypridd,,Bespoke,Disposal or recovery of hazardous waste with a capacity exceeding 10 tonnes per day involving one or more of the following activities - physico-chemical treatment,Effective,51.57244370984882,-3.2968591101657037,Installation
The Recycling Centre EPR/KP3636HB,Pontypridd,,Bespoke,Disposal or recovery of hazardous waste with a capacity exceeding 10 tonnes per day involving one or more of the following activities - physico-chemical treatment,Effective,51.57244370984882,-3.2968591101657037,Installation
The Recycling Centre EPR/KP3636HB,Pontypridd,,Bespoke,Disposal or recovery of hazardous waste with a capacity exceeding 10 tonnes per day involving one or more of the following activities - physico-chemical treatment,Effective,51.57244370984882,-3.2968591101657037,Installation
The Recycling Centre EPR/KP3636HB,Pontypridd,,Bespoke,Disposal or recovery of hazardous waste with a capacity exceeding 10 tonnes per day involving one or more of the following activities - physico-chemical treatment,Effective,51.57244370984882,-3.2968591101657037,Installation
The Recycling Centre EPR/KP3636HB,Pontypridd,,Bespoke,Disposal or recovery of hazardous waste with a capacity exceeding 10 tonnes per day involving one or more of the following activities - physico-chemical treatment,Effective,51.57244370984882,-3.2968591101657037,Installation
Curvolt Ltd,Cardiff,Cardiff,Bespoke,"Unless falling within another section of this Schedule, any manufacturing activity which is likely to result in the release into the air of any hydrogen halide (other than the manufacture of glass or ",Effective,51.52969976812211,-3.087761841577853,Installation
Shotton Paper Mill EPR/BT4885IT,DEESIDE,CLWYD,Bespoke,,Effective,53.23578391902185,-3.0406651125152546,Installation
Shotton Paper Mill EPR/BT4885IT,DEESIDE,CLWYD,Bespoke,,Effective,53.23578391902185,-3.0406651125152546,Installation
Shotton Paper Mill EPR/BT4885IT,DEESIDE,CLWYD,Bespoke,,Effective,53.23578391902185,-3.0406651125152546,Installation
Shotton Paper Mill EPR/BT4885IT,DEESIDE,CLWYD,Bespoke,,Effective,53.23578391902185,-3.0406651125152546,Installation
Kelloggs,Wrexham,Wrexham,Bespoke,"Treatment and processing, other than exclusively packaging, of the following raw materials, whether previously processed or unprocessed, intended for the production of food or feed (where the weight o",Effective,53.0481553748533,-2.914082818278496,Installation
Kelloggs,Wrexham,Wrexham,Bespoke,"Treatment and processing, other than exclusively packaging, of the following raw materials, whether previously processed or unprocessed, intended for the production of food or feed (where the weight o",Effective,53.0481553748533,-2.914082818278496,Installation
Kelloggs,Wrexham,Wrexham,Bespoke,"Treatment and processing, other than exclusively packaging, of the following raw materials, whether previously processed or unprocessed, intended for the production of food or feed (where the weight o",Effective,53.0481553748533,-2.914082818278496,Installation
Hendre Poultry Unit,Knighton,Powys,Bespoke,"Rearing poultry or pigs intensively in an installation with more than 40,000 places for poultry",Effective,52.42900439673139,-3.2500848072855266,Installation
Queensferry Mineral Fibre Works,Deeside,Flintshire,Bespoke,Melting mineral substances including the production of mineral fibres in plants with a melting capacity exceeding 20 tonnes per day,Effective,53.20313678298294,-3.013344478728009,Installation
The Creamery,,Carmarthenshire,Bespoke,"Treatment and processing, other than exclusively packaging, of the following raw materials, whether previously processed or unprocessed, intended for the production of food or feed (where the weight o",Effective,52.03418467639969,-4.457415978905659,Installation
The Creamery,,Carmarthenshire,Bespoke,"Treatment and processing, other than exclusively packaging, of the following raw materials, whether previously processed or unprocessed, intended for the production of food or feed (where the weight o",Effective,52.03418467639969,-4.457415978905659,Installation
Swn Y Don Poultry Farm EPR/GP3338WH,,Isle of Anglesey,Bespoke,"Rearing poultry or pigs intensively in an installation with more than 40,000 places for poultry",Effective,53.20272106998485,-4.3713440746257035,Installation
Swn Y Don Poultry Farm EPR/GP3338WH,,Isle of Anglesey,Bespoke,"Rearing poultry or pigs intensively in an installation with more than 40,000 places for poultry",Effective,53.20272106998485,-4.3713440746257035,Installation
Morfa Non-Hazardous Landfill,PORT TALBOT,West Glamorgan,Bespoke,"The disposal of waste in a landfill receiving more than 10 tonnes of waste in any day, or with a total capacity of more than 25,000 tonnes, but excluding disposals in a landfill taking only inert wast",Effective,51.56685521127891,-3.7602859716695463,Installation
Port Talbot Steel Works,Port Talbot,Neath Port Talbot,Bespoke,Recovery or a mix of recovery and disposal of non-hazardous waste with a capacity exceeding 75 tonnes per day (or 100 tonnes per day if the only waste treatment activity is anaerobic digestion) involv,Effective,51.56794664500752,-3.7594623894490407,Installation
Port Talbot Steel Works,Port Talbot,Neath Port Talbot,Bespoke,Recovery or a mix of recovery and disposal of non-hazardous waste with a capacity exceeding 75 tonnes per day (or 100 tonnes per day if the only waste treatment activity is anaerobic digestion) involv,Effective,51.56794664500752,-3.7594623894490407,Installation
Port Talbot Steel Works,Port Talbot,Neath Port Talbot,Bespoke,Recovery or a mix of recovery and disposal of non-hazardous waste with a capacity exceeding 75 tonnes per day (or 100 tonnes per day if the only waste treatment activity is anaerobic digestion) involv,Effective,51.56794664500752,-3.7594623894490407,Installation
Port Talbot Steel Works,Port Talbot,Neath Port Talbot,Bespoke,Recovery or a mix of recovery and disposal of non-hazardous waste with a capacity exceeding 75 tonnes per day (or 100 tonnes per day if the only waste treatment activity is anaerobic digestion) involv,Effective,51.56794664500752,-3.7594623894490407,Installation
Newport Semiconductor Plant,Newport,South Wales,Bespoke,"Unless falling within another section of this Schedule, any manufacturing activity which is likely to result in the release into the air of any hydrogen halide (other than the manufacture of glass or ",Effective,51.56580248840986,-3.022689753540496,Installation
Newport Semiconductor Plant,Newport,South Wales,Bespoke,"Unless falling within another section of this Schedule, any manufacturing activity which is likely to result in the release into the air of any hydrogen halide (other than the manufacture of glass or ",Effective,51.56580248840986,-3.022689753540496,Installation
Newport Semiconductor Plant,Newport,South Wales,Bespoke,"Unless falling within another section of this Schedule, any manufacturing activity which is likely to result in the release into the air of any hydrogen halide (other than the manufacture of glass or ",Effective,51.56580248840986,-3.022689753540496,Installation
Pont-y-Felin EPR/BR8212IK,,Torfaen,Bespoke,Manufacturing glass fibre in a plant with a melting capacity exceeding 20 tonnes per day,Effective,51.6743103908081,-3.0147200062568027,Installation
Docksway Landfill,,South Wales,Bespoke,"The disposal of waste in a landfill receiving more than 10 tonnes of waste in any day, or with a total capacity of more than 25,000 tonnes, but excluding disposals in a landfill taking only inert wast",Effective,51.55825647905745,-3.0010271010183347,Installation
Docksway Landfill,,South Wales,Bespoke,"The disposal of waste in a landfill receiving more than 10 tonnes of waste in any day, or with a total capacity of more than 25,000 tonnes, but excluding disposals in a landfill taking only inert wast",Effective,51.55825647905745,-3.0010271010183347,Installation
The Royal Mint,Pontyclun,Rhondda Cynon Taf,Bespoke,"Unless falling within Part A(2) of this Section, surface treating metals and plastic materials using an electrolytic or chemical process where the aggregated volume of the treatment vats is more than ",Effective,51.5542167643471,-3.3887994660791105,Installation
The Royal Mint,Pontyclun,Rhondda Cynon Taf,Bespoke,"Unless falling within Part A(2) of this Section, surface treating metals and plastic materials using an electrolytic or chemical process where the aggregated volume of the treatment vats is more than ",Effective,51.5542167643471,-3.3887994660791105,Installation
The Royal Mint,Pontyclun,Rhondda Cynon Taf,Bespoke,"Unless falling within Part A(2) of this Section, surface treating metals and plastic materials using an electrolytic or chemical process where the aggregated volume of the treatment vats is more than ",Effective,51.5542167643471,-3.3887994660791105,Installation
Hoseley Bank Farm EPR/EP3932CC,WREXHAM,Clwyd,Bespoke,"Rearing poultry or pigs intensively in an installation with more than 40,000 places for poultry",Effective,53.079105452771245,-2.9451920603684765,Installation
Wrexham Aluminium Works EPR/BK3638IF,WREXHAM,,Bespoke,"Melting, including making alloys of, non-ferrous metals, including recovered products and the operation of non-ferrous metal foundries where any furnace (other than a vacuum furnace), bath or other ho",Effective,53.0369601734417,-2.9318914814710184,Installation
Wrexham Aluminium Works EPR/BK3638IF,WREXHAM,,Bespoke,"Melting, including making alloys of, non-ferrous metals, including recovered products and the operation of non-ferrous metal foundries where any furnace (other than a vacuum furnace), bath or other ho",Effective,53.0369601734417,-2.9318914814710184,Installation
Newport Recycling Facility NRW/EPR/YP3135TE/V004,Newport,South Wales,Bespoke,Disposal or recovery of hazardous waste with a capacity exceeding 10 tonnes per day involving one or more of the following activities - physico-chemical treatment,Effective,51.57033068527887,-2.9437212680169442,Installation
Dolwen Abattoir EPR/GP3235GH,LLANIDLOES,Powys,Bespoke,Slaughtering animals at a plant with a carcass production capacity of more than 50 tonnes per day.,Effective,52.457005859710016,-3.4801766142431023,Installation
Dolwen Abattoir EPR/GP3235GH,LLANIDLOES,Powys,Bespoke,Slaughtering animals at a plant with a carcass production capacity of more than 50 tonnes per day.,Effective,52.457005859710016,-3.4801766142431023,Installation
Dolwen Abattoir EPR/GP3235GH,LLANIDLOES,Powys,Bespoke,Slaughtering animals at a plant with a carcass production capacity of more than 50 tonnes per day.,Effective,52.457005859710016,-3.4801766142431023,Installation
Fenton Home Farm,Haverfordwest,Dyfed,Bespoke,"Rearing poultry or pigs intensively in an installation with more than 40,000 places for poultry",Effective,51.819125566083144,-4.919199559902213,Installation
Highfield Poultry Farm,SWANSEA,West Glamorgan,Bespoke,"Rearing poultry or pigs intensively in an installation with more than 40,000 places for poultry",Effective,51.5837599723096,-4.099283842670473,Installation
Pencoed Rockwool EPR/BS6149IQ,,Mid Glamorgan,Bespoke,Melting mineral substances including the production of mineral fibres in plants with a melting capacity exceeding 20 tonnes per day,Effective,51.5453839925193,-3.5000087708462115,Installation
Pencoed Rockwool EPR/BS6149IQ,,Mid Glamorgan,Bespoke,Melting mineral substances including the production of mineral fibres in plants with a melting capacity exceeding 20 tonnes per day,Effective,51.5453839925193,-3.5000087708462115,Installation
Pencoed Rockwool EPR/BS6149IQ,,Mid Glamorgan,Bespoke,Melting mineral substances including the production of mineral fibres in plants with a melting capacity exceeding 20 tonnes per day,Effective,51.5453839925193,-3.5000087708462115,Installation
Brookhill Landfill Site EPR/AP3739KS,BUCKLEY,CLWYD,Bespoke,"The disposal of waste in a landfill receiving more than 10 tonnes of waste in any day, or with a total capacity of more than 25,000 tonnes, but excluding disposals in a landfill taking only inert wast",Effective,53.180072508447935,-3.0805849060863078,Installation
Brookhill Landfill Site EPR/AP3739KS,BUCKLEY,CLWYD,Bespoke,"The disposal of waste in a landfill receiving more than 10 tonnes of waste in any day, or with a total capacity of more than 25,000 tonnes, but excluding disposals in a landfill taking only inert wast",Effective,53.180072508447935,-3.0805849060863078,Installation
Brookhill Landfill Site EPR/AP3739KS,BUCKLEY,CLWYD,Bespoke,"The disposal of waste in a landfill receiving more than 10 tonnes of waste in any day, or with a total capacity of more than 25,000 tonnes, but excluding disposals in a landfill taking only inert wast",Effective,53.180072508447935,-3.0805849060863078,Installation
Brookhill Landfill Site EPR/AP3739KS,BUCKLEY,CLWYD,Bespoke,"The disposal of waste in a landfill receiving more than 10 tonnes of waste in any day, or with a total capacity of more than 25,000 tonnes, but excluding disposals in a landfill taking only inert wast",Effective,53.180072508447935,-3.0805849060863078,Installation
St. Pierre Farm Poultry Unit,Caldicot,Gwent,Bespoke,"Rearing poultry or pigs intensively in an installation with more than 40,000 places for poultry",Effective,51.60670004536869,-2.7075110027786105,Installation
St. Pierre Farm Poultry Unit,Caldicot,Gwent,Bespoke,"Rearing poultry or pigs intensively in an installation with more than 40,000 places for poultry",Effective,51.60670004536869,-2.7075110027786105,Installation
Wrexham Pharmaceutical Works,WREXHAM,Clwyd,Bespoke,Producing pharmaceutical products,Effective,53.049049418412196,-2.9263343608650207,Installation
Bridgend Waste Management Centre,BRIDGEND,,Bespoke,Disposal or recovery of hazardous waste with a capacity exceeding 10 tonnes per day involving one or more of the following activities - physico-chemical treatment,Effective,51.508316316622505,-3.5085895049793336,Installation
Bridgend Waste Management Centre,BRIDGEND,,Bespoke,Disposal or recovery of hazardous waste with a capacity exceeding 10 tonnes per day involving one or more of the following activities - physico-chemical treatment,Effective,51.508316316622505,-3.5085895049793336,Installation
Bridgend Waste Management Centre,BRIDGEND,,Bespoke,Disposal or recovery of hazardous waste with a capacity exceeding 10 tonnes per day involving one or more of the following activities - physico-chemical treatment,Effective,51.508316316622505,-3.5085895049793336,Installation
Bridgend Waste Management Centre,BRIDGEND,,Bespoke,Disposal or recovery of hazardous waste with a capacity exceeding 10 tonnes per day involving one or more of the following activities - physico-chemical treatment,Effective,51.508316316622505,-3.5085895049793336,Installation
Roath Dock Treatment and Recycling Centre NRW/EPR/LP3439HM/V003,,,Bespoke,,Effective,51.467816066889824,-3.146467120744174,Installation
Roath Dock Treatment and Recycling Centre NRW/EPR/LP3439HM/V003,,,Bespoke,,Effective,51.467816066889824,-3.146467120744174,Installation
Merrystream Farm,,Monmouthshire,Bespoke,"Rearing poultry or pigs intensively in an installation with more than 40,000 places for poultry",Effective,51.76033519223554,-2.88407059670144,Installation
Merrystream Farm,,Monmouthshire,Bespoke,"Rearing poultry or pigs intensively in an installation with more than 40,000 places for poultry",Effective,51.76033519223554,-2.88407059670144,Installation
Mona Anaerobic Digestion Plant,Anglesey,,Bespoke,Recovery or a mix of recovery and disposal of non-hazardous waste with a capacity exceeding 75 tonnes per day (or 100 tonnes per day if the only waste treatment activity is anaerobic digestion) involv,Effective,53.25365247923815,-4.369214128509638,Installation
Mona Anaerobic Digestion Plant,Anglesey,,Bespoke,Recovery or a mix of recovery and disposal of non-hazardous waste with a capacity exceeding 75 tonnes per day (or 100 tonnes per day if the only waste treatment activity is anaerobic digestion) involv,Effective,53.25365247923815,-4.369214128509638,Installation
Denbigh Bolus Plant EPR/JP3535SG,Denbigh,Clwyd,Bespoke,"Unless falling within any other Section, any manufacturing activity (other than …",Effective,53.19316030322003,-3.4182990472215646,Installation
St Asaph Lens Coating EPR/JP3536LS,ST. ASAPH,Denbighshire,Bespoke,"Producing inorganic chemicals such as:
(v) Non-metals, metal oxides, metal carbonyls or other inorganic compounds (for example calcium carbide, silicon, silicon carbide, titanium dioxide)",Effective,53.25291571832791,-3.47228880767181,Installation
Port Talbot Steel Works,PORT TALBOT,WEST GLAMORGAN,Bespoke,"Roasting or sintering metal ore, including sulphide ore, or any mixture of iron ore with or without other materials",Effective,51.564951554143406,-3.767282257461465,Installation
Port Talbot Steel Works,PORT TALBOT,WEST GLAMORGAN,Bespoke,"Roasting or sintering metal ore, including sulphide ore, or any mixture of iron ore with or without other materials",Effective,51.564951554143406,-3.767282257461465,Installation
Port Talbot Steel Works,PORT TALBOT,WEST GLAMORGAN,Bespoke,"Roasting or sintering metal ore, including sulphide ore, or any mixture of iron ore with or without other materials",Effective,51.564951554143406,-3.767282257461465,Installation
Port Talbot Steel Works,PORT TALBOT,WEST GLAMORGAN,Bespoke,"Roasting or sintering metal ore, including sulphide ore, or any mixture of iron ore with or without other materials",Effective,51.564951554143406,-3.767282257461465,Installation
Port Talbot Steel Works,PORT TALBOT,WEST GLAMORGAN,Bespoke,"Roasting or sintering metal ore, including sulphide ore, or any mixture of iron ore with or without other materials",Effective,51.564951554143406,-3.767282257461465,Installation
Port Talbot Steel Works,PORT TALBOT,WEST GLAMORGAN,Bespoke,"Roasting or sintering metal ore, including sulphide ore, or any mixture of iron ore with or without other materials",Effective,51.564951554143406,-3.767282257461465,Installation
Port Talbot Steel Works,PORT TALBOT,WEST GLAMORGAN,Bespoke,"Roasting or sintering metal ore, including sulphide ore, or any mixture of iron ore with or without other materials",Effective,51.564951554143406,-3.767282257461465,Installation
Port Talbot Steel Works,PORT TALBOT,WEST GLAMORGAN,Bespoke,"Roasting or sintering metal ore, including sulphide ore, or any mixture of iron ore with or without other materials",Effective,51.564951554143406,-3.767282257461465,Installation
Port Talbot Steel Works,PORT TALBOT,WEST GLAMORGAN,Bespoke,"Roasting or sintering metal ore, including sulphide ore, or any mixture of iron ore with or without other materials",Effective,51.564951554143406,-3.767282257461465,Installation
Port Talbot Steel Works,PORT TALBOT,WEST GLAMORGAN,Bespoke,"Roasting or sintering metal ore, including sulphide ore, or any mixture of iron ore with or without other materials",Effective,51.564951554143406,-3.767282257461465,Installation
Port Talbot Steel Works,PORT TALBOT,WEST GLAMORGAN,Bespoke,"Roasting or sintering metal ore, including sulphide ore, or any mixture of iron ore with or without other materials",Effective,51.564951554143406,-3.767282257461465,Installation
Port Talbot Steel Works,PORT TALBOT,WEST GLAMORGAN,Bespoke,"Roasting or sintering metal ore, including sulphide ore, or any mixture of iron ore with or without other materials",Effective,51.564951554143406,-3.767282257461465,Installation
Port Talbot Steel Works,PORT TALBOT,WEST GLAMORGAN,Bespoke,"Roasting or sintering metal ore, including sulphide ore, or any mixture of iron ore with or without other materials",Effective,51.564951554143406,-3.767282257461465,Installation
Barry CHP,,Vale of Glamorgan,Bespoke,,Effective,51.40624139714535,-3.241542074858992,Installation
Cefn Mawr Poultry Farm,Usk,Gwent,Bespoke,"Rearing poultry or pigs intensively in an installation with more than 40,000 places for poultry",Effective,51.72275330513098,-2.952828049765967,Installation
Cefn Mawr Poultry Farm,Usk,Gwent,Bespoke,"Rearing poultry or pigs intensively in an installation with more than 40,000 places for poultry",Effective,51.72275330513098,-2.952828049765967,Installation
ZF Automotive UK LTD- Pontypool Site EPR/DP3430LX,,Torfaen,Bespoke,"Unless falling within Part A(2) of this Section, surface treating metals and plastic materials using an electrolytic or chemical process where the aggregated volume of the treatment vats is more than ",Effective,51.68626303846821,-3.0154212653378254,Installation
ZF Automotive UK LTD- Pontypool Site EPR/DP3430LX,,Torfaen,Bespoke,"Unless falling within Part A(2) of this Section, surface treating metals and plastic materials using an electrolytic or chemical process where the aggregated volume of the treatment vats is more than ",Effective,51.68626303846821,-3.0154212653378254,Installation
Swn Y Gwynt Poultry Farm EPR/KP3038WK,LLANGEFNI,Gwynedd,Bespoke,"Rearing poultry or pigs intensively in an installation with more than 40,000 places for poultry",Effective,53.25471829633467,-4.369872751371346,Installation
Swn Y Gwynt Poultry Farm EPR/KP3038WK,LLANGEFNI,Gwynedd,Bespoke,"Rearing poultry or pigs intensively in an installation with more than 40,000 places for poultry",Effective,53.25471829633467,-4.369872751371346,Installation
Llangefni Dairy,Llangefni,Anglesey,Bespoke,"Treatment and processing, other than exclusively packaging, of the following raw materials, whether previously processed or unprocessed, intended for the production of food or feed (where the weight o",Effective,53.248738365159234,-4.3127292130552854,Installation
Llangefni Dairy,Llangefni,Anglesey,Bespoke,"Treatment and processing, other than exclusively packaging, of the following raw materials, whether previously processed or unprocessed, intended for the production of food or feed (where the weight o",Effective,53.248738365159234,-4.3127292130552854,Installation
Llangefni Dairy,Llangefni,Anglesey,Bespoke,"Treatment and processing, other than exclusively packaging, of the following raw materials, whether previously processed or unprocessed, intended for the production of food or feed (where the weight o",Effective,53.248738365159234,-4.3127292130552854,Installation
Treuddyn Poultry Farm EPR/KP3838WP,,Flintshire,Bespoke,"Rearing poultry or pigs intensively in an installation with more than 40,000 places for poultry",Effective,53.096982224346654,-3.1319671948157803,Installation
Treuddyn Poultry Farm EPR/KP3838WP,,Flintshire,Bespoke,"Rearing poultry or pigs intensively in an installation with more than 40,000 places for poultry",Effective,53.096982224346654,-3.1319671948157803,Installation
Pentreucha Farm EPR/AP3230UK,Welshpool,Powys,Bespoke,"Rearing poultry or pigs intensively in an installation with more than 40,000 places for poultry",Effective,52.67264107958809,-3.4404238487898624,Installation
Sensient Flavors Ltd,Lampeter,Ceredigion,Bespoke,"Unless falling within another section of this Schedule, any manufacturing activity which is likely to result in the release into the air of any hydrogen halide (other than the manufacture of glass or ",Effective,52.196576303566744,-4.1693276665586065,Installation
Meadowbank Poultry Farm,Usk,Monmouthshire,Bespoke,"Rearing poultry or pigs intensively in an installation with more than 40,000 places for poultry",Effective,51.72123323965442,-2.951782710679567,Installation
Meadowbank Poultry Farm,Usk,Monmouthshire,Bespoke,"Rearing poultry or pigs intensively in an installation with more than 40,000 places for poultry",Effective,51.72123323965442,-2.951782710679567,Installation
Merllyn Bach Poultry Farm EPR/LP3038WT,,,Bespoke,"Rearing poultry or pigs intensively in an installation with more than 40,000 places for poultry",Effective,53.2535880320999,-3.2650061861390416,Installation
Uskmouth Power Plant,Newport,Gwent,Bespoke,Burning any fuel in an appliance with a rated thermal input of 50 or more megawatts,Effective,51.548136535343765,-2.97484561876534,Installation
Uskmouth Power Plant,Newport,Gwent,Bespoke,Burning any fuel in an appliance with a rated thermal input of 50 or more megawatts,Effective,51.548136535343765,-2.97484561876534,Installation
Uskmouth Power Plant,Newport,Gwent,Bespoke,Burning any fuel in an appliance with a rated thermal input of 50 or more megawatts,Effective,51.548136535343765,-2.97484561876534,Installation
Uskmouth Power Plant,Newport,Gwent,Bespoke,Burning any fuel in an appliance with a rated thermal input of 50 or more megawatts,Effective,51.548136535343765,-2.97484561876534,Installation
Cardiff Rod & Bar Mill EPR/BV0759IC,Cardiff,South Wales,Bespoke,Processing ferrous metals and their alloys by using hot-rolling mills with a production capacity of more than 20 tonnes of crude steel per hour,Effective,51.47181536544009,-3.1603894045613963,Installation
Cardiff Rod & Bar Mill EPR/BV0759IC,Cardiff,South Wales,Bespoke,Processing ferrous metals and their alloys by using hot-rolling mills with a production capacity of more than 20 tonnes of crude steel per hour,Effective,51.47181536544009,-3.1603894045613963,Installation
Trostre Works EPR/BX9471IU,,Carmarthenshire,Bespoke,"Unless falling within Part A(2) of this Section, surface treating metals and plastic materials using an electrolytic or chemical process where the aggregated volume of the treatment vats is more than ",Effective,51.673920329242414,-4.1312217234122635,Installation
Trostre Works EPR/BX9471IU,,Carmarthenshire,Bespoke,"Unless falling within Part A(2) of this Section, surface treating metals and plastic materials using an electrolytic or chemical process where the aggregated volume of the treatment vats is more than ",Effective,51.673920329242414,-4.1312217234122635,Installation
Trostre Works EPR/BX9471IU,,Carmarthenshire,Bespoke,"Unless falling within Part A(2) of this Section, surface treating metals and plastic materials using an electrolytic or chemical process where the aggregated volume of the treatment vats is more than ",Effective,51.673920329242414,-4.1312217234122635,Installation
Barry Site EPR/BU2110IS,,Vale of Glamorgan,Bespoke,"Producing inorganic chemicals such as:
(i) Gases (for example ammonia, hydrogen chloride, hydrogen fluoride, hydrogen cyanide, hydrogen sulphide, oxides of carbon, sulphur compounds, oxides of nitroge",Effective,51.41243625482525,-3.233945064015539,Installation
Barry Site EPR/BU2110IS,,Vale of Glamorgan,Bespoke,"Producing inorganic chemicals such as:
(i) Gases (for example ammonia, hydrogen chloride, hydrogen fluoride, hydrogen cyanide, hydrogen sulphide, oxides of carbon, sulphur compounds, oxides of nitroge",Effective,51.41243625482525,-3.233945064015539,Installation
Barry Site EPR/BU2110IS,,Vale of Glamorgan,Bespoke,"Producing inorganic chemicals such as:
(i) Gases (for example ammonia, hydrogen chloride, hydrogen fluoride, hydrogen cyanide, hydrogen sulphide, oxides of carbon, sulphur compounds, oxides of nitroge",Effective,51.41243625482525,-3.233945064015539,Installation
Tir John Landfill,SWANSEA,West Glamorgan,Bespoke,"The disposal of waste in a landfill receiving more than 10 tonnes of waste in any day, or with a total capacity of more than 25,000 tonnes, but excluding disposals in a landfill taking only inert wast",Effective,51.65956750845185,-3.920751197469738,Installation
Gernant Poultry Farm EPR/LP3638WY,,,Bespoke,"Rearing poultry or pigs intensively in an installation with more than 40,000 places for poultry",Effective,53.25726208190309,-4.483363964655497,Installation
Gernant Poultry Farm EPR/LP3638WY,,,Bespoke,"Rearing poultry or pigs intensively in an installation with more than 40,000 places for poultry",Effective,53.25726208190309,-4.483363964655497,Installation
Barry Aluminium Chlorohydrate Plant EA/EPR/MP3431SP/V002,Barry,Vale of Glamorgan,Bespoke,"Producing inorganic chemicals such as:
(iv) Salts (for example ammonium chloride, potassium chlorate, potassium carbonate, sodium carbonate, perborate, silver nitrate, cupric acetate, ammonium phospho",Effective,51.40219893110872,-3.249626990418863,Installation
Barry Aluminium Chlorohydrate Plant EA/EPR/MP3431SP/V002,Barry,Vale of Glamorgan,Bespoke,"Producing inorganic chemicals such as:
(iv) Salts (for example ammonium chloride, potassium chlorate, potassium carbonate, sodium carbonate, perborate, silver nitrate, cupric acetate, ammonium phospho",Effective,51.40219893110872,-3.249626990418863,Installation
Glascoed Munitions Factory,Usk,Monmouthshire,Bespoke,Burning any fuel in an appliance with a rated thermal input of 50 or more megawatts,Effective,51.71294376271884,-2.9539245116499586,Installation
Glascoed Munitions Factory,Usk,Monmouthshire,Bespoke,Burning any fuel in an appliance with a rated thermal input of 50 or more megawatts,Effective,51.71294376271884,-2.9539245116499586,Installation
Gelling Fibre Plant EA/EPR/NP3433BC/V003,Tredegar,South Wales,Bespoke,Producing pharmaceutical products,Effective,51.76621509679411,-3.296899258351464,Installation
St Asaph EPR/BX4666IZ,ST. ASAPH,CLWYD,Bespoke,"Unless falling within any other Section, any manufacturing activity (other than …",Effective,53.25392820401724,-3.470374900015182,Installation
St Asaph EPR/BX4666IZ,ST. ASAPH,CLWYD,Bespoke,"Unless falling within any other Section, any manufacturing activity (other than …",Effective,53.25392820401724,-3.470374900015182,Installation
Soil and Aggregates Treatment Plant,Cardiff,,Bespoke,Disposal or recovery of hazardous waste with a capacity exceeding 10 tonnes per day involving one or more of the following activities - physico-chemical treatment,Effective,51.500686361134335,-3.1037828400297904,Installation
Soil and Aggregates Treatment Plant,Cardiff,,Bespoke,Disposal or recovery of hazardous waste with a capacity exceeding 10 tonnes per day involving one or more of the following activities - physico-chemical treatment,Effective,51.500686361134335,-3.1037828400297904,Installation
Soil and Aggregates Treatment Plant,Cardiff,,Bespoke,Disposal or recovery of hazardous waste with a capacity exceeding 10 tonnes per day involving one or more of the following activities - physico-chemical treatment,Effective,51.500686361134335,-3.1037828400297904,Installation
Soil and Aggregates Treatment Plant,Cardiff,,Bespoke,Disposal or recovery of hazardous waste with a capacity exceeding 10 tonnes per day involving one or more of the following activities - physico-chemical treatment,Effective,51.500686361134335,-3.1037828400297904,Installation
Soil and Aggregates Treatment Plant,Cardiff,,Bespoke,Disposal or recovery of hazardous waste with a capacity exceeding 10 tonnes per day involving one or more of the following activities - physico-chemical treatment,Effective,51.500686361134335,-3.1037828400297904,Installation
Soil and Aggregates Treatment Plant,Cardiff,,Bespoke,Disposal or recovery of hazardous waste with a capacity exceeding 10 tonnes per day involving one or more of the following activities - physico-chemical treatment,Effective,51.500686361134335,-3.1037828400297904,Installation
Soil and Aggregates Treatment Plant,Cardiff,,Bespoke,Disposal or recovery of hazardous waste with a capacity exceeding 10 tonnes per day involving one or more of the following activities - physico-chemical treatment,Effective,51.500686361134335,-3.1037828400297904,Installation
Soil and Aggregates Treatment Plant,Cardiff,,Bespoke,Disposal or recovery of hazardous waste with a capacity exceeding 10 tonnes per day involving one or more of the following activities - physico-chemical treatment,Effective,51.500686361134335,-3.1037828400297904,Installation
Soil and Aggregates Treatment Plant,Cardiff,,Bespoke,Disposal or recovery of hazardous waste with a capacity exceeding 10 tonnes per day involving one or more of the following activities - physico-chemical treatment,Effective,51.500686361134335,-3.1037828400297904,Installation
Soil and Aggregates Treatment Plant,Cardiff,,Bespoke,Disposal or recovery of hazardous waste with a capacity exceeding 10 tonnes per day involving one or more of the following activities - physico-chemical treatment,Effective,51.500686361134335,-3.1037828400297904,Installation
Soil and Aggregates Treatment Plant,Cardiff,,Bespoke,Disposal or recovery of hazardous waste with a capacity exceeding 10 tonnes per day involving one or more of the following activities - physico-chemical treatment,Effective,51.500686361134335,-3.1037828400297904,Installation
Soil and Aggregates Treatment Plant,Cardiff,,Bespoke,Disposal or recovery of hazardous waste with a capacity exceeding 10 tonnes per day involving one or more of the following activities - physico-chemical treatment,Effective,51.500686361134335,-3.1037828400297904,Installation
Soil and Aggregates Treatment Plant,Cardiff,,Bespoke,Disposal or recovery of hazardous waste with a capacity exceeding 10 tonnes per day involving one or more of the following activities - physico-chemical treatment,Effective,51.500686361134335,-3.1037828400297904,Installation
Soil and Aggregates Treatment Plant,Cardiff,,Bespoke,Disposal or recovery of hazardous waste with a capacity exceeding 10 tonnes per day involving one or more of the following activities - physico-chemical treatment,Effective,51.500686361134335,-3.1037828400297904,Installation
Soil and Aggregates Treatment Plant,Cardiff,,Bespoke,Disposal or recovery of hazardous waste with a capacity exceeding 10 tonnes per day involving one or more of the following activities - physico-chemical treatment,Effective,51.500686361134335,-3.1037828400297904,Installation
Soil and Aggregates Treatment Plant,Cardiff,,Bespoke,Disposal or recovery of hazardous waste with a capacity exceeding 10 tonnes per day involving one or more of the following activities - physico-chemical treatment,Effective,51.500686361134335,-3.1037828400297904,Installation
Soil and Aggregates Treatment Plant,Cardiff,,Bespoke,Disposal or recovery of hazardous waste with a capacity exceeding 10 tonnes per day involving one or more of the following activities - physico-chemical treatment,Effective,51.500686361134335,-3.1037828400297904,Installation
Soil and Aggregates Treatment Plant,Cardiff,,Bespoke,Disposal or recovery of hazardous waste with a capacity exceeding 10 tonnes per day involving one or more of the following activities - physico-chemical treatment,Effective,51.500686361134335,-3.1037828400297904,Installation
Brynford Poultry Farm EPR/LP3838WB,HOLYWELL,Clwyd,Bespoke,"Rearing poultry or pigs intensively in an installation with more than 40,000 places for poultry",Effective,53.248633931733245,-3.222894670022309,Installation
Brynford Poultry Farm EPR/LP3838WB,HOLYWELL,Clwyd,Bespoke,"Rearing poultry or pigs intensively in an installation with more than 40,000 places for poultry",Effective,53.248633931733245,-3.222894670022309,Installation
Cardiff Energy Recovery Facility,Cardiff,,Bespoke,The incineration of non-hazardous waste in a waste incineration plant or waste co-incineration plant with a capacity exceeding 3 tonnes per hour,Effective,51.47093286218736,-3.1495687708052267,Installation
Cardiff Energy Recovery Facility,Cardiff,,Bespoke,The incineration of non-hazardous waste in a waste incineration plant or waste co-incineration plant with a capacity exceeding 3 tonnes per hour,Effective,51.47093286218736,-3.1495687708052267,Installation
Dolidre Farm,LLANDRINDOD WELLS,Powys,Bespoke,"Rearing poultry or pigs intensively in an installation with more than 40,000 places for poultry",Effective,52.301560348911764,-3.3123408314671487,Installation
Gwent Waste Management Centre NRW/EPR/SP3531SK/V007,Newport,,Bespoke,Disposal or recovery of hazardous waste with a capacity exceeding 10 tonnes per day involving one or more of the following activities - physico-chemical treatment,Effective,51.56840724794945,-2.970085072344742,Installation
Gwent Waste Management Centre NRW/EPR/SP3531SK/V007,Newport,,Bespoke,Disposal or recovery of hazardous waste with a capacity exceeding 10 tonnes per day involving one or more of the following activities - physico-chemical treatment,Effective,51.56840724794945,-2.970085072344742,Installation
Gwent Waste Management Centre NRW/EPR/SP3531SK/V007,Newport,,Bespoke,Disposal or recovery of hazardous waste with a capacity exceeding 10 tonnes per day involving one or more of the following activities - physico-chemical treatment,Effective,51.56840724794945,-2.970085072344742,Installation
Gwent Waste Management Centre NRW/EPR/SP3531SK/V007,Newport,,Bespoke,Disposal or recovery of hazardous waste with a capacity exceeding 10 tonnes per day involving one or more of the following activities - physico-chemical treatment,Effective,51.56840724794945,-2.970085072344742,Installation
Gwent Waste Management Centre NRW/EPR/SP3531SK/V007,Newport,,Bespoke,Disposal or recovery of hazardous waste with a capacity exceeding 10 tonnes per day involving one or more of the following activities - physico-chemical treatment,Effective,51.56840724794945,-2.970085072344742,Installation
Gwent Waste Management Centre NRW/EPR/SP3531SK/V007,Newport,,Bespoke,Disposal or recovery of hazardous waste with a capacity exceeding 10 tonnes per day involving one or more of the following activities - physico-chemical treatment,Effective,51.56840724794945,-2.970085072344742,Installation
Unit 11,Cardiff,Cardiff,Bespoke,Disposal or recovery of hazardous waste with a capacity exceeding 10 tonnes per day involving one or more of the following activities - repackaging prior to submission to any other activities in this ,Effective,51.473873945833226,-3.136583220627494,Installation
Valero Pembroke Oil Terminal,Milford Haven,Pembrokeshire,Bespoke,"The loading, unloading, handling or storage of, or the physical, chemical or thermal treatment of crude oil",Effective,51.711175400693996,-4.988101252776672,Installation
Valero Pembroke Oil Terminal,Milford Haven,Pembrokeshire,Bespoke,"The loading, unloading, handling or storage of, or the physical, chemical or thermal treatment of crude oil",Effective,51.711175400693996,-4.988101252776672,Installation
Llyg Helyg Poultry Farm EPR/MP3138WC,,,Bespoke,"Rearing poultry or pigs intensively in an installation with more than 40,000 places for poultry",Effective,53.28071087865953,-3.3333024570712833,Installation
Llyg Helyg Poultry Farm EPR/MP3138WC,,,Bespoke,"Rearing poultry or pigs intensively in an installation with more than 40,000 places for poultry",Effective,53.28071087865953,-3.3333024570712833,Installation
Withyhedge Landfill,,Pembrokeshire,Bespoke,"The disposal of waste in a landfill receiving more than 10 tonnes of waste in any day, or with a total capacity of more than 25,000 tonnes, but excluding disposals in a landfill taking only inert wast",Effective,51.85597077752282,-4.949181168889668,Installation
Withyhedge Landfill,,Pembrokeshire,Bespoke,"The disposal of waste in a landfill receiving more than 10 tonnes of waste in any day, or with a total capacity of more than 25,000 tonnes, but excluding disposals in a landfill taking only inert wast",Effective,51.85597077752282,-4.949181168889668,Installation
Trecatti Landfill,Merthyr Tydfil,Merthyr Tydfil,Bespoke,"The disposal of waste in a landfill receiving more than 10 tonnes of waste in any day, or with a total capacity of more than 25,000 tonnes, but excluding disposals in a landfill taking only inert wast",Effective,51.76024345332889,-3.3323727966419745,Installation
Trecatti Landfill,Merthyr Tydfil,Merthyr Tydfil,Bespoke,"The disposal of waste in a landfill receiving more than 10 tonnes of waste in any day, or with a total capacity of more than 25,000 tonnes, but excluding disposals in a landfill taking only inert wast",Effective,51.76024345332889,-3.3323727966419745,Installation
Trecatti Landfill,Merthyr Tydfil,Merthyr Tydfil,Bespoke,"The disposal of waste in a landfill receiving more than 10 tonnes of waste in any day, or with a total capacity of more than 25,000 tonnes, but excluding disposals in a landfill taking only inert wast",Effective,51.76024345332889,-3.3323727966419745,Installation
Trecatti Landfill,Merthyr Tydfil,Merthyr Tydfil,Bespoke,"The disposal of waste in a landfill receiving more than 10 tonnes of waste in any day, or with a total capacity of more than 25,000 tonnes, but excluding disposals in a landfill taking only inert wast",Effective,51.76024345332889,-3.3323727966419745,Installation
Trecatti Landfill,Merthyr Tydfil,Merthyr Tydfil,Bespoke,"The disposal of waste in a landfill receiving more than 10 tonnes of waste in any day, or with a total capacity of more than 25,000 tonnes, but excluding disposals in a landfill taking only inert wast",Effective,51.76024345332889,-3.3323727966419745,Installation
Trecatti Landfill,Merthyr Tydfil,Merthyr Tydfil,Bespoke,"The disposal of waste in a landfill receiving more than 10 tonnes of waste in any day, or with a total capacity of more than 25,000 tonnes, but excluding disposals in a landfill taking only inert wast",Effective,51.76024345332889,-3.3323727966419745,Installation
Trecatti Landfill,Merthyr Tydfil,Merthyr Tydfil,Bespoke,"The disposal of waste in a landfill receiving more than 10 tonnes of waste in any day, or with a total capacity of more than 25,000 tonnes, but excluding disposals in a landfill taking only inert wast",Effective,51.76024345332889,-3.3323727966419745,Installation
Lixwm Poultry Farm EPR/MP3338WV,HOLYWELL,Clwyd,Bespoke,"Rearing poultry or pigs intensively in an installation with more than 40,000 places for poultry",Effective,53.23828909674732,-3.2495708894251685,Installation
Lixwm Poultry Farm EPR/MP3338WV,HOLYWELL,Clwyd,Bespoke,"Rearing poultry or pigs intensively in an installation with more than 40,000 places for poultry",Effective,53.23828909674732,-3.2495708894251685,Installation
Glan Dwr Poultry Farm EPR/MP3538WD,GAERWEN,Gwynedd,Bespoke,"Rearing poultry or pigs intensively in an installation with more than 40,000 places for poultry",Effective,53.2194582002521,-4.240595968094844,Installation
Glan Dwr Poultry Farm EPR/MP3538WD,GAERWEN,Gwynedd,Bespoke,"Rearing poultry or pigs intensively in an installation with more than 40,000 places for poultry",Effective,53.2194582002521,-4.240595968094844,Installation
Farmers Boy (Deeside) Ltd,DEESIDE,Clwyd,Bespoke,"Treatment and processing, other than exclusively packaging, of the following raw materials, whether previously processed or unprocessed, intended for the production of food or feed (where the weight o",Effective,53.23631084077809,-3.0234174752378222,Installation
Farmers Boy (Deeside) Ltd,DEESIDE,Clwyd,Bespoke,"Treatment and processing, other than exclusively packaging, of the following raw materials, whether previously processed or unprocessed, intended for the production of food or feed (where the weight o",Effective,53.23631084077809,-3.0234174752378222,Installation
Magor Brewery EPR/BX7282IS,Caldicot,Monmouthshire,Bespoke,"Treatment and processing, other than exclusively packaging, of the following raw materials, whether previously processed or unprocessed, intended for the production of food or feed (where the weight o",Effective,51.58421613560685,-2.8442757896456614,Installation
Magor Brewery EPR/BX7282IS,Caldicot,Monmouthshire,Bespoke,"Treatment and processing, other than exclusively packaging, of the following raw materials, whether previously processed or unprocessed, intended for the production of food or feed (where the weight o",Effective,51.58421613560685,-2.8442757896456614,Installation
Magor Brewery EPR/BX7282IS,Caldicot,Monmouthshire,Bespoke,"Treatment and processing, other than exclusively packaging, of the following raw materials, whether previously processed or unprocessed, intended for the production of food or feed (where the weight o",Effective,51.58421613560685,-2.8442757896456614,Installation
Silent Valley Landfill Site,Ebbwvale,Blaenau Gwent,Bespoke,"The disposal of waste in a landfill receiving more than 10 tonnes of waste in any day, or with a total capacity of more than 25,000 tonnes, but excluding disposals in a landfill taking only inert wast",Effective,51.75168558425613,-3.1826161014917314,Installation
Silent Valley Landfill Site,Ebbwvale,Blaenau Gwent,Bespoke,"The disposal of waste in a landfill receiving more than 10 tonnes of waste in any day, or with a total capacity of more than 25,000 tonnes, but excluding disposals in a landfill taking only inert wast",Effective,51.75168558425613,-3.1826161014917314,Installation
Oakenholt Mill EPR/BJ9681IX,FLINT,CLWYD,Bespoke,,Effective,53.2362812482853,-3.107171959508505,Installation
Oakenholt Mill EPR/BJ9681IX,FLINT,CLWYD,Bespoke,,Effective,53.2362812482853,-3.107171959508505,Installation
Oakenholt Mill EPR/BJ9681IX,FLINT,CLWYD,Bespoke,,Effective,53.2362812482853,-3.107171959508505,Installation
Milford Haven Ceramics EPR/BW0886IZ,MILFORD HAVEN,Dyfed,Bespoke,"Unless falling within any other Section, any manufacturing activity (other than …",Effective,51.72177310588592,-5.030795841620166,Installation
Milford Haven Ceramics EPR/BW0886IZ,MILFORD HAVEN,Dyfed,Bespoke,"Unless falling within any other Section, any manufacturing activity (other than …",Effective,51.72177310588592,-5.030795841620166,Installation
Barry Thermosets Plant EA/EPR/PP3238LX/V002,Penarth,Vale of Glamorgan,Bespoke,"Producing organic chemicals such as:
(viii) Plastic materials (for example polymers, synthetic fibres and cellulose-based fibres)",Effective,51.40725559190933,-3.230642472756559,Installation
Barry Thermosets Plant EA/EPR/PP3238LX/V002,Penarth,Vale of Glamorgan,Bespoke,"Producing organic chemicals such as:
(viii) Plastic materials (for example polymers, synthetic fibres and cellulose-based fibres)",Effective,51.40725559190933,-3.230642472756559,Installation
Barry Thermosets Plant EA/EPR/PP3238LX/V002,Penarth,Vale of Glamorgan,Bespoke,"Producing organic chemicals such as:
(viii) Plastic materials (for example polymers, synthetic fibres and cellulose-based fibres)",Effective,51.40725559190933,-3.230642472756559,Installation
Barry Thermosets Plant EA/EPR/PP3238LX/V002,Penarth,Vale of Glamorgan,Bespoke,"Producing organic chemicals such as:
(viii) Plastic materials (for example polymers, synthetic fibres and cellulose-based fibres)",Effective,51.40725559190933,-3.230642472756559,Installation
Teifi Park Abbattoir EPR/BV9683IH,LLANYBYDDER,Carmarthenshire,Bespoke,Slaughtering animals at a plant with a carcass production capacity of more than 50 tonnes per day.,Effective,52.07839376840401,-4.1511711632322035,Installation
Teifi Park Abbattoir EPR/BV9683IH,LLANYBYDDER,Carmarthenshire,Bespoke,Slaughtering animals at a plant with a carcass production capacity of more than 50 tonnes per day.,Effective,52.07839376840401,-4.1511711632322035,Installation
Teifi Park Abbattoir EPR/BV9683IH,LLANYBYDDER,Carmarthenshire,Bespoke,Slaughtering animals at a plant with a carcass production capacity of more than 50 tonnes per day.,Effective,52.07839376840401,-4.1511711632322035,Installation
Teifi Park Abbattoir EPR/BV9683IH,LLANYBYDDER,Carmarthenshire,Bespoke,Slaughtering animals at a plant with a carcass production capacity of more than 50 tonnes per day.,Effective,52.07839376840401,-4.1511711632322035,Installation
Aberthaw Quarry Ash Disposal Site EPR/BP3339BH,,Vale of Glamorgan,Bespoke,"The disposal of waste in a landfill receiving more than 10 tonnes of waste in any day, or with a total capacity of more than 25,000 tonnes, but excluding disposals in a landfill taking only inert wast",Effective,51.39568537631662,-3.3812608877184362,Installation
Aberthaw Quarry Ash Disposal Site EPR/BP3339BH,,Vale of Glamorgan,Bespoke,"The disposal of waste in a landfill receiving more than 10 tonnes of waste in any day, or with a total capacity of more than 25,000 tonnes, but excluding disposals in a landfill taking only inert wast",Effective,51.39568537631662,-3.3812608877184362,Installation
Ruabon Chemical Works,,Clwyd,Bespoke,Disposal of non-hazardous waste with a capacity exceeding 50 tonnes per day (or 100 tonnes per day if the only waste treatment activity is anaerobic digestion) involving one or more of the following a,Effective,52.97791234430578,-3.0791075234308285,Installation
Tir Barwn,CORWEN,Clwyd,Bespoke,"Rearing poultry or pigs intensively in an installation with more than 40,000 places for poultry",Effective,53.00857675591832,-3.4573996777005167,Installation
Anglesey Renewable Energy Plant,,Gwynedd,Bespoke,Burning any fuel in an appliance with a rated thermal input of 50 or more megawatts,Effective,53.29746672510446,-4.604860077498969,Installation
Celtic Chemicals Limited,,Port Talbot,Bespoke,"Producing inorganic chemicals such as:
(iv) Salts (for example ammonium chloride, potassium chlorate, potassium carbonate, sodium carbonate, perborate, silver nitrate, cupric acetate, ammonium phospho",Effective,51.53786871463952,-3.7382586066857613,Installation
Shotton Works Landfill Site No 1,,Clwyd,Bespoke,"The disposal of waste in a landfill receiving more than 10 tonnes of waste in any day, or with a total capacity of more than 25,000 tonnes, but excluding disposals in a landfill taking only inert wast",Effective,53.23111957590248,-3.0629488885398475,Installation
Milford Haven Energy,MILFORD HAVEN,DYFED,Bespoke,Burning any fuel in an appliance with a rated thermal input of 50 or more megawatts,Effective,51.70561413136972,-4.995276467827361,Installation
Milford Haven Energy,MILFORD HAVEN,DYFED,Bespoke,Burning any fuel in an appliance with a rated thermal input of 50 or more megawatts,Effective,51.70561413136972,-4.995276467827361,Installation
Barry Silicone Plant,Barry,Vale of Glamorgan,Bespoke,"Unless falling within another section of this Schedule, any manufacturing activity which is likely to result in the release into the air of any hydrogen halide (other than the manufacture of glass or ",Effective,51.40806364332235,-3.239290962007698,Installation
Barry Silicone Plant,Barry,Vale of Glamorgan,Bespoke,"Unless falling within another section of this Schedule, any manufacturing activity which is likely to result in the release into the air of any hydrogen halide (other than the manufacture of glass or ",Effective,51.40806364332235,-3.239290962007698,Installation
Barry Silicone Plant,Barry,Vale of Glamorgan,Bespoke,"Unless falling within another section of this Schedule, any manufacturing activity which is likely to result in the release into the air of any hydrogen halide (other than the manufacture of glass or ",Effective,51.40806364332235,-3.239290962007698,Installation
Barry Silicone Plant,Barry,Vale of Glamorgan,Bespoke,"Unless falling within another section of this Schedule, any manufacturing activity which is likely to result in the release into the air of any hydrogen halide (other than the manufacture of glass or ",Effective,51.40806364332235,-3.239290962007698,Installation
Barry Silicone Plant,Barry,Vale of Glamorgan,Bespoke,"Unless falling within another section of this Schedule, any manufacturing activity which is likely to result in the release into the air of any hydrogen halide (other than the manufacture of glass or ",Effective,51.40806364332235,-3.239290962007698,Installation
Barry Silicone Plant,Barry,Vale of Glamorgan,Bespoke,"Unless falling within another section of this Schedule, any manufacturing activity which is likely to result in the release into the air of any hydrogen halide (other than the manufacture of glass or ",Effective,51.40806364332235,-3.239290962007698,Installation
Barry Silicone Plant,Barry,Vale of Glamorgan,Bespoke,"Unless falling within another section of this Schedule, any manufacturing activity which is likely to result in the release into the air of any hydrogen halide (other than the manufacture of glass or ",Effective,51.40806364332235,-3.239290962007698,Installation
Barry Silicone Plant,Barry,Vale of Glamorgan,Bespoke,"Unless falling within another section of this Schedule, any manufacturing activity which is likely to result in the release into the air of any hydrogen halide (other than the manufacture of glass or ",Effective,51.40806364332235,-3.239290962007698,Installation
Barry Silicone Plant,Barry,Vale of Glamorgan,Bespoke,"Unless falling within another section of this Schedule, any manufacturing activity which is likely to result in the release into the air of any hydrogen halide (other than the manufacture of glass or ",Effective,51.40806364332235,-3.239290962007698,Installation
Barry Silicone Plant,Barry,Vale of Glamorgan,Bespoke,"Unless falling within another section of this Schedule, any manufacturing activity which is likely to result in the release into the air of any hydrogen halide (other than the manufacture of glass or ",Effective,51.40806364332235,-3.239290962007698,Installation
Barry Silicone Plant,Barry,Vale of Glamorgan,Bespoke,"Unless falling within another section of this Schedule, any manufacturing activity which is likely to result in the release into the air of any hydrogen halide (other than the manufacture of glass or ",Effective,51.40806364332235,-3.239290962007698,Installation
Barry Silicone Plant,Barry,Vale of Glamorgan,Bespoke,"Unless falling within another section of this Schedule, any manufacturing activity which is likely to result in the release into the air of any hydrogen halide (other than the manufacture of glass or ",Effective,51.40806364332235,-3.239290962007698,Installation
Barry Silicone Plant,Barry,Vale of Glamorgan,Bespoke,"Unless falling within another section of this Schedule, any manufacturing activity which is likely to result in the release into the air of any hydrogen halide (other than the manufacture of glass or ",Effective,51.40806364332235,-3.239290962007698,Installation
Barry Silicone Plant,Barry,Vale of Glamorgan,Bespoke,"Unless falling within another section of this Schedule, any manufacturing activity which is likely to result in the release into the air of any hydrogen halide (other than the manufacture of glass or ",Effective,51.40806364332235,-3.239290962007698,Installation
Langstone Farm,,Gwent,Bespoke,"Rearing poultry or pigs intensively in an installation with more than 40,000 places for poultry",Effective,51.72218167242941,-2.716985490183636,Installation
Langstone Farm,,Gwent,Bespoke,"Rearing poultry or pigs intensively in an installation with more than 40,000 places for poultry",Effective,51.72218167242941,-2.716985490183636,Installation
Shotton Works,Deeside,Flintshire,Bespoke,,Effective,53.227959889879706,-3.0533282725951207,Installation
Shotton Works,Deeside,Flintshire,Bespoke,,Effective,53.227959889879706,-3.0533282725951207,Installation
Shotton Works,Deeside,Flintshire,Bespoke,,Effective,53.227959889879706,-3.0533282725951207,Installation
Shotton Works,Deeside,Flintshire,Bespoke,,Effective,53.227959889879706,-3.0533282725951207,Installation
Shotton Works,Deeside,Flintshire,Bespoke,,Effective,53.227959889879706,-3.0533282725951207,Installation
Nant-y-caws Landfill Site (Phase 1 Effluent Treatment Plant),CARMARTHEN,Dyfed,Bespoke,Disposal of non-hazardous waste with a capacity exceeding 50 tonnes per day (or 100 tonnes per day if the only waste treatment activity is anaerobic digestion) involving one or more of the following a,Effective,51.830327551194685,-4.217264858332711,Installation
Cardiff Waste Management Resource Centre NRW/EPR/SP3031SJ/V002,,South Wales,Bespoke,,Effective,51.46966251172361,-3.1778994383138524,Installation
Cardiff Waste Management Resource Centre NRW/EPR/SP3031SJ/V002,,South Wales,Bespoke,,Effective,51.46966251172361,-3.1778994383138524,Installation
Cardiff Waste Management Resource Centre NRW/EPR/SP3031SJ/V002,,South Wales,Bespoke,,Effective,51.46966251172361,-3.1778994383138524,Installation
Cardiff Waste Management Resource Centre NRW/EPR/SP3031SJ/V002,,South Wales,Bespoke,,Effective,51.46966251172361,-3.1778994383138524,Installation
Maesmawr Hall Poultry Unit EPR/BP3739UZ,WELSHPOOL,Powys,Bespoke,"Rearing poultry or pigs intensively in an installation with more than 40,000 places for poultry",Effective,52.6793927753843,-3.232372969484378,Installation
Maesmawr Hall Poultry Unit EPR/BP3739UZ,WELSHPOOL,Powys,Bespoke,"Rearing poultry or pigs intensively in an installation with more than 40,000 places for poultry",Effective,52.6793927753843,-3.232372969484378,Installation
Wrexham Convenience Foods,Wrexham,Wrexham,Bespoke,"Treatment and processing, other than exclusively packaging, of the following raw materials, whether previously processed or unprocessed, intended for the production of food or feed (where the weight o",Effective,53.04458492561346,-2.9247619015431807,Installation
Wrexham Convenience Foods,Wrexham,Wrexham,Bespoke,"Treatment and processing, other than exclusively packaging, of the following raw materials, whether previously processed or unprocessed, intended for the production of food or feed (where the weight o",Effective,53.04458492561346,-2.9247619015431807,Installation
Clydach Nickel Refinery,Swansea,,Bespoke,"Unless falling within Part A(2) of this Section, producing non-ferrous metals from ore, concentrates or secondary raw materials by metallurgical, chemical or electrolytic activities",Effective,51.69341313122403,-3.8909304759296957,Installation
Clydach Nickel Refinery,Swansea,,Bespoke,"Unless falling within Part A(2) of this Section, producing non-ferrous metals from ore, concentrates or secondary raw materials by metallurgical, chemical or electrolytic activities",Effective,51.69341313122403,-3.8909304759296957,Installation
Clydach Nickel Refinery,Swansea,,Bespoke,"Unless falling within Part A(2) of this Section, producing non-ferrous metals from ore, concentrates or secondary raw materials by metallurgical, chemical or electrolytic activities",Effective,51.69341313122403,-3.8909304759296957,Installation
Nantycaws Landfill EPR/CP3735PB,Carmarthen,Carmarthenshire,Bespoke,"The disposal of waste in a landfill receiving more than 10 tonnes of waste in any day, or with a total capacity of more than 25,000 tonnes, but excluding disposals in a landfill taking only inert wast",Effective,51.83604794880235,-4.209562342433406,Installation
Nantycaws Landfill EPR/CP3735PB,Carmarthen,Carmarthenshire,Bespoke,"The disposal of waste in a landfill receiving more than 10 tonnes of waste in any day, or with a total capacity of more than 25,000 tonnes, but excluding disposals in a landfill taking only inert wast",Effective,51.83604794880235,-4.209562342433406,Installation
Nantycaws Landfill EPR/CP3735PB,Carmarthen,Carmarthenshire,Bespoke,"The disposal of waste in a landfill receiving more than 10 tonnes of waste in any day, or with a total capacity of more than 25,000 tonnes, but excluding disposals in a landfill taking only inert wast",Effective,51.83604794880235,-4.209562342433406,Installation
Nantycaws Landfill EPR/CP3735PB,Carmarthen,Carmarthenshire,Bespoke,"The disposal of waste in a landfill receiving more than 10 tonnes of waste in any day, or with a total capacity of more than 25,000 tonnes, but excluding disposals in a landfill taking only inert wast",Effective,51.83604794880235,-4.209562342433406,Installation
Nantycaws Landfill EPR/CP3735PB,Carmarthen,Carmarthenshire,Bespoke,"The disposal of waste in a landfill receiving more than 10 tonnes of waste in any day, or with a total capacity of more than 25,000 tonnes, but excluding disposals in a landfill taking only inert wast",Effective,51.83604794880235,-4.209562342433406,Installation
Nantycaws Landfill EPR/CP3735PB,Carmarthen,Carmarthenshire,Bespoke,"The disposal of waste in a landfill receiving more than 10 tonnes of waste in any day, or with a total capacity of more than 25,000 tonnes, but excluding disposals in a landfill taking only inert wast",Effective,51.83604794880235,-4.209562342433406,Installation
Nantycaws Landfill EPR/CP3735PB,Carmarthen,Carmarthenshire,Bespoke,"The disposal of waste in a landfill receiving more than 10 tonnes of waste in any day, or with a total capacity of more than 25,000 tonnes, but excluding disposals in a landfill taking only inert wast",Effective,51.83604794880235,-4.209562342433406,Installation
Nantycaws Landfill EPR/CP3735PB,Carmarthen,Carmarthenshire,Bespoke,"The disposal of waste in a landfill receiving more than 10 tonnes of waste in any day, or with a total capacity of more than 25,000 tonnes, but excluding disposals in a landfill taking only inert wast",Effective,51.83604794880235,-4.209562342433406,Installation
Nantycaws Landfill EPR/CP3735PB,Carmarthen,Carmarthenshire,Bespoke,"The disposal of waste in a landfill receiving more than 10 tonnes of waste in any day, or with a total capacity of more than 25,000 tonnes, but excluding disposals in a landfill taking only inert wast",Effective,51.83604794880235,-4.209562342433406,Installation
Nantycaws Landfill EPR/CP3735PB,Carmarthen,Carmarthenshire,Bespoke,"The disposal of waste in a landfill receiving more than 10 tonnes of waste in any day, or with a total capacity of more than 25,000 tonnes, but excluding disposals in a landfill taking only inert wast",Effective,51.83604794880235,-4.209562342433406,Installation
Nantycaws Landfill EPR/CP3735PB,Carmarthen,Carmarthenshire,Bespoke,"The disposal of waste in a landfill receiving more than 10 tonnes of waste in any day, or with a total capacity of more than 25,000 tonnes, but excluding disposals in a landfill taking only inert wast",Effective,51.83604794880235,-4.209562342433406,Installation
Nantycaws Landfill EPR/CP3735PB,Carmarthen,Carmarthenshire,Bespoke,"The disposal of waste in a landfill receiving more than 10 tonnes of waste in any day, or with a total capacity of more than 25,000 tonnes, but excluding disposals in a landfill taking only inert wast",Effective,51.83604794880235,-4.209562342433406,Installation
Dowlais Slaughterhouse EPR/AP3433ES,Merthyr Tydfil,South Wales,Bespoke,Slaughtering animals at a plant with a carcass production capacity of more than 50 tonnes per day.,Effective,51.77031235061555,-3.332524419885906,Installation
Dowlais Slaughterhouse EPR/AP3433ES,Merthyr Tydfil,South Wales,Bespoke,Slaughtering animals at a plant with a carcass production capacity of more than 50 tonnes per day.,Effective,51.77031235061555,-3.332524419885906,Installation
Cross Hands Meat Processing Plant,Cross Hands,Carmarthenshire,Bespoke,"Treatment and processing, other than exclusively packaging, of the following raw materials, whether previously processed or unprocessed, intended for the production of food or feed (where the weight o",Effective,51.791138661603625,-4.0784800905381,Installation
Cross Hands Meat Processing Plant,Cross Hands,Carmarthenshire,Bespoke,"Treatment and processing, other than exclusively packaging, of the following raw materials, whether previously processed or unprocessed, intended for the production of food or feed (where the weight o",Effective,51.791138661603625,-4.0784800905381,Installation
Amlwch Plastics Works EPR/BX6421IY,,Anglesey,Bespoke,"Unless falling within any other Section, any manufacturing activity (other than …",Effective,53.37690926366768,-4.346885358582245,Installation
Perry Orchard Poultry Farm EPR/GP3936MK,Llantillio Crossenny,Monmouthshire,Bespoke,"Rearing poultry or pigs intensively in an installation with more than 40,000 places for poultry",Effective,51.830730808940814,-2.8606335035292574,Installation
Perry Orchard Poultry Farm EPR/GP3936MK,Llantillio Crossenny,Monmouthshire,Bespoke,"Rearing poultry or pigs intensively in an installation with more than 40,000 places for poultry",Effective,51.830730808940814,-2.8606335035292574,Installation
Llanwern Hydrogen Plant EPR/BL2459IC,Newport,Newport,Bespoke,"Producing inorganic chemicals such as:
(i) Gases (for example ammonia, hydrogen chloride, hydrogen fluoride, hydrogen cyanide, hydrogen sulphide, oxides of carbon, sulphur compounds, oxides of nitroge",Effective,51.570750761056956,-2.901741783570991,Installation
Margam Gases,PORT TALBOT,WEST GLAMORGAN,Bespoke,"Producing inorganic chemicals such as:
(i) Gases (for example ammonia, hydrogen chloride, hydrogen fluoride, hydrogen cyanide, hydrogen sulphide, oxides of carbon, sulphur compounds, oxides of nitroge",Effective,51.56030885544383,-3.747049052938195,Installation
Pwllheli Creamery EPR/BL9941IC,PWLLHELI,Gwynedd,Bespoke,"Treatment and processing, other than exclusively packaging, of the following raw materials, whether previously processed or unprocessed, intended for the production of food or feed (where the weight o",Effective,52.9255380218318,-4.375055620796732,Installation
Pwllheli Creamery EPR/BL9941IC,PWLLHELI,Gwynedd,Bespoke,"Treatment and processing, other than exclusively packaging, of the following raw materials, whether previously processed or unprocessed, intended for the production of food or feed (where the weight o",Effective,52.9255380218318,-4.375055620796732,Installation
Pwllheli Creamery EPR/BL9941IC,PWLLHELI,Gwynedd,Bespoke,"Treatment and processing, other than exclusively packaging, of the following raw materials, whether previously processed or unprocessed, intended for the production of food or feed (where the weight o",Effective,52.9255380218318,-4.375055620796732,Installation
Lower Pant Farm,,Monmouthshire,Bespoke,"Rearing poultry or pigs intensively in an installation with more than 40,000 places for poultry",Effective,51.817460899247976,-2.960337925730713,Installation
Lower Pant Farm,,Monmouthshire,Bespoke,"Rearing poultry or pigs intensively in an installation with more than 40,000 places for poultry",Effective,51.817460899247976,-2.960337925730713,Installation
Aberthaw Power Station,,Vale of Glamorgan,Bespoke,Burning any fuel in an appliance with a rated thermal input of 50 or more megawatts,Effective,51.3874690605191,-3.4067388101039935,Installation
Aberthaw Power Station,,Vale of Glamorgan,Bespoke,Burning any fuel in an appliance with a rated thermal input of 50 or more megawatts,Effective,51.3874690605191,-3.4067388101039935,Installation
Aberthaw Power Station,,Vale of Glamorgan,Bespoke,Burning any fuel in an appliance with a rated thermal input of 50 or more megawatts,Effective,51.3874690605191,-3.4067388101039935,Installation
Aberthaw Power Station,,Vale of Glamorgan,Bespoke,Burning any fuel in an appliance with a rated thermal input of 50 or more megawatts,Effective,51.3874690605191,-3.4067388101039935,Installation
Aberthaw Power Station,,Vale of Glamorgan,Bespoke,Burning any fuel in an appliance with a rated thermal input of 50 or more megawatts,Effective,51.3874690605191,-3.4067388101039935,Installation
Aberthaw Power Station,,Vale of Glamorgan,Bespoke,Burning any fuel in an appliance with a rated thermal input of 50 or more megawatts,Effective,51.3874690605191,-3.4067388101039935,Installation
Wrexham Clinical Waste Treatment Facility (Incinerator),WREXHAM,Clwyd,Bespoke,The incineration of hazardous waste in a waste incineration plant or waste co-incineration plant with a capacity exceeding 10 tonnes per day,Effective,53.041029635623566,-2.917213348372268,Installation
Snead Poultry Complex,MONTGOMERY,Powys,Bespoke,"Rearing poultry or pigs intensively in an installation with more than 40,000 places for poultry",Effective,52.522384037743215,-3.0085093641859064,Installation
Llwyn-y-Gaer Poultry Farm,,Monmouthshire,Bespoke,"Rearing poultry or pigs intensively in an installation with more than 40,000 places for poultry",Effective,51.7991622320026,-2.8619173453546707,Installation
Llwyn-y-Gaer Poultry Farm,,Monmouthshire,Bespoke,"Rearing poultry or pigs intensively in an installation with more than 40,000 places for poultry",Effective,51.7991622320026,-2.8619173453546707,Installation
Pwllfawatkin Landfill Site EPR/BU8819IV,SWANSEA,West Glamorgan,Bespoke,"The disposal of waste in a landfill receiving more than 10 tonnes of waste in any day, or with a total capacity of more than 25,000 tonnes, but excluding disposals in a landfill taking only inert wast",Effective,51.7583997333543,-3.8926307075496487,Installation
Pwllfawatkin Landfill Site EPR/BU8819IV,SWANSEA,West Glamorgan,Bespoke,"The disposal of waste in a landfill receiving more than 10 tonnes of waste in any day, or with a total capacity of more than 25,000 tonnes, but excluding disposals in a landfill taking only inert wast",Effective,51.7583997333543,-3.8926307075496487,Installation
Pwllfawatkin Landfill Site EPR/BU8819IV,SWANSEA,West Glamorgan,Bespoke,"The disposal of waste in a landfill receiving more than 10 tonnes of waste in any day, or with a total capacity of more than 25,000 tonnes, but excluding disposals in a landfill taking only inert wast",Effective,51.7583997333543,-3.8926307075496487,Installation
Pwllfawatkin Landfill Site EPR/BU8819IV,SWANSEA,West Glamorgan,Bespoke,"The disposal of waste in a landfill receiving more than 10 tonnes of waste in any day, or with a total capacity of more than 25,000 tonnes, but excluding disposals in a landfill taking only inert wast",Effective,51.7583997333543,-3.8926307075496487,Installation
Bedwas Plant,Bedwas,Caerphilly,Bespoke,"Unless falling within Part A(2) of this Section, surface treating metals and plastic materials using an electrolytic or chemical process where the aggregated volume of the treatment vats is more than ",Effective,51.59100925935556,-3.1821910617252316,Installation
Bedwas Plant,Bedwas,Caerphilly,Bespoke,"Unless falling within Part A(2) of this Section, surface treating metals and plastic materials using an electrolytic or chemical process where the aggregated volume of the treatment vats is more than ",Effective,51.59100925935556,-3.1821910617252316,Installation
Connah's Quay Power Station,Connah's Quay,Flintshire,Bespoke,Burning any fuel in an appliance with a rated thermal input of 50 or more megawatts,Effective,53.22696519202441,-3.0741257542987217,Installation
Connah's Quay Power Station,Connah's Quay,Flintshire,Bespoke,Burning any fuel in an appliance with a rated thermal input of 50 or more megawatts,Effective,53.22696519202441,-3.0741257542987217,Installation
Connah's Quay Power Station,Connah's Quay,Flintshire,Bespoke,Burning any fuel in an appliance with a rated thermal input of 50 or more megawatts,Effective,53.22696519202441,-3.0741257542987217,Installation
Cellulose Extrusion Plant,Swansea,,Bespoke,"Any activity for the manufacture of a chemical which may result in the release of ammonia into the air, other than an activity in which ammonia is only used as a refrigerant",Effective,51.65904724475723,-3.9195725200416853,Installation
Cellulose Extrusion Plant,Swansea,,Bespoke,"Any activity for the manufacture of a chemical which may result in the release of ammonia into the air, other than an activity in which ammonia is only used as a refrigerant",Effective,51.65904724475723,-3.9195725200416853,Installation
CWMRHYDYCEIRW QUARRY LANDFILL,,Swansea,Bespoke,"The disposal of waste in a landfill receiving more than 10 tonnes of waste in any day, or with a total capacity of more than 25,000 tonnes, but excluding disposals in a landfill taking only inert wast",Effective,51.676555514747506,-3.9321734648524416,Installation
CWMRHYDYCEIRW QUARRY LANDFILL,,Swansea,Bespoke,"The disposal of waste in a landfill receiving more than 10 tonnes of waste in any day, or with a total capacity of more than 25,000 tonnes, but excluding disposals in a landfill taking only inert wast",Effective,51.676555514747506,-3.9321734648524416,Installation
Lower Pentwyn,ABERGAVENNY,Gwent,Bespoke,"Rearing poultry or pigs intensively in an installation with more than 40,000 places for poultry",Effective,51.74992647079589,-2.96151204564007,Installation
Lower Pentwyn,ABERGAVENNY,Gwent,Bespoke,"Rearing poultry or pigs intensively in an installation with more than 40,000 places for poultry",Effective,51.74992647079589,-2.96151204564007,Installation
Bron Afon Poultry Farm EPR/SP3138WA,LLANERCHYMEDD,Gwynedd,Bespoke,"Rearing poultry or pigs intensively in an installation with more than 40,000 places for poultry",Effective,53.338835385876614,-4.344492778421384,Installation
Bron Afon Poultry Farm EPR/SP3138WA,LLANERCHYMEDD,Gwynedd,Bespoke,"Rearing poultry or pigs intensively in an installation with more than 40,000 places for poultry",Effective,53.338835385876614,-4.344492778421384,Installation
"Electrical Carbon, Swansea",,Swansea,Bespoke,Producing carbon or hard-burnt coal or electro-graphite by means of incineration or graphitisation,Effective,51.66635881545091,-3.912362084814182,Installation
"Electrical Carbon, Swansea",,Swansea,Bespoke,Producing carbon or hard-burnt coal or electro-graphite by means of incineration or graphitisation,Effective,51.66635881545091,-3.912362084814182,Installation
Bryn Pica Landfill EPR/DP3732SQ,,Rhondda-Cynon-Taff,Bespoke,"The disposal of waste in a landfill receiving more than 10 tonnes of waste in any day, or with a total capacity of more than 25,000 tonnes, but excluding disposals in a landfill taking only inert wast",Effective,51.73788524339147,-3.436569327568618,Installation
Bryn Pica Landfill EPR/DP3732SQ,,Rhondda-Cynon-Taff,Bespoke,"The disposal of waste in a landfill receiving more than 10 tonnes of waste in any day, or with a total capacity of more than 25,000 tonnes, but excluding disposals in a landfill taking only inert wast",Effective,51.73788524339147,-3.436569327568618,Installation
Blaenwaun Pharmaceutical Plant,LLANDYSUL,Dyfed,Bespoke,Producing pharmaceutical products,Effective,52.092233877658984,-4.385127765244749,Installation
Blaenwaun Pharmaceutical Plant,LLANDYSUL,Dyfed,Bespoke,Producing pharmaceutical products,Effective,52.092233877658984,-4.385127765244749,Installation
Llangefni prepared meats,LLANGEFNI,Gwynedd,Bespoke,Slaughtering animals at a plant with a carcass production capacity of more than 50 tonnes per day.,Effective,53.24983664701499,-4.30709208709317,Installation
Capestone Farm,HAVERFORDWEST,Dyfed,Bespoke,"Rearing poultry or pigs intensively in an installation with more than 40,000 places for poultry",Effective,51.7442797757099,-5.095473182848799,Installation
Capestone Farm,HAVERFORDWEST,Dyfed,Bespoke,"Rearing poultry or pigs intensively in an installation with more than 40,000 places for poultry",Effective,51.7442797757099,-5.095473182848799,Installation
Gwynt Y Mor Poultry Farm EPR/SP3438WP,HOLYHEAD,Gwynedd,Bespoke,"Rearing poultry or pigs intensively in an installation with more than 40,000 places for poultry",Effective,53.25942207966595,-4.461597407789613,Installation
Gwynt Y Mor Poultry Farm EPR/SP3438WP,HOLYHEAD,Gwynedd,Bespoke,"Rearing poultry or pigs intensively in an installation with more than 40,000 places for poultry",Effective,53.25942207966595,-4.461597407789613,Installation
Bryn Pica AD Plant EPR/SP3537VQ,,Rhondda-Cynon-Taff,Bespoke,Recovery or a mix of recovery and disposal of non-hazardous waste with a capacity exceeding 75 tonnes per day (or 100 tonnes per day if the only waste treatment activity is anaerobic digestion) involv,Effective,51.73788524339147,-3.436569327568618,Installation
The Research Centre,BRIDGEND,Mid Glamorgan,Bespoke,Disposal or recovery of hazardous waste with a capacity exceeding 10 tonnes per day involving one or more of the following activities - regeneration of acids or bases,Effective,51.50772927991756,-3.671257182927783,Installation
The Research Centre,BRIDGEND,Mid Glamorgan,Bespoke,Disposal or recovery of hazardous waste with a capacity exceeding 10 tonnes per day involving one or more of the following activities - regeneration of acids or bases,Effective,51.50772927991756,-3.671257182927783,Installation
The Research Centre,BRIDGEND,Mid Glamorgan,Bespoke,Disposal or recovery of hazardous waste with a capacity exceeding 10 tonnes per day involving one or more of the following activities - regeneration of acids or bases,Effective,51.50772927991756,-3.671257182927783,Installation
Peter's Food Service,,Caerphilly,Bespoke,"Treatment and processing, other than exclusively packaging, of the following raw materials, whether previously processed or unprocessed, intended for the production of food or feed (where the weight o",Effective,51.59049726582745,-3.2059962975273453,Installation
Five Fords WWTW Gas to Grid Facility,Wrexham,Wrexham,Bespoke,,Effective,53.054014202342096,-2.946552437391171,Installation
Five Fords WWTW Gas to Grid Facility,Wrexham,Wrexham,Bespoke,,Effective,53.054014202342096,-2.946552437391171,Installation
Five Fords WWTW Gas to Grid Facility,Wrexham,Wrexham,Bespoke,,Effective,53.054014202342096,-2.946552437391171,Installation
Five Fords WWTW Gas to Grid Facility,Wrexham,Wrexham,Bespoke,,Effective,53.054014202342096,-2.946552437391171,Installation
Rhymney Alginate Fibres Plant,,Caerphilly,Bespoke,"Producing organic chemicals such as:
(viii) Plastic materials (for example polymers, synthetic fibres and cellulose-based fibres)",Effective,51.76657624535843,-3.2967646939395228,Installation
Rhymney Alginate Fibres Plant,,Caerphilly,Bespoke,"Producing organic chemicals such as:
(viii) Plastic materials (for example polymers, synthetic fibres and cellulose-based fibres)",Effective,51.76657624535843,-3.2967646939395228,Installation
Milford Haven Refinery,Pembrokeshire,Dyfed,Bespoke,"The loading, unloading, handling or storage of, or the physical, chemical or thermal treatment of crude oil",Effective,51.735200515793146,-5.064432268992701,Installation
Milford Haven Refinery,Pembrokeshire,Dyfed,Bespoke,"The loading, unloading, handling or storage of, or the physical, chemical or thermal treatment of crude oil",Effective,51.735200515793146,-5.064432268992701,Installation
Milford Haven Refinery,Pembrokeshire,Dyfed,Bespoke,"The loading, unloading, handling or storage of, or the physical, chemical or thermal treatment of crude oil",Effective,51.735200515793146,-5.064432268992701,Installation
Milford Haven Refinery,Pembrokeshire,Dyfed,Bespoke,"The loading, unloading, handling or storage of, or the physical, chemical or thermal treatment of crude oil",Effective,51.735200515793146,-5.064432268992701,Installation
Milford Haven Refinery,Pembrokeshire,Dyfed,Bespoke,"The loading, unloading, handling or storage of, or the physical, chemical or thermal treatment of crude oil",Effective,51.735200515793146,-5.064432268992701,Installation
Milford Haven Refinery,Pembrokeshire,Dyfed,Bespoke,"The loading, unloading, handling or storage of, or the physical, chemical or thermal treatment of crude oil",Effective,51.735200515793146,-5.064432268992701,Installation
Milford Haven Refinery,Pembrokeshire,Dyfed,Bespoke,"The loading, unloading, handling or storage of, or the physical, chemical or thermal treatment of crude oil",Effective,51.735200515793146,-5.064432268992701,Installation
Llanwern Steelworks EPR/BS3905IP,Newport,South Wales,Bespoke,Processing ferrous metals and their alloys by using hot-rolling mills with a production capacity of more than 20 tonnes of crude steel per hour,Effective,51.5763116084351,-2.9379285811662323,Installation
Llanwern Steelworks EPR/BS3905IP,Newport,South Wales,Bespoke,Processing ferrous metals and their alloys by using hot-rolling mills with a production capacity of more than 20 tonnes of crude steel per hour,Effective,51.5763116084351,-2.9379285811662323,Installation
Llanwern Steelworks EPR/BS3905IP,Newport,South Wales,Bespoke,Processing ferrous metals and their alloys by using hot-rolling mills with a production capacity of more than 20 tonnes of crude steel per hour,Effective,51.5763116084351,-2.9379285811662323,Installation
Amex Park,,,Bespoke,,Effective,51.849229437693566,-4.322549859659084,Installation
Amex Park,,,Bespoke,,Effective,51.849229437693566,-4.322549859659084,Installation
Amex Park,,,Bespoke,,Effective,51.849229437693566,-4.322549859659084,Installation
Lamby Way Landfill Site EPR/JP3239ST,,Cardiff,Bespoke,"The disposal of waste in a landfill receiving more than 10 tonnes of waste in any day, or with a total capacity of more than 25,000 tonnes, but excluding disposals in a landfill taking only inert wast",Effective,51.4956082737534,-3.1177774142727603,Installation
Lamby Way Landfill Site EPR/JP3239ST,,Cardiff,Bespoke,"The disposal of waste in a landfill receiving more than 10 tonnes of waste in any day, or with a total capacity of more than 25,000 tonnes, but excluding disposals in a landfill taking only inert wast",Effective,51.4956082737534,-3.1177774142727603,Installation
Wrexham Clinical Waste Treatment Facility (HDU & TS),Wrexham,Wrexham,Bespoke,Disposal or recovery of hazardous waste with a capacity exceeding 10 tonnes per day involving one or more of the following activities - physico-chemical treatment,Effective,53.04157121245973,-2.91692654225256,Installation
Wrexham Clinical Waste Treatment Facility (HDU & TS),Wrexham,Wrexham,Bespoke,Disposal or recovery of hazardous waste with a capacity exceeding 10 tonnes per day involving one or more of the following activities - physico-chemical treatment,Effective,53.04157121245973,-2.91692654225256,Installation
Mynydd Llan Poultry Farm EPR/UP3138WD,HOLYWELL,Clwyd,Bespoke,"Rearing poultry or pigs intensively in an installation with more than 40,000 places for poultry",Effective,53.242958762026156,-3.275482303751036,Installation
Mynydd Llan Poultry Farm EPR/UP3138WD,HOLYWELL,Clwyd,Bespoke,"Rearing poultry or pigs intensively in an installation with more than 40,000 places for poultry",Effective,53.242958762026156,-3.275482303751036,Installation
Bryn Posteg Landfill,Llanidloes,Powys,Bespoke,"The disposal of waste in a landfill receiving more than 10 tonnes of waste in any day, or with a total capacity of more than 25,000 tonnes, but excluding disposals in a landfill taking only inert wast",Effective,52.428439599175555,-3.4853966089129402,Installation
Bryn Posteg Landfill,Llanidloes,Powys,Bespoke,"The disposal of waste in a landfill receiving more than 10 tonnes of waste in any day, or with a total capacity of more than 25,000 tonnes, but excluding disposals in a landfill taking only inert wast",Effective,52.428439599175555,-3.4853966089129402,Installation
Bryn Posteg Landfill,Llanidloes,Powys,Bespoke,"The disposal of waste in a landfill receiving more than 10 tonnes of waste in any day, or with a total capacity of more than 25,000 tonnes, but excluding disposals in a landfill taking only inert wast",Effective,52.428439599175555,-3.4853966089129402,Installation
Bryn Posteg Landfill,Llanidloes,Powys,Bespoke,"The disposal of waste in a landfill receiving more than 10 tonnes of waste in any day, or with a total capacity of more than 25,000 tonnes, but excluding disposals in a landfill taking only inert wast",Effective,52.428439599175555,-3.4853966089129402,Installation
Bryn Posteg Landfill,Llanidloes,Powys,Bespoke,"The disposal of waste in a landfill receiving more than 10 tonnes of waste in any day, or with a total capacity of more than 25,000 tonnes, but excluding disposals in a landfill taking only inert wast",Effective,52.428439599175555,-3.4853966089129402,Installation
Bryn Posteg Landfill,Llanidloes,Powys,Bespoke,"The disposal of waste in a landfill receiving more than 10 tonnes of waste in any day, or with a total capacity of more than 25,000 tonnes, but excluding disposals in a landfill taking only inert wast",Effective,52.428439599175555,-3.4853966089129402,Installation
Bryn Posteg Landfill,Llanidloes,Powys,Bespoke,"The disposal of waste in a landfill receiving more than 10 tonnes of waste in any day, or with a total capacity of more than 25,000 tonnes, but excluding disposals in a landfill taking only inert wast",Effective,52.428439599175555,-3.4853966089129402,Installation
Bryn Posteg Landfill,Llanidloes,Powys,Bespoke,"The disposal of waste in a landfill receiving more than 10 tonnes of waste in any day, or with a total capacity of more than 25,000 tonnes, but excluding disposals in a landfill taking only inert wast",Effective,52.428439599175555,-3.4853966089129402,Installation
Morlais Poultry Farm EPR/UP3438WS,Gwynedd,,Bespoke,"Rearing poultry or pigs intensively in an installation with more than 40,000 places for poultry",Effective,53.16002823401928,-4.344276247285105,Installation
Morlais Poultry Farm EPR/UP3438WS,Gwynedd,,Bespoke,"Rearing poultry or pigs intensively in an installation with more than 40,000 places for poultry",Effective,53.16002823401928,-4.344276247285105,Installation
Deeside Power Station,DEESIDE,Flintshire,Bespoke,Burning any fuel in an appliance with a rated thermal input of 50 or more megawatts,Effective,53.23361791054762,-3.053916657676327,Installation
Deeside Power Station,DEESIDE,Flintshire,Bespoke,Burning any fuel in an appliance with a rated thermal input of 50 or more megawatts,Effective,53.23361791054762,-3.053916657676327,Installation
Llysonnen Mill,CARMARTHEN,Dyfed,Bespoke,"Treatment and processing, other than exclusively packaging, of the following raw materials, whether previously processed or unprocessed, intended for the production of food or feed (where the weight o",Effective,51.85132431627199,-4.349274580758545,Installation
ALYN WORKS,MOLD,Flintshire,Bespoke,"Producing organic chemicals such as:
(viii) Plastic materials (for example polymers, synthetic fibres and cellulose-based fibres)",Effective,53.17467231304392,-3.1485245811509137,Installation
Kittle Hill Poultry Farm,SWANSEA,West Glamorgan,Bespoke,"Rearing poultry or pigs intensively in an installation with more than 40,000 places for poultry",Effective,51.58800654922809,-4.0626675167473545,Installation
Kittle Hill Poultry Farm,SWANSEA,West Glamorgan,Bespoke,"Rearing poultry or pigs intensively in an installation with more than 40,000 places for poultry",Effective,51.58800654922809,-4.0626675167473545,Installation
Minafon Poultry Farm EPR/UP3938WC,BODORGAN,Gwynedd,Bespoke,"Rearing poultry or pigs intensively in an installation with more than 40,000 places for poultry",Effective,53.24370218519791,-4.381254553002863,Installation
Minafon Poultry Farm EPR/UP3938WC,BODORGAN,Gwynedd,Bespoke,"Rearing poultry or pigs intensively in an installation with more than 40,000 places for poultry",Effective,53.24370218519791,-4.381254553002863,Installation
Llanfechain Farm Poultry Unit,LLANFECHAIN,Powys,Bespoke,"Rearing poultry or pigs intensively in an installation with more than 40,000 places for poultry",Effective,52.77527969847888,-3.1920894135933966,Installation
Llanfechain Farm Poultry Unit,LLANFECHAIN,Powys,Bespoke,"Rearing poultry or pigs intensively in an installation with more than 40,000 places for poultry",Effective,52.77527969847888,-3.1920894135933966,Installation
Wylfa Power Station,Cemaes Bay,Isle of Anglesey,Bespoke,Burning any fuel in an appliance with a rated thermal input of 50 or more megawatts,Effective,53.417512738525296,-4.48323055870614,Installation
Slicker Recycling,Newport,South Wales,Bespoke,Disposal or recovery of hazardous waste with a capacity exceeding 10 tonnes per day involving one or more of the following activities - blending or mixing prior to submission to any of the other activ,Effective,51.56706471255884,-2.9801559594362823,Installation
Slicker Recycling,Newport,South Wales,Bespoke,Disposal or recovery of hazardous waste with a capacity exceeding 10 tonnes per day involving one or more of the following activities - blending or mixing prior to submission to any of the other activ,Effective,51.56706471255884,-2.9801559594362823,Installation
Slicker Recycling,Newport,South Wales,Bespoke,Disposal or recovery of hazardous waste with a capacity exceeding 10 tonnes per day involving one or more of the following activities - blending or mixing prior to submission to any of the other activ,Effective,51.56706471255884,-2.9801559594362823,Installation
Waun-y-Pound EPR/BX3376IG,Ebbw Vale,Blaenau Gwent,Bespoke,"Unless falling within Part A(2) of this Section, surface treating metals and plastic materials using an electrolytic or chemical process where the aggregated volume of the treatment vats is more than ",Effective,51.786273078206996,-3.2293340432645388,Installation
The Gaer,,,Bespoke,"Rearing poultry or pigs intensively in an installation with more than 40,000 places for poultry",Effective,52.730351069209945,-3.180941084844467,Installation
Rassau Recycling Facility,Ebbw Vale,Blaenau Gwent,Bespoke,"Melting, including making alloys of, non-ferrous metals, including recovered products and the operation of non-ferrous metal foundries where the plant has a melting capacity of more than 4 tonnes per ",Effective,51.805584108563814,-3.2313098562571225,Installation
Rassau Recycling Facility,Ebbw Vale,Blaenau Gwent,Bespoke,"Melting, including making alloys of, non-ferrous metals, including recovered products and the operation of non-ferrous metal foundries where the plant has a melting capacity of more than 4 tonnes per ",Effective,51.805584108563814,-3.2313098562571225,Installation
Newport Steam Reforming Plant,Newport,,Bespoke,"Producing inorganic chemicals such as:
(i) Gases (for example ammonia, hydrogen chloride, hydrogen fluoride, hydrogen cyanide, hydrogen sulphide, oxides of carbon, sulphur compounds, oxides of nitroge",Effective,51.56433004058876,-2.962929079473649,Installation
Padeswood Cement Works,MOLD,CLWYD,Bespoke,Producing cement clinker in rotary kilns with a production capacity exceeding 500 tonnes per day or in other kilns with a production capacity exceeding 50 tonnes per day,Effective,53.154979550634714,-3.0620088712329228,Installation
Padeswood Cement Works,MOLD,CLWYD,Bespoke,Producing cement clinker in rotary kilns with a production capacity exceeding 500 tonnes per day or in other kilns with a production capacity exceeding 50 tonnes per day,Effective,53.154979550634714,-3.0620088712329228,Installation
Padeswood Cement Works,MOLD,CLWYD,Bespoke,Producing cement clinker in rotary kilns with a production capacity exceeding 500 tonnes per day or in other kilns with a production capacity exceeding 50 tonnes per day,Effective,53.154979550634714,-3.0620088712329228,Installation
Padeswood Cement Works,MOLD,CLWYD,Bespoke,Producing cement clinker in rotary kilns with a production capacity exceeding 500 tonnes per day or in other kilns with a production capacity exceeding 50 tonnes per day,Effective,53.154979550634714,-3.0620088712329228,Installation
Padeswood Cement Works,MOLD,CLWYD,Bespoke,Producing cement clinker in rotary kilns with a production capacity exceeding 500 tonnes per day or in other kilns with a production capacity exceeding 50 tonnes per day,Effective,53.154979550634714,-3.0620088712329228,Installation
Padeswood Cement Works,MOLD,CLWYD,Bespoke,Producing cement clinker in rotary kilns with a production capacity exceeding 500 tonnes per day or in other kilns with a production capacity exceeding 50 tonnes per day,Effective,53.154979550634714,-3.0620088712329228,Installation
Padeswood Cement Works,MOLD,CLWYD,Bespoke,Producing cement clinker in rotary kilns with a production capacity exceeding 500 tonnes per day or in other kilns with a production capacity exceeding 50 tonnes per day,Effective,53.154979550634714,-3.0620088712329228,Installation
Padeswood Cement Works,MOLD,CLWYD,Bespoke,Producing cement clinker in rotary kilns with a production capacity exceeding 500 tonnes per day or in other kilns with a production capacity exceeding 50 tonnes per day,Effective,53.154979550634714,-3.0620088712329228,Installation
Padeswood Cement Works,MOLD,CLWYD,Bespoke,Producing cement clinker in rotary kilns with a production capacity exceeding 500 tonnes per day or in other kilns with a production capacity exceeding 50 tonnes per day,Effective,53.154979550634714,-3.0620088712329228,Installation
Padeswood Cement Works,MOLD,CLWYD,Bespoke,Producing cement clinker in rotary kilns with a production capacity exceeding 500 tonnes per day or in other kilns with a production capacity exceeding 50 tonnes per day,Effective,53.154979550634714,-3.0620088712329228,Installation
Padeswood Cement Works,MOLD,CLWYD,Bespoke,Producing cement clinker in rotary kilns with a production capacity exceeding 500 tonnes per day or in other kilns with a production capacity exceeding 50 tonnes per day,Effective,53.154979550634714,-3.0620088712329228,Installation
Padeswood Cement Works,MOLD,CLWYD,Bespoke,Producing cement clinker in rotary kilns with a production capacity exceeding 500 tonnes per day or in other kilns with a production capacity exceeding 50 tonnes per day,Effective,53.154979550634714,-3.0620088712329228,Installation
Padeswood Cement Works,MOLD,CLWYD,Bespoke,Producing cement clinker in rotary kilns with a production capacity exceeding 500 tonnes per day or in other kilns with a production capacity exceeding 50 tonnes per day,Effective,53.154979550634714,-3.0620088712329228,Installation
Padeswood Cement Works,MOLD,CLWYD,Bespoke,Producing cement clinker in rotary kilns with a production capacity exceeding 500 tonnes per day or in other kilns with a production capacity exceeding 50 tonnes per day,Effective,53.154979550634714,-3.0620088712329228,Installation
Padeswood Cement Works,MOLD,CLWYD,Bespoke,Producing cement clinker in rotary kilns with a production capacity exceeding 500 tonnes per day or in other kilns with a production capacity exceeding 50 tonnes per day,Effective,53.154979550634714,-3.0620088712329228,Installation
Padeswood Cement Works,MOLD,CLWYD,Bespoke,Producing cement clinker in rotary kilns with a production capacity exceeding 500 tonnes per day or in other kilns with a production capacity exceeding 50 tonnes per day,Effective,53.154979550634714,-3.0620088712329228,Installation
Padeswood Cement Works,MOLD,CLWYD,Bespoke,Producing cement clinker in rotary kilns with a production capacity exceeding 500 tonnes per day or in other kilns with a production capacity exceeding 50 tonnes per day,Effective,53.154979550634714,-3.0620088712329228,Installation
Padeswood Cement Works,MOLD,CLWYD,Bespoke,Producing cement clinker in rotary kilns with a production capacity exceeding 500 tonnes per day or in other kilns with a production capacity exceeding 50 tonnes per day,Effective,53.154979550634714,-3.0620088712329228,Installation
Padeswood Cement Works,MOLD,CLWYD,Bespoke,Producing cement clinker in rotary kilns with a production capacity exceeding 500 tonnes per day or in other kilns with a production capacity exceeding 50 tonnes per day,Effective,53.154979550634714,-3.0620088712329228,Installation
Padeswood Cement Works,MOLD,CLWYD,Bespoke,Producing cement clinker in rotary kilns with a production capacity exceeding 500 tonnes per day or in other kilns with a production capacity exceeding 50 tonnes per day,Effective,53.154979550634714,-3.0620088712329228,Installation
Padeswood Cement Works,MOLD,CLWYD,Bespoke,Producing cement clinker in rotary kilns with a production capacity exceeding 500 tonnes per day or in other kilns with a production capacity exceeding 50 tonnes per day,Effective,53.154979550634714,-3.0620088712329228,Installation
Padeswood Cement Works,MOLD,CLWYD,Bespoke,Producing cement clinker in rotary kilns with a production capacity exceeding 500 tonnes per day or in other kilns with a production capacity exceeding 50 tonnes per day,Effective,53.154979550634714,-3.0620088712329228,Installation
Padeswood Cement Works,MOLD,CLWYD,Bespoke,Producing cement clinker in rotary kilns with a production capacity exceeding 500 tonnes per day or in other kilns with a production capacity exceeding 50 tonnes per day,Effective,53.154979550634714,-3.0620088712329228,Installation
Padeswood Cement Works,MOLD,CLWYD,Bespoke,Producing cement clinker in rotary kilns with a production capacity exceeding 500 tonnes per day or in other kilns with a production capacity exceeding 50 tonnes per day,Effective,53.154979550634714,-3.0620088712329228,Installation
Padeswood Cement Works,MOLD,CLWYD,Bespoke,Producing cement clinker in rotary kilns with a production capacity exceeding 500 tonnes per day or in other kilns with a production capacity exceeding 50 tonnes per day,Effective,53.154979550634714,-3.0620088712329228,Installation
Padeswood Cement Works,MOLD,CLWYD,Bespoke,Producing cement clinker in rotary kilns with a production capacity exceeding 500 tonnes per day or in other kilns with a production capacity exceeding 50 tonnes per day,Effective,53.154979550634714,-3.0620088712329228,Installation
Padeswood Cement Works,MOLD,CLWYD,Bespoke,Producing cement clinker in rotary kilns with a production capacity exceeding 500 tonnes per day or in other kilns with a production capacity exceeding 50 tonnes per day,Effective,53.154979550634714,-3.0620088712329228,Installation
Padeswood Cement Works,MOLD,CLWYD,Bespoke,Producing cement clinker in rotary kilns with a production capacity exceeding 500 tonnes per day or in other kilns with a production capacity exceeding 50 tonnes per day,Effective,53.154979550634714,-3.0620088712329228,Installation
Padeswood Cement Works,MOLD,CLWYD,Bespoke,Producing cement clinker in rotary kilns with a production capacity exceeding 500 tonnes per day or in other kilns with a production capacity exceeding 50 tonnes per day,Effective,53.154979550634714,-3.0620088712329228,Installation
Padeswood Cement Works,MOLD,CLWYD,Bespoke,Producing cement clinker in rotary kilns with a production capacity exceeding 500 tonnes per day or in other kilns with a production capacity exceeding 50 tonnes per day,Effective,53.154979550634714,-3.0620088712329228,Installation
Padeswood Cement Works,MOLD,CLWYD,Bespoke,Producing cement clinker in rotary kilns with a production capacity exceeding 500 tonnes per day or in other kilns with a production capacity exceeding 50 tonnes per day,Effective,53.154979550634714,-3.0620088712329228,Installation
Padeswood Cement Works,MOLD,CLWYD,Bespoke,Producing cement clinker in rotary kilns with a production capacity exceeding 500 tonnes per day or in other kilns with a production capacity exceeding 50 tonnes per day,Effective,53.154979550634714,-3.0620088712329228,Installation
Padeswood Cement Works,MOLD,CLWYD,Bespoke,Producing cement clinker in rotary kilns with a production capacity exceeding 500 tonnes per day or in other kilns with a production capacity exceeding 50 tonnes per day,Effective,53.154979550634714,-3.0620088712329228,Installation
Padeswood Cement Works,MOLD,CLWYD,Bespoke,Producing cement clinker in rotary kilns with a production capacity exceeding 500 tonnes per day or in other kilns with a production capacity exceeding 50 tonnes per day,Effective,53.154979550634714,-3.0620088712329228,Installation
Padeswood Cement Works,MOLD,CLWYD,Bespoke,Producing cement clinker in rotary kilns with a production capacity exceeding 500 tonnes per day or in other kilns with a production capacity exceeding 50 tonnes per day,Effective,53.154979550634714,-3.0620088712329228,Installation
Port Talbot Steel Works,PORT TALBOT,Neath Port Talbot,Bespoke,Recovery or a mix of recovery and disposal of non-hazardous waste with a capacity exceeding 75 tonnes per day (or 100 tonnes per day if the only waste treatment activity is anaerobic digestion) involv,Effective,51.564951554143406,-3.767282257461465,Installation
Port Talbot Steel Works,PORT TALBOT,Neath Port Talbot,Bespoke,Recovery or a mix of recovery and disposal of non-hazardous waste with a capacity exceeding 75 tonnes per day (or 100 tonnes per day if the only waste treatment activity is anaerobic digestion) involv,Effective,51.564951554143406,-3.767282257461465,Installation
Port Talbot Steel Works,PORT TALBOT,Neath Port Talbot,Bespoke,Recovery or a mix of recovery and disposal of non-hazardous waste with a capacity exceeding 75 tonnes per day (or 100 tonnes per day if the only waste treatment activity is anaerobic digestion) involv,Effective,51.564951554143406,-3.767282257461465,Installation
Port Talbot Steel Works,PORT TALBOT,Neath Port Talbot,Bespoke,Recovery or a mix of recovery and disposal of non-hazardous waste with a capacity exceeding 75 tonnes per day (or 100 tonnes per day if the only waste treatment activity is anaerobic digestion) involv,Effective,51.564951554143406,-3.767282257461465,Installation
Bridgend Clinical Waste Treatment Plant and Transfer Station,Bridgend,Bridgend,Bespoke,Disposal or recovery of hazardous waste with a capacity exceeding 10 tonnes per day involving one or more of the following activities - physico-chemical treatment,Effective,51.54945253824543,-3.577161130083395,Installation
Bridgend Clinical Waste Treatment Plant and Transfer Station,Bridgend,Bridgend,Bespoke,Disposal or recovery of hazardous waste with a capacity exceeding 10 tonnes per day involving one or more of the following activities - physico-chemical treatment,Effective,51.54945253824543,-3.577161130083395,Installation
Bridgend Clinical Waste Treatment Plant and Transfer Station,Bridgend,Bridgend,Bespoke,Disposal or recovery of hazardous waste with a capacity exceeding 10 tonnes per day involving one or more of the following activities - physico-chemical treatment,Effective,51.54945253824543,-3.577161130083395,Installation
Bridgend Clinical Waste Treatment Plant and Transfer Station,Bridgend,Bridgend,Bespoke,Disposal or recovery of hazardous waste with a capacity exceeding 10 tonnes per day involving one or more of the following activities - physico-chemical treatment,Effective,51.54945253824543,-3.577161130083395,Installation
Bridgend Clinical Waste Treatment Plant and Transfer Station,Bridgend,Bridgend,Bespoke,Disposal or recovery of hazardous waste with a capacity exceeding 10 tonnes per day involving one or more of the following activities - physico-chemical treatment,Effective,51.54945253824543,-3.577161130083395,Installation
Bridgend Clinical Waste Treatment Plant and Transfer Station,Bridgend,Bridgend,Bespoke,Disposal or recovery of hazardous waste with a capacity exceeding 10 tonnes per day involving one or more of the following activities - physico-chemical treatment,Effective,51.54945253824543,-3.577161130083395,Installation
Baglan Paper Mill,Neath,Neath Port Talbot,Bespoke,,Effective,51.61968623118343,-3.834760612925759,Installation
Baglan Paper Mill,Neath,Neath Port Talbot,Bespoke,,Effective,51.61968623118343,-3.834760612925759,Installation
"Felindre, Gas Compressor Station",SA5 7LX,West Glamorgan,Bespoke,Burning any fuel in an appliance with a rated thermal input of 50 or more megawatts,Effective,51.69137093694456,-3.955231073315362,Installation
Portfield Farm,Monmouth,Monmouthshire,Bespoke,"Rearing poultry or pigs intensively in an installation with more than 40,000 places for poultry",Effective,51.799737101822956,-2.7377928180005022,Installation
Liberty Steel Newport Ltd,Newport,,Bespoke,,Effective,51.555976936147374,-2.962911289954025,Installation
Liberty Steel Newport Ltd,Newport,,Bespoke,,Effective,51.555976936147374,-2.962911289954025,Installation
Liberty Steel Newport Ltd,Newport,,Bespoke,,Effective,51.555976936147374,-2.962911289954025,Installation
Liberty Steel Newport Ltd,Newport,,Bespoke,,Effective,51.555976936147374,-2.962911289954025,Installation
Liberty Steel Newport Ltd,Newport,,Bespoke,,Effective,51.555976936147374,-2.962911289954025,Installation
Liberty Steel Newport Ltd,Newport,,Bespoke,,Effective,51.555976936147374,-2.962911289954025,Installation
Whitchurch Salt Slags,Whitchurch,Shropshire,Bespoke,,Effective,52.946945759570006,-2.7348892411783834,Installation
Whitchurch Salt Slags,Whitchurch,Shropshire,Bespoke,,Effective,52.946945759570006,-2.7348892411783834,Installation
Whitchurch Salt Slags,Whitchurch,Shropshire,Bespoke,,Effective,52.946945759570006,-2.7348892411783834,Installation
Whitchurch Salt Slags,Whitchurch,Shropshire,Bespoke,,Effective,52.946945759570006,-2.7348892411783834,Installation
Whitchurch Salt Slags,Whitchurch,Shropshire,Bespoke,,Effective,52.946945759570006,-2.7348892411783834,Installation
Whitchurch Salt Slags,Whitchurch,Shropshire,Bespoke,,Effective,52.946945759570006,-2.7348892411783834,Installation
Whitchurch Salt Slags,Whitchurch,Shropshire,Bespoke,,Effective,52.946945759570006,-2.7348892411783834,Installation
Whitchurch Salt Slags,Whitchurch,Shropshire,Bespoke,,Effective,52.946945759570006,-2.7348892411783834,Installation
Whitchurch Salt Slags,Whitchurch,Shropshire,Bespoke,,Effective,52.946945759570006,-2.7348892411783834,Installation
Whitchurch Salt Slags,Whitchurch,Shropshire,Bespoke,,Effective,52.946945759570006,-2.7348892411783834,Installation
Whitchurch Salt Slags,Whitchurch,Shropshire,Bespoke,,Effective,52.946945759570006,-2.7348892411783834,Installation
Whitchurch Salt Slags,Whitchurch,Shropshire,Bespoke,,Effective,52.946945759570006,-2.7348892411783834,Installation
Whitchurch Salt Slags,Whitchurch,Shropshire,Bespoke,,Effective,52.946945759570006,-2.7348892411783834,Installation
Whitchurch Salt Slags,Whitchurch,Shropshire,Bespoke,,Effective,52.946945759570006,-2.7348892411783834,Installation
Whitchurch Salt Slags,Whitchurch,Shropshire,Bespoke,,Effective,52.946945759570006,-2.7348892411783834,Installation
Whitchurch Salt Slags,Whitchurch,Shropshire,Bespoke,,Effective,52.946945759570006,-2.7348892411783834,Installation
Whitchurch Salt Slags,Whitchurch,Shropshire,Bespoke,,Effective,52.946945759570006,-2.7348892411783834,Installation
Whitchurch Salt Slags,Whitchurch,Shropshire,Bespoke,,Effective,52.946945759570006,-2.7348892411783834,Installation
Whitchurch Salt Slags,Whitchurch,Shropshire,Bespoke,,Effective,52.946945759570006,-2.7348892411783834,Installation
Whitchurch Salt Slags,Whitchurch,Shropshire,Bespoke,,Effective,52.946945759570006,-2.7348892411783834,Installation
IQE (Europe) Ltd,Cardiff,South Wales,Bespoke,"Unless falling within any other Section, any manufacturing activity (other than …",Effective,51.530797240837536,-3.0857697013739913,Installation
IQE (Europe) Ltd,Cardiff,South Wales,Bespoke,"Unless falling within any other Section, any manufacturing activity (other than …",Effective,51.530797240837536,-3.0857697013739913,Installation
Dolau Growers EPR/HP3036ME,Llandridnod Wells,Powys,Bespoke,"Rearing poultry or pigs intensively in an installation with more than 40,000 places for poultry",Effective,52.296203053878116,-3.259392022925045,Installation
Dolau Growers EPR/HP3036ME,Llandridnod Wells,Powys,Bespoke,"Rearing poultry or pigs intensively in an installation with more than 40,000 places for poultry",Effective,52.296203053878116,-3.259392022925045,Installation
Chirk Landfill Site EPR/GP3830BG,WREXHAM,Clwyd,Bespoke,"The disposal of waste in a landfill receiving more than 10 tonnes of waste in any day, or with a total capacity of more than 25,000 tonnes, but excluding disposals in a landfill taking only inert wast",Effective,52.96553029323885,-3.056465198691549,Installation
Chirk Landfill Site EPR/GP3830BG,WREXHAM,Clwyd,Bespoke,"The disposal of waste in a landfill receiving more than 10 tonnes of waste in any day, or with a total capacity of more than 25,000 tonnes, but excluding disposals in a landfill taking only inert wast",Effective,52.96553029323885,-3.056465198691549,Installation
Llansantffraid Mill,Llansantffraid Ym Mechain,Powys,Bespoke,"Treatment and processing, other than exclusively packaging, of the following raw materials, whether previously processed or unprocessed, intended for the production of food or feed (where the weight o",Effective,52.774196713040425,-3.156185737293232,Installation
Llansantffraid Mill,Llansantffraid Ym Mechain,Powys,Bespoke,"Treatment and processing, other than exclusively packaging, of the following raw materials, whether previously processed or unprocessed, intended for the production of food or feed (where the weight o",Effective,52.774196713040425,-3.156185737293232,Installation
Ty Brith,WELSHPOOL,Powys,Bespoke,"Rearing poultry or pigs intensively in an installation with more than 40,000 places for poultry",Effective,52.66434142489288,-3.28666098763661,Installation
Ty Brith,WELSHPOOL,Powys,Bespoke,"Rearing poultry or pigs intensively in an installation with more than 40,000 places for poultry",Effective,52.66434142489288,-3.28666098763661,Installation
South Hook LNG Terminal,Milford Haven,Pembrokeshire,Bespoke,Burning any fuel in an appliance with a rated thermal input of 50 or more megawatts,Effective,51.71920910924263,-5.0843468783750865,Installation
South Hook LNG Terminal,Milford Haven,Pembrokeshire,Bespoke,Burning any fuel in an appliance with a rated thermal input of 50 or more megawatts,Effective,51.71920910924263,-5.0843468783750865,Installation
East Bank Road Facility,,South Wales,Bespoke,Disposal or recovery of hazardous waste with a capacity exceeding 10 tonnes per day involving one or more of the following activities - blending or mixing prior to submission to any of the other activ,Effective,51.56683588333243,-2.9752456050398046,Installation
East Bank Road Facility,,South Wales,Bespoke,Disposal or recovery of hazardous waste with a capacity exceeding 10 tonnes per day involving one or more of the following activities - blending or mixing prior to submission to any of the other activ,Effective,51.56683588333243,-2.9752456050398046,Installation
East Bank Road Facility,,South Wales,Bespoke,Disposal or recovery of hazardous waste with a capacity exceeding 10 tonnes per day involving one or more of the following activities - blending or mixing prior to submission to any of the other activ,Effective,51.56683588333243,-2.9752456050398046,Installation
Waunarlwydd EPR/BX9846ID,SWANSEA,West Glamorgan,Bespoke,"Unless falling within Part A(2) of this Section, surface treating metals and plastic materials using an electrolytic or chemical process where the aggregated volume of the treatment vats is more than ",Effective,51.648084807516256,-4.020872481024175,Installation
Waunarlwydd EPR/BX9846ID,SWANSEA,West Glamorgan,Bespoke,"Unless falling within Part A(2) of this Section, surface treating metals and plastic materials using an electrolytic or chemical process where the aggregated volume of the treatment vats is more than ",Effective,51.648084807516256,-4.020872481024175,Installation
The Paddocks Poultry Farm,,Monmouthshire,Bespoke,"Rearing poultry or pigs intensively in an installation with more than 40,000 places for poultry",Effective,51.74580181425382,-2.960120827193552,Installation
The Paddocks Poultry Farm,,Monmouthshire,Bespoke,"Rearing poultry or pigs intensively in an installation with more than 40,000 places for poultry",Effective,51.74580181425382,-2.960120827193552,Installation
Chirk Particleboard Factory,,Clwyd,Bespoke,,Effective,52.936803810838605,-3.0620145587010383,Installation
Chirk Particleboard Factory,,Clwyd,Bespoke,,Effective,52.936803810838605,-3.0620145587010383,Installation
Chirk Particleboard Factory,,Clwyd,Bespoke,,Effective,52.936803810838605,-3.0620145587010383,Installation
Chirk Particleboard Factory,,Clwyd,Bespoke,,Effective,52.936803810838605,-3.0620145587010383,Installation
Chirk Particleboard Factory,,Clwyd,Bespoke,,Effective,52.936803810838605,-3.0620145587010383,Installation
Racecourse Poultry Unit EPR/XP3838WZ,HOLYWELL,Clwyd,Bespoke,"Rearing poultry or pigs intensively in an installation with more than 40,000 places for poultry",Effective,53.269716036630484,-3.2699808676922544,Installation
Racecourse Poultry Unit EPR/XP3838WZ,HOLYWELL,Clwyd,Bespoke,"Rearing poultry or pigs intensively in an installation with more than 40,000 places for poultry",Effective,53.269716036630484,-3.2699808676922544,Installation
Severn Power Station,,South Wales,Bespoke,Burning any fuel in an appliance with a rated thermal input of 50 or more megawatts,Effective,51.54795193900259,-2.975418542926763,Installation
Upper Triley Farm EPR/BT0332IK,Abergavenny,Monmouthshire,Bespoke,"Rearing poultry or pigs intensively in an installation with more than 40,000 places for poultry",Effective,51.85999861241462,-2.991738464989684,Installation
Palleg Landfill Phase II EPR/BT1908IX,Lower Cwmtwrch,SWANSEA,Bespoke,"The disposal of waste in a landfill receiving more than 10 tonnes of waste in any day, or with a total capacity of more than 25,000 tonnes, but excluding disposals in a landfill taking only inert wast",Effective,51.788654590835584,-3.7865997013331385,Installation
Palleg Landfill Phase II EPR/BT1908IX,Lower Cwmtwrch,SWANSEA,Bespoke,"The disposal of waste in a landfill receiving more than 10 tonnes of waste in any day, or with a total capacity of more than 25,000 tonnes, but excluding disposals in a landfill taking only inert wast",Effective,51.788654590835584,-3.7865997013331385,Installation
Ashwood Poultry Farm,,Monmouthshire,Bespoke,"Rearing poultry or pigs intensively in an installation with more than 40,000 places for poultry",Effective,51.903749511850755,-2.9070883501357065,Installation
Ashwood Poultry Farm,,Monmouthshire,Bespoke,"Rearing poultry or pigs intensively in an installation with more than 40,000 places for poultry",Effective,51.903749511850755,-2.9070883501357065,Installation
Sandycroft Poultry Processing,DEESIDE,Clwyd,Bespoke,Slaughtering animals at a plant with a carcass production capacity of more than 50 tonnes per day.,Effective,53.1994128284485,-3.0072685776610277,Installation
Sandycroft Poultry Processing,DEESIDE,Clwyd,Bespoke,Slaughtering animals at a plant with a carcass production capacity of more than 50 tonnes per day.,Effective,53.1994128284485,-3.0072685776610277,Installation
Sandycroft Poultry Processing,DEESIDE,Clwyd,Bespoke,Slaughtering animals at a plant with a carcass production capacity of more than 50 tonnes per day.,Effective,53.1994128284485,-3.0072685776610277,Installation
Wrexham Metal Finishing Chemicals,,,Bespoke,"Producing organic chemicals such as:
(ii) Organic compounds containing oxygen (for example alcohols, aldehydes, ketones, carboxylic acids, esters, ethers, peroxides, phenols, epoxy resins)",Effective,53.046535036093715,-2.937468164723595,Installation
Wrexham Metal Finishing Chemicals,,,Bespoke,"Producing organic chemicals such as:
(ii) Organic compounds containing oxygen (for example alcohols, aldehydes, ketones, carboxylic acids, esters, ethers, peroxides, phenols, epoxy resins)",Effective,53.046535036093715,-2.937468164723595,Installation
Wrexham Metal Finishing Chemicals,,,Bespoke,"Producing organic chemicals such as:
(ii) Organic compounds containing oxygen (for example alcohols, aldehydes, ketones, carboxylic acids, esters, ethers, peroxides, phenols, epoxy resins)",Effective,53.046535036093715,-2.937468164723595,Installation
Llanelli Plant,LLANELLI,DYFED,Bespoke,"Producing organic chemicals such as:
(iv) Organic compounds containing nitrogen (for example amines, amides, nitrous-, nitro- or azo-compounds, nitrates, nitriles, nitrogen heterocyclics, cyanates, is",Effective,51.66906421907374,-4.0912232745825,Installation
Tafarnaubach Waste Facility EPR/GP3337KD,,Blaenau Gwent,Bespoke,Disposal or recovery of hazardous waste with a capacity exceeding 10 tonnes per day involving one or more of the following activities - physico-chemical treatment,Effective,51.78878127723157,-3.2724636074047213,Installation
Tafarnaubach Waste Facility EPR/GP3337KD,,Blaenau Gwent,Bespoke,Disposal or recovery of hazardous waste with a capacity exceeding 10 tonnes per day involving one or more of the following activities - physico-chemical treatment,Effective,51.78878127723157,-3.2724636074047213,Installation
Tafarnaubach Waste Facility EPR/GP3337KD,,Blaenau Gwent,Bespoke,Disposal or recovery of hazardous waste with a capacity exceeding 10 tonnes per day involving one or more of the following activities - physico-chemical treatment,Effective,51.78878127723157,-3.2724636074047213,Installation
Tafarnaubach Waste Facility EPR/GP3337KD,,Blaenau Gwent,Bespoke,Disposal or recovery of hazardous waste with a capacity exceeding 10 tonnes per day involving one or more of the following activities - physico-chemical treatment,Effective,51.78878127723157,-3.2724636074047213,Installation
Tafarnaubach Waste Facility EPR/GP3337KD,,Blaenau Gwent,Bespoke,Disposal or recovery of hazardous waste with a capacity exceeding 10 tonnes per day involving one or more of the following activities - physico-chemical treatment,Effective,51.78878127723157,-3.2724636074047213,Installation
Tafarnaubach Waste Facility EPR/GP3337KD,,Blaenau Gwent,Bespoke,Disposal or recovery of hazardous waste with a capacity exceeding 10 tonnes per day involving one or more of the following activities - physico-chemical treatment,Effective,51.78878127723157,-3.2724636074047213,Installation
J Reid Trading Ltd EPR/MP3531MD/V003,DEESIDE,FLINTSHIRE,Bespoke,Disposal or recovery of hazardous waste with a capacity exceeding 10 tonnes per day involving one or more of the following activities - repackaging prior to submission to any other activities in this ,Effective,53.20081771373781,-3.0005647621573814,Installation
J Reid Trading Ltd EPR/MP3531MD/V003,DEESIDE,FLINTSHIRE,Bespoke,Disposal or recovery of hazardous waste with a capacity exceeding 10 tonnes per day involving one or more of the following activities - repackaging prior to submission to any other activities in this ,Effective,53.20081771373781,-3.0005647621573814,Installation
Great Tyrmynach,USK,Monmouthshire,Bespoke,"Rearing poultry or pigs intensively in an installation with more than 40,000 places for poultry",Effective,51.768671070089134,-2.875538341462077,Installation
Great Tyrmynach,USK,Monmouthshire,Bespoke,"Rearing poultry or pigs intensively in an installation with more than 40,000 places for poultry",Effective,51.768671070089134,-2.875538341462077,Installation
TIR John GUP EPR/BP3738LS,Swansea,,Bespoke,,Effective,51.62606383701951,-3.9018534914729925,Installation
Fford Fawr Farm EPR/KP3336MP,Hereford,Herefordshire,Bespoke,"Rearing poultry or pigs intensively in an installation with more than 40,000 places for poultry",Effective,52.05093936518651,-3.1802944923444247,Installation
Fford Fawr Farm EPR/KP3336MP,Hereford,Herefordshire,Bespoke,"Rearing poultry or pigs intensively in an installation with more than 40,000 places for poultry",Effective,52.05093936518651,-3.1802944923444247,Installation
Mwyndy Solid Fuel Briquette Manufacturer EA/EPR/VP3132LJ/V002,,Rhondda Cynon Taf,Bespoke,,Effective,51.52656415244129,-3.3621540328071546,Installation
Flint Paper Mill EPR/BJ9703IM,Flint,Flintshire,Bespoke,,Effective,53.25371736063136,-3.145544974690765,Installation
Flint Paper Mill EPR/BJ9703IM,Flint,Flintshire,Bespoke,,Effective,53.25371736063136,-3.145544974690765,Installation
Stud Poultry Farm,KNIGHTON,Powys,Bespoke,"Rearing poultry or pigs intensively in an installation with more than 40,000 places for poultry",Effective,52.302500719668984,-3.144149608942171,Installation
Stud Poultry Farm,KNIGHTON,Powys,Bespoke,"Rearing poultry or pigs intensively in an installation with more than 40,000 places for poultry",Effective,52.302500719668984,-3.144149608942171,Installation
Rassau Battery Manufacturing EPR/BV5386IX,,Blaenau Gwent,Bespoke,"Unless falling within Part A(2) of this Section, producing non-ferrous metals from ore, concentrates or secondary raw materials by metallurgical, chemical or electrolytic activities",Effective,51.80142184427946,-3.2338069340945896,Installation
Rassau Battery Manufacturing EPR/BV5386IX,,Blaenau Gwent,Bespoke,"Unless falling within Part A(2) of this Section, producing non-ferrous metals from ore, concentrates or secondary raw materials by metallurgical, chemical or electrolytic activities",Effective,51.80142184427946,-3.2338069340945896,Installation
Rassau Battery Manufacturing EPR/BV5386IX,,Blaenau Gwent,Bespoke,"Unless falling within Part A(2) of this Section, producing non-ferrous metals from ore, concentrates or secondary raw materials by metallurgical, chemical or electrolytic activities",Effective,51.80142184427946,-3.2338069340945896,Installation
Rassau Battery Manufacturing EPR/BV5386IX,,Blaenau Gwent,Bespoke,"Unless falling within Part A(2) of this Section, producing non-ferrous metals from ore, concentrates or secondary raw materials by metallurgical, chemical or electrolytic activities",Effective,51.80142184427946,-3.2338069340945896,Installation
Rassau Battery Manufacturing EPR/BV5386IX,,Blaenau Gwent,Bespoke,"Unless falling within Part A(2) of this Section, producing non-ferrous metals from ore, concentrates or secondary raw materials by metallurgical, chemical or electrolytic activities",Effective,51.80142184427946,-3.2338069340945896,Installation
Rassau Battery Manufacturing EPR/BV5386IX,,Blaenau Gwent,Bespoke,"Unless falling within Part A(2) of this Section, producing non-ferrous metals from ore, concentrates or secondary raw materials by metallurgical, chemical or electrolytic activities",Effective,51.80142184427946,-3.2338069340945896,Installation
Ruabon Electro Ceramics,WREXHAM,CLWYD,Bespoke,"Unless falling within any other Section, any manufacturing activity (other than …",Effective,53.003187320669554,-3.037117645609927,Installation
Ruabon Electro Ceramics,WREXHAM,CLWYD,Bespoke,"Unless falling within any other Section, any manufacturing activity (other than …",Effective,53.003187320669554,-3.037117645609927,Installation
Lake Farm EPR/ZP3838WE,,,Bespoke,"Rearing poultry or pigs intensively in an installation with more than 40,000 places for poultry",Effective,52.51565609212991,-3.116964526022165,Installation
Building 2,Waunarlwydd,Swansea,Bespoke,,Effective,51.64567111569269,-4.020042395785759,Installation
Morfa Hazardous Landfill,Port Talbot,,Bespoke,"The disposal of waste in a landfill receiving more than 10 tonnes of waste in any day, or with a total capacity of more than 25,000 tonnes, but excluding disposals in a landfill taking only inert wast",Effective,51.54410365493668,-3.7663299514787547,Installation
Morfa Hazardous Landfill,Port Talbot,,Bespoke,"The disposal of waste in a landfill receiving more than 10 tonnes of waste in any day, or with a total capacity of more than 25,000 tonnes, but excluding disposals in a landfill taking only inert wast",Effective,51.54410365493668,-3.7663299514787547,Installation
Tremorfa Anaerobic Digestion Facility,Cardiff,,Bespoke,Recovery or a mix of recovery and disposal of non-hazardous waste with a capacity exceeding 75 tonnes per day (or 100 tonnes per day if the only waste treatment activity is anaerobic digestion) involv,Effective,51.47741017502949,-3.1372615241035153,Installation
Tremorfa Anaerobic Digestion Facility,Cardiff,,Bespoke,Recovery or a mix of recovery and disposal of non-hazardous waste with a capacity exceeding 75 tonnes per day (or 100 tonnes per day if the only waste treatment activity is anaerobic digestion) involv,Effective,51.47741017502949,-3.1372615241035153,Installation
Tremorfa Anaerobic Digestion Facility,Cardiff,,Bespoke,Recovery or a mix of recovery and disposal of non-hazardous waste with a capacity exceeding 75 tonnes per day (or 100 tonnes per day if the only waste treatment activity is anaerobic digestion) involv,Effective,51.47741017502949,-3.1372615241035153,Installation
Tremorfa Anaerobic Digestion Facility,Cardiff,,Bespoke,Recovery or a mix of recovery and disposal of non-hazardous waste with a capacity exceeding 75 tonnes per day (or 100 tonnes per day if the only waste treatment activity is anaerobic digestion) involv,Effective,51.47741017502949,-3.1372615241035153,Installation
Tremorfa Anaerobic Digestion Facility,Cardiff,,Bespoke,Recovery or a mix of recovery and disposal of non-hazardous waste with a capacity exceeding 75 tonnes per day (or 100 tonnes per day if the only waste treatment activity is anaerobic digestion) involv,Effective,51.47741017502949,-3.1372615241035153,Installation
Tremorfa Anaerobic Digestion Facility,Cardiff,,Bespoke,Recovery or a mix of recovery and disposal of non-hazardous waste with a capacity exceeding 75 tonnes per day (or 100 tonnes per day if the only waste treatment activity is anaerobic digestion) involv,Effective,51.47741017502949,-3.1372615241035153,Installation
Tremorfa Anaerobic Digestion Facility,Cardiff,,Bespoke,Recovery or a mix of recovery and disposal of non-hazardous waste with a capacity exceeding 75 tonnes per day (or 100 tonnes per day if the only waste treatment activity is anaerobic digestion) involv,Effective,51.47741017502949,-3.1372615241035153,Installation
Tremorfa Anaerobic Digestion Facility,Cardiff,,Bespoke,Recovery or a mix of recovery and disposal of non-hazardous waste with a capacity exceeding 75 tonnes per day (or 100 tonnes per day if the only waste treatment activity is anaerobic digestion) involv,Effective,51.47741017502949,-3.1372615241035153,Installation
Tremorfa Anaerobic Digestion Facility,Cardiff,,Bespoke,Recovery or a mix of recovery and disposal of non-hazardous waste with a capacity exceeding 75 tonnes per day (or 100 tonnes per day if the only waste treatment activity is anaerobic digestion) involv,Effective,51.47741017502949,-3.1372615241035153,Installation
Tremorfa Anaerobic Digestion Facility,Cardiff,,Bespoke,Recovery or a mix of recovery and disposal of non-hazardous waste with a capacity exceeding 75 tonnes per day (or 100 tonnes per day if the only waste treatment activity is anaerobic digestion) involv,Effective,51.47741017502949,-3.1372615241035153,Installation
Cott Wrexham (Calypso) Manufacturing Site,Wrexham,Wrexham,Bespoke,"Treatment and processing, other than exclusively packaging, of the following raw materials, whether previously processed or unprocessed, intended for the production of food or feed (where the weight o",Effective,53.03748075030856,-2.9250870824310216,Installation
Nant Coed Farm Poultry Unit,Nantycaws,Carmarthenshire,Bespoke,"Rearing poultry or pigs intensively in an installation with more than 40,000 places for poultry",Effective,51.83283385488587,-4.229290051897808,Installation
Greenway Farm,Brecon,Powys,Bespoke,"Rearing poultry or pigs intensively in an installation with more than 40,000 places for poultry",Effective,51.93460113032031,-3.327292388667097,Installation
Parc Stormy Anaerobic Digestion Facility,Bridgend,Mid Glamorgan,Bespoke,Recovery or a mix of recovery and disposal of non-hazardous waste with a capacity exceeding 75 tonnes per day (or 100 tonnes per day if the only waste treatment activity is anaerobic digestion) involv,Effective,51.50695277121517,-3.66958605437224,Installation
Parc Stormy Anaerobic Digestion Facility,Bridgend,Mid Glamorgan,Bespoke,Recovery or a mix of recovery and disposal of non-hazardous waste with a capacity exceeding 75 tonnes per day (or 100 tonnes per day if the only waste treatment activity is anaerobic digestion) involv,Effective,51.50695277121517,-3.66958605437224,Installation
Parc Stormy Anaerobic Digestion Facility,Bridgend,Mid Glamorgan,Bespoke,Recovery or a mix of recovery and disposal of non-hazardous waste with a capacity exceeding 75 tonnes per day (or 100 tonnes per day if the only waste treatment activity is anaerobic digestion) involv,Effective,51.50695277121517,-3.66958605437224,Installation
Parc Stormy Anaerobic Digestion Facility,Bridgend,Mid Glamorgan,Bespoke,Recovery or a mix of recovery and disposal of non-hazardous waste with a capacity exceeding 75 tonnes per day (or 100 tonnes per day if the only waste treatment activity is anaerobic digestion) involv,Effective,51.50695277121517,-3.66958605437224,Installation
Parc Stormy Anaerobic Digestion Facility,Bridgend,Mid Glamorgan,Bespoke,Recovery or a mix of recovery and disposal of non-hazardous waste with a capacity exceeding 75 tonnes per day (or 100 tonnes per day if the only waste treatment activity is anaerobic digestion) involv,Effective,51.50695277121517,-3.66958605437224,Installation
Cold Mill Effluent Treatment Plant,Port Talbot,Neath Port Talbot,Bespoke,,Effective,51.56398604104954,-3.7597278693091396,Installation
Parc Adfer Energy Recovery Facility,Deeside,Flintshire,Bespoke,The incineration of non-hazardous waste in a waste incineration plant or waste co-incineration plant with a capacity exceeding 3 tonnes per hour,Effective,53.237283316645716,-3.0346781834324132,Installation
Parc Adfer Energy Recovery Facility,Deeside,Flintshire,Bespoke,The incineration of non-hazardous waste in a waste incineration plant or waste co-incineration plant with a capacity exceeding 3 tonnes per hour,Effective,53.237283316645716,-3.0346781834324132,Installation
Parc Adfer Energy Recovery Facility,Deeside,Flintshire,Bespoke,The incineration of non-hazardous waste in a waste incineration plant or waste co-incineration plant with a capacity exceeding 3 tonnes per hour,Effective,53.237283316645716,-3.0346781834324132,Installation
Parc Adfer Energy Recovery Facility,Deeside,Flintshire,Bespoke,The incineration of non-hazardous waste in a waste incineration plant or waste co-incineration plant with a capacity exceeding 3 tonnes per hour,Effective,53.237283316645716,-3.0346781834324132,Installation
Parc Adfer Energy Recovery Facility,Deeside,Flintshire,Bespoke,The incineration of non-hazardous waste in a waste incineration plant or waste co-incineration plant with a capacity exceeding 3 tonnes per hour,Effective,53.237283316645716,-3.0346781834324132,Installation
Parc Adfer Energy Recovery Facility,Deeside,Flintshire,Bespoke,The incineration of non-hazardous waste in a waste incineration plant or waste co-incineration plant with a capacity exceeding 3 tonnes per hour,Effective,53.237283316645716,-3.0346781834324132,Installation
Parc Adfer Energy Recovery Facility,Deeside,Flintshire,Bespoke,The incineration of non-hazardous waste in a waste incineration plant or waste co-incineration plant with a capacity exceeding 3 tonnes per hour,Effective,53.237283316645716,-3.0346781834324132,Installation
Parc Adfer Energy Recovery Facility,Deeside,Flintshire,Bespoke,The incineration of non-hazardous waste in a waste incineration plant or waste co-incineration plant with a capacity exceeding 3 tonnes per hour,Effective,53.237283316645716,-3.0346781834324132,Installation
Parc Adfer Energy Recovery Facility,Deeside,Flintshire,Bespoke,The incineration of non-hazardous waste in a waste incineration plant or waste co-incineration plant with a capacity exceeding 3 tonnes per hour,Effective,53.237283316645716,-3.0346781834324132,Installation
Parc Adfer Energy Recovery Facility,Deeside,Flintshire,Bespoke,The incineration of non-hazardous waste in a waste incineration plant or waste co-incineration plant with a capacity exceeding 3 tonnes per hour,Effective,53.237283316645716,-3.0346781834324132,Installation
Coombe Farm,Chepstow,Monmouthshire,Bespoke,"Rearing poultry or pigs intensively in an installation with more than 40,000 places for poultry",Effective,51.63486189379289,-2.775715620910441,Installation
Lamby Way Open Windrow Composting Facility,Cardiff,,Bespoke,Recovery or a mix of recovery and disposal of non-hazardous waste with a capacity exceeding 75 tonnes per day (or 100 tonnes per day if the only waste treatment activity is anaerobic digestion) involv,Effective,51.49268651221308,-3.110143592735447,Installation
Felinfach Effluent Treatment Plant,Lampeter,Ceredigion,Bespoke,Disposal of non-hazardous waste with a capacity exceeding 50 tonnes per day (or 100 tonnes per day if the only waste treatment activity is anaerobic digestion) involving one or more of the following a,Effective,52.19987311929875,-4.17194677779322,Installation
Felinfach Effluent Treatment Plant,Lampeter,Ceredigion,Bespoke,Disposal of non-hazardous waste with a capacity exceeding 50 tonnes per day (or 100 tonnes per day if the only waste treatment activity is anaerobic digestion) involving one or more of the following a,Effective,52.19987311929875,-4.17194677779322,Installation
Birdport Waste Storage Facility,Newport,Newport,Bespoke,,Effective,51.56263381427277,-2.9658217993499947,Installation
Ty Coch Depot,Cwmbran,Torfaen,Bespoke,"Temporary storage of hazardous waste with a total capacity exceeding 50 tonnes pending any of the activities listed in Sections 5.1, 5.2, 5.3 and paragraph (b) of this Section, except—temporary storag",Effective,51.640241143008154,-3.0220084053106797,Installation
Ty Coch Depot,Cwmbran,Torfaen,Bespoke,"Temporary storage of hazardous waste with a total capacity exceeding 50 tonnes pending any of the activities listed in Sections 5.1, 5.2, 5.3 and paragraph (b) of this Section, except—temporary storag",Effective,51.640241143008154,-3.0220084053106797,Installation
Ty Coch Depot,Cwmbran,Torfaen,Bespoke,"Temporary storage of hazardous waste with a total capacity exceeding 50 tonnes pending any of the activities listed in Sections 5.1, 5.2, 5.3 and paragraph (b) of this Section, except—temporary storag",Effective,51.640241143008154,-3.0220084053106797,Installation
Ty Coch Depot,Cwmbran,Torfaen,Bespoke,"Temporary storage of hazardous waste with a total capacity exceeding 50 tonnes pending any of the activities listed in Sections 5.1, 5.2, 5.3 and paragraph (b) of this Section, except—temporary storag",Effective,51.640241143008154,-3.0220084053106797,Installation
Cargo Services Terminal,Cardiff,,Bespoke,,Effective,51.45893123535927,-3.1575292293369888,Installation
Rhosddu Farm Poultry Unit,Llansanffraid Ym Mechain,Powys,Bespoke,"Rearing poultry or pigs intensively in an installation with more than 40,000 places for poultry",Effective,52.74662034967136,-3.1794106898636993,Installation
Rhosddu Farm Poultry Unit,Llansanffraid Ym Mechain,Powys,Bespoke,"Rearing poultry or pigs intensively in an installation with more than 40,000 places for poultry",Effective,52.74662034967136,-3.1794106898636993,Installation
Croft y Lloi Poultry Unit,Monmouth,Monmouthshire,Bespoke,"Rearing poultry or pigs intensively in an installation with more than 40,000 places for poultry",Effective,51.77777811026226,-2.782658075756735,Installation
Dolau Jenkin Poultry Unit,Llandrindod Wells,Powys,Bespoke,"Rearing poultry or pigs intensively in an installation with more than 40,000 places for poultry",Effective,52.276959151249294,-3.3060585576195507,Installation
Burton Meadows Farm,Wrexham,Wrexham,Bespoke,"Rearing poultry or pigs intensively in an installation with more than 2,000 places for production pigs (over 30kg)",Effective,53.123630721191525,-2.960783810241737,Installation
Brynrorin Farm Poultry Unit,Montgomery,Powys,Bespoke,"Rearing poultry or pigs intensively in an installation with more than 40,000 places for poultry",Effective,52.551528826507486,-3.265968724644995,Installation
Bryn Power AD Facility,Hengoed,Caerphilly,Bespoke,Recovery or a mix of recovery and disposal of non-hazardous waste with a capacity exceeding 75 tonnes per day (or 100 tonnes per day if the only waste treatment activity is anaerobic digestion) involv,Effective,51.66200171331585,-3.2680839335844842,Installation
Upper heath Poultry Farm,,Powys,Bespoke,"Rearing poultry or pigs intensively in an installation with more than 40,000 places for poultry",Effective,52.2641063782212,-2.9786209775290557,Installation
Black Rock Farm Poultry Unit,Wrexham,Wrexham,Bespoke,"Rearing poultry or pigs intensively in an installation with more than 40,000 places for poultry",Effective,53.02134385584987,-2.935535334565031,Installation
Cloddiau Poultry Unit,Newtown,Powys,Bespoke,"Rearing poultry or pigs intensively in an installation with more than 40,000 places for poultry",Effective,52.509308046854244,-3.248354958145175,Installation
Penpound Poultry Unit,Llandrindod Wells,Powys,Bespoke,"Rearing poultry or pigs intensively in an installation with more than 40,000 places for poultry",Effective,52.22453747917218,-3.4312621961873893,Installation
Domgay Hall Broiler Unit,Llanymynech,Powys,Bespoke,"Rearing poultry or pigs intensively in an installation with more than 40,000 places for poultry",Effective,52.766566366185266,-3.070731286047968,Installation
Radnor Hills,Knighton,Powys,Bespoke,"Treatment and processing, other than exclusively packaging, of the following raw materials, whether previously processed or unprocessed, intended for the production of food or feed (where the weight o",Effective,52.34656558844112,-2.964674770789346,Installation
Radnor Hills,Knighton,Powys,Bespoke,"Treatment and processing, other than exclusively packaging, of the following raw materials, whether previously processed or unprocessed, intended for the production of food or feed (where the weight o",Effective,52.34656558844112,-2.964674770789346,Installation
Cefnau Bach,Welshpool,Powys,Bespoke,"Rearing poultry or pigs intensively in an installation with more than 40,000 places for poultry",Effective,52.69788967176005,-3.458510264885094,Installation
Cerrigcroes Poultry Unit,Llandrindod Wells,Powys,Bespoke,"Rearing poultry or pigs intensively in an installation with more than 40,000 places for poultry",Effective,52.242040809398226,-3.4142937915562923,Installation
Argoed Poultry Unit,Caersws,Powys,Bespoke,"Rearing poultry or pigs intensively in an installation with more than 40,000 places for poultry",Effective,52.51101070550771,-3.4882537585081312,Installation
Nine Mile Point Waste Transfer Facility,Newport,Caerphilly,Bespoke,Recovery or a mix of recovery and disposal of non-hazardous waste with a capacity exceeding 75 tonnes per day (or 100 tonnes per day if the only waste treatment activity is anaerobic digestion) involv,Effective,51.61464818635389,-3.1678566674302235,Installation
Nine Mile Point Waste Transfer Facility,Newport,Caerphilly,Bespoke,Recovery or a mix of recovery and disposal of non-hazardous waste with a capacity exceeding 75 tonnes per day (or 100 tonnes per day if the only waste treatment activity is anaerobic digestion) involv,Effective,51.61464818635389,-3.1678566674302235,Installation
Nine Mile Point Waste Transfer Facility,Newport,Caerphilly,Bespoke,Recovery or a mix of recovery and disposal of non-hazardous waste with a capacity exceeding 75 tonnes per day (or 100 tonnes per day if the only waste treatment activity is anaerobic digestion) involv,Effective,51.61464818635389,-3.1678566674302235,Installation
Nine Mile Point Waste Transfer Facility,Newport,Caerphilly,Bespoke,Recovery or a mix of recovery and disposal of non-hazardous waste with a capacity exceeding 75 tonnes per day (or 100 tonnes per day if the only waste treatment activity is anaerobic digestion) involv,Effective,51.61464818635389,-3.1678566674302235,Installation
Nine Mile Point Waste Transfer Facility,Newport,Caerphilly,Bespoke,Recovery or a mix of recovery and disposal of non-hazardous waste with a capacity exceeding 75 tonnes per day (or 100 tonnes per day if the only waste treatment activity is anaerobic digestion) involv,Effective,51.61464818635389,-3.1678566674302235,Installation
Nine Mile Point Waste Transfer Facility,Newport,Caerphilly,Bespoke,Recovery or a mix of recovery and disposal of non-hazardous waste with a capacity exceeding 75 tonnes per day (or 100 tonnes per day if the only waste treatment activity is anaerobic digestion) involv,Effective,51.61464818635389,-3.1678566674302235,Installation
Nine Mile Point Waste Transfer Facility,Newport,Caerphilly,Bespoke,Recovery or a mix of recovery and disposal of non-hazardous waste with a capacity exceeding 75 tonnes per day (or 100 tonnes per day if the only waste treatment activity is anaerobic digestion) involv,Effective,51.61464818635389,-3.1678566674302235,Installation
Nine Mile Point Waste Transfer Facility,Newport,Caerphilly,Bespoke,Recovery or a mix of recovery and disposal of non-hazardous waste with a capacity exceeding 75 tonnes per day (or 100 tonnes per day if the only waste treatment activity is anaerobic digestion) involv,Effective,51.61464818635389,-3.1678566674302235,Installation
Belan Newydd Poultry Unit,Newtown,Powys,Bespoke,"Rearing poultry or pigs intensively in an installation with more than 40,000 places for poultry",Effective,52.568736760766356,-3.295029567124507,Installation
GLJ Recycling,Newport,Caerphilly,Bespoke,Recovery or a mix of recovery and disposal of non-hazardous waste with a capacity exceeding 75 tonnes per day (or 100 tonnes per day if the only waste treatment activity is anaerobic digestion) involv,Effective,51.63402440937772,-3.1330837977165804,Installation
Hyppo Hydrogen Solutions Bay Studios,Swansea,Neath Port Talbot,Bespoke,"Producing inorganic chemicals such as:
(i) Gases (for example ammonia, hydrogen chloride, hydrogen fluoride, hydrogen cyanide, hydrogen sulphide, oxides of carbon, sulphur compounds, oxides of nitroge",Effective,51.62294560700629,-3.8748952698711667,Installation
Hydrogen Production Facility,Baglan,Neath Port Talbot,Bespoke,"Producing inorganic chemicals such as:
(i) Gases (for example ammonia, hydrogen chloride, hydrogen fluoride, hydrogen cyanide, hydrogen sulphide, oxides of carbon, sulphur compounds, oxides of nitroge",Effective,51.61580927579296,-3.8169241911549534,Installation
Circular Waste Solutions – Liquid Waste  Treatment Facility,Swansea,Swansea,Bespoke,,Effective,51.64652280022419,-4.01757961983214,Installation
Circular Waste Solutions – Liquid Waste  Treatment Facility,Swansea,Swansea,Bespoke,,Effective,51.64652280022419,-4.01757961983214,Installation
Circular Waste Solutions – Liquid Waste  Treatment Facility,Swansea,Swansea,Bespoke,,Effective,51.64652280022419,-4.01757961983214,Installation
South Side Queensway (SSQ),Newport,Newport,Bespoke,Recovery or a mix of recovery and disposal of non-hazardous waste with a capacity exceeding 75 tonnes per day (or 100 tonnes per day if the only waste treatment activity is anaerobic digestion) involv,Effective,51.570325026708524,-2.9149212640991697,Installation
South Side Queensway (SSQ),Newport,Newport,Bespoke,Recovery or a mix of recovery and disposal of non-hazardous waste with a capacity exceeding 75 tonnes per day (or 100 tonnes per day if the only waste treatment activity is anaerobic digestion) involv,Effective,51.570325026708524,-2.9149212640991697,Installation
South Side Queensway (SSQ),Newport,Newport,Bespoke,Recovery or a mix of recovery and disposal of non-hazardous waste with a capacity exceeding 75 tonnes per day (or 100 tonnes per day if the only waste treatment activity is anaerobic digestion) involv,Effective,51.570325026708524,-2.9149212640991697,Installation
South Side Queensway (SSQ),Newport,Newport,Bespoke,Recovery or a mix of recovery and disposal of non-hazardous waste with a capacity exceeding 75 tonnes per day (or 100 tonnes per day if the only waste treatment activity is anaerobic digestion) involv,Effective,51.570325026708524,-2.9149212640991697,Installation
Pencoed Peaking Power Plant,Bridgend,Bridgend,Bespoke,,Effective,51.52181244122307,-3.488264781950752,Installation
Feedstock Processing Centre,Holyhead,Isle of Anglesey,Bespoke,Recovery or a mix of recovery and disposal of non-hazardous waste with a capacity exceeding 75 tonnes per day (or 100 tonnes per day if the only waste treatment activity is anaerobic digestion) involv,Effective,53.29918184288756,-4.608251430377652,Installation
Brynthomas Farm,Llandrindod Wells,Powys,Bespoke,"Rearing poultry or pigs intensively in an installation with more than 40,000 places for poultry",Effective,52.246774669977334,-3.307061308968002,Installation
Cwm Farm Free Range Poultry,Newtown,Powys,Bespoke,"Rearing poultry or pigs intensively in an installation with more than 40,000 places for poultry",Effective,52.5484638456781,-3.38932150362168,Installation
Mekatek Ltd,Rhymney,Caerphilly,Bespoke,,Effective,51.752225852558226,-3.281996809101182,Installation
Mekatek Ltd,Rhymney,Caerphilly,Bespoke,,Effective,51.752225852558226,-3.281996809101182,Installation
Mekatek Ltd,Rhymney,Caerphilly,Bespoke,,Effective,51.752225852558226,-3.281996809101182,Installation
Mekatek Ltd,Rhymney,Caerphilly,Bespoke,,Effective,51.752225852558226,-3.281996809101182,Installation
Mekatek Ltd,Rhymney,Caerphilly,Bespoke,,Effective,51.752225852558226,-3.281996809101182,Installation
Mekatek Ltd,Rhymney,Caerphilly,Bespoke,,Effective,51.752225852558226,-3.281996809101182,Installation
Mekatek Ltd,Rhymney,Caerphilly,Bespoke,,Effective,51.752225852558226,-3.281996809101182,Installation
Mekatek Ltd,Rhymney,Caerphilly,Bespoke,,Effective,51.752225852558226,-3.281996809101182,Installation
Mekatek Ltd,Rhymney,Caerphilly,Bespoke,,Effective,51.752225852558226,-3.281996809101182,Installation
Mekatek Ltd,Rhymney,Caerphilly,Bespoke,,Effective,51.752225852558226,-3.281996809101182,Installation
Mekatek Ltd,Rhymney,Caerphilly,Bespoke,,Effective,51.752225852558226,-3.281996809101182,Installation
Mekatek Ltd,Rhymney,Caerphilly,Bespoke,,Effective,51.752225852558226,-3.281996809101182,Installation
Mekatek Ltd,Rhymney,Caerphilly,Bespoke,,Effective,51.752225852558226,-3.281996809101182,Installation
Mekatek Ltd,Rhymney,Caerphilly,Bespoke,,Effective,51.752225852558226,-3.281996809101182,Installation
Mekatek Ltd,Rhymney,Caerphilly,Bespoke,,Effective,51.752225852558226,-3.281996809101182,Installation
Mekatek Ltd,Rhymney,Caerphilly,Bespoke,,Effective,51.752225852558226,-3.281996809101182,Installation
Mekatek Ltd,Rhymney,Caerphilly,Bespoke,,Effective,51.752225852558226,-3.281996809101182,Installation
Mekatek Ltd,Rhymney,Caerphilly,Bespoke,,Effective,51.752225852558226,-3.281996809101182,Installation
Mekatek Ltd,Rhymney,Caerphilly,Bespoke,,Effective,51.752225852558226,-3.281996809101182,Installation
Mekatek Ltd,Rhymney,Caerphilly,Bespoke,,Effective,51.752225852558226,-3.281996809101182,Installation
Mekatek Ltd,Rhymney,Caerphilly,Bespoke,,Effective,51.752225852558226,-3.281996809101182,Installation
Mekatek Ltd,Rhymney,Caerphilly,Bespoke,,Effective,51.752225852558226,-3.281996809101182,Installation
Mekatek Ltd,Rhymney,Caerphilly,Bespoke,,Effective,51.752225852558226,-3.281996809101182,Installation
Mekatek Ltd,Rhymney,Caerphilly,Bespoke,,Effective,51.752225852558226,-3.281996809101182,Installation
Mekatek Ltd,Rhymney,Caerphilly,Bespoke,,Effective,51.752225852558226,-3.281996809101182,Installation
Mekatek Ltd,Rhymney,Caerphilly,Bespoke,,Effective,51.752225852558226,-3.281996809101182,Installation
Mekatek Ltd,Rhymney,Caerphilly,Bespoke,,Effective,51.752225852558226,-3.281996809101182,Installation
Black Hall Poultry Unit,Montgomery,,Bespoke,"Rearing poultry or pigs intensively in an installation with more than 40,000 places for poultry",Effective,52.53934822667521,-3.1769871163451233,Installation
Lower Mulsford,,,Bespoke,"Rearing poultry or pigs intensively in an installation with more than 40,000 places for poultry",Effective,52.99910171943753,-2.844578060720252,Installation
Pertheirin Free Range Poultry Init,Caersws,Powys,Bespoke,"Rearing poultry or pigs intensively in an installation with more than 40,000 places for poultry",Effective,52.52876705809017,-3.4630414635230333,Installation
Langdon Farm,Kilgetty,Pembrokeshire,Bespoke,"Rearing poultry or pigs intensively in an installation with more than 40,000 places for poultry",Effective,51.72933130103317,-4.756989310854354,Installation
Cinders Farm,Wrexham,Wrexham,Bespoke,,Effective,52.989275167615524,-3.008479296848791,Installation
Lower Hall Pullet Units,,,Bespoke,"Rearing poultry or pigs intensively in an installation with more than 40,000 places for poultry",Effective,52.69368044883091,-3.2620582841858767,Installation
Ystym Colwyn Farm,Welshpool,Powys,Bespoke,"Rearing poultry or pigs intensively in an installation with more than 40,000 places for poultry",Effective,52.740044897571785,-3.198607778209594,Installation
Glangwden Poultry Unit,Caersws,Powys,Bespoke,"Rearing poultry or pigs intensively in an installation with more than 40,000 places for poultry",Effective,52.48676181863073,-3.531986097061653,Installation
Maelor Foods Limited,Wrexham,Wrexham,Bespoke,Slaughtering animals at a plant with a carcass production capacity of more than 50 tonnes per day.,Effective,53.0141129869288,-2.9175068565403413,Installation
Maelor Foods Limited,Wrexham,Wrexham,Bespoke,Slaughtering animals at a plant with a carcass production capacity of more than 50 tonnes per day.,Effective,53.0141129869288,-2.9175068565403413,Installation
Maelor Foods Limited,Wrexham,Wrexham,Bespoke,Slaughtering animals at a plant with a carcass production capacity of more than 50 tonnes per day.,Effective,53.0141129869288,-2.9175068565403413,Installation
Gorn Poultry Unit,Llanidloes,,Bespoke,"Rearing poultry or pigs intensively in an installation with more than 40,000 places for poultry",Effective,52.44875512266841,-3.514038634345597,Installation
Llanshay Farm,Knighton,Powys,Bespoke,"Rearing poultry or pigs intensively in an installation with more than 40,000 places for poultry",Effective,52.338350963403286,-3.026229801129524,Installation
Viridis 178 Swansea Power Plant,Swansea,Swansea,Bespoke,Burning any fuel in an appliance with a rated thermal input of 50 or more megawatts,Effective,51.64937253587017,-4.013441817005087,Installation
Wrexham Mill,Wrexham,Wrexham CBC,Bespoke,"Treatment and processing, other than exclusively packaging, of the following raw materials, whether previously processed or unprocessed, intended for the production of food or feed (where the weight o",Effective,53.040739596035124,-2.9210105048978754,Installation
Upper Ffrydd Poultry Unit,Caersws,Powys,Bespoke,"Rearing poultry or pigs intensively in an installation with more than 40,000 places for poultry",Effective,52.517039960286475,-3.481368684412768,Installation
Genauhafod Poultry Unit,Newtown,Powys,Bespoke,"Rearing poultry or pigs intensively in an installation with more than 40,000 places for poultry",Effective,52.48114139487843,-3.3211402599858295,Installation
Cefn Barach Poultry Unit,Caersws,Powys,Bespoke,"Rearing poultry or pigs intensively in an installation with more than 40,000 places for poultry",Effective,52.51004726809355,-3.5306445907602524,Installation
Wern Heulog Poultry Unit,Builth Wells,Powys,Bespoke,"Rearing poultry or pigs intensively in an installation with more than 40,000 places for poultry",Effective,52.16969323596361,-3.34954513295529,Installation
Gaufron Farm,Llandrindod Wells,Powys,Bespoke,"Rearing poultry or pigs intensively in an installation with more than 40,000 places for poultry",Effective,52.20052103081386,-3.4059512804803034,Installation
Hendreboeth,Welshpool,Powys,Bespoke,"Rearing poultry or pigs intensively in an installation with more than 40,000 places for poultry",Effective,52.75903473270825,-3.154835652470375,Installation
Fron Bella Broiler Unit,Betws Y Coed,Conwy,Bespoke,"Rearing poultry or pigs intensively in an installation with more than 40,000 places for poultry",Effective,53.05841990810175,-3.645980436574447,Installation
Pwllpridd Free Range Poultry Unit,Aberystwyth,Ceredigion,Bespoke,"Rearing poultry or pigs intensively in an installation with more than 40,000 places for poultry",Effective,52.306505904976184,-3.981950310882883,Installation
SL Recycling Ltd,Pontypool,Torfaen,Bespoke,A20: Metal Recycling Site (mixed MRS's),Effective,51.68261406313282,-3.0121140160691144,Waste
Pembrokeshire Eco Park,Milford Haven,Pembrokeshire,Bespoke,"A11: Household, commercial and industrial waste transfer Stn",Effective,51.742907153803756,-5.057927429558994,Waste
Llanfoist Waste Transfer Station,Abergavenny,Monmouthshire,Bespoke,"SR: Household, Commercial & Industrial Waste Transfer Stn",Effective,51.81297705926055,-3.021865079255181,Waste
Bpi Recycled Products,Tredegar,,Bespoke,A16: Physical Treatment Facility,Effective,51.75525408599679,-3.2838211514313005,Waste
Wern Tarw Recycling Ltd,Bridgend,Mid Glamorgan,Bespoke,A16: Physical Treatment Facility,Effective,51.5238508782731,-3.6826876560529995,Waste
Rhuddlan Bach Quarry Landfill Site,Brynteg,Anglesey,Bespoke,L05: Inert Landfill,Effective,53.302270010259384,-4.27533859041127,Waste
Lelo Metal Recycling Ltd,Corwen,Denbighshire,Bespoke,A19: Metal Recycling Site (Vehicle Dismantler),Effective,53.03262768713895,-3.393414127000707,Waste
Glanyrafon Depot,Aberystwyth,Ceredigion,Bespoke,"A11: Household, commercial and industrial waste transfer Stn",Effective,52.40406613334658,-4.037849028123627,Waste
Unit 2,Cowbridge,South Glamorgan,Bespoke,"A11: Household, commercial and industrial waste transfer Stn",Effective,51.43505345653245,-3.5074545919499833,Waste
Summerleaze Pet Crematorium,Newport,Gwent,Bespoke,"SR: Household, Commercial & Industrial Waste Transfer Stn",Effective,51.5564269188951,-2.841251166932964,Waste
Glan Yr Afon Waste Transfer Station,Aberystwyth,Ceredigion,Bespoke,"A11: Household, commercial and industrial waste transfer Stn",Effective,52.40133884490716,-4.047895901685824,Waste
Swansea Drydocks Ltd,Swansea,,Bespoke,A20: Metal Recycling Site (mixed MRS's),Effective,51.611973812613755,-3.9222072637647165,Waste
Summerleaze Pet Crematorium,Newport,Gwent,Bespoke,"SR: Household, Commercial & Industrial Waste Transfer Stn",Effective,51.5564269188951,-2.841251166932964,Waste
Aberfan Household Waste And Recycling Centre,Aberfan,Merthyr Tydfil,Bespoke,A13: Household Waste Amenity Site,Effective,51.69522984192055,-3.342182021990442,Waste
Enviroventure Waste Solutions Ltd,Milford Haven,Pembs,Standard,SR/21: SR2011 No3: Vehicle Depollution Facility <5000 tpa,Effective,51.71584077541406,-4.995257677133142,Waste
Cox Skip And Waste Management Ltd,Pyle,Bridgend,Standard,S0801: SR2008 No1 : HCI Waste Transfer Station,Effective,51.5241599543676,-3.6837081149941766,Waste
Gwent Demolition & Construction Ltd,Kenfig,N P T,Bespoke,A20: Metal Recycling Site (mixed MRS's),Effective,51.537050275691584,-3.741298737371724,Waste
Llanwern Works Inert Waste Recycling Facility,Llanwern,Newport,Bespoke,A16: Physical Treatment Facility,Effective,51.570341067297136,-2.919769661325115,Waste
Cribarth Quarry,Builth Wells,Powys,Standard,S0908: SR2009 No8: Management of inert extractive waste at mines and quarries,Effective,52.16027832383852,-3.5335244968205024,Waste
Deeside Motorcycles,Connahs Quay,Deeside,Bespoke,A19: Metal Recycling Site (Vehicle Dismantler),Effective,53.22106804368275,-3.0550313335840444,Waste
Gary Catton Haulage Ltd,,Flintshire,Standard,S0811: SR2008 No11 : Inert & excavation Waste TS + treatment,Effective,53.23143751916316,-3.0360353231296697,Waste
Trident Commercial Holdings Limited Trading As Trident Metals,Deeside,Flintshire,Bespoke,A20: Metal Recycling Site (mixed MRS's),Effective,53.20440086749991,-3.006322569777466,Waste
St Davids Civic Amenity and recyciling centre,St Davids,Pembrokeshire,Bespoke,A13a: Household waste amenity site taking hazardous waste,Effective,51.89503168872751,-5.220604878834458,Waste
Hendy Recycling,Pontyclum,Mid Glamorgan,Bespoke,A14: Transfer Station taking Non-Biodegradable Wastes,Effective,51.521046548591016,-3.3634019025326074,Waste
Ty Mawr Farm Landfill,Abergele,Conwy,Bespoke,L05: Inert Landfill,Effective,53.26513426976632,-3.591760282644687,Waste
G P Motorcycles,Pontypridd,R C T,Bespoke,A19a: ELV Facility <2500 tonnes per year,Effective,51.595362163747765,-3.348864977247941,Waste
A C D Skips Ltd,Bridgend,Glamorgan,Bespoke,"SR: Household, Commercial & Industrial Waste Transfer Stn",Effective,51.54970567702705,-3.5804006574921448,Waste
Mekatek Ltd,Johnstown,Carmarthenshire,Bespoke,"A11: Household, commercial and industrial waste transfer Stn",Effective,51.84955428438084,-4.323858897976117,Waste
Celtic Recycling Ltd,Bridgend,Glamorgan,Bespoke,A16: Physical Treatment Facility,Effective,51.525223313361664,-3.686053831845144,Waste
Lamby Way Depot,Cardiff,Glamorgan,Bespoke,"SR: Household, Commercial & Industrial Waste Transfer Stn",Effective,51.49810077787642,-3.1241771191521597,Waste
Biodegradeable Waste Transfer Station,Ammanford,Carmarthenshire,Standard,S0805: SR2008 No5 : HCI Waste TS + asbestos,Effective,51.791577431629875,-3.9838957735564198,Waste
Bessemer Close Household And Commercial Waste Recycling Centre,Cardiff,Glamorgan,Bespoke,A13: Household Waste Amenity Site,Effective,51.4587205544294,-3.210435655199203,Waste
Bryn Aggregates Limited,,Caerphilly,Bespoke,A25: Deposit of waste to land as a recovery operation,Effective,51.65836363865441,-3.261910364564103,Waste
Caergylchu Waste Management Facility,Caernarfon,Gwynedd,Bespoke,"SR: Household, Commercial & Industrial Waste Transfer Stn",Effective,53.14107862200739,-4.243331050389655,Waste
Caergylchu Waste Management Facility,Caernarfon,Gwynedd,Bespoke,A13a: Household waste amenity site taking hazardous waste,Effective,53.14107862200739,-4.243331050389655,Waste
Gwynedd Skip And Plant Hire Ltd,Caernarfon,Gwynedd,Bespoke,"A11: Household, commercial and industrial waste transfer Stn",Effective,53.14023354505074,-4.246187699363117,Waste
Nantycaws Materials Recycling Facilities,Carmarthen,,Bespoke,A16: Physical Treatment Facility,Effective,51.83608588242951,-4.217576869618679,Waste
Gwynedd Council,Dolgellau,Gwynedd,Bespoke,A13: Household Waste Amenity Site,Effective,52.74646434304992,-3.8777350350104003,Waste
SL Recycling Ltd,Pontypool,Torfaen,Bespoke,"SR: Household, Commercial & Industrial Waste Transfer Stn",Effective,51.68261406313282,-3.0121140160691144,Waste
Bryn Lane Composting Facility,Wrexham,Clwyd,Bespoke,A15: Material Recycling Treatment Facility,Effective,53.05032801162705,-2.9179478804976204,Waste
Cwmamman Depot,Ammanford,Carmarthenshire,Bespoke,"SR: Household, Commercial & Industrial Waste Transfer Stn",Effective,51.806396254456736,-3.9211281188200067,Waste
Withyhedge Material Recycling Facility,Haverfordwest,Pembrokeshire,Bespoke,"SR: Household, Commercial & Industrial Waste Transfer Stn",Effective,51.84261159374655,-4.957193440147648,Waste
Ty'n Y Coed,Penrhyndeudraeth,Gwynedd,Bespoke,"SR: Household, Commercial & Industrial Waste Transfer Stn",Effective,52.92143900900787,-4.100151502493084,Waste
Kinmel Park Depot,Bodelwyddan,Denbighshire,Standard,S0801: SR2008 No1 : HCI Waste Transfer Station,Effective,53.2644189620946,-3.509223388399463,Waste
St Davids Civic Amenity and recyciling centre,St Davids,Pembrokeshire,Bespoke,A13a: Household waste amenity site taking hazardous waste,Effective,51.89503168872751,-5.220604878834458,Waste
Penrhyndeudraeth Works,Penrhyndeudraeth,Gwynedd,Bespoke,"SR: Household, Commercial & Industrial Waste Transfer Stn",Effective,52.9278622606223,-4.057821390501133,Waste
National Grid Electricity Distribution Bridgend,Bridgend,Pen-y-bont ar Ogwr,Standard,S1215: SR2012 No15: Storage of electrical insulating oils,Effective,51.50592116314418,-3.571147125033321,Waste
Ffrwdgrech Depot,Brecon,Powys,Bespoke,"SR: Household, Commercial & Industrial Waste Transfer Stn",Effective,51.943328262285014,-3.4080627033152804,Waste
Atlantic Household Waste Recycling Centre,Barry,South Glamorgan,Bespoke,A13: Household Waste Amenity Site,Effective,51.39764708307019,-3.2455786139508107,Waste
Swansea Baling Plant,Swansea,,Bespoke,A13a: Household waste amenity site taking hazardous waste,Effective,51.65815123493586,-3.919925014244213,Waste
Step Up Skips,Merthyr Tydfil,Glamorgan,Bespoke,"SR: Household, Commercial & Industrial Waste Transfer Stn",Effective,51.67133743933788,-3.300752415493511,Waste
Maes Mynan Quarry,Mold,Clwyd,Bespoke,A25: Deposit of waste to land as a recovery operation,Effective,53.237757608691105,-3.317282569375716,Waste
Carew Pavilion,Tenby,,Bespoke,A20: Metal Recycling Site (mixed MRS's),Effective,51.68869677960526,-4.809402445407227,Waste
Bishops Auto Spares,,Swansea,Bespoke,A19a: ELV Facility <2500 tonnes per year,Effective,51.69081953618354,-3.898968102794653,Waste
Penrhos Depot Hazardous Waste Transfer Station,Llandysul,Ceredigion,Bespoke,"A11: Household, commercial and industrial waste transfer Stn",Effective,52.08439815174946,-4.363427876944736,Waste
Rosedew Farm,Llantwit Major,Vale of Glamorgan,Standard,SR/17: SR2010 No17: Storage of anaerobic digestate,Effective,51.39736537289187,-3.473641339319178,Waste
Aberbargoed Civic Amenity Site,Bargoed,Caerphilly,Bespoke,A13: Household Waste Amenity Site,Effective,51.683962561600666,-3.2159283399516982,Waste
Capital Valley Recycling,Tredegar,Caerphilly,Standard,S0811: SR2008 No11 : Inert & excavation Waste TS + treatment,Effective,51.756830646518914,-3.288473242293853,Waste
Penycoed Landfill,Carmarthen,Carmarthenshire,Bespoke,A05: Landfill taking Non-Biodegradeable Wastes,Effective,51.838707437010974,-4.258424814155852,Waste
ARTICO Environmental Limited,Port Talbot,Neath Port Talbot,Standard,S0809: SR2008 No9 : Asbestos Waste Transfer Station,Effective,51.61579371135962,-3.8161869029545556,Waste
Dolyhir & Strinds Quarries,Old Radnor,Presteigne,Standard,S0908: SR2009 No8: Management of inert extractive waste at mines and quarries,Effective,52.21989370618698,-3.114094335731446,Waste
Denbigh Civic Amenity Site,Denbigh,Denbighshire,Bespoke,A13a: Household waste amenity site taking hazardous waste,Effective,53.18992378306633,-3.414540154263071,Waste
Major Motors Services Ltd,Cardiff,Glamorgan,Bespoke,A19: Metal Recycling Site (Vehicle Dismantler),Effective,51.47358717395738,-3.2005342385140794,Waste
Cox Skip And Waste Management Ltd,Pyle,Bridgend,Standard,S0801: SR2008 No1 : HCI Waste Transfer Station,Effective,51.5241599543676,-3.6837081149941766,Waste
Waterloo Recycling Centre,Pembroke Dock,Pembrokeshire,Bespoke,A13: Household Waste Amenity Site,Effective,51.695867753797245,-4.920922831482653,Waste
Plot 12a,Milford Haven,Pembrokeshire,Standard,"S1214: SR2012 No14: Metal recycling, vehicle storage, depollution",Effective,51.71486464415825,-4.994034818012459,Waste
Broughshire Ltd,Bridgend,Glamorgan,Bespoke,A20: Metal Recycling Site (mixed MRS's),Effective,51.51987413544817,-3.565314204306014,Waste
A48 Auto Salvage,Bridgend,Glamorgan,Bespoke,A19a: ELV Facility <2500 tonnes per year,Effective,51.511153352199145,-3.6739188646603798,Waste
Waterton Depot,Bridgend,Glamorgan,Bespoke,A14: Transfer Station taking Non-Biodegradable Wastes,Effective,51.49743259693981,-3.5433818767489584,Waste
Gardden Claypit 1 Midlands,Wrexham,Clwyd,Bespoke,"A04: Household, Commercial & Industrial Waste Landfill",Effective,52.99518837627362,-3.043079379477904,Waste
PHS Group Cardiff,Cardiff,,Bespoke,A12: Clinical Waste Transfer Station,Effective,51.54473989944932,-3.265556103071453,Waste
Fenestration Recycling Company Limited,Neath,,Bespoke,A16: Physical Treatment Facility,Effective,51.65145597698781,-3.840510412639971,Waste
Project Red Recycling,Efail Isaf,Pontypridd,Bespoke,"SR: Household, Commercial & Industrial Waste Transfer Stn",Effective,51.54355472148479,-3.336732840513642,Waste
Coalbrook Motors Ltd,,Grovesend,Bespoke,A19a: ELV Facility <2500 tonnes per year,Effective,51.68291901245737,-4.0392334433949415,Waste
North Powys Bulking Facility,,Powys,Bespoke,"SR: Household, Commercial & Industrial Waste Transfer Stn",Effective,52.53918701017333,-3.243732265323464,Waste
Clover Auto Parts,Wrexham,Wrexham,Standard,"S1214: SR2012 No14: Metal recycling, vehicle storage, depollution",Effective,53.02758154691488,-2.9253225047360063,Waste
East Moors Waste Transfer Station,Cardiff,Cardiff,Bespoke,"A11: Household, commercial and industrial waste transfer Stn",Effective,51.47465378185569,-3.1588775729714005,Waste
Waste Management Ltd,Mona,Anglesey,Bespoke,"SR: Household, Commercial & Industrial Waste Transfer Stn",Effective,53.25426139653041,-4.372501108080614,Waste
New Horizon Plastics Co Ltd,Flint,Flintshire,Bespoke,A09: Hazardous waste transfer station,Effective,53.253396471639604,-3.1349240977730517,Waste
Aberbargoed Civic Amenity Site,Bargoed,Caerphilly,Bespoke,A13: Household Waste Amenity Site,Effective,51.683962561600666,-3.2159283399516982,Waste
Coalbrook Motors Ltd,,Grovesend,Bespoke,A19a: ELV Facility <2500 tonnes per year,Effective,51.68291901245737,-4.0392334433949415,Waste
Crownhill Topsoil and Aggregates,Caldicot,Monmouthshire,Bespoke,A16: Physical Treatment Facility,Effective,51.62488699108642,-2.7748664824313884,Waste
Penrhyndeudraeth Works,Penrhyndeudraeth,Gwynedd,Bespoke,A19: Metal Recycling Site (Vehicle Dismantler),Effective,52.9278622606223,-4.057821390501133,Waste
Neville's Dock,Llanelli,Carmarthenshire,Bespoke,A20: Metal Recycling Site (mixed MRS's),Effective,51.66845312340758,-4.165601177479981,Waste
Llandow Metals Ltd,Cowbridge,Vale of Glamorgan,Bespoke,A19a: ELV Facility <2500 tonnes per year,Effective,51.43770071182419,-3.5085776742808616,Waste
Brecon Recycling Centre,Brecon,Powys,Bespoke,"SR: Household, Commercial & Industrial Waste Transfer Stn",Effective,51.93986052561493,-3.412318395326156,Waste
New House Lagoon,Abergavenny,Monmouthshire,Standard,SR/17: SR2010 No17: Storage of anaerobic digestate,Effective,51.83847753397166,-2.9296227497394596,Waste
LCS Scrap Metals,Kilgetty,,Standard,S0803: SR2008 No3 : HCI Waste TS + treatment,Effective,51.73300657111063,-4.750217342064378,Waste
Wernddu Civic Amenity And Transfer Station,Ammanford,Carmarthenshire,Bespoke,"SR: Household, Commercial & Industrial Waste Transfer Stn",Effective,51.81996781828778,-3.9639729939384853,Waste
Rhuddlan Bach Quarry Landfill Site,Brynteg,Anglesey,Bespoke,L05: Inert Landfill,Effective,53.302270010259384,-4.27533859041127,Waste
Elis UK Limited,Chepstow,Monmouthshire,Bespoke,A12: Clinical Waste Transfer Station,Effective,51.63236897947212,-2.6694635547706023,Waste
Entrec Ltd,Wrexham,,Bespoke,A19: Metal Recycling Site (Vehicle Dismantler),Effective,53.03870644583363,-2.9223691026175413,Waste
Hafod Yard Transfer Station,Wrexham,,Bespoke,A19: Metal Recycling Site (Vehicle Dismantler),Effective,53.01048197027048,-3.028364671833535,Waste
United Recycled Aggregates Ltd,Swansea,,Standard,"SR/12: SR2010 No12: Treatment of waste to produce soil <75,000 tpa",Effective,51.65790078368366,-3.9187433255726867,Waste
Caergylchu Waste Management Facility,Caernarfon,Gwynedd,Bespoke,"SR: Household, Commercial & Industrial Waste Transfer Stn",Effective,53.14107862200739,-4.243331050389655,Waste
Llanddulas Quarry Waste Treatment Centre,Abergele,Conwy,Bespoke,A16: Physical Treatment Facility,Effective,53.28886343549429,-3.6573478652732496,Waste
Servmax Ltd,Abergavenny,,Standard,S0803: SR2008 No3 : HCI Waste TS + treatment,Effective,51.801658837283654,-2.935231664447939,Waste
Thomas Brothers,Milford Haven,Pembrokeshire,Standard,S0803: SR2008 No3 : HCI Waste TS + treatment,Effective,51.715588612460806,-4.994212983723148,Waste
1st Choice Vehicle Dismantlers,Cardiff,Glamorgan,Bespoke,A19: Metal Recycling Site (Vehicle Dismantler),Effective,51.47554184790776,-3.137056657874654,Waste
Hangar 208,Barry,Vale of Glamorgan,Bespoke,A19: Metal Recycling Site (Vehicle Dismantler),Effective,51.40965302734521,-3.4414972894898455,Waste
Glan Yr Afon Waste Transfer Station,Aberystwyth,Ceredigion,Bespoke,"A11: Household, commercial and industrial waste transfer Stn",Effective,52.40133884490716,-4.047895901685824,Waste
The Maesydd,Welshpool,Powys,Standard,"S1210: SR2012 No10: On-farm AD facility using farm wastes only, use of the biogas <100tpd",Effective,52.717918475467215,-3.08295237641069,Waste
Bryn Pica Waste Operations,Aberdare,R C T,Bespoke,"A11: Household, commercial and industrial waste transfer Stn",Effective,51.73911398025146,-3.4368255529056135,Waste
Llanfoist Waste Transfer Station,Abergavenny,Monmouthshire,Bespoke,"SR: Household, Commercial & Industrial Waste Transfer Stn",Effective,51.81297705926055,-3.021865079255181,Waste
Nant Newydd Quarry,,Anglesey,Bespoke,A16: Physical Treatment Facility,Effective,53.30471936803662,-4.279371382564566,Waste
Carew Car Dismantlers,Tenby,Pembrokeshire,Bespoke,A19a: ELV Facility <2500 tonnes per year,Effective,51.688107633284545,-4.818221470651089,Waste
"Biogenie Wastewater Treatment Plant, Glan Llyn, St Modwen Development Site",Newport,Newport,Bespoke,A17: Physico-Chemical Treatment Facility,Effective,51.57280302275644,-2.9199925197655276,Waste
Talfarn Farm,St. Clears,Carmarthenshire,Bespoke,A25: Deposit of waste to land as a recovery operation,Effective,51.79592647293156,-4.53835919860931,Waste
Plot 12a,Milford Haven,Pembrokeshire,Standard,"S1214: SR2012 No14: Metal recycling, vehicle storage, depollution",Effective,51.71486464415825,-4.994034818012459,Waste
Pyle Community Recycling Centre,Bridgend,Bridgend,Bespoke,A13a: Household waste amenity site taking hazardous waste,Effective,51.524404391249554,-3.681713413539768,Waste
Bryn Pica Waste Operations,Aberdare,R C T,Bespoke,A16: Physical Treatment Facility,Effective,51.73911398025146,-3.4368255529056135,Waste
Cwmamman Depot,Ammanford,Carmarthenshire,Bespoke,"SR: Household, Commercial & Industrial Waste Transfer Stn",Effective,51.806396254456736,-3.9211281188200067,Waste
Cardiff Arms Salvage,Cardiff,Glamorgan,Bespoke,A19a: ELV Facility <2500 tonnes per year,Effective,51.46878039193119,-3.178884506307797,Waste
Dyfed Recycling Services,Llanelli,Carmarthenshire,Bespoke,"SR: Household, Commercial & Industrial Waste Transfer Stn",Effective,51.691590065319716,-4.130272223557306,Waste
Byass Works,Port Talbot,Neath Port Talbot,Standard,"SR: Household, Commercial & Industrial Waste Transfer Stn",Effective,51.5923323058576,-3.7887011139725444,Waste
J & A Metals Recycling Centre,Crosshands,Carmarthenshire,Bespoke,"SR: Household, Commercial & Industrial Waste Transfer Stn",Effective,51.78208881618642,-4.06592912651687,Waste
Oakenholt Household Waste Recycling Centre,Flint,Flintshire,Bespoke,A13a: Household waste amenity site taking hazardous waste,Effective,53.23533726444855,-3.100390368128194,Waste
Manorowen Civic Amenity and recycling centre,Fishguard,Pembrokeshire,Bespoke,A13a: Household waste amenity site taking hazardous waste,Effective,51.98054064875524,-5.007857643564131,Waste
A Skip 2 U Ltd,Mold,Flintshire,Standard,S0801: SR2008 No1 : HCI Waste Transfer Station,Effective,53.153251597717265,-3.0841730897683046,Waste
Parry and Evans Ltd,,Flintshire,Bespoke,"SR: Household, Commercial & Industrial Waste Transfer Stn",Effective,53.224864633084366,-3.004750278789408,Waste
H K Motors,Minera,Wrexham,Bespoke,A19: Metal Recycling Site (Vehicle Dismantler),Effective,53.05313952493408,-3.0867454127857914,Waste
Garngoch Civic Amenity Site,Garngoch Ind Est,Llansamle,Bespoke,"SR: Household, Commercial & Industrial Waste Transfer Stn",Effective,51.65105085831103,-3.6525721456453604,Waste
Green Skips Environmental Ltd,Gaerwen,Ynys Mon,Bespoke,"SR: Household, Commercial & Industrial Waste Transfer Stn",Effective,53.21827488321618,-4.283494873057895,Waste
C A D Recycling Ltd,Denbigh,Denbighshire,Standard,S0803: SR2008 No3 : HCI Waste TS + treatment,Effective,53.19104152129606,-3.411254099945001,Waste
Penrhos Depot Hazardous Waste Transfer Station,Llandysul,Ceredigion,Bespoke,"A11: Household, commercial and industrial waste transfer Stn",Effective,52.08439815174946,-4.363427876944736,Waste
Broughshire Ltd,Bridgend,Glamorgan,Bespoke,A20: Metal Recycling Site (mixed MRS's),Effective,51.51987413544817,-3.565314204306014,Waste
New Inn Waste Transfer Station,Torfaen,,Bespoke,A13a: Household waste amenity site taking hazardous waste,Effective,51.69223787533471,-3.019056168006587,Waste
Griffiths Waste Solutions,Haverfordwest,Pembs,Bespoke,"SR: Household, Commercial & Industrial Waste Transfer Stn",Effective,51.82596420833536,-4.958976031768291,Waste
Lovatt Brothers,Montgomery,Powys,Bespoke,A20: Metal Recycling Site (mixed MRS's),Effective,52.52051294583643,-3.2187681870444234,Waste
Brecon Transfer Station - Cwrt Y Plyffin,Brecon,Powys,Bespoke,"SR: Household, Commercial & Industrial Waste Transfer Stn",Effective,51.97526879800102,-3.3249126576829884,Waste
Vale of Glamorgan Resource Recovery Facility,Barry,Vale of Glamorgan,Bespoke,A09: Hazardous waste transfer station,Effective,51.3978719456124,-3.2464184617191676,Waste
Cwrtgwenddwr Wood Recycling Facility,Builth Wells,,Bespoke,A16: Physical Treatment Facility,Effective,52.10417508195964,-3.3573777618543024,Waste
Bryn Pica Waste Operations,Aberdare,R C T,Bespoke,A15: Material Recycling Treatment Facility,Effective,51.73911398025146,-3.4368255529056135,Waste
Byass Works,Port Talbot,Neath Port Talbot,Standard,"SR: Household, Commercial & Industrial Waste Transfer Stn",Effective,51.5923323058576,-3.7887011139725444,Waste
Cefn Graianog Quarry,Caernarfon,Gwynedd,Bespoke,A16: Physical Treatment Facility,Effective,53.01504907157966,-4.297166142816173,Waste
Brookhill Transfer Station,Buckley,Flintshire,Bespoke,"SR: Household, Commercial & Industrial Waste Transfer Stn",Effective,53.18305357249869,-3.0809591474766895,Waste
Linton Yard,Llanelli,,Bespoke,"A11: Household, commercial and industrial waste transfer Stn",Effective,51.666369669899375,-4.098098307826257,Waste
Lovatt Brothers,Montgomery,Powys,Bespoke,A20: Metal Recycling Site (mixed MRS's),Effective,52.52051294583643,-3.2187681870444234,Waste
Greenacres Skip Hire,Fishguard,Pembrokeshire,Bespoke,"SR: Household, Commercial & Industrial Waste Transfer Stn",Effective,51.97216751942795,-5.006801324084675,Waste
J Pesci & Sons Ltd,Caerphilly,Glamorgan,Bespoke,A20: Metal Recycling Site (mixed MRS's),Effective,51.568948660640835,-3.2002748365996703,Waste
Tip Top Toilets Waste Transfer Station,Aberdare,,Bespoke,"SR: Household, Commercial & Industrial Waste Transfer Stn",Effective,51.745411713976296,-3.459158721207806,Waste
Glan Yr Afon Waste Transfer Station,Aberystwyth,Ceredigion,Bespoke,"A11: Household, commercial and industrial waste transfer Stn",Effective,52.40133884490716,-4.047895901685824,Waste
S And K Matthews Skip Hire,Wrexham,Clwyd,Bespoke,"SR: Household, Commercial & Industrial Waste Transfer Stn",Effective,53.06148844088384,-3.0830608513351643,Waste
Grove Farm Autos,Aberdare,R C T,Bespoke,A19a: ELV Facility <2500 tonnes per year,Effective,51.73148619558427,-3.502456439775416,Waste
Clays Site,Wrexham,Clwyd,Bespoke,A25: Deposit of waste to land as a recovery operation,Effective,53.05422068939748,-2.9317865226548085,Waste
Gwynedd Council,Dolgellau,Gwynedd,Bespoke,A13: Household Waste Amenity Site,Effective,52.74646434304992,-3.8777350350104003,Waste
Llandygai Civic Amenity Site,Bangor,Gwynedd,Bespoke,A13: Household Waste Amenity Site,Effective,53.21737131827235,-4.108673952138301,Waste
Rhyl Recycling Park,Rhyl,Denbighshire,Bespoke,A13a: Household waste amenity site taking hazardous waste,Effective,53.31006018081115,-3.497024355904645,Waste
Timet Landfill,Waunarlwydd,,Bespoke,A07: Industrial Waste Landfill (Factory curtilage),Effective,51.647595166728514,-4.022151644513746,Waste
Brother Industries (U.K.) Ltd.,Wrexham,Clwyd,Bespoke,A15: Material Recycling Treatment Facility,Effective,53.00217694337393,-3.0395820257011876,Waste
Kings Dock,Swansea,Swansea,Bespoke,A15: Material Recycling Treatment Facility,Effective,51.61734366836024,-3.90668904139224,Waste
Bayliss Metals,Cardiff,,Bespoke,A19: Metal Recycling Site (Vehicle Dismantler),Effective,51.47513470518577,-3.13824164512871,Waste
New Inn Waste Transfer Station,Torfaen,,Bespoke,"A11: Household, commercial and industrial waste transfer Stn",Effective,51.69223787533471,-3.019056168006587,Waste
Roseheyworth Household Waste Recycling Centre,Abertillery,Blaenau Gwent,Bespoke,A13a: Household waste amenity site taking hazardous waste,Effective,51.74446051626953,-3.15325565025239,Waste
Alltami Depot,Alltami,Flintshire,Bespoke,"SR: Household, Commercial & Industrial Waste Transfer Stn",Effective,53.18753336476998,-3.0894977318776484,Waste
Gellia'r-gwellt Uchaf Transfer & Composting Station,Hengoed,Caerphilly,Bespoke,"SR: Household, Commercial & Industrial Waste Transfer Stn",Effective,51.65998043464665,-3.2679118337728847,Waste
Greenacres Skip Hire,Fishguard,Pembrokeshire,Bespoke,"SR: Household, Commercial & Industrial Waste Transfer Stn",Effective,51.97216751942795,-5.006801324084675,Waste
Swansea Baling Plant,Swansea,,Bespoke,A13a: Household waste amenity site taking hazardous waste,Effective,51.65815123493586,-3.919925014244213,Waste
Riverside Skips Transfer Station,St Asaph,Denbighshire,Bespoke,"SR: Household, Commercial & Industrial Waste Transfer Stn",Effective,53.26045704347883,-3.4511091219653505,Waste
Former J R Steelworks,Swansea,West Galmorgan,Bespoke,A15: Material Recycling Treatment Facility,Effective,51.67698291639208,-3.9703047516978676,Waste
Refail Newydd,Holyhead,Gwynedd,Standard,S0807: SR2008 No7 : HCI Waste TS + treatment + asbestos,Effective,53.27126729960266,-4.497704769244292,Waste
Bethel Construction Ltd,Swansea,Mid Glam,Standard,"SR/09: SR2010 No9: Use of waste for reclamation etc <50,000 tpa",Effective,51.66006846130421,-3.891001941474865,Waste
Gwalchmai Civic Amenity Site,Holyhead,Ynys Mon,Bespoke,A09: Hazardous waste transfer station,Effective,53.260381332233315,-4.42887431753649,Waste
Gwrtaith Gwynedd,Pwllheli,Gwynedd,Bespoke,A22: Composting Facility,Effective,52.91412732072606,-4.296936020218643,Waste
Rhayader Depot,,,Bespoke,"SR: Household, Commercial & Industrial Waste Transfer Stn",Effective,52.30011506935123,-3.51701366761677,Waste
U R A Cardfiff Docks Site,Cardiff,,Bespoke,A16: Physical Treatment Facility,Effective,51.4635294736797,-3.148043920702092,Waste
Natural U K Ltd Healthcare Management Facility,Ammanford,Carmarthenshire,Bespoke,"A11: Household, commercial and industrial waste transfer Stn",Effective,51.78000338004399,-4.040666469090143,Waste
Ruthin Waste Transfer Station,Ruthin,Denbighshire,Bespoke,"SR: Household, Commercial & Industrial Waste Transfer Stn",Effective,53.12177123257986,-3.3118647545780524,Waste
Gellia'r-gwellt Uchaf Transfer & Composting Station,Hengoed,Caerphilly,Bespoke,A22: Composting Facility,Effective,51.65998043464665,-3.2679118337728847,Waste
Oakenholt Household Waste Recycling Centre,Flint,Flintshire,Bespoke,A13a: Household waste amenity site taking hazardous waste,Effective,53.23533726444855,-3.100390368128194,Waste
National Engine Centre,Tremorfa Ind Est,Cardiff,Standard,SR/21: SR2011 No3: Vehicle Depollution Facility <5000 tpa,Effective,51.475862986138644,-3.135466335774273,Waste
Ffridd Rasus Waste Management Facility,Harlech,Gwynedd,Bespoke,A13a: Household waste amenity site taking hazardous waste,Effective,52.883453508043445,-4.112746687017449,Waste
Major Motors Services Ltd,Cardiff,Glamorgan,Bespoke,A19: Metal Recycling Site (Vehicle Dismantler),Effective,51.47358717395738,-3.2005342385140794,Waste
"Biogenie Wastewater Treatment Plant, Glan Llyn, St Modwen Development Site",Newport,Newport,Bespoke,A17: Physico-Chemical Treatment Facility,Effective,51.57280302275644,-2.9199925197655276,Waste
Land Adajcent To Herbert Road,Newport,,Bespoke,A25: Deposit of waste to land as a recovery operation,Effective,51.59821904991837,-2.9846526790422367,Waste
Envik Waste Recycling Services,,Rhondda Cynon Taf,Bespoke,A16a: Hazardous waste physical treatment facility,Effective,51.52984504795902,-3.4041896271096155,Waste
Cymmer Household Waste Recycling Centre,Port Talbot,,Bespoke,A13: Household Waste Amenity Site,Effective,51.651155821388166,-3.6521423021512462,Waste
Gwrthwynt Waste Transfer Station,Newcastle Emlyn,Ceredigion,Bespoke,"SR: Household, Commercial & Industrial Waste Transfer Stn",Effective,52.09263366525518,-4.499448505074015,Waste
Brindley Road,Cardiff,Glamorgan,Bespoke,"SR: Household, Commercial & Industrial Waste Transfer Stn",Effective,51.45882413912266,-3.200362667650746,Waste
Ruthin Waste Transfer Station,Ruthin,Denbighshire,Bespoke,"SR: Household, Commercial & Industrial Waste Transfer Stn",Effective,53.12177123257986,-3.3118647545780524,Waste
G Davies Skip Hire,Port Talbot,N P T,Bespoke,"SR: Household, Commercial & Industrial Waste Transfer Stn",Effective,51.61200328336094,-3.7670153732699663,Waste
Melin Plas Du,Pwllheli,Gwynedd,Bespoke,"SR: Household, Commercial & Industrial Waste Transfer Stn",Effective,52.937250415545655,-4.377021789488924,Waste
Five Lanes Transfer Station And H W R C,Caldicott,Monmouthshire,Bespoke,"A11: Household, commercial and industrial waste transfer Stn",Effective,51.615333115574536,-2.8049905890229025,Waste
K M Environmental Ltd,St Asaph,Denbighshire,Bespoke,A16: Physical Treatment Facility,Effective,53.263262635085454,-3.422702297968371,Waste
Pembrokeshire Eco Park,Milford Haven,Pembrokeshire,Bespoke,"A11: Household, commercial and industrial waste transfer Stn",Effective,51.742907153803756,-5.057927429558994,Waste
Parfitt Scrapyard,Brynmawr,Blaenau Gwent,Bespoke,A19a: ELV Facility <2500 tonnes per year,Effective,51.791505966626396,-3.170332559983658,Waste
The Waste Transfer Station,Bridgend,Glamorgan,Bespoke,"SR: Household, Commercial & Industrial Waste Transfer Stn",Effective,51.51150202661536,-3.6715393957480416,Waste
National Grid Electricity Distribution Mill Brook Drive,Swansea,Abertawe,Standard,S1215: SR2012 No15: Storage of electrical insulating oils,Effective,51.67210635579735,-3.90508371586427,Waste
Bagillt Landfill Site,Bagillt,Flintshire,Bespoke,A05: Landfill taking Non-Biodegradeable Wastes,Effective,53.270131149861996,-3.1687612364260374,Waste
Cwmbran Service Centre,Cwmbran,Torfaen,Bespoke,A12: Clinical Waste Transfer Station,Effective,51.656764011935564,-3.0316755636846415,Waste
Cole Contractors Cardiff,Cardiff,Cardiff,Bespoke,A16: Physical Treatment Facility,Effective,51.46802850880284,-3.2033252489860895,Waste
Paperback Collection & Recycling Ltd,Deeside,Clwyd,Bespoke,A16: Physical Treatment Facility,Effective,53.22450857751897,-3.0181030822153154,Waste
Trostre Civic Amenity / Transfer Station,Llanelli,Carmarthenshire,Bespoke,A13: Household Waste Amenity Site,Effective,51.674392085842804,-4.136436354530663,Waste
Cymmer Household Waste Recycling Centre,Port Talbot,,Bespoke,A13: Household Waste Amenity Site,Effective,51.651155821388166,-3.6521423021512462,Waste
Unit 1- Crugmore Farm,Cardigan,Ceredigion,Bespoke,A25: Deposit of waste to land as a recovery operation,Effective,52.09417021414923,-4.624790574590682,Waste
JD Jones Recycling,Pembroke Dock,Sir Benfro,Standard,"S1214: SR2012 No14: Metal recycling, vehicle storage, depollution",Effective,51.69539716180284,-4.92825899466323,Waste
Landfarm 7,Milford Haven,Pembrokeshire,Bespoke,A23: Biological Treatment Facility,Effective,51.73851096903304,-5.072667571551059,Waste
Intelligent Lifecycle Solutions,Tonypandy,,Bespoke,A20: Metal Recycling Site (mixed MRS's),Effective,51.60012366477616,-3.4334152028964837,Waste
Dirtbusters Mini & Midi Skips,Kinmel Bay,Conwy,Bespoke,"SR: Household, Commercial & Industrial Waste Transfer Stn",Effective,53.30932477965626,-3.5083006527247553,Waste
British Soil Western Ltd,Wenvoe,Glamorgan,Bespoke,A16: Physical Treatment Facility,Effective,51.451487386061444,-3.257751054388138,Waste
Brookhill Transfer Station,Buckley,Flintshire,Bespoke,"SR: Household, Commercial & Industrial Waste Transfer Stn",Effective,53.18305357249869,-3.0809591474766895,Waste
Diggers Dismantlers,Cardiff,Glamorgan,Bespoke,A19a: ELV Facility <2500 tonnes per year,Effective,51.47573942502353,-3.136154425805391,Waste
Unit 2,Cowbridge,South Glamorgan,Bespoke,"A11: Household, commercial and industrial waste transfer Stn",Effective,51.43505345653245,-3.5074545919499833,Waste
S & R Whistance,Chepstow,,Standard,"SR/12: SR2010 No12: Treatment of waste to produce soil <75,000 tpa",Effective,51.63005543341256,-2.736003842983752,Waste
Halfway Motor Spares,Haverfordwest,Pembrokeshire,Bespoke,A19a: ELV Facility <2500 tonnes per year,Effective,51.76225781377132,-4.993171336449744,Waste
Llanddulas Composting Facility,Conwy,Clwyd,Bespoke,A22: Composting Facility,Effective,53.2799890432406,-3.647074804865345,Waste
Pen Y Palmant Farm,Wrexham,Wrexham,Standard,SR/21: SR2011 No3: Vehicle Depollution Facility <5000 tpa,Effective,53.062675223033125,-3.0860005628483327,Waste
Cillefwr Depot,Carmarthen,Carmarthenshire,Bespoke,"SR: Household, Commercial & Industrial Waste Transfer Stn",Effective,51.847380436170184,-4.329191730833966,Waste
Glan Yr Afon Civic Amenity Site,Aberystwyth,Ceredigion,Bespoke,A13a: Household waste amenity site taking hazardous waste,Effective,52.401316728353144,-4.047615571719817,Waste
Hafod Yard Transfer Station,Wrexham,,Bespoke,"A11: Household, commercial and industrial waste transfer Stn",Effective,53.01048197027048,-3.028364671833535,Waste
Cox Skip And Waste Management Ltd,Pyle,Bridgend,Standard,S0801: SR2008 No1 : HCI Waste Transfer Station,Effective,51.5241599543676,-3.6837081149941766,Waste
Rhuddlan Bach Quarry Landfill Site,Brynteg,Anglesey,Bespoke,"SR: Household, Commercial & Industrial Waste Transfer Stn",Effective,53.302270010259384,-4.27533859041127,Waste
Carew Car Dismantlers,Tenby,Pembrokeshire,Bespoke,A19a: ELV Facility <2500 tonnes per year,Effective,51.688107633284545,-4.818221470651089,Waste
GP Biotec Waste Storage,Brecon,Powys,Standard,SR/17: SR2010 No17: Storage of anaerobic digestate,Effective,52.00905091776419,-3.230258965921468,Waste
Fred Lloyd & Sons Ltd,Pontypool,Gwent,Bespoke,"SR: Household, Commercial & Industrial Waste Transfer Stn",Effective,51.69360016129466,-3.016453585148093,Waste
Longlife Spares,Llanbradach,Caerphilly,Bespoke,A19: Metal Recycling Site (Vehicle Dismantler),Effective,51.60938785824782,-3.2320728410489625,Waste
I Hayward Ltd,Wrexham,Clwyd,Bespoke,A20: Metal Recycling Site (mixed MRS's),Effective,52.99765034642283,-3.043213230070392,Waste
Rhuddlan Bach Quarry Landfill Site,Brynteg,Anglesey,Bespoke,L05: Inert Landfill,Effective,53.302270010259384,-4.27533859041127,Waste
Brecon Transfer Station - Cwrt Y Plyffin,Brecon,Powys,Bespoke,"SR: Household, Commercial & Industrial Waste Transfer Stn",Effective,51.97526879800102,-3.3249126576829884,Waste
Gower Chemicals Ltd,Swansea,West Glamorgan,Bespoke,A17: Physico-Chemical Treatment Facility,Effective,51.621522521438514,-3.8879394609058004,Waste
A C D Skips Ltd,Bridgend,Glamorgan,Bespoke,"SR: Household, Commercial & Industrial Waste Transfer Stn",Effective,51.54970567702705,-3.5804006574921448,Waste
Cardiff Arms Salvage,Cardiff,Glamorgan,Bespoke,A19a: ELV Facility <2500 tonnes per year,Effective,51.46878039193119,-3.178884506307797,Waste
Lamby Way Depot,Cardiff,Glamorgan,Bespoke,A13a: Household waste amenity site taking hazardous waste,Effective,51.49810077787642,-3.1241771191521597,Waste
Llanddulas Quarry Waste Treatment Centre,Abergele,Conwy,Bespoke,A16: Physical Treatment Facility,Effective,53.28886343549429,-3.6573478652732496,Waste
Copart U K - Prince William Avenue,Chester,Flintshir,Bespoke,A19: Metal Recycling Site (Vehicle Dismantler),Effective,53.19820241558749,-2.9875700536853924,Waste
S L Recycling Ltd,Hengoed,Caerphilly,Bespoke,A19: Metal Recycling Site (Vehicle Dismantler),Effective,51.660512656940206,-3.246760481401885,Waste
A S H Bretton Recycling Centre,Bretton,Flintshire,Bespoke,"SR: Household, Commercial & Industrial Waste Transfer Stn",Effective,53.176742118332015,-2.961566478282026,Waste
The Granary,Llanbradach,Mid Glamorgan,Bespoke,"A11: Household, commercial and industrial waste transfer Stn",Effective,51.60886542288034,-3.2321597833756566,Waste
Mekatek Ltd,Johnstown,Carmarthenshire,Bespoke,"A11: Household, commercial and industrial waste transfer Stn",Effective,51.84955428438084,-4.323858897976117,Waste
A48 Auto Salvage,Bridgend,Glamorgan,Bespoke,A19a: ELV Facility <2500 tonnes per year,Effective,51.511153352199145,-3.6739188646603798,Waste
Manorowen Civic Amenity and recycling centre,Fishguard,Pembrokeshire,Bespoke,A13a: Household waste amenity site taking hazardous waste,Effective,51.98054064875524,-5.007857643564131,Waste
Lodge Farm Digester,Wrexham,Clwyd,Bespoke,A23: Biological Treatment Facility,Effective,53.0826997340672,-2.9224735049607022,Waste
Llandygai Civic Amenity Site,Bangor,Gwynedd,Bespoke,A13: Household Waste Amenity Site,Effective,53.21737131827235,-4.108673952138301,Waste
Lamby Way Depot,Cardiff,Glamorgan,Bespoke,A13a: Household waste amenity site taking hazardous waste,Effective,51.49810077787642,-3.1241771191521597,Waste
Bulky Waste Recycling Centre,Ystradgynlais,Powys,Bespoke,A20: Metal Recycling Site (mixed MRS's),Effective,51.78910750121215,-3.7810497129443794,Waste
Gwalchmai Civic Amenity Site,Holyhead,Ynys Mon,Bespoke,A09: Hazardous waste transfer station,Effective,53.260381332233315,-4.42887431753649,Waste
The Windmill Site,Abergele,,Bespoke,"SR: Household, Commercial & Industrial Waste Transfer Stn",Effective,53.28526165393204,-3.545345222766956,Waste
Unit 14,Caerleon,Newport,Standard,S0803: SR2008 No3 : HCI Waste TS + treatment,Effective,51.62198584377743,-2.9605380677239492,Waste
The Graig Yffaldau Waste Transfer,Llandrindod Wells,Powys,Bespoke,A13: Household Waste Amenity Site,Effective,52.256124809030325,-3.2733757308633424,Waste
Moel Y Faen Quarry,Llangollen,Denbighshire,Bespoke,A25: Deposit of waste to land as a recovery operation,Effective,53.021219028571274,-3.2209246652106724,Waste
Llantrisant Autos,Llantrisant,R C T,Bespoke,A20: Metal Recycling Site (mixed MRS's),Effective,51.55311181665503,-3.400809754359608,Waste
Transfer Station,Carmarthen,Carmarthenshire,Bespoke,"SR: Household, Commercial & Industrial Waste Transfer Stn",Effective,51.84572958494567,-4.338964937422405,Waste
Linton Yard,Llanelli,,Bespoke,"A11: Household, commercial and industrial waste transfer Stn",Effective,51.666369669899375,-4.098098307826257,Waste
British Soil Western Ltd,Wenvoe,Glamorgan,Bespoke,A16: Physical Treatment Facility,Effective,51.451487386061444,-3.257751054388138,Waste
C A R,Cwmbran,Gwent,Bespoke,A19a: ELV Facility <2500 tonnes per year,Effective,51.62689216986997,-2.9858513461406613,Waste
A C D Skips Ltd,Bridgend,Glamorgan,Bespoke,"SR: Household, Commercial & Industrial Waste Transfer Stn",Effective,51.54970567702705,-3.5804006574921448,Waste
Parry and Evans Ltd,,Flintshire,Bespoke,A15: Material Recycling Treatment Facility,Effective,53.224864633084366,-3.004750278789408,Waste
Wern Tarw Recycling Ltd,Bridgend,Mid Glamorgan,Bespoke,A16: Physical Treatment Facility,Effective,51.5238508782731,-3.6826876560529995,Waste
A S H Bretton Recycling Centre,Bretton,Flintshire,Bespoke,"SR: Household, Commercial & Industrial Waste Transfer Stn",Effective,53.176742118332015,-2.961566478282026,Waste
Tangiers Quarry,Haverfordwest,Pembrokeshire,Standard,"SR/12: SR2010 No12: Treatment of waste to produce soil <75,000 tpa",Effective,51.832812218777526,-4.979472804083261,Waste
Diggers Dismantlers,Cardiff,Glamorgan,Bespoke,A19a: ELV Facility <2500 tonnes per year,Effective,51.47573942502353,-3.136154425805391,Waste
Phoenix Metals and Colin Davies Non- Ferrous Metals,Ynys Mon,Gwynedd,Bespoke,A20: Metal Recycling Site (mixed MRS's),Effective,53.21964393476785,-4.282429261677759,Waste
Mitchell Troy Household Waste Recycling Centre,Monmouth,Monmouthshire,Bespoke,A13: Household Waste Amenity Site,Effective,51.80162904391139,-2.715359558266889,Waste
Mekatek Ltd,Johnstown,Carmarthenshire,Bespoke,"A11: Household, commercial and industrial waste transfer Stn",Effective,51.84955428438084,-4.323858897976117,Waste
Cwmamman Depot,Ammanford,Carmarthenshire,Bespoke,"SR: Household, Commercial & Industrial Waste Transfer Stn",Effective,51.806396254456736,-3.9211281188200067,Waste
Gwalchmai Civic Amenity Site,Holyhead,Ynys Mon,Bespoke,A09: Hazardous waste transfer station,Effective,53.260381332233315,-4.42887431753649,Waste
National Grid Electricity Distribution Chruch Village,Pontypridd,,Standard,S1215: SR2012 No15: Storage of electrical insulating oils,Effective,51.5598445529049,-3.3187741921004097,Waste
Unit 17,Cardiff,Cardiff,Bespoke,"SR: Household, Commercial & Industrial Waste Transfer Stn",Effective,51.47568709476612,-3.135058791731807,Waste
Rear of Unit 7,Barry,Vale of Glamorgan,Standard,SR/21: SR2011 No3: Vehicle Depollution Facility <5000 tpa,Effective,51.410425160410426,-3.2480827187704358,Waste
Penrhos Depot Hazardous Waste Transfer Station,Llandysul,Ceredigion,Bespoke,"A11: Household, commercial and industrial waste transfer Stn",Effective,52.08439815174946,-4.363427876944736,Waste
Neath And Port Talbot Hospital,Port Talbot,,Bespoke,A12: Clinical Waste Transfer Station,Effective,51.598839615689904,-3.798905339525775,Waste
Coed Ffridd Arw,Dolgellau,Gwynedd,Bespoke,"SR: Household, Commercial & Industrial Waste Transfer Stn",Effective,52.74485014961466,-3.8842732551396804,Waste
Treherbert Community Recycling Centre,Treorchy,Rhondda Cynon Taff,Bespoke,A13a: Household waste amenity site taking hazardous waste,Effective,51.670755553556255,-3.5316533633631106,Waste
G Lock Scrap Metal Processors,Bangor,Gwynedd,Standard,S0820: SR2008 No20 : Vehicle depollution facility (ATF),Effective,53.21841744070008,-4.110522829512761,Waste
Mekatek Ltd,Johnstown,Carmarthenshire,Bespoke,"A11: Household, commercial and industrial waste transfer Stn",Effective,51.84955428438084,-4.323858897976117,Waste
Coed Top Hill,Nelson,Treharris,Bespoke,A23: Biological Treatment Facility,Effective,51.66251887243275,-3.2784361692679824,Waste
Abergele Civic Amenity Site,Abergele,Conwy,Bespoke,A13: Household Waste Amenity Site,Effective,53.285427667493416,-3.545021191803379,Waste
Gwynedd Skip And Plant Hire Ltd,Caernarfon,Gwynedd,Bespoke,"A11: Household, commercial and industrial waste transfer Stn",Effective,53.14023354505074,-4.246187699363117,Waste
Ruthin Civic Amenity Site,Ruthin,Denbighshire,Bespoke,A13a: Household waste amenity site taking hazardous waste,Effective,53.12211907604774,-3.31211444762808,Waste
Castle Meadow,Bridgend,Glamorgan,Bespoke,A05: Landfill taking Non-Biodegradeable Wastes,Effective,51.53185293569658,-3.7358234759862246,Waste
Bishops Auto Spares,,Swansea,Bespoke,A19a: ELV Facility <2500 tonnes per year,Effective,51.69081953618354,-3.898968102794653,Waste
Cox Skip And Waste Management Ltd,Pyle,Bridgend,Standard,S0801: SR2008 No1 : HCI Waste Transfer Station,Effective,51.5241599543676,-3.6837081149941766,Waste
Massey Metals Ltd,Chester,,Bespoke,A19: Metal Recycling Site (Vehicle Dismantler),Effective,53.18093922915726,-2.9218871692307156,Waste
PHS Group Cardiff,Cardiff,,Bespoke,A12: Clinical Waste Transfer Station,Effective,51.54473989944932,-3.265556103071453,Waste
Bala Civic Amenity Site,Bala,Gwynedd,Bespoke,A13: Household Waste Amenity Site,Effective,52.91011266177534,-3.5915882829932553,Waste
Aberbargoed Civic Amenity Site,Bargoed,Caerphilly,Bespoke,A13: Household Waste Amenity Site,Effective,51.683962561600666,-3.2159283399516982,Waste
Llandow Metals Ltd,Cowbridge,Vale of Glamorgan,Bespoke,A19a: ELV Facility <2500 tonnes per year,Effective,51.43770071182419,-3.5085776742808616,Waste
Treforest Transfer Station,Pontypridd,R C T,Bespoke,"A11: Household, commercial and industrial waste transfer Stn",Effective,51.56635515903392,-3.2838738121803694,Waste
Lamby Way Depot,Cardiff,Glamorgan,Bespoke,"SR: Household, Commercial & Industrial Waste Transfer Stn",Effective,51.49810077787642,-3.1241771191521597,Waste
Baglan Bay Works,Port Talbot,N P T,Bespoke,A07: Industrial Waste Landfill (Factory curtilage),Effective,51.61198483624803,-3.8309835824908114,Waste
Alun Griffiths (Contractors) Limited,Cardiff,,Bespoke,A16: Physical Treatment Facility,Effective,51.465559952435505,-3.1445390903611705,Waste
Waste Transfer Station Tir Ergyd Yard,Aberdare,R C T,Bespoke,"SR: Household, Commercial & Industrial Waste Transfer Stn",Effective,51.73641750567773,-3.448456160193324,Waste
Mekatek Ltd,Johnstown,Carmarthenshire,Bespoke,"A11: Household, commercial and industrial waste transfer Stn",Effective,51.84955428438084,-4.323858897976117,Waste
Powys County Council,Welshpool,Powys,Bespoke,"SR: Household, Commercial & Industrial Waste Transfer Stn",Effective,52.65177372187718,-3.140934529413863,Waste
K G Matthews Auto Salvage,Gaerwen,Ynys Mon,Bespoke,A19: Metal Recycling Site (Vehicle Dismantler),Effective,53.22927245300479,-4.2871518717027195,Waste
A J T Recycling Ltd,Swansea,Swansea,Standard,"S1214: SR2012 No14: Metal recycling, vehicle storage, depollution",Effective,51.64196299045041,-3.989164650233709,Waste
Monometals Ltd,Newport,Newport,Bespoke,A19a: ELV Facility <2500 tonnes per year,Effective,51.572732819996894,-2.988329625435049,Waste
Pengarnddu Ind Est Transfer Station,Merthyr Tydfil,,Bespoke,A09: Hazardous waste transfer station,Effective,51.771509849268675,-3.33792223582868,Waste
Garngoch Civic Amenity Site,Garngoch Ind Est,Llansamle,Bespoke,"SR: Household, Commercial & Industrial Waste Transfer Stn",Effective,51.65105085831103,-3.6525721456453604,Waste
"Unit 2, Sea View Bungalow",Cardiff,Glamorgan,Bespoke,"SR: Household, Commercial & Industrial Waste Transfer Stn",Effective,51.50485161864078,-3.0784385007765094,Waste
M & E Bin Hire,Pontypridd,R C T,Bespoke,A20: Metal Recycling Site (mixed MRS's),Effective,51.59862091048417,-3.325658245387074,Waste
Rhyl Recycling Park,Rhyl,Denbighshire,Bespoke,A13a: Household waste amenity site taking hazardous waste,Effective,53.31006018081115,-3.497024355904645,Waste
Rhyl Depot,Rhyl,Denbighshire,Standard,S1215: SR2012 No15: Storage of electrical insulating oils,Effective,53.31019715110738,-3.4853516627254693,Waste
1st Choice Vehicle Dismantlers,Cardiff,Glamorgan,Bespoke,A19: Metal Recycling Site (Vehicle Dismantler),Effective,51.47554184790776,-3.137056657874654,Waste
Swansea Baling Plant,Swansea,,Bespoke,A16: Physical Treatment Facility,Effective,51.65815123493586,-3.919925014244213,Waste
Volehurst Ltd,Newport,Gwent,Bespoke,"SR: Household, Commercial & Industrial Waste Transfer Stn",Effective,51.57481581394865,-2.982270809019571,Waste
European Metal Recycling Ltd,Cardiff,Glamorgan,Bespoke,A19: Metal Recycling Site (Vehicle Dismantler),Effective,51.469806933246616,-3.148849395263474,Waste
Summerleaze Pet Crematorium,Newport,Gwent,Bespoke,"SR: Household, Commercial & Industrial Waste Transfer Stn",Effective,51.5564269188951,-2.841251166932964,Waste
Garth Isaf Farm,Pontypridd,Rhondda Cynon Taf,Bespoke,A16: Physical Treatment Facility,Effective,51.54969054581453,-3.3061058104366876,Waste
Fred Lloyd & Sons Ltd,Pontypool,Gwent,Bespoke,"SR: Household, Commercial & Industrial Waste Transfer Stn",Effective,51.69360016129466,-3.016453585148093,Waste
Horan Clipper Road Site,Cardiff,,Bespoke,A16: Physical Treatment Facility,Effective,51.468847943235694,-3.1439303275904424,Waste
Biodegradeable Waste Transfer Station,Ammanford,Carmarthenshire,Standard,S0805: SR2008 No5 : HCI Waste TS + asbestos,Effective,51.791577431629875,-3.9838957735564198,Waste
Bank Farm,Whitchurch,Shropshire,Bespoke,A22: Composting Facility,Effective,52.963211478670274,-2.7697799391182594,Waste
G P Motorcycles,Pontypridd,R C T,Bespoke,A19a: ELV Facility <2500 tonnes per year,Effective,51.595362163747765,-3.348864977247941,Waste
Winsel Civic Amenity & Recycling Site,Haverfordwest,Pembrokeshire,Bespoke,A13a: Household waste amenity site taking hazardous waste,Effective,51.778019688881535,-5.003915055295228,Waste
Dyfi Skips,Machynlleth,Powys,Bespoke,"SR: Household, Commercial & Industrial Waste Transfer Stn",Effective,52.574998679647415,-3.891236226216214,Waste
Carew Car Dismantlers,Tenby,Pembrokeshire,Bespoke,A19a: ELV Facility <2500 tonnes per year,Effective,51.688107633284545,-4.818221470651089,Waste
S J Chadwicks Greenfield,Greenfield,Flintshire,Bespoke,A20: Metal Recycling Site (mixed MRS's),Effective,53.29132581358519,-3.205975866479525,Waste
AST Plastic Containers UK LLP,Wrexham,Wrexham,Bespoke,A16a: Hazardous waste physical treatment facility,Effective,53.0484129061776,-2.9237996316299144,Waste
Monometals Ltd,Newport,Newport,Bespoke,A19a: ELV Facility <2500 tonnes per year,Effective,51.572732819996894,-2.988329625435049,Waste
Caergylchu Waste Management Facility,Caernarfon,Gwynedd,Bespoke,A13a: Household waste amenity site taking hazardous waste,Effective,53.14107862200739,-4.243331050389655,Waste
New Horizon Biofuel and Animal  Bedding Co Ltd,Wrexham,Wrexham,Bespoke,A16: Physical Treatment Facility,Effective,53.00072534429567,-3.036984120269616,Waste
PHS Group Cardiff,Cardiff,,Bespoke,A12: Clinical Waste Transfer Station,Effective,51.54473989944932,-3.265556103071453,Waste
St Davids Civic Amenity and recyciling centre,St Davids,Pembrokeshire,Bespoke,A13a: Household waste amenity site taking hazardous waste,Effective,51.89503168872751,-5.220604878834458,Waste
E & J Autospares Ltd,Llansamlet,Swansea,Bespoke,A19a: ELV Facility <2500 tonnes per year,Effective,51.65736987719934,-3.918214869354787,Waste
The Old Brickworks,Pontypool,Torfaen,Bespoke,A16: Physical Treatment Facility,Effective,51.714458760127805,-2.992459022553794,Waste
Min Y Clwyd Yard,Ruthin,Denbighshire,Bespoke,"SR: Household, Commercial & Industrial Waste Transfer Stn",Effective,53.119809514576765,-3.312044096705876,Waste
Machen Quarry,Machen,Caerphilly,Standard,"SR/12: SR2010 No12: Treatment of waste to produce soil <75,000 tpa",Effective,51.59084363475111,-3.1258881720907974,Waste
Aberfan Household Waste And Recycling Centre,Aberfan,Merthyr Tydfil,Bespoke,A13: Household Waste Amenity Site,Effective,51.69522984192055,-3.342182021990442,Waste
Old Crown Works,Neath,Neath Port Talb,Bespoke,A19: Metal Recycling Site (Vehicle Dismantler),Effective,51.65424328527059,-3.8376597335250393,Waste
Gwynedd Skip And Plant Hire Ltd,Caernarfon,Gwynedd,Bespoke,"A11: Household, commercial and industrial waste transfer Stn",Effective,53.14023354505074,-4.246187699363117,Waste
Taybrite Works,Bynea,Llanelli,Bespoke,"SR: Household, Commercial & Industrial Waste Transfer Stn",Effective,51.66566755761175,-4.095115842440016,Waste
The Waste Transfer Station,Bridgend,Glamorgan,Bespoke,"SR: Household, Commercial & Industrial Waste Transfer Stn",Effective,51.51150202661536,-3.6715393957480416,Waste
Treforest Transfer Station,Pontypridd,R C T,Bespoke,"A11: Household, commercial and industrial waste transfer Stn",Effective,51.56635515903392,-3.2838738121803694,Waste
Unit 3 Clydesmuir Ind Est,Cardiff,South Glamorgan,Standard,S0803: SR2008 No3 : HCI Waste TS + treatment,Effective,51.48972792426519,-3.14476984301784,Waste
Weighbridge Yard,Aberdare,R C T,Bespoke,"A11: Household, commercial and industrial waste transfer Stn",Effective,51.70763737474788,-3.423236208361706,Waste
Pyle Community Recycling Centre,Bridgend,Bridgend,Bespoke,A13a: Household waste amenity site taking hazardous waste,Effective,51.524404391249554,-3.681713413539768,Waste
Vauxplus,Caerleon,Newport,Bespoke,A19a: ELV Facility <2500 tonnes per year,Effective,51.619931738859435,-2.9599313475433133,Waste
Lawrence Landfill,Haverfordwest,Pembs,Bespoke,A25: Deposit of waste to land as a recovery operation,Effective,51.76973907051027,-4.99182558403089,Waste
Withyhedge Material Recycling Facility,Haverfordwest,Pembrokeshire,Bespoke,"SR: Household, Commercial & Industrial Waste Transfer Stn",Effective,51.84261159374655,-4.957193440147648,Waste
LAS Waste Ltd.,Lampeter,Ceredigion,Bespoke,"A11: Household, commercial and industrial waste transfer Stn",Effective,52.121411723503975,-4.078011150869719,Waste
Swansea Drydocks Ltd,Swansea,,Bespoke,A20: Metal Recycling Site (mixed MRS's),Effective,51.611973812613755,-3.9222072637647165,Waste
Green Skips Environmental Ltd,Gaerwen,Ynys Mon,Bespoke,"SR: Household, Commercial & Industrial Waste Transfer Stn",Effective,53.21827488321618,-4.283494873057895,Waste
Gwynedd Skip And Plant Hire Ltd,Caernarfon,Gwynedd,Bespoke,"A11: Household, commercial and industrial waste transfer Stn",Effective,53.14023354505074,-4.246187699363117,Waste
Cardiff Arms Salvage,Cardiff,Glamorgan,Bespoke,A19a: ELV Facility <2500 tonnes per year,Effective,51.46878039193119,-3.178884506307797,Waste
Nantfforch,Welshpool,Powys,Standard,"SR/12: SR2010 No12: Treatment of waste to produce soil <75,000 tpa",Effective,52.648268623492555,-3.2631002954424884,Waste
Nantycaws Materials Recycling Facilities,Carmarthen,,Bespoke,A16: Physical Treatment Facility,Effective,51.83608588242951,-4.217576869618679,Waste
Paperback Collection & Recycling Ltd,Deeside,Clwyd,Bespoke,"SR: Household, Commercial & Industrial Waste Transfer Stn",Effective,53.22450857751897,-3.0181030822153154,Waste
Celtic Recycling Ltd,Bridgend,Glamorgan,Bespoke,A16: Physical Treatment Facility,Effective,51.525223313361664,-3.686053831845144,Waste
Llandygai Civic Amenity Site,Bangor,Gwynedd,Bespoke,A13: Household Waste Amenity Site,Effective,53.21737131827235,-4.108673952138301,Waste
Parc Gwynfryn Recycling Centre,Crymych,Pembrokeshire,Standard,"SR/07: SR2010 No7: Use of waste in construction <50,000 tpa",Effective,51.978772394144535,-4.638889897419916,Waste
Pen Y Palmant Farm,Wrexham,Wrexham,Standard,SR/21: SR2011 No3: Vehicle Depollution Facility <5000 tpa,Effective,53.062675223033125,-3.0860005628483327,Waste
Oakenholt Household Waste Recycling Centre,Flint,Flintshire,Bespoke,A13a: Household waste amenity site taking hazardous waste,Effective,53.23533726444855,-3.100390368128194,Waste
L C C Wales Ltd,Aberdare,R C T,Bespoke,"SR: Household, Commercial & Industrial Waste Transfer Stn",Effective,51.747473334148594,-3.551601758483723,Waste
S & R Metals,Pwllheli,Gwynedd,Bespoke,A20: Metal Recycling Site (mixed MRS's),Effective,52.94106269250257,-4.44828581458303,Waste
BAE Systems Global Combat Systems Munitions,Usk,Monmouthshire,Bespoke,A15: Material Recycling Treatment Facility,Effective,51.70123279881897,-2.9410599338192664,Waste
Dirtbusters Mini & Midi Skips,Kinmel Bay,Conwy,Bespoke,"SR: Household, Commercial & Industrial Waste Transfer Stn",Effective,53.30932477965626,-3.5083006527247553,Waste
Talbot Wharf,Port Talbot,Neath Port Talbot,Bespoke,"SR: Household, Commercial & Industrial Waste Transfer Stn",Effective,51.58774709098668,-3.793356858005549,Waste
Tegfan Recycling,Neath,,Standard,S0803: SR2008 No3 : HCI Waste TS + treatment,Effective,51.68713353859724,-3.752594140241837,Waste
Cox Skip And Waste Management Ltd,Pyle,Bridgend,Standard,S0801: SR2008 No1 : HCI Waste Transfer Station,Effective,51.5241599543676,-3.6837081149941766,Waste
Rhondda Skip Hire,Williamstown,R C T,Bespoke,"SR: Household, Commercial & Industrial Waste Transfer Stn",Effective,51.6047899242286,-3.4393383171906486,Waste
Unit 11 & The Old Engine House,Swansea,Swansea,Bespoke,"SR: Household, Commercial & Industrial Waste Transfer Stn",Effective,51.65902211919509,-3.917258116758681,Waste
Rheidol Recycling Park,Aberystwyth,Ceredigion,Bespoke,"A11: Household, commercial and industrial waste transfer Stn",Effective,52.40124046418331,-4.045789207318357,Waste
AST Plastic Containers UK LLP,Wrexham,Wrexham,Bespoke,A16a: Hazardous waste physical treatment facility,Effective,53.0484129061776,-2.9237996316299144,Waste
Aberclwyd Farm Crick Scrap,Neath,N P T,Bespoke,A20: Metal Recycling Site (mixed MRS's),Effective,51.7289291559285,-3.6673288848879015,Waste
Central Depot,Ebbw Vale,Blaenau Gwent,Bespoke,A16: Physical Treatment Facility,Effective,51.79296137662509,-3.1713562454733686,Waste
Jensons Metals,Pembroke Dock,Pembrokeshire,Bespoke,A20: Metal Recycling Site (mixed MRS's),Effective,51.695854644439656,-4.956293158499488,Waste
Unit 2,Knighton,Powys,Bespoke,A16: Physical Treatment Facility,Effective,52.34396553638377,-3.0329362370055715,Waste
Llandygai Civic Amenity Site,Bangor,Gwynedd,Bespoke,A13: Household Waste Amenity Site,Effective,53.21737131827235,-4.108673952138301,Waste
U R A Birdport Docks Site,Newport,Gwent,Bespoke,A16: Physical Treatment Facility,Effective,51.5639151204937,-2.9663683187957623,Waste
Jayplas,Swansea,Swansea,Bespoke,A15: Material Recycling Treatment Facility,Effective,51.67817281686009,-4.033943027841067,Waste
Cwmcrachen MRF,Ebbw Vale,,Standard,S0803: SR2008 No3 : HCI Waste TS + treatment,Effective,51.79269310043392,-3.167593812158318,Waste
Ty Mawr Farm Former Landfill,Newport,,Bespoke,A25: Deposit of waste to land as a recovery operation,Effective,51.53675495377509,-3.0023574825809436,Waste
E & J Autospares Ltd,Llansamlet,Swansea,Bespoke,A19a: ELV Facility <2500 tonnes per year,Effective,51.65736987719934,-3.918214869354787,Waste
Llantrisant Recycling,Pontyclun,,Bespoke,"SR: Household, Commercial & Industrial Waste Transfer Stn",Effective,51.55732444067384,-3.3837731973546443,Waste
New Horizon Plastics Co Ltd,Flint,Flintshire,Bespoke,A16: Physical Treatment Facility,Effective,53.253396471639604,-3.1349240977730517,Waste
Safetykleen UK Ltd,Rumney,Cardiff,Bespoke,"A11: Household, commercial and industrial waste transfer Stn",Effective,51.502309757722024,-3.1175091864957856,Waste
New Vale HWRC,Ebbw Vale,Blaenau Gwent,Bespoke,A13: Household Waste Amenity Site,Effective,51.78752269431256,-3.2250475189236374,Waste
Brindley Road,Cardiff,Glamorgan,Bespoke,"SR: Household, Commercial & Industrial Waste Transfer Stn",Effective,51.45882413912266,-3.200362667650746,Waste
Penrhyndeudraeth Works,Penrhyndeudraeth,Gwynedd,Bespoke,A19: Metal Recycling Site (Vehicle Dismantler),Effective,52.9278622606223,-4.057821390501133,Waste
Plot 12a,Milford Haven,Pembrokeshire,Standard,"S1214: SR2012 No14: Metal recycling, vehicle storage, depollution",Effective,51.71486464415825,-4.994034818012459,Waste
Weaver Autosalvage,Merthyr Tydfil,Glamorgan,Bespoke,A19a: ELV Facility <2500 tonnes per year,Effective,51.74945111158933,-3.411136037098603,Waste
Ffridd Rasus Waste Management Facility,Harlech,Gwynedd,Bespoke,A13a: Household waste amenity site taking hazardous waste,Effective,52.883453508043445,-4.112746687017449,Waste
Summerleaze Pet Crematorium,Newport,Gwent,Bespoke,"SR: Household, Commercial & Industrial Waste Transfer Stn",Effective,51.5564269188951,-2.841251166932964,Waste
Dowlais Household Waste and Recycling Centre,Merthyr Tydfil,,Bespoke,A13a: Household waste amenity site taking hazardous waste,Effective,51.759814890787084,-3.3611365608823016,Waste
Bala Civic Amenity Site,Bala,Gwynedd,Bespoke,A13: Household Waste Amenity Site,Effective,52.91011266177534,-3.5915882829932553,Waste
Pembrokeshire Eco Park,Milford Haven,Pembrokeshire,Bespoke,A13a: Household waste amenity site taking hazardous waste,Effective,51.742907153803756,-5.057927429558994,Waste
S P A Davies & Sons,Mold,Flintshire,Bespoke,A20: Metal Recycling Site (mixed MRS's),Effective,53.12263690759892,-3.0946249120469287,Waste
Bryn Lane Civic Amenity Site,Wrexham,,Bespoke,A13: Household Waste Amenity Site,Effective,53.04487472041353,-2.912849913443031,Waste
Garngoch Civic Amenity Site,Garngoch Ind Est,Llansamle,Bespoke,"SR: Household, Commercial & Industrial Waste Transfer Stn",Effective,51.65105085831103,-3.6525721456453604,Waste
Cwmcrachen MRF,Ebbw Vale,,Standard,S0803: SR2008 No3 : HCI Waste TS + treatment,Effective,51.79269310043392,-3.167593812158318,Waste
Bryn Lane Civic Amenity Site,Wrexham,,Bespoke,A13: Household Waste Amenity Site,Effective,53.04487472041353,-2.912849913443031,Waste
Capital Valley Recycling,Tredegar,Caerphilly,Standard,S0811: SR2008 No11 : Inert & excavation Waste TS + treatment,Effective,51.756830646518914,-3.288473242293853,Waste
Silent Valley Waste Transfer station,Ebbw Vale,Blaenau Gwent,Bespoke,"A11: Household, commercial and industrial waste transfer Stn",Effective,51.75406882518391,-3.1834606987313325,Waste
Bryn Posteg M R F,Llanidloes,Powys,Bespoke,A15: Material Recycling Treatment Facility,Effective,52.42739128483253,-3.5190717633898325,Waste
Enviroventure Waste Solutions Recycling Facility,Milford Haven,Pembrokeshire,Bespoke,"SR: Household, Commercial & Industrial Waste Transfer Stn",Effective,51.71584077541406,-4.995257677133142,Waste
Pope Hill 2,Haverfordwest,Pembrokeshire,Bespoke,A05: Landfill taking Non-Biodegradeable Wastes,Effective,51.774815027179436,-4.992045571819584,Waste
Cymru Lan,Gaerwen,Ynys Mon,Bespoke,"SR: Household, Commercial & Industrial Waste Transfer Stn",Effective,53.218017170377045,-4.2842750614278025,Waste
Parry and Evans Ltd,,Flintshire,Bespoke,"SR: Household, Commercial & Industrial Waste Transfer Stn",Effective,53.224864633084366,-3.004750278789408,Waste
Green Skips Environmental Ltd,Gaerwen,Ynys Mon,Bespoke,"SR: Household, Commercial & Industrial Waste Transfer Stn",Effective,53.21827488321618,-4.283494873057895,Waste
Unit 2,Cowbridge,South Glamorgan,Bespoke,"A11: Household, commercial and industrial waste transfer Stn",Effective,51.43505345653245,-3.5074545919499833,Waste
G Davies Skip Hire,Port Talbot,N P T,Bespoke,"SR: Household, Commercial & Industrial Waste Transfer Stn",Effective,51.61200328336094,-3.7670153732699663,Waste
A Skip 2 U Ltd,Mold,Flintshire,Standard,S0801: SR2008 No1 : HCI Waste Transfer Station,Effective,53.153251597717265,-3.0841730897683046,Waste
M & R Commercials Vehicle Dismantling & Recycling Facility,Swansea,W Glamorgan,Standard,SR/21: SR2011 No3: Vehicle Depollution Facility <5000 tpa,Effective,51.64114978852754,-3.9899239564674627,Waste
New Inn Waste Transfer Station,Torfaen,,Bespoke,"A11: Household, commercial and industrial waste transfer Stn",Effective,51.69223787533471,-3.019056168006587,Waste
Potters Yard,Welshpool,Powys,Bespoke,"A11: Household, commercial and industrial waste transfer Stn",Effective,52.65836261877584,-3.1382231082242575,Waste
Nevills Dock,Llanelli,Carmarthenshire,Standard,S0821: SR2008 No21 : Metal recycling site,Effective,51.66994842313441,-4.163025906525127,Waste
Carway Fawr Site Office,Llanelli,Carmarthenshire,Standard,S0807: SR2008 No7 : HCI Waste TS + treatment + asbestos,Effective,51.75031971278907,-4.1803099223943825,Waste
Fred Lloyd & Sons Ltd,Pontypool,Gwent,Bespoke,A20: Metal Recycling Site (mixed MRS's),Effective,51.69352899442452,-3.016365182209766,Waste
Gelli C A Site,Gelli,Mid Glamorgan,Bespoke,A13: Household Waste Amenity Site,Effective,51.64180766593602,-3.4778547432878852,Waste
Phoenix Metals and Colin Davies Non- Ferrous Metals,Ynys Mon,Gwynedd,Bespoke,A20: Metal Recycling Site (mixed MRS's),Effective,53.21964393476785,-4.282429261677759,Waste
Penrhyndeudraeth Works,Penrhyndeudraeth,Gwynedd,Bespoke,"SR: Household, Commercial & Industrial Waste Transfer Stn",Effective,52.9278622606223,-4.057821390501133,Waste
Aberfan Household Waste And Recycling Centre,Aberfan,Merthyr Tydfil,Bespoke,A13: Household Waste Amenity Site,Effective,51.69522984192055,-3.342182021990442,Waste
Glaslyn Workshop,Brecon,,Standard,SR/21: SR2011 No3: Vehicle Depollution Facility <5000 tpa,Effective,51.92441782272557,-3.2979213834634873,Waste
Aberbargoed Civic Amenity Site,Bargoed,Caerphilly,Bespoke,A13: Household Waste Amenity Site,Effective,51.683962561600666,-3.2159283399516982,Waste
Withyhedge Material Recycling Facility,Haverfordwest,Pembrokeshire,Bespoke,A15: Material Recycling Treatment Facility,Effective,51.84261159374655,-4.957193440147648,Waste
Old Barry Sidings,Pontypridd,Mid Glamorgan,Bespoke,A20: Metal Recycling Site (mixed MRS's),Effective,51.60962787939372,-3.372510214497567,Waste
The Graig Yffaldau Waste Transfer,Llandrindod Wells,Powys,Bespoke,A13: Household Waste Amenity Site,Effective,52.256124809030325,-3.2733757308633424,Waste
A D Plant,Knighton,Powys,Standard,"S1210: SR2012 No10: On-farm AD facility using farm wastes only, <100t per day",Effective,52.324455261908646,-3.095869235120521,Waste
New Vale HWRC,Ebbw Vale,Blaenau Gwent,Bespoke,A13: Household Waste Amenity Site,Effective,51.78752269431256,-3.2250475189236374,Waste
Fred Lloyd & Sons Ltd,Pontypool,Gwent,Bespoke,"SR: Household, Commercial & Industrial Waste Transfer Stn",Effective,51.69360016129466,-3.016453585148093,Waste
Brynmenyn Household Waste Recycling Centre,Bridgend,Glamorgan,Bespoke,A13a: Household waste amenity site taking hazardous waste,Effective,51.54899193725389,-3.5806499522084247,Waste
Llanddulas Quarry Waste Treatment Centre,Abergele,Conwy,Bespoke,A16: Physical Treatment Facility,Effective,53.28886343549429,-3.6573478652732496,Waste
Volehurst Ltd,Newport,Gwent,Bespoke,"SR: Household, Commercial & Industrial Waste Transfer Stn",Effective,51.57481581394865,-2.982270809019571,Waste
Green Skips Environmental Ltd,Gaerwen,Ynys Mon,Bespoke,"SR: Household, Commercial & Industrial Waste Transfer Stn",Effective,53.21827488321618,-4.283494873057895,Waste
Clyne Civic Amenity Site,Clyne,Swansea,Bespoke,A13a: Household waste amenity site taking hazardous waste,Effective,51.60644399367517,-4.0001901126776955,Waste
W H Chaloner & Son Ltd,Wrexham,Clwyd,Bespoke,A20: Metal Recycling Site (mixed MRS's),Effective,53.10061629356517,-3.010902949400992,Waste
Flintshire Commercial Dismantlers,Holywell,Flintshire,Bespoke,A20: Metal Recycling Site (mixed MRS's),Effective,53.28991417182325,-3.20689622821998,Waste
Berth 31,Barry,Vale of Glamorgan,Standard,SR/22: SR2011 No4: Treatment of waste wood <75000 tpa,Effective,51.40549510730709,-3.252520411733715,Waste
Carew Pavilion,Tenby,,Bespoke,A20: Metal Recycling Site (mixed MRS's),Effective,51.68869677960526,-4.809402445407227,Waste
Entrec Ltd,Wrexham,,Bespoke,A19: Metal Recycling Site (Vehicle Dismantler),Effective,53.03870644583363,-2.9223691026175413,Waste
Llandygai Civic Amenity Site,Bangor,Gwynedd,Bespoke,A13: Household Waste Amenity Site,Effective,53.21737131827235,-4.108673952138301,Waste
Nantycaws Materials Recycling Facilities,Carmarthen,,Bespoke,A16: Physical Treatment Facility,Effective,51.83608588242951,-4.217576869618679,Waste
1 Acre Farm,Holywell,,Standard,S0820: SR2008 No20 : Vehicle depollution facility (ATF),Effective,53.244802766396894,-3.1947012183909345,Waste
The Recycling Centre,Ystrad Mynach,Hengoed,Bespoke,A09: Hazardous waste transfer station,Effective,51.628282795438636,-3.2274703690777025,Waste
Pembrokeshire Eco Park,Milford Haven,Pembrokeshire,Bespoke,"A11: Household, commercial and industrial waste transfer Stn",Effective,51.742907153803756,-5.057927429558994,Waste
Bishops Auto Spares,,Swansea,Bespoke,A19a: ELV Facility <2500 tonnes per year,Effective,51.69081953618354,-3.898968102794653,Waste
ASH Wrexham Recycling Centre,Wrexham,,Bespoke,"A11: Household, commercial and industrial waste transfer Stn",Effective,53.03683457390513,-2.9203158041153374,Waste
Hermon Civic Amenity and recycling centre,Crymych,Pembrokeshire,Bespoke,A13a: Household waste amenity site taking hazardous waste,Effective,51.95833061347621,-4.630483223056808,Waste
Llanfoist Waste Transfer Station,Abergavenny,Monmouthshire,Bespoke,"SR: Household, Commercial & Industrial Waste Transfer Stn",Effective,51.81297705926055,-3.021865079255181,Waste
Lamby Way Depot,Cardiff,Glamorgan,Bespoke,A13a: Household waste amenity site taking hazardous waste,Effective,51.49810077787642,-3.1241771191521597,Waste
S P A Davies & Sons,Mold,Flintshire,Bespoke,A20: Metal Recycling Site (mixed MRS's),Effective,53.12263690759892,-3.0946249120469287,Waste
Whitland Recycling Centre & Civic Amenity Site,Whitland,Carmarthenshire,Bespoke,A13: Household Waste Amenity Site,Effective,51.82006379409895,-4.623940959247299,Waste
Biodegradeable Waste Transfer Station,Ammanford,Carmarthenshire,Standard,S0805: SR2008 No5 : HCI Waste TS + asbestos,Effective,51.791577431629875,-3.9838957735564198,Waste
Brecon Transfer Station - Cwrt Y Plyffin,Brecon,Powys,Bespoke,"SR: Household, Commercial & Industrial Waste Transfer Stn",Effective,51.97526879800102,-3.3249126576829884,Waste
Clyne Civic Amenity Site,Clyne,Swansea,Bespoke,A13a: Household waste amenity site taking hazardous waste,Effective,51.60644399367517,-4.0001901126776955,Waste
Pen Y Wain Farm,Cardiff,Newport,Bespoke,A19a: ELV Facility <2500 tonnes per year,Effective,51.533100126827264,-3.059109491752106,Waste
1 Acre Farm,Holywell,,Standard,S0820: SR2008 No20 : Vehicle depollution facility (ATF),Effective,53.244802766396894,-3.1947012183909345,Waste
EV Recycling,Llanelli,Carmarthenshire,Bespoke,A20: Metal Recycling Site (mixed MRS's),Effective,51.69615385174786,-4.116594793457682,Waste
Lamby Way Depot,Cardiff,Glamorgan,Bespoke,A15: Material Recycling Treatment Facility,Effective,51.49810077787642,-3.1241771191521597,Waste
Maindiff Court Farm,Abergavenny,Monmouthshire,Bespoke,A22: Composting Facility,Effective,51.82820031225082,-2.9987306140919046,Waste
Roseheyworth Household Waste Recycling Centre,Abertillery,Blaenau Gwent,Bespoke,A13a: Household waste amenity site taking hazardous waste,Effective,51.74446051626953,-3.15325565025239,Waste
Bryn Pica Waste Operations,Aberdare,R C T,Bespoke,"A11: Household, commercial and industrial waste transfer Stn",Effective,51.73911398025146,-3.4368255529056135,Waste
Anaerobic Digester,Newtown,Powys,Standard,"S1210: SR2012 No10: On-farm AD facility using farm wastes only, <100t per day",Effective,52.50023054266048,-3.237814974774732,Waste
Denbigh Civic Amenity Site,Denbigh,Denbighshire,Bespoke,A13a: Household waste amenity site taking hazardous waste,Effective,53.18992378306633,-3.414540154263071,Waste
Penrhos Depot Hazardous Waste Transfer Station,Llandysul,Ceredigion,Bespoke,"A11: Household, commercial and industrial waste transfer Stn",Effective,52.08439815174946,-4.363427876944736,Waste
Wern Tarw Recycling Ltd,Bridgend,Mid Glamorgan,Bespoke,A16: Physical Treatment Facility,Effective,51.5238508782731,-3.6826876560529995,Waste
Road Runners,Chester,Flintshire,Bespoke,A19a: ELV Facility <2500 tonnes per year,Effective,53.18062359776104,-2.9289581129887075,Waste
Briton Ferry Household Waste Recycling Centre,Briton Ferry,Neath Port Talbot,Bespoke,"SR: Household, Commercial & Industrial Waste Transfer Stn",Effective,51.630570310414036,-3.827628514638637,Waste
Mekatek Ltd,Johnstown,Carmarthenshire,Bespoke,"A11: Household, commercial and industrial waste transfer Stn",Effective,51.84955428438084,-4.323858897976117,Waste
Pembrokeshire Eco Park,Milford Haven,Pembrokeshire,Bespoke,A13a: Household waste amenity site taking hazardous waste,Effective,51.742907153803756,-5.057927429558994,Waste
Clyne Civic Amenity Site,Clyne,Swansea,Bespoke,A13a: Household waste amenity site taking hazardous waste,Effective,51.60644399367517,-4.0001901126776955,Waste
Materials Recovery & Energy  Centre,SWANSEA,West Glamorgan,Bespoke,"A11: Household, commercial and industrial waste transfer Stn",Effective,51.624064755434866,-3.880821420890643,Waste
Trostre Civic Amenity / Transfer Station,Llanelli,Carmarthenshire,Bespoke,A13: Household Waste Amenity Site,Effective,51.674392085842804,-4.136436354530663,Waste
Gwrtaith Gwynedd,Pwllheli,Gwynedd,Bespoke,A22: Composting Facility,Effective,52.91412732072606,-4.296936020218643,Waste
Tondu Waste Transfer Station,Bridgend,Glamorgan,Standard,S0803: SR2008 No3 : HCI Waste TS + treatment,Effective,51.550229361113296,-3.5955199682114003,Waste
Cwmbran Glass Recovery Facility,Cwmbran,,Bespoke,A16: Physical Treatment Facility,Effective,51.65678276527426,-3.0397426331665347,Waste
Colin Richardson Recycling Centre,Newport,Gwent,Standard,S0811: SR2008 No11 : Inert & excavation Waste TS + treatment,Effective,51.62467101698355,-2.9620393925205093,Waste
Plas Madoc Household Waste Recycling Centre,Wrexham,Clwyd,Bespoke,A13: Household Waste Amenity Site,Effective,52.98253987695185,-3.05531624959671,Waste
Cwrt Y Plyffin Landfill,Brecon,Powys,Bespoke,"SR: Household, Commercial & Industrial Waste Transfer Stn",Effective,51.978764086071315,-3.317910453722064,Waste
Project Red Recycling,Efail Isaf,Pontypridd,Bespoke,A14: Transfer Station taking Non-Biodegradable Wastes,Effective,51.54355472148479,-3.336732840513642,Waste
Capital Valley Recycling,Tredegar,Caerphilly,Standard,S0811: SR2008 No11 : Inert & excavation Waste TS + treatment,Effective,51.756830646518914,-3.288473242293853,Waste
MTCBC Waste Transfer Station,Pentrebach,Merthyr Tydfil,Bespoke,"SR: Household, Commercial & Industrial Waste Transfer Stn",Effective,51.71826475711868,-3.353316020304926,Waste
European Metal Recycling Ltd,Cardiff,Glamorgan,Standard,S0821: SR2008 No21 : Metal recycling site,Effective,51.47013084456603,-3.148828738463493,Waste
Ty Mawr West Recycling,,,Bespoke,A16: Physical Treatment Facility,Effective,53.04762576613254,-4.245291177326681,Waste
New Inn Waste Transfer Station,Torfaen,,Bespoke,"A11: Household, commercial and industrial waste transfer Stn",Effective,51.69223787533471,-3.019056168006587,Waste
Glan Yr Afon Civic Amenity Site,Aberystwyth,Ceredigion,Bespoke,A13a: Household waste amenity site taking hazardous waste,Effective,52.401316728353144,-4.047615571719817,Waste
Gate 1,Pembroke Dock,Pembroke,Bespoke,"SR: Household, Commercial & Industrial Waste Transfer Stn",Effective,51.69407966204191,-4.95141607100233,Waste
Gofer Bulking Station,Abergele,Conwy,Bespoke,"SR: Household, Commercial & Industrial Waste Transfer Stn",Effective,53.28460303666699,-3.5462214969466195,Waste
Weaver Autosalvage,Merthyr Tydfil,Glamorgan,Bespoke,A19a: ELV Facility <2500 tonnes per year,Effective,51.74945111158933,-3.411136037098603,Waste
Melin Plas Du,Pwllheli,Gwynedd,Bespoke,"SR: Household, Commercial & Industrial Waste Transfer Stn",Effective,52.937250415545655,-4.377021789488924,Waste
Bryn Pica Waste Operations,Aberdare,R C T,Bespoke,"A11: Household, commercial and industrial waste transfer Stn",Effective,51.73911398025146,-3.4368255529056135,Waste
Tythegston Civic Amenity Site,Tythegston,Bridgend,Bespoke,"SR: Household, Commercial & Industrial Waste Transfer Stn",Effective,51.49959211157698,-3.6572579986794094,Waste
CaeGlas Colliery Co Limited,Bargoed,,Standard,S0801: SR2008 No1 : HCI Waste Transfer Station,Effective,51.739951530749465,-3.303316147436253,Waste
Unit 17,Cardiff,Cardiff,Bespoke,"SR: Household, Commercial & Industrial Waste Transfer Stn",Effective,51.47568709476612,-3.135058791731807,Waste
Hydro Wrexham Scrap Hub,Wrexham,Wrexham,Standard,S0821: SR2008 No21 : Metal recycling site,Effective,53.044881968746616,-2.910731940607106,Waste
David Neil,Abergele,Conwy,Bespoke,A19a: ELV Facility <2500 tonnes per year,Effective,53.19871528729091,-3.744696573530789,Waste
Gwrtaith Gwynedd,Pwllheli,Gwynedd,Bespoke,A22: Composting Facility,Effective,52.91412732072606,-4.296936020218643,Waste
Cwmcrachen MRF,Ebbw Vale,,Standard,S0803: SR2008 No3 : HCI Waste TS + treatment,Effective,51.79269310043392,-3.167593812158318,Waste
Kinmel Park Depot,Bodelwyddan,Denbighshire,Standard,S0801: SR2008 No1 : HCI Waste Transfer Station,Effective,53.2644189620946,-3.509223388399463,Waste
Waterloo Recycling Centre,Pembroke Dock,Pembrokeshire,Bespoke,A13: Household Waste Amenity Site,Effective,51.695867753797245,-4.920922831482653,Waste
MWR Motorcycles Ltd,Pontyclun,,Standard,SR/21: SR2011 No3: Vehicle Depollution Facility <5000 tpa,Effective,51.53053425779655,-3.4052055947109743,Waste
Pengam Partmart,Hengoed,Caerphilly,Bespoke,A19a: ELV Facility <2500 tonnes per year,Effective,51.66444392448345,-3.230385132419898,Waste
Unit A6,Caernarfon,,Standard,S0809: SR2008 No9 : Asbestos Waste Transfer Station,Effective,53.13953036728738,-4.249619824228547,Waste
Cambrian Concrete,Near Mold,Flintshire,Standard,"SR/13: SR2010 No13: Use of waste to manufacture timber <75,000 tpa",Effective,53.196512835683976,-3.1774453427680616,Waste
Cwrt Y Plyffin Landfill,Brecon,Powys,Bespoke,A06: Landfill taking other wastes,Effective,51.97877307441613,-3.317910717569915,Waste
Llandygai Civic Amenity Site,Bangor,Gwynedd,Bespoke,A13: Household Waste Amenity Site,Effective,53.21737131827235,-4.108673952138301,Waste
Brecon Recycling Centre,Brecon,Powys,Bespoke,A13a: Household waste amenity site taking hazardous waste,Effective,51.93986052561493,-3.412318395326156,Waste
Jayplas,Swansea,Swansea,Bespoke,A15: Material Recycling Treatment Facility,Effective,51.67817281686009,-4.033943027841067,Waste
Atlantic Household Waste Recycling Centre,Barry,South Glamorgan,Bespoke,A13: Household Waste Amenity Site,Effective,51.39764708307019,-3.2455786139508107,Waste
Capital Valley Recycling,Tredegar,Caerphilly,Standard,S0811: SR2008 No11 : Inert & excavation Waste TS + treatment,Effective,51.756830646518914,-3.288473242293853,Waste
Treforest Civic Amenity Site,Pontypridd,R C T,Bespoke,A13: Household Waste Amenity Site,Effective,51.57038005604098,-3.2891095955025316,Waste
Borras Quarry,Wrexham,,Standard,S0811: SR2008 No11 : Inert & excavation Waste TS + treatment,Effective,53.065819211840235,-2.9429162336901107,Waste
Volehurst Ltd,Newport,Gwent,Bespoke,"SR: Household, Commercial & Industrial Waste Transfer Stn",Effective,51.57481581394865,-2.982270809019571,Waste
The Waste Transfer Station,Bridgend,Glamorgan,Bespoke,"SR: Household, Commercial & Industrial Waste Transfer Stn",Effective,51.51150202661536,-3.6715393957480416,Waste
Cox Skip And Waste Management Ltd,Pyle,Bridgend,Standard,S0801: SR2008 No1 : HCI Waste Transfer Station,Effective,51.5241599543676,-3.6837081149941766,Waste
"Pen Y Bont Scrapyard, Bala",Bala,Gwynedd,Bespoke,A20: Metal Recycling Site (mixed MRS's),Effective,52.90307649804969,-3.590007018330689,Waste
Ty Mawr Farm Former Landfill,Newport,,Bespoke,A25: Deposit of waste to land as a recovery operation,Effective,51.53675495377509,-3.0023574825809436,Waste
Bryn Lane Civic Amenity Site,Wrexham,,Bespoke,A13: Household Waste Amenity Site,Effective,53.04487472041353,-2.912849913443031,Waste
Brecon Transfer Station - Cwrt Y Plyffin,Brecon,Powys,Bespoke,"SR: Household, Commercial & Industrial Waste Transfer Stn",Effective,51.97526879800102,-3.3249126576829884,Waste
Byass Works,Port Talbot,Neath Port Talbot,Standard,"SR: Household, Commercial & Industrial Waste Transfer Stn",Effective,51.5923323058576,-3.7887011139725444,Waste
Kirkhamfield Depot,,Newtown,Bespoke,A16: Physical Treatment Facility,Effective,52.517025727983146,-3.303028513956746,Waste
Unit 11 & The Old Engine House,Swansea,Swansea,Bespoke,"SR: Household, Commercial & Industrial Waste Transfer Stn",Effective,51.65902211919509,-3.917258116758681,Waste
Thomas Brothers,Milford Haven,Pembrokeshire,Standard,S0803: SR2008 No3 : HCI Waste TS + treatment,Effective,51.715588612460806,-4.994212983723148,Waste
Mitchell Troy Household Waste Recycling Centre,Monmouth,Monmouthshire,Bespoke,A13: Household Waste Amenity Site,Effective,51.80162904391139,-2.715359558266889,Waste
Docks Way Landfill,Newport,Gwent,Bespoke,"A04: Household, Commercial & Industrial Waste Landfill",Effective,51.567215977249354,-3.0058408351355026,Waste
Potters Yard,Welshpool,Powys,Bespoke,A20: Metal Recycling Site (mixed MRS's),Effective,52.65836261877584,-3.1382231082242575,Waste
Glanyrafon Depot,Aberystwyth,Ceredigion,Bespoke,"A11: Household, commercial and industrial waste transfer Stn",Effective,52.40406613334658,-4.037849028123627,Waste
Miner's Road Depot,Wrexham,Clwyd,Bespoke,A16: Physical Treatment Facility,Effective,53.099533099161185,-3.014596463624215,Waste
Paperback Collection & Recycling Ltd,Deeside,Clwyd,Bespoke,"SR: Household, Commercial & Industrial Waste Transfer Stn",Effective,53.22450857751897,-3.0181030822153154,Waste
National Grid Electricity Distribution Mill Brook Drive,Swansea,Abertawe,Standard,S1215: SR2012 No15: Storage of electrical insulating oils,Effective,51.67210635579735,-3.90508371586427,Waste
Mitchell Troy Household Waste Recycling Centre,Monmouth,Monmouthshire,Bespoke,A13: Household Waste Amenity Site,Effective,51.80162904391139,-2.715359558266889,Waste
Melin Plas Du,Pwllheli,Gwynedd,Bespoke,"SR: Household, Commercial & Industrial Waste Transfer Stn",Effective,52.937250415545655,-4.377021789488924,Waste
TD Tyre Recycling Ltd,Carmarthen,,Bespoke,"SR: Household, Commercial & Industrial Waste Transfer Stn",Effective,51.84505364314549,-4.337231171879439,Waste
Cwrt Y Plyffin Landfill,Brecon,Powys,Bespoke,"SR: Household, Commercial & Industrial Waste Transfer Stn",Effective,51.978764086071315,-3.317910453722064,Waste
D & E Scrap Metals Ltd,Newport,,Standard,SR/21: SR2011 No3: Vehicle Depollution Facility <5000 tpa,Effective,51.5980563477962,-2.994351257692421,Waste
Brecon Recycling Centre,Brecon,Powys,Bespoke,A13a: Household waste amenity site taking hazardous waste,Effective,51.93986052561493,-3.412318395326156,Waste
Brynna Scrapyard,Pontyclun,R C T,Bespoke,A19a: ELV Facility <2500 tonnes per year,Effective,51.548149277032174,-3.4546546356667345,Waste
Llandow Metals Ltd,Cowbridge,Vale of Glamorgan,Bespoke,A19a: ELV Facility <2500 tonnes per year,Effective,51.43770071182419,-3.5085776742808616,Waste
New Horizon Plastics Co Ltd,Flint,Flintshire,Bespoke,A09: Hazardous waste transfer station,Effective,53.253396471639604,-3.1349240977730517,Waste
Olivers Sales & Rentals,Hengoed,Ystrad Mynach,Bespoke,"SR: Household, Commercial & Industrial Waste Transfer Stn",Effective,51.66654652056396,-3.2313819873241805,Waste
Caergylchu Waste Management Facility,Caernarfon,Gwynedd,Bespoke,A13a: Household waste amenity site taking hazardous waste,Effective,53.14107862200739,-4.243331050389655,Waste
Carew Car Dismantlers,Tenby,Pembrokeshire,Bespoke,A19a: ELV Facility <2500 tonnes per year,Effective,51.688107633284545,-4.818221470651089,Waste
Swansea Baling Plant,Swansea,,Bespoke,"A11: Household, commercial and industrial waste transfer Stn",Effective,51.65815123493586,-3.919925014244213,Waste
Llanddulas Quarry Waste Treatment Centre,Abergele,Conwy,Bespoke,"SR: Household, Commercial & Industrial Waste Transfer Stn",Effective,53.28886343549429,-3.6573478652732496,Waste
Penhesgyn Gors Landfill (area 3),Menai Bridge,Ynys Mon,Bespoke,"A04: Household, Commercial & Industrial Waste Landfill",Effective,53.2471275399903,-4.200296816835241,Waste
Seawall Waste Transfer Station,Cardiff,Cardiff,Standard,S0803: SR2008 No3 : HCI Waste TS + treatment,Effective,51.48029772342045,-3.1417687438627837,Waste
Williams Plant Hire Ltd,Newtown,Powys,Bespoke,A16: Physical Treatment Facility,Effective,52.53325861310254,-3.2636001960674923,Waste
Edwards Coaches,Pontypridd,R C T,Bespoke,A19a: ELV Facility <2500 tonnes per year,Effective,51.55871307643149,-3.3313782535747816,Waste
Cymru Lan,Gaerwen,Ynys Mon,Bespoke,"SR: Household, Commercial & Industrial Waste Transfer Stn",Effective,53.218017170377045,-4.2842750614278025,Waste
Newport Oil Treatment Plant,Newport,Gwent,Bespoke,"A11: Household, commercial and industrial waste transfer Stn",Effective,51.567296886812564,-2.980348516091363,Waste
Ewloe Waste Transfer Station,Mold,Flintshire,Bespoke,"A11: Household, commercial and industrial waste transfer Stn",Effective,53.18690560970288,-3.083420647073597,Waste
MTCBC Waste Transfer Station,Pentrebach,Merthyr Tydfil,Bespoke,"SR: Household, Commercial & Industrial Waste Transfer Stn",Effective,51.71826475711868,-3.353316020304926,Waste
Min Y Clwyd Yard,Ruthin,Denbighshire,Bespoke,"SR: Household, Commercial & Industrial Waste Transfer Stn",Effective,53.119809514576765,-3.312044096705876,Waste
Lamby Way Depot,Cardiff,Glamorgan,Bespoke,A22: Composting Facility,Effective,51.49810077787642,-3.1241771191521597,Waste
Flintshire Commercial Dismantlers,Holywell,Flintshire,Bespoke,A19a: ELV Facility <2500 tonnes per year,Effective,53.291073881798404,-3.205998773979045,Waste
E & J Autospares Ltd,Llansamlet,Swansea,Bespoke,A19a: ELV Facility <2500 tonnes per year,Effective,51.65736987719934,-3.918214869354787,Waste
Creigiau Tyres,Pontypridd,R C T,Bespoke,"SR: Household, Commercial & Industrial Waste Transfer Stn",Effective,51.55966657290502,-3.3297615550961432,Waste
Noel Fitzpatrick Ltd,Newport,,Bespoke,"SR: Household, Commercial & Industrial Waste Transfer Stn",Effective,51.566047376017885,-2.9727472017185352,Waste
Min Y Clwyd Yard,Ruthin,Denbighshire,Bespoke,"SR: Household, Commercial & Industrial Waste Transfer Stn",Effective,53.119809514576765,-3.312044096705876,Waste
Rhyl Recycling Park,Rhyl,Denbighshire,Bespoke,A13a: Household waste amenity site taking hazardous waste,Effective,53.31006018081115,-3.497024355904645,Waste
The Granary,Llanbradach,Mid Glamorgan,Bespoke,"A11: Household, commercial and industrial waste transfer Stn",Effective,51.60886542288034,-3.2321597833756566,Waste
Pembrokeshire Eco Park,Milford Haven,Pembrokeshire,Bespoke,A13a: Household waste amenity site taking hazardous waste,Effective,51.742907153803756,-5.057927429558994,Waste
Pengarnddu Ind Est Transfer Station,Merthyr Tydfil,,Bespoke,A09: Hazardous waste transfer station,Effective,51.771509849268675,-3.33792223582868,Waste
U R A Cardfiff Docks Site,Cardiff,,Bespoke,A16: Physical Treatment Facility,Effective,51.4635294736797,-3.148043920702092,Waste
Unipex Aggregate Recovery Limited,,Cardiff,Bespoke,A16: Physical Treatment Facility,Effective,51.46965002769031,-3.1977673694608435,Waste
Talfarn Farm,St. Clears,Carmarthenshire,Bespoke,A25: Deposit of waste to land as a recovery operation,Effective,51.79592647293156,-4.53835919860931,Waste
Race Farm,Pontypool,Gwent,Standard,S0816: SR2008 No16 : Composting in open windrows,Effective,51.67373495983061,-3.0095009226029794,Waste
Tondu Waste Transfer Station,Bridgend,Glamorgan,Standard,S0803: SR2008 No3 : HCI Waste TS + treatment,Effective,51.550229361113296,-3.5955199682114003,Waste
Asgard Renewables Ltd,Cardigan,Ceredigion,Bespoke,A23: Biological Treatment Facility,Effective,52.09352498871253,-4.624285470679071,Waste
Llechwedd Quarry,,Gwynedd,Standard,S0811: SR2008 No11 : Inert & excavation Waste TS + treatment,Effective,53.001313368713745,-3.934933815710786,Waste
Nantycaws Materials Recycling Facilities,Carmarthen,,Bespoke,A16: Physical Treatment Facility,Effective,51.83608588242951,-4.217576869618679,Waste
Massey Metals Ltd,Chester,,Bespoke,A19: Metal Recycling Site (Vehicle Dismantler),Effective,53.18093922915726,-2.9218871692307156,Waste
Greenacres Skip Hire,Fishguard,Pembrokeshire,Bespoke,"SR: Household, Commercial & Industrial Waste Transfer Stn",Effective,51.97216751942795,-5.006801324084675,Waste
Lamby Way Depot,Cardiff,Glamorgan,Bespoke,A13a: Household waste amenity site taking hazardous waste,Effective,51.49810077787642,-3.1241771191521597,Waste
Melin Plas Du,Pwllheli,Gwynedd,Bespoke,"SR: Household, Commercial & Industrial Waste Transfer Stn",Effective,52.937250415545655,-4.377021789488924,Waste
Harris Salvage,Bangor,Gwynedd,Bespoke,A19a: ELV Facility <2500 tonnes per year,Effective,53.20579904977922,-4.145002897853335,Waste
Biffa Viking Place Waste Transfer Stn,Cardiff,Glamorgan,Bespoke,"SR: Household, Commercial & Industrial Waste Transfer Stn",Effective,51.466537548670146,-3.1411084553448427,Waste
Coed Ffridd Arw,Dolgellau,Gwynedd,Bespoke,"SR: Household, Commercial & Industrial Waste Transfer Stn",Effective,52.74485014961466,-3.8842732551396804,Waste
Tondu Waste Transfer Station,Bridgend,Glamorgan,Standard,S0803: SR2008 No3 : HCI Waste TS + treatment,Effective,51.550229361113296,-3.5955199682114003,Waste
Cambrian Quarry,Gwernymynydd,Clwyd,Bespoke,A25: Deposit of waste to land as a recovery operation,Effective,53.149571356821546,-3.1763997154806867,Waste
Scott Waste Ltd,,Bridgend,Standard,S0801: SR2008 No1 : HCI Waste Transfer Station,Effective,51.52430927098029,-3.67516540023484,Waste
Byass Works,Port Talbot,Neath Port Talbot,Standard,"SR: Household, Commercial & Industrial Waste Transfer Stn",Effective,51.5923323058576,-3.7887011139725444,Waste
Parrys Quarry Waste Transfer & Reprocessing Centre,Mold,Flintshire,Bespoke,A16: Physical Treatment Facility,Effective,53.188403182557806,-3.0867809401022925,Waste
Former Morlais Colliery,Llanelli,Carmarthenshire,Bespoke,A16: Physical Treatment Facility,Effective,51.703234731797046,-4.064866577016646,Waste
Williams Plant Hire Ltd,Newtown,Powys,Bespoke,A16: Physical Treatment Facility,Effective,52.53325861310254,-3.2636001960674923,Waste
SL Recycling Ltd,Pontypool,Torfaen,Bespoke,"SR: Household, Commercial & Industrial Waste Transfer Stn",Effective,51.68261406313282,-3.0121140160691144,Waste
Standard Landfill Site,Buckley,Flintshire,Bespoke,A01: Co-Disposal Landfill Site,Effective,53.178182788778216,-3.062821455764955,Waste
S P Waste Services Ltd,Newtown,Powys,Standard,"SR/12: SR2010 No12: Treatment of waste to produce soil <75,000 tpa",Effective,52.548942512338265,-3.4081554584387166,Waste
Brisco Waste Disposal Ltd,Swansea,,Bespoke,"SR: Household, Commercial & Industrial Waste Transfer Stn",Effective,51.64708825014534,-3.998191989392048,Waste
Melin Plas Du,Pwllheli,Gwynedd,Bespoke,"SR: Household, Commercial & Industrial Waste Transfer Stn",Effective,52.937250415545655,-4.377021789488924,Waste
Nantycaws Materials Recycling Facilities,Carmarthen,,Bespoke,A15: Material Recycling Treatment Facility,Effective,51.83608588242951,-4.217576869618679,Waste
Longships Road,Cardiff,S Glamorgan,Bespoke,A14: Transfer Station taking Non-Biodegradable Wastes,Effective,51.45965842892306,-3.1475869136945476,Waste
Unit 2,Cowbridge,South Glamorgan,Bespoke,"A11: Household, commercial and industrial waste transfer Stn",Effective,51.43505345653245,-3.5074545919499833,Waste
Pope Hill 3,Pope Hill,Pembrokeshire,Bespoke,A05: Landfill taking Non-Biodegradeable Wastes,Effective,51.77482532165991,-4.990581943539177,Waste
Waste Transfer Station Tir Ergyd Yard,Aberdare,R C T,Bespoke,"SR: Household, Commercial & Industrial Waste Transfer Stn",Effective,51.73641750567773,-3.448456160193324,Waste
Coalbrook Motors Ltd,,Grovesend,Bespoke,A19a: ELV Facility <2500 tonnes per year,Effective,51.68291901245737,-4.0392334433949415,Waste
Longships Road,Cardiff,S Glamorgan,Bespoke,A14: Transfer Station taking Non-Biodegradable Wastes,Effective,51.45965842892306,-3.1475869136945476,Waste
Byass Works,Port Talbot,Neath Port Talbot,Standard,"SR: Household, Commercial & Industrial Waste Transfer Stn",Effective,51.5923323058576,-3.7887011139725444,Waste
Colin Richardson Recycling Centre,Newport,Gwent,Standard,S0811: SR2008 No11 : Inert & excavation Waste TS + treatment,Effective,51.62467101698355,-2.9620393925205093,Waste
C A R,Cwmbran,Gwent,Bespoke,A19a: ELV Facility <2500 tonnes per year,Effective,51.62689216986997,-2.9858513461406613,Waste
K M Environmental Ltd,St Asaph,Denbighshire,Bespoke,A16: Physical Treatment Facility,Effective,53.263262635085454,-3.422702297968371,Waste
Seawall Waste Transfer Station,Cardiff,Cardiff,Standard,S0803: SR2008 No3 : HCI Waste TS + treatment,Effective,51.48029772342045,-3.1417687438627837,Waste
Dirtbusters Mini & Midi Skips,Kinmel Bay,Conwy,Bespoke,"SR: Household, Commercial & Industrial Waste Transfer Stn",Effective,53.30932477965626,-3.5083006527247553,Waste
Diggers Dismantlers,Cardiff,Glamorgan,Bespoke,A19a: ELV Facility <2500 tonnes per year,Effective,51.47573942502353,-3.136154425805391,Waste
St Davids Landfill,St Davids,Pembrokeshire,Bespoke,"A04: Household, Commercial & Industrial Waste Landfill",Effective,51.894307197610026,-5.22078562443099,Waste
PHS Group Cardiff,Cardiff,,Bespoke,A12: Clinical Waste Transfer Station,Effective,51.54473989944932,-3.265556103071453,Waste
E & J Autospares Ltd,Llansamlet,Swansea,Bespoke,A19a: ELV Facility <2500 tonnes per year,Effective,51.65736987719934,-3.918214869354787,Waste
Pic Up Spares,Llandore,Swansea,Bespoke,A19a: ELV Facility <2500 tonnes per year,Effective,51.64437368756074,-3.937511110043007,Waste
Pic Up Spares Ltd,Swansea,,Bespoke,A19: Metal Recycling Site (Vehicle Dismantler),Effective,51.65368479727854,-3.9059589986843375,Waste
Edwards Coaches,Pontypridd,R C T,Bespoke,A19a: ELV Facility <2500 tonnes per year,Effective,51.55871307643149,-3.3313782535747816,Waste
Penhesgyn Waste Transfer & Materials Recovery Facility,Llansadwrn,Ynys Mon,Bespoke,"SR: Household, Commercial & Industrial Waste Transfer Stn",Effective,53.244432483069204,-4.198719617920321,Waste
Caerhun Farm,Conwy,Gwynedd,Bespoke,A22: Composting Facility,Effective,53.217810955076544,-3.8402381103592473,Waste
KDK Metals Unit,Newport,Newport,Bespoke,A19a: ELV Facility <2500 tonnes per year,Effective,51.56567916305008,-2.974860165444288,Waste
Penhesgyn House Waste Recycling Centre,Menai Bridge,Gwynedd,Bespoke,A13: Household Waste Amenity Site,Effective,53.244490933470495,-4.19993666821435,Waste
Elis UK Limited,Chepstow,Monmouthshire,Bespoke,A12: Clinical Waste Transfer Station,Effective,51.63236897947212,-2.6694635547706023,Waste
Swansea Drydocks Ltd,Swansea,,Bespoke,A20: Metal Recycling Site (mixed MRS's),Effective,51.611973812613755,-3.9222072637647165,Waste
Clydach Metals Recycling Facility,Swansea,West Glamorgan,Bespoke,A19: Metal Recycling Site (Vehicle Dismantler),Effective,51.691228358617586,-3.8987103148661295,Waste
Hafod Garage Waste Transfer Station,Brynmawr,Blaenau Gwent,Bespoke,"A11: Household, commercial and industrial waste transfer Stn",Effective,51.804136631628424,-3.158766763163941,Waste
Bryn Pica Waste Operations,Aberdare,R C T,Bespoke,A14: Transfer Station taking Non-Biodegradable Wastes,Effective,51.73911398025146,-3.4368255529056135,Waste
G D Environmental Services Ltd,Newport,Gwent,Bespoke,"SR: Household, Commercial & Industrial Waste Transfer Stn",Effective,51.566346824305626,-2.974585897054226,Waste
Recycling and Recovery Facility,Neath,,Bespoke,"A11: Household, commercial and industrial waste transfer Stn",Effective,51.65258364475261,-3.837982905086759,Waste
Caergylchu Waste Management Facility,Caernarfon,Gwynedd,Bespoke,A13a: Household waste amenity site taking hazardous waste,Effective,53.14107862200739,-4.243331050389655,Waste
Dowlais Household Waste and Recycling Centre,Merthyr Tydfil,,Bespoke,A13a: Household waste amenity site taking hazardous waste,Effective,51.759814890787084,-3.3611365608823016,Waste
Potters Yard,Welshpool,Powys,Bespoke,"A11: Household, commercial and industrial waste transfer Stn",Effective,52.65836261877584,-3.1382231082242575,Waste
New Horizon Plastics Co Ltd,Flint,Flintshire,Bespoke,A09: Hazardous waste transfer station,Effective,53.253396471639604,-3.1349240977730517,Waste
Williams Plant Hire Ltd,Newtown,Powys,Bespoke,"SR: Household, Commercial & Industrial Waste Transfer Stn",Effective,52.53325861310254,-3.2636001960674923,Waste
Ty Mawr ( East Quarry),Talysarn,Caernarfon,Standard,"SR/09: SR2010 No9: Use of waste for reclamation etc <50,000 tpa",Effective,53.048601860358346,-4.2421639096629065,Waste
Oakenholt Household Waste Recycling Centre,Flint,Flintshire,Bespoke,A13a: Household waste amenity site taking hazardous waste,Effective,53.23533726444855,-3.100390368128194,Waste
Nant Y Garth Landfill Site,Portdinorwic,Gwynedd,Bespoke,L05: Inert Landfill,Effective,53.19005658436173,-4.177687832944622,Waste
Blancomet- Cardiff,Cardiff,Cardiff,Bespoke,A20: Metal Recycling Site (mixed MRS's),Effective,51.46297209122915,-3.196584820769826,Waste
Recycling and Recovery Facility,Neath,,Bespoke,A16: Physical Treatment Facility,Effective,51.65258364475261,-3.837982905086759,Waste
Unit 2,Knighton,Powys,Bespoke,A16: Physical Treatment Facility,Effective,52.34396553638377,-3.0329362370055715,Waste
Project Red Recycling,Efail Isaf,Pontypridd,Bespoke,"SR: Household, Commercial & Industrial Waste Transfer Stn",Effective,51.54355472148479,-3.336732840513642,Waste
New Horizon Biofuel and Animal  Bedding Co Ltd,Wrexham,Wrexham,Bespoke,A16: Physical Treatment Facility,Effective,53.00072534429567,-3.036984120269616,Waste
Troedrhiwgwynau Farm,Aberystwyth,Ceredigion,Standard,S0811: SR2008 No11 : Inert & excavation Waste TS + treatment,Effective,52.41943349211204,-4.035190063560147,Waste
Potters Yard,Welshpool,Powys,Bespoke,A13a: Household waste amenity site taking hazardous waste,Effective,52.65836261877584,-3.1382231082242575,Waste
Cambrian Quarry,Gwernymynydd,Clwyd,Bespoke,A25: Deposit of waste to land as a recovery operation,Effective,53.149571356821546,-3.1763997154806867,Waste
"Pen Y Bont Scrapyard, Bala",Bala,Gwynedd,Bespoke,A20: Metal Recycling Site (mixed MRS's),Effective,52.90307649804969,-3.590007018330689,Waste
Bryn Lane Civic Amenity Site,Wrexham,,Bespoke,A13: Household Waste Amenity Site,Effective,53.04487472041353,-2.912849913443031,Waste
Cambrian Autoparts Northwest Limited,Rhyl,Denbighshire,Bespoke,A19: Metal Recycling Site (Vehicle Dismantler),Effective,53.31167734670137,-3.497816450674087,Waste
The Graig Yffaldau Waste Transfer,Llandrindod Wells,Powys,Bespoke,A13: Household Waste Amenity Site,Effective,52.256124809030325,-3.2733757308633424,Waste
Parry and Evans Ltd,,Flintshire,Bespoke,A15: Material Recycling Treatment Facility,Effective,53.224864633084366,-3.004750278789408,Waste
J Chadwicks Scrapyard,Deeside,Flintshire,Bespoke,A20: Metal Recycling Site (mixed MRS's),Effective,53.198783987196755,-2.9954575714154608,Waste
Lelo Aggregates,Corwen,,Bespoke,A16: Physical Treatment Facility,Effective,53.032983049211516,-3.393008022732812,Waste
M & R Commercials Vehicle Dismantling & Recycling Facility,Swansea,W Glamorgan,Standard,SR/21: SR2011 No3: Vehicle Depollution Facility <5000 tpa,Effective,51.64114978852754,-3.9899239564674627,Waste
Rhuddlan Bach Quarry Landfill Site,Brynteg,Anglesey,Bespoke,"SR: Household, Commercial & Industrial Waste Transfer Stn",Effective,53.302270010259384,-4.27533859041127,Waste
Allen And Smith Metal Recycling,,Conwy,Standard,"S1214: SR2012 No14: Metal recycling, vehicle storage, depollution",Effective,53.30952917070269,-3.5084879724196654,Waste
Kingswood Farm Landfill,Welshpool,Powys,Bespoke,A05: Landfill taking Non-Biodegradeable Wastes,Effective,52.608080611260796,-3.1126698976243854,Waste
Dragon Works,Chester,Cheshire,Bespoke,A19: Metal Recycling Site (Vehicle Dismantler),Effective,53.17724057260189,-2.9350943502514912,Waste
Lamby Way Depot,Cardiff,Glamorgan,Bespoke,A15: Material Recycling Treatment Facility,Effective,51.49810077787642,-3.1241771191521597,Waste
Withyhedge Material Recycling Facility,Haverfordwest,Pembrokeshire,Bespoke,"SR: Household, Commercial & Industrial Waste Transfer Stn",Effective,51.84261159374655,-4.957193440147648,Waste
W H Chaloner & Son Ltd,Wrexham,Clwyd,Bespoke,A20: Metal Recycling Site (mixed MRS's),Effective,53.10061629356517,-3.010902949400992,Waste
East Moors Waste Transfer Station,Cardiff,Cardiff,Bespoke,"A11: Household, commercial and industrial waste transfer Stn",Effective,51.47465378185569,-3.1588775729714005,Waste
Taybrite Works,Bynea,Llanelli,Bespoke,"SR: Household, Commercial & Industrial Waste Transfer Stn",Effective,51.66566755761175,-4.095115842440016,Waste
Westfield Industrial Estate Soil and Aggregate Treatment Facility,Swansea,,Standard,"SR/12: SR2010 No12: Treatment of waste to produce soil <75,000 tpa",Effective,51.64390872265409,-4.020556641337679,Waste
Ruthin Civic Amenity Site,Ruthin,Denbighshire,Bespoke,A13a: Household waste amenity site taking hazardous waste,Effective,53.12211907604774,-3.31211444762808,Waste
Hermon Civic Amenity and recycling centre,Crymych,Pembrokeshire,Bespoke,A13a: Household waste amenity site taking hazardous waste,Effective,51.95833061347621,-4.630483223056808,Waste
Ty Mawr Farm Former Landfill,Newport,,Bespoke,A25: Deposit of waste to land as a recovery operation,Effective,51.53675495377509,-3.0023574825809436,Waste
Swansea Baling Plant,Swansea,,Bespoke,"A11: Household, commercial and industrial waste transfer Stn",Effective,51.65815123493586,-3.919925014244213,Waste
The Smithy,Aberaeron,Ceredigion,Standard,"S1214: SR2012 No14: Metal recycling, vehicle storage, depollution",Effective,52.230838401203734,-4.211797016726092,Waste
Cambrian Quarry,Gwernymynydd,Clwyd,Bespoke,A25: Deposit of waste to land as a recovery operation,Effective,53.149571356821546,-3.1763997154806867,Waste
Land Off Trostre Link Road,Llanelli,Carmarthenshire,Bespoke,A06: Landfill taking other wastes,Effective,51.67729487171214,-4.130599119736404,Waste
Roseheyworth Household Waste Recycling Centre,Abertillery,Blaenau Gwent,Bespoke,A13a: Household waste amenity site taking hazardous waste,Effective,51.74446051626953,-3.15325565025239,Waste
Penmaenmawr Quarry,Conwy,Gwynedd,Standard,S0908: SR2009 No8: Management of inert extractive waste at mines and quarries,Effective,53.25851669902567,-3.9400958507516304,Waste
Unit 12F,Barry,,Bespoke,"SR: Household, Commercial & Industrial Waste Transfer Stn",Effective,51.398365874724675,-3.2473231379005356,Waste
Treforest Transfer Station,Pontypridd,R C T,Bespoke,"A11: Household, commercial and industrial waste transfer Stn",Effective,51.56635515903392,-3.2838738121803694,Waste
Lelo Metal Recycling Ltd,Corwen,Denbighshire,Bespoke,A19: Metal Recycling Site (Vehicle Dismantler),Effective,53.03262768713895,-3.393414127000707,Waste
W D A - Formerly Erie Electronic 2,Wrexham,Clwyd,Bespoke,A02: Other Landfill Site taking Hazardous Waste,Effective,53.04205276626393,-2.9174289721070186,Waste
Halfway Motor Spares,Haverfordwest,Pembrokeshire,Bespoke,A19a: ELV Facility <2500 tonnes per year,Effective,51.76225781377132,-4.993171336449744,Waste
Court House Farm,Letterson,Pembrokeshire,Bespoke,A05: Landfill taking Non-Biodegradeable Wastes,Effective,51.922433487039136,-4.945262312299014,Waste
Asbestos Store,Port Talbot,N P T,Bespoke,"A11: Household, commercial and industrial waste transfer Stn",Effective,51.58618141431058,-3.7804336159075143,Waste
Kings Dock,Swansea,Swansea,Bespoke,A15: Material Recycling Treatment Facility,Effective,51.61734366836024,-3.90668904139224,Waste
Unit 11 & The Old Engine House,Swansea,Swansea,Bespoke,"SR: Household, Commercial & Industrial Waste Transfer Stn",Effective,51.65902211919509,-3.917258116758681,Waste
New Horizon Plastics Co Ltd,Flint,Flintshire,Bespoke,A16: Physical Treatment Facility,Effective,53.253396471639604,-3.1349240977730517,Waste
Trostre Civic Amenity / Transfer Station,Llanelli,Carmarthenshire,Bespoke,A13: Household Waste Amenity Site,Effective,51.674392085842804,-4.136436354530663,Waste
Paperback Collection & Recycling Ltd,Deeside,Clwyd,Bespoke,A16: Physical Treatment Facility,Effective,53.22450857751897,-3.0181030822153154,Waste
Withyhedge Material Recycling Facility,Haverfordwest,Pembrokeshire,Bespoke,A15: Material Recycling Treatment Facility,Effective,51.84261159374655,-4.957193440147648,Waste
Jayplas,Swansea,Swansea,Bespoke,A15: Material Recycling Treatment Facility,Effective,51.67817281686009,-4.033943027841067,Waste
Garth Isaf Farm,Pontypridd,Rhondda Cynon Taf,Bespoke,A25: Deposit of waste to land as a recovery operation,Effective,51.54969054581453,-3.3061058104366876,Waste
Gwalchmai Civic Amenity Site,Holyhead,Ynys Mon,Bespoke,A09: Hazardous waste transfer station,Effective,53.260381332233315,-4.42887431753649,Waste
"Unit 2, Sea View Bungalow",Cardiff,Glamorgan,Bespoke,"SR: Household, Commercial & Industrial Waste Transfer Stn",Effective,51.50485161864078,-3.0784385007765094,Waste
Rheidol Recycling Park,Aberystwyth,Ceredigion,Bespoke,"A11: Household, commercial and industrial waste transfer Stn",Effective,52.40124046418331,-4.045789207318357,Waste
Raynes Quarry,Colwyn Bay,Clwyd,Standard,S0908: SR2009 No8: Management of inert extractive waste at mines and quarries,Effective,53.27158223037197,-3.6659319654470957,Waste
Ruthin Civic Amenity Site,Ruthin,Denbighshire,Bespoke,A13a: Household waste amenity site taking hazardous waste,Effective,53.12211907604774,-3.31211444762808,Waste
"Biogenie Wastewater Treatment Plant, Glan Llyn, St Modwen Development Site",Newport,Newport,Bespoke,A17: Physico-Chemical Treatment Facility,Effective,51.57280302275644,-2.9199925197655276,Waste
Pendragon Waste & Skip Hire,,Cwmgwilli,Standard,S0801: SR2008 No1 : HCI Waste Transfer Station,Effective,51.782185360923876,-4.066064020998155,Waste
Seawall Waste Transfer Station,Cardiff,Cardiff,Standard,S0803: SR2008 No3 : HCI Waste TS + treatment,Effective,51.48029772342045,-3.1417687438627837,Waste
Perdue Recycling Ltd,Swansea,,Standard,S0803: SR2008 No3 : HCI Waste TS + treatment,Effective,51.65947407211095,-3.9187664268133577,Waste
Coed Top Hill,Nelson,Treharris,Bespoke,A23: Biological Treatment Facility,Effective,51.66251887243275,-3.2784361692679824,Waste
Potters Yard,Welshpool,Powys,Bespoke,A13a: Household waste amenity site taking hazardous waste,Effective,52.65836261877584,-3.1382231082242575,Waste
Swansea Baling Plant,Swansea,,Bespoke,A13a: Household waste amenity site taking hazardous waste,Effective,51.65815123493586,-3.919925014244213,Waste
Delyn Metals Ltd,Holywell,Flintshire,Bespoke,A20: Metal Recycling Site (mixed MRS's),Effective,53.33826390393168,-3.338656985121558,Waste
Pwllheli Civic Amenity Site,Pwllheli,Gwynedd,Bespoke,A13: Household Waste Amenity Site,Effective,52.89145727590193,-4.402032398807516,Waste
Pendragon Waste & Skip Hire,,Cwmgwilli,Standard,S0801: SR2008 No1 : HCI Waste Transfer Station,Effective,51.782185360923876,-4.066064020998155,Waste
Dyfed Recycling Services,Llanelli,Carmarthenshire,Bespoke,"SR: Household, Commercial & Industrial Waste Transfer Stn",Effective,51.691590065319716,-4.130272223557306,Waste
Penhesgyn Waste Transfer & Materials Recovery Facility,Llansadwrn,Ynys Mon,Bespoke,"SR: Household, Commercial & Industrial Waste Transfer Stn",Effective,53.244432483069204,-4.198719617920321,Waste
Bryn Pica Waste Operations,Aberdare,R C T,Bespoke,A15: Material Recycling Treatment Facility,Effective,51.73911398025146,-3.4368255529056135,Waste
Legacy Car Dismantlers,Wrexham,Clwyd,Bespoke,A19: Metal Recycling Site (Vehicle Dismantler),Effective,53.02188528101224,-3.0615988454643888,Waste
Bagillt Car Spares,Bagillt,Flintshire,Bespoke,A19: Metal Recycling Site (Vehicle Dismantler),Effective,53.274498471378855,-3.178043296098422,Waste
L C C Wales Ltd,Aberdare,R C T,Bespoke,"SR: Household, Commercial & Industrial Waste Transfer Stn",Effective,51.747473334148594,-3.551601758483723,Waste
Singleton Hospital Clinical Waste Transfer Station,Swansea,,Standard,S0824: SR2008 No24 : Clinical Waste Transfer Station,Effective,51.61052968657199,-3.9862444023604047,Waste
Dinas Community Recycling Centre,Porth,Rhondda Cynon Taff,Bespoke,A13: Household Waste Amenity Site,Effective,51.614452292859596,-3.4227019380112704,Waste
Llwyn Fynwent,Aberystwyth,Ceredigion,Bespoke,A19a: ELV Facility <2500 tonnes per year,Effective,52.31440727654307,-4.059313519382949,Waste
Sychtyn,Welshpool,Powys,Standard,"S1210: SR2012 No10: On-farm AD facility using farm wastes only, <100t per day",Effective,52.65512809468248,-3.4805043289795012,Waste
Capital Valley Recycling,Tredegar,Caerphilly,Standard,S0811: SR2008 No11 : Inert & excavation Waste TS + treatment,Effective,51.756830646518914,-3.288473242293853,Waste
Monometals Ltd,Newport,Newport,Bespoke,A19a: ELV Facility <2500 tonnes per year,Effective,51.572732819996894,-2.988329625435049,Waste
Suttons Auto Salvage  Ltd,Cardiff,,Standard,SR/21: SR2011 No3: Vehicle Depollution Facility <5000 tpa,Effective,51.47262437879881,-3.236072653194825,Waste
Singleton Hospital Clinical Waste Transfer Station,Swansea,,Standard,S0824: SR2008 No24 : Clinical Waste Transfer Station,Effective,51.61052968657199,-3.9862444023604047,Waste
Longships Road,Cardiff,S Glamorgan,Bespoke,A14: Transfer Station taking Non-Biodegradable Wastes,Effective,51.45965842892306,-3.1475869136945476,Waste
Atlantic Salvage Company,Barry,Glamorgan,Bespoke,A19a: ELV Facility <2500 tonnes per year,Effective,51.401580190163976,-3.24946636315249,Waste
Point Of Ayr Treatment Facility,Ffynnongroew,Flintshire,Bespoke,A20: Metal Recycling Site (mixed MRS's),Effective,53.340435807001256,-3.3122749149488735,Waste
Troste Depot,Trostre Industrial Park,Llanelli,Bespoke,"A11: Household, commercial and industrial waste transfer Stn",Effective,51.67326935409254,-4.137844302388648,Waste
Standard Road Transfer Station,Buckley,Flintshire,Bespoke,"SR: Household, Commercial & Industrial Waste Transfer Stn",Effective,53.177485882131855,-3.0653628189729814,Waste
Glogue Quarry Transfer Station,Hermon,Pembrokeshire,Bespoke,"A11: Household, commercial and industrial waste transfer Stn",Effective,51.96334696871682,-4.596551568535643,Waste
S & R Metals,Pwllheli,Gwynedd,Bespoke,A20: Metal Recycling Site (mixed MRS's),Effective,52.94106269250257,-4.44828581458303,Waste
The Lodge,Cowbridge,Vale Of Glamorg,Bespoke,"SR: Household, Commercial & Industrial Waste Transfer Stn",Effective,51.468325972405324,-3.464797918837573,Waste
Anaerobic Digester,Newtown,Powys,Standard,"S1210: SR2012 No10: On-farm AD facility using farm wastes only, <100t per day",Effective,52.50023054266048,-3.237814974774732,Waste
Unit 2,Cowbridge,South Glamorgan,Bespoke,"A11: Household, commercial and industrial waste transfer Stn",Effective,51.43505345653245,-3.5074545919499833,Waste
Coalbrook Motors Ltd,,Grovesend,Bespoke,A19a: ELV Facility <2500 tonnes per year,Effective,51.68291901245737,-4.0392334433949415,Waste
Roath Dock,Cardiff,,Bespoke,"SR: Household, Commercial & Industrial Waste Transfer Stn",Effective,51.46686927493685,-3.1485740470758286,Waste
BAE Systems Global Combat Systems Munitions,Usk,Monmouthshire,Bespoke,A15: Material Recycling Treatment Facility,Effective,51.70123279881897,-2.9410599338192664,Waste
Grove Farm Autos,Aberdare,R C T,Bespoke,A19a: ELV Facility <2500 tonnes per year,Effective,51.73148619558427,-3.502456439775416,Waste
Gwrtaith Gwynedd,Pwllheli,Gwynedd,Bespoke,A22: Composting Facility,Effective,52.91412732072606,-4.296936020218643,Waste
Old Sawmills Waste Transfer Station With Treatment & Recycling Facility,Llangadog,Carmarthenshire,Bespoke,"SR: Household, Commercial & Industrial Waste Transfer Stn",Effective,51.9414694483469,-3.8909593561150593,Waste
Project Red Recycling,Efail Isaf,Pontypridd,Bespoke,A14: Transfer Station taking Non-Biodegradable Wastes,Effective,51.54355472148479,-3.336732840513642,Waste
Waterton Depot,Bridgend,Glamorgan,Bespoke,A14: Transfer Station taking Non-Biodegradable Wastes,Effective,51.49743259693981,-3.5433818767489584,Waste
Brindley Road,Cardiff,Glamorgan,Bespoke,"SR: Household, Commercial & Industrial Waste Transfer Stn",Effective,51.45882413912266,-3.200362667650746,Waste
Winsel Civic Amenity & Recycling Site,Haverfordwest,Pembrokeshire,Bespoke,A13a: Household waste amenity site taking hazardous waste,Effective,51.778019688881535,-5.003915055295228,Waste
Manorowen Civic Amenity and recycling centre,Fishguard,Pembrokeshire,Bespoke,A13a: Household waste amenity site taking hazardous waste,Effective,51.98054064875524,-5.007857643564131,Waste
Gwynedd Council,Dolgellau,Gwynedd,Bespoke,A13: Household Waste Amenity Site,Effective,52.74646434304992,-3.8777350350104003,Waste
Pendragon Waste & Skip Hire,,Cwmgwilli,Standard,S0801: SR2008 No1 : HCI Waste Transfer Station,Effective,51.782185360923876,-4.066064020998155,Waste
Enviroventure Waste Solutions Ltd,Milford Haven,Pembs,Standard,SR/21: SR2011 No3: Vehicle Depollution Facility <5000 tpa,Effective,51.71584077541406,-4.995257677133142,Waste
Caerhun Farm,Conwy,Gwynedd,Bespoke,A22: Composting Facility,Effective,53.217810955076544,-3.8402381103592473,Waste
Waste Transfer Station Tir Ergyd Yard,Aberdare,R C T,Bespoke,"SR: Household, Commercial & Industrial Waste Transfer Stn",Effective,51.73641750567773,-3.448456160193324,Waste
The Graig Yffaldau Waste Transfer,Llandrindod Wells,Powys,Bespoke,A13: Household Waste Amenity Site,Effective,52.256124809030325,-3.2733757308633424,Waste
North Powys Bulking Facility,,Powys,Bespoke,"SR: Household, Commercial & Industrial Waste Transfer Stn",Effective,52.53918701017333,-3.243732265323464,Waste
Newport Oil Treatment Plant,Newport,Gwent,Bespoke,"A11: Household, commercial and industrial waste transfer Stn",Effective,51.567296886812564,-2.980348516091363,Waste
New Horizon Plastics Co Ltd,Flint,Flintshire,Bespoke,A09: Hazardous waste transfer station,Effective,53.253396471639604,-3.1349240977730517,Waste
Central Depot,Ebbw Vale,Blaenau Gwent,Bespoke,A16: Physical Treatment Facility,Effective,51.79296137662509,-3.1713562454733686,Waste
S P A Davies & Sons,Mold,Flintshire,Bespoke,A20: Metal Recycling Site (mixed MRS's),Effective,53.12263690759892,-3.0946249120469287,Waste
New Inn Waste Transfer Station,Torfaen,,Bespoke,A13a: Household waste amenity site taking hazardous waste,Effective,51.69223787533471,-3.019056168006587,Waste
Blancomet- Cardiff,Cardiff,Cardiff,Bespoke,A20: Metal Recycling Site (mixed MRS's),Effective,51.46297209122915,-3.196584820769826,Waste
New Horizon Biofuel and Animal  Bedding Co Ltd,Wrexham,Wrexham,Bespoke,A16a: Hazardous waste physical treatment facility,Effective,53.00072534429567,-3.036984120269616,Waste
Whitland Recycling Centre & Civic Amenity Site,Whitland,Carmarthenshire,Bespoke,A13: Household Waste Amenity Site,Effective,51.82006379409895,-4.623940959247299,Waste
Roger Jones Trading As Roger Jones  Hiab and Plant Services,Merthyr Tydfil,,Standard,S0811: SR2008 No11 : Inert & excavation Waste TS + treatment,Effective,51.758896038203574,-3.4543482840814654,Waste
Kings Dock,Swansea,Swansea,Bespoke,A15: Material Recycling Treatment Facility,Effective,51.61734366836024,-3.90668904139224,Waste
SL Recycling Ltd,Pontypool,Torfaen,Bespoke,A20: Metal Recycling Site (mixed MRS's),Effective,51.68261406313282,-3.0121140160691144,Waste
E.J. Metals Recycling Ltd,Lampeter,Ceredigion,Bespoke,A19a: ELV Facility <2500 tonnes per year,Effective,52.15373083753036,-4.120814115840752,Waste
"Pen Y Bont Scrapyard, Bala",Bala,Gwynedd,Bespoke,A20: Metal Recycling Site (mixed MRS's),Effective,52.90307649804969,-3.590007018330689,Waste
Trostre Civic Amenity / Transfer Station,Llanelli,Carmarthenshire,Bespoke,A13: Household Waste Amenity Site,Effective,51.674392085842804,-4.136436354530663,Waste
Waterloo Recycling Centre,Pembroke Dock,Pembrokeshire,Bespoke,A13: Household Waste Amenity Site,Effective,51.695867753797245,-4.920922831482653,Waste
Arch Motors,Llandudno,Conwy,Bespoke,A19: Metal Recycling Site (Vehicle Dismantler),Effective,53.314412575625425,-3.8248167724587088,Waste
The Waste Transfer Station,Bridgend,Glamorgan,Bespoke,"SR: Household, Commercial & Industrial Waste Transfer Stn",Effective,51.51150202661536,-3.6715393957480416,Waste
Plas Madoc Household Waste Recycling Centre,Wrexham,Clwyd,Bespoke,A13: Household Waste Amenity Site,Effective,52.98253987695185,-3.05531624959671,Waste
Pilkington Asbestos Removal Services Ltd,Rhyl,Denbighshire,Standard,S0824: SR2008 No24 : Clinical Waste Transfer Station,Effective,53.31773664060874,-3.4776119882478675,Waste
Potters Yard,Welshpool,Powys,Bespoke,"A11: Household, commercial and industrial waste transfer Stn",Effective,52.65836261877584,-3.1382231082242575,Waste
Astbury (Rossett) Landfill,Wrexham,,Bespoke,"A04: Household, Commercial & Industrial Waste Landfill",Effective,53.10411891929517,-3.0059812076833983,Waste
"H K Motors, Ruabon",Wrexham,Clwyd,Bespoke,A19: Metal Recycling Site (Vehicle Dismantler),Effective,52.998362202916425,-3.0430217862213995,Waste
Land Adajcent To Herbert Road,Newport,,Bespoke,A25: Deposit of waste to land as a recovery operation,Effective,51.59821904991837,-2.9846526790422367,Waste
Natural U K Ltd Healthcare Management Facility,Ammanford,Carmarthenshire,Bespoke,"A11: Household, commercial and industrial waste transfer Stn",Effective,51.78000338004399,-4.040666469090143,Waste
Asgard Renewables Ltd,Cardigan,Ceredigion,Bespoke,A23: Biological Treatment Facility,Effective,52.09352498871253,-4.624285470679071,Waste
Greenfield Recycling Park,Greenfield,Flintshire,Bespoke,"SR: Household, Commercial & Industrial Waste Transfer Stn",Effective,53.28485435808253,-3.190688363185223,Waste
Intelligent Lifecycle Solutions,Tonypandy,,Bespoke,A20: Metal Recycling Site (mixed MRS's),Effective,51.60012366477616,-3.4334152028964837,Waste
Dan Y Parc Council Depot,Abercrave,Powys,Bespoke,"SR: Household, Commercial & Industrial Waste Transfer Stn",Effective,51.79403838695652,-3.736971714849849,Waste
New Lodge Farm,Llanelli,,Bespoke,A16: Physical Treatment Facility,Effective,51.76827650576356,-4.0689940420251345,Waste
Jensons Metals,Pembroke Dock,Pembrokeshire,Bespoke,A20: Metal Recycling Site (mixed MRS's),Effective,51.695854644439656,-4.956293158499488,Waste
Tunnel Yard,Cardiff,Vale of Glamorgan,Standard,"SR/12: SR2010 No12: Treatment of waste to produce soil <75,000 tpa",Effective,51.45711648337655,-3.259417118944016,Waste
Greenfield Recycling Park,Greenfield,Flintshire,Bespoke,"SR: Household, Commercial & Industrial Waste Transfer Stn",Effective,53.28485435808253,-3.190688363185223,Waste
Llanddulas Composting Facility,Conwy,Clwyd,Bespoke,A22: Composting Facility,Effective,53.2799890432406,-3.647074804865345,Waste
New Vale HWRC,Ebbw Vale,Blaenau Gwent,Bespoke,A13: Household Waste Amenity Site,Effective,51.78752269431256,-3.2250475189236374,Waste
We Hire Ltd,Newport,,Standard,S0906: SR2009 No6: Inert and excavation WTS with treatment,Effective,51.56874037870054,-2.960194328320908,Waste
Cefn Graianog Quarry,Caernarfon,Gwynedd,Bespoke,A16: Physical Treatment Facility,Effective,53.01504907157966,-4.297166142816173,Waste
Bishops Auto Spares,,Swansea,Bespoke,A19a: ELV Facility <2500 tonnes per year,Effective,51.69081953618354,-3.898968102794653,Waste
Sandycroft Recycling Park,Deeside,,Bespoke,A13: Household Waste Amenity Site,Effective,53.19852934143077,-2.9914996496522632,Waste
Taybrite Works,Bynea,Llanelli,Bespoke,"SR: Household, Commercial & Industrial Waste Transfer Stn",Effective,51.66566755761175,-4.095115842440016,Waste
Maes Mynan Quarry,Mold,Clwyd,Bespoke,A25: Deposit of waste to land as a recovery operation,Effective,53.238525613363635,-3.321801421401522,Waste
Cae Uchaf Farm,Menai Bridge,Anglesey,Bespoke,A16: Physical Treatment Facility,Effective,53.249830547702196,-4.194619386839623,Waste
O J Jones & Son,Porthmadog,Gwynedd,Bespoke,A16: Physical Treatment Facility,Effective,52.93270756197811,-4.148744933408723,Waste
Land Adjacent to Ty Newydd,Llanelli,,Bespoke,"SR: Household, Commercial & Industrial Waste Transfer Stn",Effective,51.7846790460267,-4.063858178853867,Waste
G Davies Skip Hire,Port Talbot,N P T,Bespoke,"SR: Household, Commercial & Industrial Waste Transfer Stn",Effective,51.61200328336094,-3.7670153732699663,Waste
Hendy Recycling,Pontyclum,Mid Glamorgan,Bespoke,A14: Transfer Station taking Non-Biodegradable Wastes,Effective,51.521046548591016,-3.3634019025326074,Waste
A Skip 2 U Ltd,Mold,Flintshire,Standard,S0801: SR2008 No1 : HCI Waste Transfer Station,Effective,53.153251597717265,-3.0841730897683046,Waste
1 Acre Farm,Holywell,,Standard,S0820: SR2008 No20 : Vehicle depollution facility (ATF),Effective,53.244802766396894,-3.1947012183909345,Waste
Tydu Farm,Treharris,Caerphilly,Bespoke,"SR: Household, Commercial & Industrial Waste Transfer Stn",Effective,51.64274115736174,-3.286290861669796,Waste
Nantycaws Materials Recycling Facilities,Carmarthen,,Bespoke,A15: Material Recycling Treatment Facility,Effective,51.83608588242951,-4.217576869618679,Waste
Coli Isaf Farm Landfill,Merthyr Tydfil,Glamorgan,Bespoke,A06: Landfill taking other wastes,Effective,51.71048505333492,-3.3130781027360117,Waste
Pwllheli Civic Amenity Site,Pwllheli,Gwynedd,Bespoke,A13: Household Waste Amenity Site,Effective,52.89145727590193,-4.402032398807516,Waste
MTCBC Waste Transfer Station,Pentrebach,Merthyr Tydfil,Bespoke,"SR: Household, Commercial & Industrial Waste Transfer Stn",Effective,51.71826475711868,-3.353316020304926,Waste
Treherbert Community Recycling Centre,Treorchy,Rhondda Cynon Taff,Bespoke,A13a: Household waste amenity site taking hazardous waste,Effective,51.670755553556255,-3.5316533633631106,Waste
Ty'n Y Coed,Penrhyndeudraeth,Gwynedd,Bespoke,"SR: Household, Commercial & Industrial Waste Transfer Stn",Effective,52.92143900900787,-4.100151502493084,Waste
Kinmel Park Depot,Bodelwyddan,Denbighshire,Standard,S0801: SR2008 No1 : HCI Waste Transfer Station,Effective,53.2644189620946,-3.509223388399463,Waste
Greenfield Recycling Park,Greenfield,Flintshire,Bespoke,"SR: Household, Commercial & Industrial Waste Transfer Stn",Effective,53.28485435808253,-3.190688363185223,Waste
Worldcare Wales Ltd,Llandudno Junction,Conwy,Bespoke,"SR: Household, Commercial & Industrial Waste Transfer Stn",Effective,53.28162719358218,-3.805253859668248,Waste
Unit 2,Knighton,Powys,Bespoke,A16: Physical Treatment Facility,Effective,52.34396553638377,-3.0329362370055715,Waste
Winsel Civic Amenity & Recycling Site,Haverfordwest,Pembrokeshire,Bespoke,A13a: Household waste amenity site taking hazardous waste,Effective,51.778019688881535,-5.003915055295228,Waste
ASH Wrexham Recycling Centre,Wrexham,,Bespoke,"A11: Household, commercial and industrial waste transfer Stn",Effective,53.03683457390513,-2.9203158041153374,Waste
Dragon Works,Chester,Cheshire,Bespoke,A19: Metal Recycling Site (Vehicle Dismantler),Effective,53.17724057260189,-2.9350943502514912,Waste
Colomendy Waste Transfer Station,Denbigh,Denbighshire,Bespoke,A09: Hazardous waste transfer station,Effective,53.19549750338603,-3.417552897363065,Waste
Pembroke Refinery,Pembroke,Pembrokeshire,Bespoke,A23: Biological Treatment Facility,Effective,51.679656309917334,-5.0209347420470705,Waste
Aberbargoed Civic Amenity Site,Bargoed,Caerphilly,Bespoke,A13: Household Waste Amenity Site,Effective,51.683962561600666,-3.2159283399516982,Waste
New Vale HWRC,Ebbw Vale,Blaenau Gwent,Bespoke,A13: Household Waste Amenity Site,Effective,51.78752269431256,-3.2250475189236374,Waste
Plot 57 Brynmenyn Ind Est,Bridgend,Glamorgan,Standard,S0803: SR2008 No3 : HCI Waste TS + treatment,Effective,51.549603701450316,-3.5806278916314955,Waste
Lodge Farm Digester,Wrexham,Clwyd,Bespoke,A23: Biological Treatment Facility,Effective,53.0826997340672,-2.9224735049607022,Waste
Site Serv Recycling Ltd,Cowbridge,,Standard,S0803: SR2008 No3 : HCI Waste TS + treatment,Effective,51.42955308052047,-3.4995199509620836,Waste
Hendy Recycling,Pontyclum,Mid Glamorgan,Bespoke,A14: Transfer Station taking Non-Biodegradable Wastes,Effective,51.521046548591016,-3.3634019025326074,Waste
Flintspeed Car & Commercial Dismantlers,Holywell,Flintshire,Bespoke,A19: Metal Recycling Site (Vehicle Dismantler),Effective,53.29480701536862,-3.220762605688918,Waste
G Lock Scrap Metal Processors,Bangor,Gwynedd,Standard,S0820: SR2008 No20 : Vehicle depollution facility (ATF),Effective,53.21841744070008,-4.110522829512761,Waste
Llandygai Transfer Station,Bangor,Gwynedd,Standard,"SR: Household, Commercial & Industrial Waste Transfer Stn",Effective,53.220013111002885,-4.111799671027815,Waste
Soil Screening And Recycling Facility,Dinas Powys,South Glamorgan,Standard,"SR/12: SR2010 No12: Treatment of waste to produce soil <75,000 tpa",Effective,51.45300343898399,-3.211133536327914,Waste
Moel Garregog,Wrexham,Clwyd,Bespoke,A06: Landfill taking other wastes,Effective,53.05967307022861,-3.1839461973709415,Waste
Gwalchmai Civic Amenity Site,Holyhead,Ynys Mon,Bespoke,A13a: Household waste amenity site taking hazardous waste,Effective,53.260381332233315,-4.42887431753649,Waste
Moel Y Faen Quarry,Llangollen,Denbighshire,Bespoke,A25: Deposit of waste to land as a recovery operation,Effective,53.021219028571274,-3.2209246652106724,Waste
Penrhyndeudraeth Works,Penrhyndeudraeth,Gwynedd,Bespoke,A19: Metal Recycling Site (Vehicle Dismantler),Effective,52.9278622606223,-4.057821390501133,Waste
Parry and Evans Ltd,,Flintshire,Bespoke,"SR: Household, Commercial & Industrial Waste Transfer Stn",Effective,53.224864633084366,-3.004750278789408,Waste
SL Recycling Ltd,Pontypool,Torfaen,Bespoke,"SR: Household, Commercial & Industrial Waste Transfer Stn",Effective,51.68261406313282,-3.0121140160691144,Waste
Wernddu Civic Amenity And Transfer Station,Ammanford,Carmarthenshire,Bespoke,"SR: Household, Commercial & Industrial Waste Transfer Stn",Effective,51.81996781828778,-3.9639729939384853,Waste
Gower Chemicals Ltd,Swansea,West Glamorgan,Bespoke,A17: Physico-Chemical Treatment Facility,Effective,51.621522521438514,-3.8879394609058004,Waste
Waste Management Ltd,Mona,Anglesey,Bespoke,"SR: Household, Commercial & Industrial Waste Transfer Stn",Effective,53.25426139653041,-4.372501108080614,Waste
Caergylchu Waste Management Facility,Caernarfon,Gwynedd,Bespoke,A13a: Household waste amenity site taking hazardous waste,Effective,53.14107862200739,-4.243331050389655,Waste
Brecon Recycling Centre,Brecon,Powys,Bespoke,A13a: Household waste amenity site taking hazardous waste,Effective,51.93986052561493,-3.412318395326156,Waste
Aberclwyd Farm Crick Scrap,Neath,N P T,Bespoke,A20: Metal Recycling Site (mixed MRS's),Effective,51.7289291559285,-3.6673288848879015,Waste
J Chadwicks Scrapyard,Deeside,Flintshire,Bespoke,A20: Metal Recycling Site (mixed MRS's),Effective,53.198783987196755,-2.9954575714154608,Waste
Halfway Motor Spares,Haverfordwest,Pembrokeshire,Bespoke,A19a: ELV Facility <2500 tonnes per year,Effective,51.76225781377132,-4.993171336449744,Waste
Tom James Construction Services Ltd,Blaenau Ffestiniog,Gwynedd,Standard,S0906: SR2009 No6: Inert and excavation WTS with treatment,Effective,53.001814176012736,-3.9439131372600933,Waste
Lovatt Brothers,Montgomery,Powys,Bespoke,A20: Metal Recycling Site (mixed MRS's),Effective,52.52051294583643,-3.2187681870444234,Waste
Moel Y Faen Quarry,Llangollen,Denbighshire,Bespoke,A25: Deposit of waste to land as a recovery operation,Effective,53.021219028571274,-3.2209246652106724,Waste
Rhyl Recycling Park,Rhyl,Denbighshire,Bespoke,A13a: Household waste amenity site taking hazardous waste,Effective,53.31006018081115,-3.497024355904645,Waste
Waterloo Recycling Centre,Pembroke Dock,Pembrokeshire,Bespoke,A13: Household Waste Amenity Site,Effective,51.695867753797245,-4.920922831482653,Waste
Jennings,Colwyn Bay,,Standard,S0906: SR2009 No6: Inert and excavation WTS with treatment,Effective,53.28769400777613,-3.6837062892366133,Waste
Recycling and Recovery Facility,Neath,,Bespoke,"A11: Household, commercial and industrial waste transfer Stn",Effective,51.65258364475261,-3.837982905086759,Waste
Clyne Civic Amenity Site,Clyne,Swansea,Bespoke,A13a: Household waste amenity site taking hazardous waste,Effective,51.60644399367517,-4.0001901126776955,Waste
Tondu Waste Transfer Station,Bridgend,Glamorgan,Standard,S0803: SR2008 No3 : HCI Waste TS + treatment,Effective,51.550229361113296,-3.5955199682114003,Waste
Ewloe Waste Transfer Station,Mold,Flintshire,Bespoke,"A11: Household, commercial and industrial waste transfer Stn",Effective,53.18690560970288,-3.083420647073597,Waste
North Powys Bulking Facility,,Powys,Bespoke,"SR: Household, Commercial & Industrial Waste Transfer Stn",Effective,52.53918701017333,-3.243732265323464,Waste
I Hayward Ltd,Wrexham,Clwyd,Bespoke,A20: Metal Recycling Site (mixed MRS's),Effective,52.99765034642283,-3.043213230070392,Waste
Waunlwyd Farm,Cynwyl Elfed,Carmarthenshire,Bespoke,A05: Landfill taking Non-Biodegradeable Wastes,Effective,51.960272722113245,-4.401272441389236,Waste
Rhwngyddwyryd Civic Amenity Site,Garndolbenmaen,Gwynedd,Bespoke,A13: Household Waste Amenity Site,Effective,52.95821544160947,-4.24403404990915,Waste
Court Road Civic Amenity Site,Barry,South Glamorgan,Bespoke,A13: Household Waste Amenity Site,Effective,51.41053139326381,-3.262507531775083,Waste
Pantile Autos,Tonypandy,R C T,Bespoke,A20: Metal Recycling Site (mixed MRS's),Effective,51.59926650596286,-3.4373299372345536,Waste
Unit 12F,Barry,,Bespoke,"SR: Household, Commercial & Industrial Waste Transfer Stn",Effective,51.398365874724675,-3.2473231379005356,Waste
Olleco Cymru Wales,Newport,Newport,Bespoke,A15: Material Recycling Treatment Facility,Effective,51.56739642466951,-2.979196423853383,Waste
Safetykleen Broughton,Deeside,Flintshire,Bespoke,"A11: Household, commercial and industrial waste transfer Stn",Effective,53.1750713854416,-2.96140941559012,Waste
Bagillt Car Spares,Bagillt,Flintshire,Bespoke,A19: Metal Recycling Site (Vehicle Dismantler),Effective,53.274498471378855,-3.178043296098422,Waste
Celtic Recycling Ltd,Bridgend,Glamorgan,Bespoke,A16: Physical Treatment Facility,Effective,51.525223313361664,-3.686053831845144,Waste
G D Environmental Services Ltd,Newport,Gwent,Bespoke,"SR: Household, Commercial & Industrial Waste Transfer Stn",Effective,51.566346824305626,-2.974585897054226,Waste
Envik Waste Recycling Services,,Rhondda Cynon Taf,Bespoke,A16a: Hazardous waste physical treatment facility,Effective,51.52984504795902,-3.4041896271096155,Waste
New Horizon Plastics Co Ltd,Flint,Flintshire,Bespoke,A09: Hazardous waste transfer station,Effective,53.253396471639604,-3.1349240977730517,Waste
Dirtbusters Mini & Midi Skips,Kinmel Bay,Conwy,Bespoke,"SR: Household, Commercial & Industrial Waste Transfer Stn",Effective,53.30932477965626,-3.5083006527247553,Waste
PHS Group Cardiff,Cardiff,,Bespoke,A12: Clinical Waste Transfer Station,Effective,51.54473989944932,-3.265556103071453,Waste
Twyn Dismantlers Ltd,Blackwood,Caerphilly,Bespoke,A19a: ELV Facility <2500 tonnes per year,Effective,51.65807847809637,-3.2242997801574536,Waste
A J T Recycling Ltd,Swansea,Swansea,Standard,S0821: SR2008 No21 : Metal recycling site,Effective,51.64196299045041,-3.989164650233709,Waste
Summerleaze Pet Crematorium,Newport,Gwent,Bespoke,"SR: Household, Commercial & Industrial Waste Transfer Stn",Effective,51.5564269188951,-2.841251166932964,Waste
New Horizon Biofuel and Animal  Bedding Co Ltd,Wrexham,Wrexham,Bespoke,A16: Physical Treatment Facility,Effective,53.00072534429567,-3.036984120269616,Waste
Jab 93,Bridgend,Glamorgan,Bespoke,A19a: ELV Facility <2500 tonnes per year,Effective,51.515655543761866,-3.560009943432413,Waste
Pic Up Spares,Llandore,Swansea,Bespoke,A19a: ELV Facility <2500 tonnes per year,Effective,51.64437368756074,-3.937511110043007,Waste
Ffridd Rasus Landfill Site,Harlech,Gwynedd,Standard,S0801: SR2008 No1 : HCI Waste Transfer Station,Effective,52.88293930736614,-4.115367287249588,Waste
Anaerobic Digester,Newtown,Powys,Standard,"S1210: SR2012 No10: On-farm AD facility using farm wastes only, <100t per day",Effective,52.50023054266048,-3.237814974774732,Waste
Llechwedd Quarry,,Gwynedd,Standard,S0811: SR2008 No11 : Inert & excavation Waste TS + treatment,Effective,53.001313368713745,-3.934933815710786,Waste
SL Recycling Ltd,Pontypool,Torfaen,Bespoke,S0803: SR2008 No3 : HCI Waste TS + treatment,Effective,51.68261406313282,-3.0121140160691144,Waste
The Old Brickworks,Pontypool,Torfaen,Bespoke,A16: Physical Treatment Facility,Effective,51.714458760127805,-2.992459022553794,Waste
Paperback Collection & Recycling Ltd,Deeside,Clwyd,Bespoke,"SR: Household, Commercial & Industrial Waste Transfer Stn",Effective,53.22450857751897,-3.0181030822153154,Waste
Asgard Renewables Ltd,Cardigan,Ceredigion,Bespoke,A29: Gas Engine for buring of landfill or other bio-gas,Effective,52.09352498871253,-4.624285470679071,Waste
Arch Motors,Llandudno,Conwy,Bespoke,A19: Metal Recycling Site (Vehicle Dismantler),Effective,53.314412575625425,-3.8248167724587088,Waste
Brisco Waste Disposal Ltd,Swansea,,Bespoke,"SR: Household, Commercial & Industrial Waste Transfer Stn",Effective,51.64708825014534,-3.998191989392048,Waste
Cwm Nant-yr-odyn,Blackwood,Caerphilly,Bespoke,A19a: ELV Facility <2500 tonnes per year,Effective,51.650892736818655,-3.177851201099632,Waste
Olivers Sales & Rentals,Hengoed,Ystrad Mynach,Bespoke,"SR: Household, Commercial & Industrial Waste Transfer Stn",Effective,51.66654652056396,-3.2313819873241805,Waste
David Neil,Abergele,Conwy,Bespoke,A19a: ELV Facility <2500 tonnes per year,Effective,53.19871528729091,-3.744696573530789,Waste
Bulky Waste Recycling Centre,Ystradgynlais,Powys,Bespoke,"SR: Household, Commercial & Industrial Waste Transfer Stn",Effective,51.78910750121215,-3.7810497129443794,Waste
Neville's Dock,Llanelli,Carmarthenshire,Bespoke,A20: Metal Recycling Site (mixed MRS's),Effective,51.66845312340758,-4.165601177479981,Waste
Former Morlais Colliery,Llanelli,Carmarthenshire,Bespoke,A16: Physical Treatment Facility,Effective,51.703234731797046,-4.064866577016646,Waste
Rear of Unit 7,Barry,Vale of Glamorgan,Standard,SR/21: SR2011 No3: Vehicle Depollution Facility <5000 tpa,Effective,51.410425160410426,-3.2480827187704358,Waste
Hafod Yard Transfer Station,Wrexham,,Bespoke,A19: Metal Recycling Site (Vehicle Dismantler),Effective,53.01048197027048,-3.028364671833535,Waste
Glan Yr Afon Civic Amenity Site,Aberystwyth,Ceredigion,Bespoke,A13a: Household waste amenity site taking hazardous waste,Effective,52.401316728353144,-4.047615571719817,Waste
Penmaen Civic Amenity Site,Blackwood,Caerphilly,Bespoke,A13: Household Waste Amenity Site,Effective,51.65827594746738,-3.1848952749661907,Waste
Land Adjacent to Ty Newydd,Llanelli,,Bespoke,"SR: Household, Commercial & Industrial Waste Transfer Stn",Effective,51.7846790460267,-4.063858178853867,Waste
Oakenholt Household Waste Recycling Centre,Flint,Flintshire,Bespoke,A13a: Household waste amenity site taking hazardous waste,Effective,53.23533726444855,-3.100390368128194,Waste
Gwrtaith Gwynedd,Pwllheli,Gwynedd,Bespoke,A22: Composting Facility,Effective,52.91412732072606,-4.296936020218643,Waste
Gwalchmai Civic Amenity Site,Holyhead,Ynys Mon,Bespoke,A13a: Household waste amenity site taking hazardous waste,Effective,53.260381332233315,-4.42887431753649,Waste
A C D Skips Ltd,Bridgend,Glamorgan,Bespoke,"SR: Household, Commercial & Industrial Waste Transfer Stn",Effective,51.54970567702705,-3.5804006574921448,Waste
Halfway Motor Spares,Haverfordwest,Pembrokeshire,Bespoke,A19a: ELV Facility <2500 tonnes per year,Effective,51.76225781377132,-4.993171336449744,Waste
Penhesgyn Waste Transfer & Materials Recovery Facility,Llansadwrn,Ynys Mon,Bespoke,"SR: Household, Commercial & Industrial Waste Transfer Stn",Effective,53.244432483069204,-4.198719617920321,Waste
Rhondda Skip Hire,Williamstown,R C T,Bespoke,"SR: Household, Commercial & Industrial Waste Transfer Stn",Effective,51.6047899242286,-3.4393383171906486,Waste
Potters Yard,Welshpool,Powys,Bespoke,A20: Metal Recycling Site (mixed MRS's),Effective,52.65836261877584,-3.1382231082242575,Waste
Wastesavers Resource Centre,Newport,Newport,Bespoke,"SR: Household, Commercial & Industrial Waste Transfer Stn",Effective,51.57106999098194,-2.981829322003565,Waste
Blancomet- Cardiff,Cardiff,Cardiff,Bespoke,A20: Metal Recycling Site (mixed MRS's),Effective,51.46297209122915,-3.196584820769826,Waste
Pwllheli Civic Amenity Site,Pwllheli,Gwynedd,Bespoke,A13: Household Waste Amenity Site,Effective,52.89145727590193,-4.402032398807516,Waste
Broughshire Ltd,Bridgend,Glamorgan,Bespoke,A20: Metal Recycling Site (mixed MRS's),Effective,51.51987413544817,-3.565314204306014,Waste
Llwyn Isaf Landfill And Transfer Station,Caernarfon,Gwynedd,Bespoke,"A04: Household, Commercial & Industrial Waste Landfill",Effective,53.01605685987266,-4.311040563922913,Waste
Llanwern Landfill : South Side Of Queensway,Newport,Gwent,Bespoke,A07: Industrial Waste Landfill (Factory curtilage),Effective,51.57124067646086,-2.902343071749336,Waste
Heol Ty Gwyn Civic Amenity Site,Bridgend,Glamorgan,Bespoke,A13: Household Waste Amenity Site,Effective,51.61293897345138,-3.6712200233012435,Waste
P Dobbins Chester Ltd,Saltney,Flintshire,Bespoke,A20: Metal Recycling Site (mixed MRS's),Effective,53.17851324487341,-2.945820393280779,Waste
Parc Gwynfryn Recycling Centre,Crymych,Pembrokeshire,Standard,"SR/07: SR2010 No7: Use of waste in construction <50,000 tpa",Effective,51.978772394144535,-4.638889897419916,Waste
M & E Bin Hire,Pontypridd,R C T,Bespoke,A20: Metal Recycling Site (mixed MRS's),Effective,51.59862091048417,-3.325658245387074,Waste
K G Matthews Auto Salvage,Gaerwen,Ynys Mon,Bespoke,A19: Metal Recycling Site (Vehicle Dismantler),Effective,53.22927245300479,-4.2871518717027195,Waste
Dyfed Recycling Services,Llanelli,Carmarthenshire,Bespoke,"SR: Household, Commercial & Industrial Waste Transfer Stn",Effective,51.691590065319716,-4.130272223557306,Waste
Dow Corning Waste Transfer Station,Barry,Glamorgan,Bespoke,A15: Material Recycling Treatment Facility,Effective,51.405958599473465,-3.243619127489991,Waste
Channel View Aggregates,Barry,,Standard,S0811: SR2008 No11 : Inert & excavation Waste TS + treatment,Effective,51.4024486479034,-3.265735198805805,Waste
Llantrisant Autos,Llantrisant,R C T,Bespoke,A20: Metal Recycling Site (mixed MRS's),Effective,51.55311181665503,-3.400809754359608,Waste
Aberclwyd Farm Crick Scrap,Neath,N P T,Bespoke,A20: Metal Recycling Site (mixed MRS's),Effective,51.7289291559285,-3.6673288848879015,Waste
A J T Recycling Ltd,Swansea,Swansea,Standard,"S1214: SR2012 No14: Metal recycling, vehicle storage, depollution",Effective,51.64196299045041,-3.989164650233709,Waste
Cilgwyn Landfill Site,Penygroes,Gwynedd,Bespoke,"A04: Household, Commercial & Industrial Waste Landfill",Effective,53.06184333331392,-4.241329462516394,Waste
Potters Yard,Welshpool,Powys,Bespoke,A20: Metal Recycling Site (mixed MRS's),Effective,52.65836261877584,-3.1382231082242575,Waste
Walters,Aberdare,,Standard,S0811: SR2008 No11 : Inert & excavation Waste TS + treatment,Effective,51.74433882851951,-3.5479165496789595,Waste
Cwm Nant-yr-odyn,Blackwood,Caerphilly,Bespoke,A19a: ELV Facility <2500 tonnes per year,Effective,51.650892736818655,-3.177851201099632,Waste
Lamby Way Depot,Cardiff,Glamorgan,Bespoke,"SR: Household, Commercial & Industrial Waste Transfer Stn",Effective,51.49810077787642,-3.1241771191521597,Waste
Bryn Quarry Ltd,Gelligaer,Mid Glamorgan,Bespoke,A25: Deposit of waste to land as a recovery operation,Effective,51.65994968534804,-3.2665953311665215,Waste
Road Runners,Chester,Flintshire,Bespoke,A19a: ELV Facility <2500 tonnes per year,Effective,53.18062359776104,-2.9289581129887075,Waste
Dowlais Household Waste and Recycling Centre,Merthyr Tydfil,,Bespoke,A13a: Household waste amenity site taking hazardous waste,Effective,51.759814890787084,-3.3611365608823016,Waste
Brynmenyn Household Waste Recycling Centre,Bridgend,Glamorgan,Bespoke,A13a: Household waste amenity site taking hazardous waste,Effective,51.54899193725389,-3.5806499522084247,Waste
E.J. Metals Recycling Ltd,Lampeter,Ceredigion,Bespoke,A19a: ELV Facility <2500 tonnes per year,Effective,52.15373083753036,-4.120814115840752,Waste
Road Runners,Chester,Flintshire,Bespoke,A19a: ELV Facility <2500 tonnes per year,Effective,53.18062359776104,-2.9289581129887075,Waste
Penmaen Civic Amenity Site,Blackwood,Caerphilly,Bespoke,A13: Household Waste Amenity Site,Effective,51.65827594746738,-3.1848952749661907,Waste
Greenacres Skip Hire,Fishguard,Pembrokeshire,Bespoke,"SR: Household, Commercial & Industrial Waste Transfer Stn",Effective,51.97216751942795,-5.006801324084675,Waste
A J Motors,Neath,N P T,Bespoke,A19a: ELV Facility <2500 tonnes per year,Effective,51.66949871075752,-3.7872714535505803,Waste
Ammanford Metal Recycling,Ammanford,Carmarthenshire,Bespoke,S0821: SR2008 No21 : Metal recycling site,Effective,51.79842030295009,-3.9977131181561485,Waste
Paperback Collection & Recycling Ltd,Deeside,Clwyd,Bespoke,"SR: Household, Commercial & Industrial Waste Transfer Stn",Effective,53.22450857751897,-3.0181030822153154,Waste
Brymbo Household Waste Recycling Centre,Wrexham,Clwyd,Bespoke,A13: Household Waste Amenity Site,Effective,53.064741690085434,-3.043953552409307,Waste
Dirtbusters Mini & Midi Skips,Kinmel Bay,Conwy,Bespoke,"SR: Household, Commercial & Industrial Waste Transfer Stn",Effective,53.30932477965626,-3.5083006527247553,Waste
Gwalchmai Civic Amenity Site,Holyhead,Ynys Mon,Bespoke,A09: Hazardous waste transfer station,Effective,53.260381332233315,-4.42887431753649,Waste
Neville's Dock,Llanelli,Carmarthenshire,Bespoke,A20: Metal Recycling Site (mixed MRS's),Effective,51.66845312340758,-4.165601177479981,Waste
Gmh Vehicle Dismantlers,Cardiff,Glamorgan,Bespoke,A19: Metal Recycling Site (Vehicle Dismantler),Effective,51.49633063458251,-3.1108371800248746,Waste
Llanddulas Quarry Waste Treatment Centre,Abergele,Conwy,Bespoke,A16: Physical Treatment Facility,Effective,53.28886343549429,-3.6573478652732496,Waste
Caergylchu Waste Management Facility,Caernarfon,Gwynedd,Bespoke,A15: Material Recycling Treatment Facility,Effective,53.14107862200739,-4.243331050389655,Waste
Lawrence Landfill,Haverfordwest,Pembs,Bespoke,A14: Transfer Station taking Non-Biodegradable Wastes,Effective,51.76973907051027,-4.99182558403089,Waste
Bessemer Close Household And Commercial Waste Recycling Centre,Cardiff,Glamorgan,Bespoke,A13: Household Waste Amenity Site,Effective,51.4587205544294,-3.210435655199203,Waste
Pengam Partmart,Hengoed,Caerphilly,Bespoke,A19a: ELV Facility <2500 tonnes per year,Effective,51.66444392448345,-3.230385132419898,Waste
Cardiff Arms Salvage,Cardiff,Glamorgan,Bespoke,A19a: ELV Facility <2500 tonnes per year,Effective,51.46878039193119,-3.178884506307797,Waste
Caergylchu Waste Management Facility,Caernarfon,Gwynedd,Bespoke,A15: Material Recycling Treatment Facility,Effective,53.14107862200739,-4.243331050389655,Waste
1 Acre Farm,Holywell,,Standard,S0820: SR2008 No20 : Vehicle depollution facility (ATF),Effective,53.244802766396894,-3.1947012183909345,Waste
J & A Metals Recycling Centre,Crosshands,Carmarthenshire,Bespoke,"SR: Household, Commercial & Industrial Waste Transfer Stn",Effective,51.78208881618642,-4.06592912651687,Waste
Briton Ferry Household Waste Recycling Centre,Briton Ferry,Neath Port Talbot,Bespoke,"SR: Household, Commercial & Industrial Waste Transfer Stn",Effective,51.630570310414036,-3.827628514638637,Waste
Plot 12a,Milford Haven,Pembrokeshire,Standard,"S1214: SR2012 No14: Metal recycling, vehicle storage, depollution",Effective,51.71486464415825,-4.994034818012459,Waste
Taybrite Works,Bynea,Llanelli,Bespoke,"SR: Household, Commercial & Industrial Waste Transfer Stn",Effective,51.66566755761175,-4.095115842440016,Waste
The Old Coal Yard,Wrexham,Wrexham,Bespoke,"SR/12: SR2010 No12: Treatment of waste to produce soil <75,000 tpa",Effective,52.97301515352908,-3.067920873651274,Waste
Maes Mynan Quarry,Mold,Clwyd,Bespoke,A25: Deposit of waste to land as a recovery operation,Effective,53.237757608691105,-3.317282569375716,Waste
EV Recycling,Llanelli,Carmarthenshire,Bespoke,A20: Metal Recycling Site (mixed MRS's),Effective,51.69615385174786,-4.116594793457682,Waste
Hangar 208,Barry,Vale of Glamorgan,Bespoke,A19: Metal Recycling Site (Vehicle Dismantler),Effective,51.40965302734521,-3.4414972894898455,Waste
Llechwedd Quarry,,Gwynedd,Standard,S0811: SR2008 No11 : Inert & excavation Waste TS + treatment,Effective,53.001313368713745,-3.934933815710786,Waste
Wernddu Civic Amenity And Transfer Station,Ammanford,Carmarthenshire,Bespoke,"SR: Household, Commercial & Industrial Waste Transfer Stn",Effective,51.81996781828778,-3.9639729939384853,Waste
Penstrowed Quarry,Caersws,Powys,Bespoke,A16: Physical Treatment Facility,Effective,52.50846621431126,-3.3761243607694658,Waste
Lorey Metals,Swansea,,Standard,"S1214: SR2012 No14: Metal recycling, vehicle storage, depollution",Effective,51.65768154473273,-3.9178521271893105,Waste
Volehurst Ltd,Newport,Gwent,Bespoke,"SR: Household, Commercial & Industrial Waste Transfer Stn",Effective,51.57481581394865,-2.982270809019571,Waste
Carew Car Dismantlers,Tenby,Pembrokeshire,Bespoke,A19a: ELV Facility <2500 tonnes per year,Effective,51.688107633284545,-4.818221470651089,Waste
Heads Of The Valley Salvage Limited,Merthyr Tydfil,,Bespoke,A20: Metal Recycling Site (mixed MRS's),Effective,51.770573213920954,-3.336474213367894,Waste
Atlantic Household Waste Recycling Centre,Barry,South Glamorgan,Bespoke,A13: Household Waste Amenity Site,Effective,51.39764708307019,-3.2455786139508107,Waste
Bryn Recycling Limited,,Caerphilly,Bespoke,A25: Deposit of waste to land as a recovery operation,Effective,51.660561061242404,-3.270761777789021,Waste
G Lock Scrap Metal Processors,Bangor,Gwynedd,Standard,S0820: SR2008 No20 : Vehicle depollution facility (ATF),Effective,53.21841744070008,-4.110522829512761,Waste
The Granary,Llanbradach,Mid Glamorgan,Bespoke,"A11: Household, commercial and industrial waste transfer Stn",Effective,51.60886542288034,-3.2321597833756566,Waste
Gower Chemicals Ltd,Swansea,West Glamorgan,Bespoke,A17: Physico-Chemical Treatment Facility,Effective,51.621522521438514,-3.8879394609058004,Waste
Weaver Autosalvage,Merthyr Tydfil,Glamorgan,Bespoke,A19a: ELV Facility <2500 tonnes per year,Effective,51.74945111158933,-3.411136037098603,Waste
Penrhyndeudraeth Works,Penrhyndeudraeth,Gwynedd,Bespoke,"SR: Household, Commercial & Industrial Waste Transfer Stn",Effective,52.9278622606223,-4.057821390501133,Waste
Cillefwr Depot,Carmarthen,Carmarthenshire,Bespoke,"SR: Household, Commercial & Industrial Waste Transfer Stn",Effective,51.847380436170184,-4.329191730833966,Waste
Hafod Yard Transfer Station,Wrexham,,Bespoke,"A11: Household, commercial and industrial waste transfer Stn",Effective,53.01048197027048,-3.028364671833535,Waste
Trostre Civic Amenity / Transfer Station,Llanelli,Carmarthenshire,Bespoke,A13: Household Waste Amenity Site,Effective,51.674392085842804,-4.136436354530663,Waste
Bayliss Metals,Bridgend,Bridgend,Bespoke,A19: Metal Recycling Site (Vehicle Dismantler),Effective,51.50226781756062,-3.560561179958906,Waste
Unit 2,Knighton,Powys,Bespoke,A16: Physical Treatment Facility,Effective,52.34396553638377,-3.0329362370055715,Waste
Rhyl Recycling Park,Rhyl,Denbighshire,Bespoke,A13a: Household waste amenity site taking hazardous waste,Effective,53.31006018081115,-3.497024355904645,Waste
Rhayader Depot,,,Bespoke,"SR: Household, Commercial & Industrial Waste Transfer Stn",Effective,52.30011506935123,-3.51701366761677,Waste
Cymru Lan,Gaerwen,Ynys Mon,Bespoke,"SR: Household, Commercial & Industrial Waste Transfer Stn",Effective,53.218017170377045,-4.2842750614278025,Waste
Vale of Glamorgan Resource Recovery Facility,Barry,Vale of Glamorgan,Bespoke,A09: Hazardous waste transfer station,Effective,51.3978719456124,-3.2464184617191676,Waste
Pembrokeshire Eco Park,Milford Haven,Pembrokeshire,Bespoke,A13a: Household waste amenity site taking hazardous waste,Effective,51.742907153803756,-5.057927429558994,Waste
Gwynedd Council,Dolgellau,Gwynedd,Bespoke,A13: Household Waste Amenity Site,Effective,52.74646434304992,-3.8777350350104003,Waste
Bryn Lane Composting Facility,Wrexham,Clwyd,Bespoke,A15: Material Recycling Treatment Facility,Effective,53.05032801162705,-2.9179478804976204,Waste
Phoenix Metals and Colin Davies Non- Ferrous Metals,Ynys Mon,Gwynedd,Bespoke,A20: Metal Recycling Site (mixed MRS's),Effective,53.21964393476785,-4.282429261677759,Waste
Potters Yard,Welshpool,Powys,Bespoke,A20: Metal Recycling Site (mixed MRS's),Effective,52.65836261877584,-3.1382231082242575,Waste
Hafod Yard Transfer Station,Wrexham,,Bespoke,"A11: Household, commercial and industrial waste transfer Stn",Effective,53.01048197027048,-3.028364671833535,Waste
Longlands Quarry,Bridgend,Mid Glamorgan,Standard,"SR/12: SR2010 No12: Treatment of waste to produce soil <75,000 tpa",Effective,51.48400033411213,-3.5459526967099757,Waste
CellPath Limited,Newtown,Powys,Standard,S0824: SR2008 No24 : Clinical Waste Transfer Station,Effective,52.501912307341065,-3.324915800486702,Waste
Bryn Pica Waste Operations,Aberdare,R C T,Bespoke,"A11: Household, commercial and industrial waste transfer Stn",Effective,51.73911398025146,-3.4368255529056135,Waste
ASH Wrexham Recycling Centre,Wrexham,,Bespoke,A16: Physical Treatment Facility,Effective,53.03683457390513,-2.9203158041153374,Waste
Dan Y Parc Council Depot,Abercrave,Powys,Bespoke,"SR: Household, Commercial & Industrial Waste Transfer Stn",Effective,51.79403838695652,-3.736971714849849,Waste
Parfitt Scrapyard,Brynmawr,Blaenau Gwent,Bespoke,A19a: ELV Facility <2500 tonnes per year,Effective,51.791505966626396,-3.170332559983658,Waste
RDA Recycling Ltd,Risca,Newport,Bespoke,A19a: ELV Facility <2500 tonnes per year,Effective,51.60362174157969,-3.0953903032003085,Waste
Llanfihangel-ar-Arth,,Carmarthenshire,Standard,S1215: SR2012 No15: Storage of electrical insulating oils,Effective,52.034056146455896,-4.251566359327578,Waste
Pen Y Wain Farm,Cardiff,Newport,Bespoke,A19a: ELV Facility <2500 tonnes per year,Effective,51.533100126827264,-3.059109491752106,Waste
Minffordd Quarry and Asphalt Plant,Penrhyndeudraeth,Gwynedd,Bespoke,A16: Physical Treatment Facility,Effective,52.930324057363904,-4.096475114767817,Waste
New Horizon Biofuel and Animal  Bedding Co Ltd,Wrexham,Wrexham,Bespoke,A16: Physical Treatment Facility,Effective,53.00072534429567,-3.036984120269616,Waste
Brynmenyn Household Waste Recycling Centre,Bridgend,Glamorgan,Bespoke,A13a: Household waste amenity site taking hazardous waste,Effective,51.54899193725389,-3.5806499522084247,Waste
Paperback Collection & Recycling Ltd,Deeside,Clwyd,Bespoke,"SR: Household, Commercial & Industrial Waste Transfer Stn",Effective,53.22450857751897,-3.0181030822153154,Waste
SL Recycling Ltd,Pontypool,Torfaen,Bespoke,"SR: Household, Commercial & Industrial Waste Transfer Stn",Effective,51.68261406313282,-3.0121140160691144,Waste
LAS Waste Ltd.,Lampeter,Ceredigion,Bespoke,"A11: Household, commercial and industrial waste transfer Stn",Effective,52.121411723503975,-4.078011150869719,Waste
Cwmbran Glass Recovery Facility,Cwmbran,,Bespoke,A16: Physical Treatment Facility,Effective,51.65678276527426,-3.0397426331665347,Waste
The Recycling Centre,Ystrad Mynach,Hengoed,Bespoke,A09: Hazardous waste transfer station,Effective,51.628282795438636,-3.2274703690777025,Waste
Bron Y Nant Road Waste Transfer And Materials Reclamation Facility,Colwyn Bay,Conwy,Bespoke,"SR: Household, Commercial & Industrial Waste Transfer Stn",Effective,53.297743630001634,-3.7609460472716267,Waste
Stormy West,Pyle,Bridgend,Bespoke,"A04: Household, Commercial & Industrial Waste Landfill",Effective,51.51215371475814,-3.665553718707866,Waste
Crownhill Topsoil and Aggregates,Caldicot,Monmouthshire,Bespoke,A16: Physical Treatment Facility,Effective,51.62488699108642,-2.7748664824313884,Waste
Green Skips Environmental Ltd,Gaerwen,Ynys Mon,Bespoke,"SR: Household, Commercial & Industrial Waste Transfer Stn",Effective,53.21827488321618,-4.283494873057895,Waste
Wernddu Civic Amenity And Transfer Station,Ammanford,Carmarthenshire,Bespoke,"SR: Household, Commercial & Industrial Waste Transfer Stn",Effective,51.81996781828778,-3.9639729939384853,Waste
Lodge Farm Digester,Wrexham,Clwyd,Bespoke,A23: Biological Treatment Facility,Effective,53.0826997340672,-2.9224735049607022,Waste
Clays Site,Wrexham,Clwyd,Bespoke,A25: Deposit of waste to land as a recovery operation,Effective,53.05422068939748,-2.9317865226548085,Waste
Gwrthwynt Waste Transfer Station,Newcastle Emlyn,Ceredigion,Bespoke,"SR: Household, Commercial & Industrial Waste Transfer Stn",Effective,52.09263366525518,-4.499448505074015,Waste
G D Environmental Services Ltd,Newport,Gwent,Bespoke,"SR: Household, Commercial & Industrial Waste Transfer Stn",Effective,51.566346824305626,-2.974585897054226,Waste
Enviroventure Waste Solutions Recycling Facility,Milford Haven,Pembrokeshire,Bespoke,"SR: Household, Commercial & Industrial Waste Transfer Stn",Effective,51.71584077541406,-4.995257677133142,Waste
"Newport Liquid Waste Treatment Centre, Nash STW",Newport,Newport,Bespoke,"A11: Household, commercial and industrial waste transfer Stn",Effective,51.55178049675398,-2.958192888417476,Waste
A S H Bretton Recycling Centre,Bretton,Flintshire,Bespoke,"SR: Household, Commercial & Industrial Waste Transfer Stn",Effective,53.176742118332015,-2.961566478282026,Waste
Coed Top Hill,Nelson,Treharris,Bespoke,A23: Biological Treatment Facility,Effective,51.66251887243275,-3.2784361692679824,Waste
Dragon Works,Chester,Cheshire,Bespoke,A19: Metal Recycling Site (Vehicle Dismantler),Effective,53.17724057260189,-2.9350943502514912,Waste
Davies Motors,Corwen,,Standard,SR/21: SR2011 No3: Vehicle Depollution Facility <5000 tpa,Effective,53.00716459279735,-3.4471576414372227,Waste
Lamby Way Depot,Cardiff,Glamorgan,Bespoke,"SR: Household, Commercial & Industrial Waste Transfer Stn",Effective,51.49810077787642,-3.1241771191521597,Waste
Cole Contractors Cardiff,Cardiff,Cardiff,Bespoke,A16: Physical Treatment Facility,Effective,51.46802850880284,-3.2033252489860895,Waste
Recycling and Recovery Facility,Neath,,Bespoke,A16: Physical Treatment Facility,Effective,51.65258364475261,-3.837982905086759,Waste
TD Tyre Recycling Ltd,Carmarthen,,Bespoke,"SR: Household, Commercial & Industrial Waste Transfer Stn",Effective,51.84505364314549,-4.337231171879439,Waste
Rhuddlan Bach Quarry Landfill Site,Brynteg,Anglesey,Bespoke,L05: Inert Landfill,Effective,53.302270010259384,-4.27533859041127,Waste
Nant Newydd Quarry,,Anglesey,Bespoke,A16: Physical Treatment Facility,Effective,53.30471936803662,-4.279371382564566,Waste
Gwalchmai Civic Amenity Site,Holyhead,Ynys Mon,Bespoke,A13a: Household waste amenity site taking hazardous waste,Effective,53.260381332233315,-4.42887431753649,Waste
Gate 1,Pembroke Dock,Pembroke,Bespoke,"SR: Household, Commercial & Industrial Waste Transfer Stn",Effective,51.69407966204191,-4.95141607100233,Waste
Safetykleen UK Ltd,Rumney,Cardiff,Bespoke,"A11: Household, commercial and industrial waste transfer Stn",Effective,51.502309757722024,-3.1175091864957856,Waste
Gmh Vehicle Dismantlers,Cardiff,Glamorgan,Bespoke,A19: Metal Recycling Site (Vehicle Dismantler),Effective,51.49633063458251,-3.1108371800248746,Waste
Withyhedge Material Recycling Facility,Haverfordwest,Pembrokeshire,Bespoke,"SR: Household, Commercial & Industrial Waste Transfer Stn",Effective,51.84261159374655,-4.957193440147648,Waste
Creigiau Tyres,Pontypridd,R C T,Bespoke,"SR: Household, Commercial & Industrial Waste Transfer Stn",Effective,51.55966657290502,-3.3297615550961432,Waste
The Windmill Site,Abergele,,Bespoke,"SR: Household, Commercial & Industrial Waste Transfer Stn",Effective,53.28526165393204,-3.545345222766956,Waste
Vauxplus,Caerleon,Newport,Bespoke,A19a: ELV Facility <2500 tonnes per year,Effective,51.619931738859435,-2.9599313475433133,Waste
TD Tyre Recycling Ltd,Carmarthen,,Bespoke,"SR: Household, Commercial & Industrial Waste Transfer Stn",Effective,51.84505364314549,-4.337231171879439,Waste
K G Matthews Auto Salvage,Gaerwen,Ynys Mon,Bespoke,A19: Metal Recycling Site (Vehicle Dismantler),Effective,53.22927245300479,-4.2871518717027195,Waste
M & E Bin Hire,Pontypridd,R C T,Bespoke,A20: Metal Recycling Site (mixed MRS's),Effective,51.59862091048417,-3.325658245387074,Waste
Aberfan Household Waste And Recycling Centre,Aberfan,Merthyr Tydfil,Bespoke,A13: Household Waste Amenity Site,Effective,51.69522984192055,-3.342182021990442,Waste
Dinas Community Recycling Centre,Porth,Rhondda Cynon Taff,Bespoke,A13: Household Waste Amenity Site,Effective,51.614452292859596,-3.4227019380112704,Waste
Nant Glas  Incinerator,Llandrindod Wells,Powys,Bespoke,A27:,Effective,52.265089465264,-3.4863482276801765,Waste
Greens Recycling Centre,Mountain Ash,,Standard,S0803: SR2008 No3 : HCI Waste TS + treatment,Effective,51.65510335120476,-3.3355460327823447,Waste
Llandrindod Wells Household Waste Recycling Centre,Llandrindod Wells,Powys,Standard,S0813: SR2008 No13 : Non-hazardous & hazardous HWA Site,Effective,52.246846205993556,-3.3797604502196394,Waste
A & L Scrap Metal Merchants,Barry,Glamorgan,Bespoke,A19a: ELV Facility <2500 tonnes per year,Effective,51.39777810076855,-3.2493196146849894,Waste
K & L Car Dismantlers,Cardiff,Glamorgan,Bespoke,A20: Metal Recycling Site (mixed MRS's),Effective,51.5061517247545,-3.0962927349559974,Waste
Pengarnddu Ind Est Transfer Station,Merthyr Tydfil,,Bespoke,A09: Hazardous waste transfer station,Effective,51.771509849268675,-3.33792223582868,Waste
Dowlais Household Waste and Recycling Centre,Merthyr Tydfil,,Bespoke,A13a: Household waste amenity site taking hazardous waste,Effective,51.759814890787084,-3.3611365608823016,Waste
Croescarneinon Farm Landfill,Newport,Gwent,Bespoke,A06: Landfill taking other wastes,Effective,51.5656920484649,-3.0791851853247043,Waste
Brookhill Transfer Station,Buckley,Flintshire,Bespoke,"SR: Household, Commercial & Industrial Waste Transfer Stn",Effective,53.18305357249869,-3.0809591474766895,Waste
Plas Madoc Household Waste Recycling Centre,Wrexham,Clwyd,Bespoke,A13: Household Waste Amenity Site,Effective,52.98253987695185,-3.05531624959671,Waste
East Moors Waste Transfer Station,Cardiff,Cardiff,Bespoke,"A11: Household, commercial and industrial waste transfer Stn",Effective,51.47465378185569,-3.1588775729714005,Waste
M & E Bin Hire,Pontypridd,R C T,Bespoke,A20: Metal Recycling Site (mixed MRS's),Effective,51.59862091048417,-3.325658245387074,Waste
Hermon Civic Amenity and recycling centre,Crymych,Pembrokeshire,Bespoke,A13a: Household waste amenity site taking hazardous waste,Effective,51.95833061347621,-4.630483223056808,Waste
National Grid Electricity Distribution Withybush,Haverfordwest,Pembrokeshire,Standard,S1215: SR2012 No15: Storage of electrical insulating oils,Effective,51.82162600209498,-4.963742099059942,Waste
Central Depot,Ebbw Vale,Blaenau Gwent,Bespoke,A16: Physical Treatment Facility,Effective,51.79296137662509,-3.1713562454733686,Waste
Ruthin Civic Amenity Site,Ruthin,Denbighshire,Bespoke,A13a: Household waste amenity site taking hazardous waste,Effective,53.12211907604774,-3.31211444762808,Waste
Unipex Aggregate Recovery Limited,,Cardiff,Bespoke,A16: Physical Treatment Facility,Effective,51.46965002769031,-3.1977673694608435,Waste
Ewloe Waste Transfer Station,Mold,Flintshire,Bespoke,"A11: Household, commercial and industrial waste transfer Stn",Effective,53.18690560970288,-3.083420647073597,Waste
Brecon Recycling Centre,Brecon,Powys,Bespoke,A13a: Household waste amenity site taking hazardous waste,Effective,51.93986052561493,-3.412318395326156,Waste
Heol Ty Gwyn Civic Amenity Site,Bridgend,Glamorgan,Bespoke,A13: Household Waste Amenity Site,Effective,51.61293897345138,-3.6712200233012435,Waste
Penallta Civic Amenity Site,Hengoed,Caerphilly,Bespoke,A13: Household Waste Amenity Site,Effective,51.657244424225894,-3.244617910655469,Waste
A D J Skip Hire,Caerphilly,Gwent,Standard,S0801: SR2008 No1 : HCI Waste Transfer Station,Effective,51.609782879311446,-3.231274806523971,Waste
Colomendy Waste Transfer Station,Denbigh,Denbighshire,Bespoke,A09: Hazardous waste transfer station,Effective,53.19549750338603,-3.417552897363065,Waste
Tanygroes Metal Recycling,Cardigan,Ceredigion,Bespoke,A19a: ELV Facility <2500 tonnes per year,Effective,52.126554522633214,-4.493048383258615,Waste
Cwmcrachen MRF,Ebbw Vale,,Standard,S0803: SR2008 No3 : HCI Waste TS + treatment,Effective,51.79269310043392,-3.167593812158318,Waste
Dyfed Recycling Services,Llanelli,Carmarthenshire,Bespoke,"SR: Household, Commercial & Industrial Waste Transfer Stn",Effective,51.691590065319716,-4.130272223557306,Waste
Creigiau Tyres,Pontypridd,R C T,Bespoke,"SR: Household, Commercial & Industrial Waste Transfer Stn",Effective,51.55966657290502,-3.3297615550961432,Waste
Ffridd Rasus Waste Management Facility,Harlech,Gwynedd,Bespoke,"A04: Household, Commercial & Industrial Waste Landfill",Effective,52.883453508043445,-4.112746687017449,Waste
Gmh Vehicle Dismantlers,Cardiff,Glamorgan,Bespoke,A19: Metal Recycling Site (Vehicle Dismantler),Effective,51.49633063458251,-3.1108371800248746,Waste
Plot 57 Brynmenyn Ind Est,Bridgend,Glamorgan,Standard,S0803: SR2008 No3 : HCI Waste TS + treatment,Effective,51.549603701450316,-3.5806278916314955,Waste
Jay Metals,Llanfyrnach,Pembrokeshire,Bespoke,A20: Metal Recycling Site (mixed MRS's),Effective,51.96216986280802,-4.511992885638854,Waste
Rhayader Depot,,,Bespoke,"SR: Household, Commercial & Industrial Waste Transfer Stn",Effective,52.30011506935123,-3.51701366761677,Waste
The Old Forge,Neath,West Glamorgan,Standard,SR/20: SR2011 No2: Metal Recycling Site <25000 tpa,Effective,51.65982192960442,-3.825335526163064,Waste
LAS Waste Ltd.,Lampeter,Ceredigion,Bespoke,"A11: Household, commercial and industrial waste transfer Stn",Effective,52.121411723503975,-4.078011150869719,Waste
"Unit 2, Sea View Bungalow",Cardiff,Glamorgan,Bespoke,"SR: Household, Commercial & Industrial Waste Transfer Stn",Effective,51.50485161864078,-3.0784385007765094,Waste
KDK Metals Unit,Newport,Newport,Bespoke,A19a: ELV Facility <2500 tonnes per year,Effective,51.56567916305008,-2.974860165444288,Waste
Potters Yard,Welshpool,Powys,Bespoke,"A11: Household, commercial and industrial waste transfer Stn",Effective,52.65836261877584,-3.1382231082242575,Waste
Enviroventure Waste Solutions Recycling Facility,Milford Haven,Pembrokeshire,Bespoke,"SR: Household, Commercial & Industrial Waste Transfer Stn",Effective,51.71584077541406,-4.995257677133142,Waste
SL Recycling Ltd,Pontypool,Torfaen,Bespoke,A20: Metal Recycling Site (mixed MRS's),Effective,51.68261406313282,-3.0121140160691144,Waste
Plot 15 Hawarden Industrial Estate,Deeside,Flintshire,Bespoke,A09: Hazardous waste transfer station,Effective,53.17612543670845,-2.991820710674716,Waste
Rhydeinon Civic Amenity Site,Llanarth,Dyfed,Bespoke,A13a: Household waste amenity site taking hazardous waste,Effective,52.16631536474706,-4.295792281847302,Waste
Clyne Civic Amenity Site,Clyne,Swansea,Bespoke,A13a: Household waste amenity site taking hazardous waste,Effective,51.60644399367517,-4.0001901126776955,Waste
Tazrock,Aberdare,Rhondda Cynon Taff,Bespoke,A16: Physical Treatment Facility,Effective,51.74856059545877,-3.541411687484056,Waste
Diggers Dismantlers,Cardiff,Glamorgan,Bespoke,A19a: ELV Facility <2500 tonnes per year,Effective,51.47573942502353,-3.136154425805391,Waste
Coed Bolyn Mawr,Caernarfon,Gwynedd,Standard,S0906: SR2009 No6: Inert and excavation WTS with treatment,Effective,53.16541250747528,-4.190457550665212,Waste
Plas Gwernoer,Caernarfon,Gwynedd,Bespoke,A05: Landfill taking Non-Biodegradeable Wastes,Effective,53.05041319045694,-4.230470452960786,Waste
Pontrug Landfill - Part Ordnance Survey 3990,Caernarfon,Gwynedd,Bespoke,A05: Landfill taking Non-Biodegradeable Wastes,Effective,53.141889935834996,-4.240831396697797,Waste
Quarry Yard,Blackwood,Gwent,Standard,SR/21: SR2011 No3: Vehicle Depollution Facility <5000 tpa,Effective,51.650329453181385,-3.1775330538488533,Waste
Cwrtgwenddwr Wood Recycling Facility,Builth Wells,,Bespoke,A16: Physical Treatment Facility,Effective,52.10417508195964,-3.3573777618543024,Waste
Caergylchu Waste Management Facility,Caernarfon,Gwynedd,Bespoke,"SR: Household, Commercial & Industrial Waste Transfer Stn",Effective,53.14107862200739,-4.243331050389655,Waste
Cwmamman Depot,Ammanford,Carmarthenshire,Bespoke,"SR: Household, Commercial & Industrial Waste Transfer Stn",Effective,51.806396254456736,-3.9211281188200067,Waste
Colomendy Waste Transfer Station,Denbigh,Denbighshire,Bespoke,A09: Hazardous waste transfer station,Effective,53.19549750338603,-3.417552897363065,Waste
Phoenix House,Swansea,,Standard,S0809: SR2008 No9 : Asbestos Waste Transfer Station,Effective,51.66882699386282,-4.025772750066215,Waste
Colomendy Waste Transfer Station,Denbigh,Denbighshire,Bespoke,A09: Hazardous waste transfer station,Effective,53.19549750338603,-3.417552897363065,Waste
Lawrence Landfill,Haverfordwest,Pembs,Bespoke,A22: Composting Facility,Effective,51.76973907051027,-4.99182558403089,Waste
Alltami Soil & Aggregate Recycling Facility,Mold,Flintshire,Bespoke,A16: Physical Treatment Facility,Effective,53.190511106977254,-3.0902317906286263,Waste
Bryn Pica Waste Operations,Aberdare,R C T,Bespoke,A15: Material Recycling Treatment Facility,Effective,51.73911398025146,-3.4368255529056135,Waste
Pendragon Waste & Skip Hire,,Cwmgwilli,Standard,S0801: SR2008 No1 : HCI Waste Transfer Station,Effective,51.782185360923876,-4.066064020998155,Waste
Enviroventure Waste Solutions Recycling Facility,Milford Haven,Pembrokeshire,Bespoke,"SR: Household, Commercial & Industrial Waste Transfer Stn",Effective,51.71584077541406,-4.995257677133142,Waste
Broughshire Ltd,Bridgend,Glamorgan,Bespoke,A20: Metal Recycling Site (mixed MRS's),Effective,51.51987413544817,-3.565314204306014,Waste
Glan Yr Afon Waste Transfer Station,Aberystwyth,Ceredigion,Bespoke,"A11: Household, commercial and industrial waste transfer Stn",Effective,52.40133884490716,-4.047895901685824,Waste
Anglesey C C Highways Depot,Gaerwen,Anglesey,Standard,S0811: SR2008 No11 : Inert & excavation Waste TS + treatment,Effective,53.2231519366526,-4.283754446750981,Waste
ASH Wrexham Recycling Centre,Wrexham,,Bespoke,A16: Physical Treatment Facility,Effective,53.03683457390513,-2.9203158041153374,Waste
Briton Ferry Household Waste Recycling Centre,Briton Ferry,Neath Port Talbot,Bespoke,"SR: Household, Commercial & Industrial Waste Transfer Stn",Effective,51.630570310414036,-3.827628514638637,Waste
Worldcare Recycling,Llandudno Junction,Conwy,Bespoke,A16: Physical Treatment Facility,Effective,53.28208529336727,-3.805873191441222,Waste
Aberthaw Cement Works,Barry,Glamorgan,Bespoke,A07: Industrial Waste Landfill (Factory curtilage),Effective,51.39459167555472,-3.387825581631936,Waste
Hangar 208,Barry,Vale of Glamorgan,Bespoke,A19: Metal Recycling Site (Vehicle Dismantler),Effective,51.40965302734521,-3.4414972894898455,Waste
Caer Glaw Quarry,Holyhead,Anglesey,Standard,"SR/12: SR2010 No12: Treatment of waste to produce soil <75,000 tpa",Effective,53.26009229622285,-4.428498064125866,Waste
Bryn Pica Waste Operations,Aberdare,R C T,Bespoke,A16: Physical Treatment Facility,Effective,51.73911398025146,-3.4368255529056135,Waste
United Recycled Aggregates Ltd,Swansea,,Standard,"SR/12: SR2010 No12: Treatment of waste to produce soil <75,000 tpa",Effective,51.65790078368366,-3.9187433255726867,Waste
H K Motors,Minera,Wrexham,Bespoke,A19: Metal Recycling Site (Vehicle Dismantler),Effective,53.05313952493408,-3.0867454127857914,Waste
Waterton Depot,Bridgend,Glamorgan,Bespoke,A14: Transfer Station taking Non-Biodegradable Wastes,Effective,51.49743259693981,-3.5433818767489584,Waste
Bryn Posteg M R F,Llanidloes,Powys,Bespoke,A15: Material Recycling Treatment Facility,Effective,52.42739128483253,-3.5190717633898325,Waste
Bessemer Close Household And Commercial Waste Recycling Centre,Cardiff,Glamorgan,Bespoke,A13: Household Waste Amenity Site,Effective,51.4587205544294,-3.210435655199203,Waste
MWR Motorcycles Ltd,Pontyclun,,Standard,SR/21: SR2011 No3: Vehicle Depollution Facility <5000 tpa,Effective,51.53053425779655,-3.4052055947109743,Waste
Ferndale Community Recycling Centre,Ferndale,R C T,Bespoke,A13: Household Waste Amenity Site,Effective,51.66713338737379,-3.4566271591038222,Waste
Abergele Civic Amenity Site,Abergele,Conwy,Bespoke,A13: Household Waste Amenity Site,Effective,53.285427667493416,-3.545021191803379,Waste
Unit 15 Drome Road,Deeside,Flintshire,Bespoke,A16a: Hazardous waste physical treatment facility,Effective,53.22740845517534,-2.9972749777577357,Waste
Morris & Co (Handlers) Ltd,Skewen,,Bespoke,A20: Metal Recycling Site (mixed MRS's),Effective,51.64715547682223,-3.8400760047871088,Waste
Lamby Way Depot,Cardiff,Glamorgan,Bespoke,A13a: Household waste amenity site taking hazardous waste,Effective,51.49810077787642,-3.1241771191521597,Waste
Gelert House M R F,Porthmdaog,Gwynedd,Standard,S0803: SR2008 No3 : HCI Waste TS + treatment,Effective,52.93192306659615,-4.146384802913983,Waste
S L Recycling Ltd,Hengoed,Caerphilly,Bespoke,A19: Metal Recycling Site (Vehicle Dismantler),Effective,51.660512656940206,-3.246760481401885,Waste
Alan's Skip Hire Ltd,Deeside,Flintshire,Bespoke,A25: Deposit of waste to land as a recovery operation,Effective,53.23609370584646,-3.0277573413858794,Waste
The Waste Transfer Station,Bridgend,Glamorgan,Bespoke,"SR: Household, Commercial & Industrial Waste Transfer Stn",Effective,51.51150202661536,-3.6715393957480416,Waste
Brecon Recycling Centre,Brecon,Powys,Bespoke,A13a: Household waste amenity site taking hazardous waste,Effective,51.93986052561493,-3.412318395326156,Waste
Troste Depot,Trostre Industrial Park,Llanelli,Bespoke,"A11: Household, commercial and industrial waste transfer Stn",Effective,51.67326935409254,-4.137844302388648,Waste
Pengarnddu Ind Est Transfer Station,Merthyr Tydfil,,Bespoke,A09: Hazardous waste transfer station,Effective,51.771509849268675,-3.33792223582868,Waste
Entrec Ltd,Wrexham,,Bespoke,A19: Metal Recycling Site (Vehicle Dismantler),Effective,53.03870644583363,-2.9223691026175413,Waste
The Windmill Site,Abergele,,Bespoke,"SR: Household, Commercial & Industrial Waste Transfer Stn",Effective,53.28526165393204,-3.545345222766956,Waste
Fenestration Recycling Company Limited,Neath,,Bespoke,A16: Physical Treatment Facility,Effective,51.65145597698781,-3.840510412639971,Waste
A1 Skips,Newport,Gwent,Bespoke,"SR: Household, Commercial & Industrial Waste Transfer Stn",Effective,51.56763589375959,-2.9966738844780454,Waste
Brynmenyn Household Waste Recycling Centre,Bridgend,Glamorgan,Bespoke,A13a: Household waste amenity site taking hazardous waste,Effective,51.54899193725389,-3.5806499522084247,Waste
Bank Farm,Whitchurch,Shropshire,Bespoke,A22: Composting Facility,Effective,52.963211478670274,-2.7697799391182594,Waste
1st Choice Vehicle Dismantlers,Cardiff,Glamorgan,Bespoke,A19: Metal Recycling Site (Vehicle Dismantler),Effective,51.47554184790776,-3.137056657874654,Waste
Linton Yard,Llanelli,,Bespoke,"A11: Household, commercial and industrial waste transfer Stn",Effective,51.666369669899375,-4.098098307826257,Waste
East Moors Waste Transfer Station,Cardiff,Cardiff,Bespoke,"A11: Household, commercial and industrial waste transfer Stn",Effective,51.47465378185569,-3.1588775729714005,Waste
Nantycaws Materials Recycling Facilities,Carmarthen,,Bespoke,A16: Physical Treatment Facility,Effective,51.83608588242951,-4.217576869618679,Waste
P Dobbins Chester Ltd,Saltney,Flintshire,Bespoke,A20: Metal Recycling Site (mixed MRS's),Effective,53.17851324487341,-2.945820393280779,Waste
KDK Metals Unit,Newport,Newport,Bespoke,A19a: ELV Facility <2500 tonnes per year,Effective,51.56567916305008,-2.974860165444288,Waste
Bryn Pica Waste Operations,Aberdare,R C T,Bespoke,A16: Physical Treatment Facility,Effective,51.73911398025146,-3.4368255529056135,Waste
Kings Dock,Swansea,Swansea,Bespoke,SR/22: SR2011 No4: Treatment of waste wood <75000 tpa,Effective,51.61734366836024,-3.90668904139224,Waste
Carew Car Dismantlers,Tenby,Pembrokeshire,Bespoke,A19a: ELV Facility <2500 tonnes per year,Effective,51.688107633284545,-4.818221470651089,Waste
G D Environmental Services Ltd,Newport,Gwent,Bespoke,"SR: Household, Commercial & Industrial Waste Transfer Stn",Effective,51.566346824305626,-2.974585897054226,Waste
Unit 1- Crugmore Farm,Cardigan,Ceredigion,Bespoke,A22: Composting Facility,Effective,52.09417021414923,-4.624790574590682,Waste
Brisco Waste Disposal Ltd,Swansea,,Bespoke,"SR: Household, Commercial & Industrial Waste Transfer Stn",Effective,51.64708825014534,-3.998191989392048,Waste
Potters Yard,Welshpool,Powys,Bespoke,A13a: Household waste amenity site taking hazardous waste,Effective,52.65836261877584,-3.1382231082242575,Waste
Waste Management Ltd,Mona,Anglesey,Bespoke,"SR: Household, Commercial & Industrial Waste Transfer Stn",Effective,53.25426139653041,-4.372501108080614,Waste
Parry and Evans Ltd,,Flintshire,Bespoke,"SR: Household, Commercial & Industrial Waste Transfer Stn",Effective,53.224864633084366,-3.004750278789408,Waste
Gwynedd Skip And Plant Hire Ltd,Caernarfon,Gwynedd,Bespoke,"A11: Household, commercial and industrial waste transfer Stn",Effective,53.14023354505074,-4.246187699363117,Waste
Creigiau Tyres,Pontypridd,R C T,Bespoke,"SR: Household, Commercial & Industrial Waste Transfer Stn",Effective,51.55966657290502,-3.3297615550961432,Waste
Bryn Lane Composting Facility,Wrexham,Clwyd,Bespoke,A15: Material Recycling Treatment Facility,Effective,53.05032801162705,-2.9179478804976204,Waste
Pendragon Waste & Skip Hire,,Cwmgwilli,Standard,S0801: SR2008 No1 : HCI Waste Transfer Station,Effective,51.782185360923876,-4.066064020998155,Waste
Kinmel Park Depot,Bodelwyddan,Denbighshire,Standard,S0801: SR2008 No1 : HCI Waste Transfer Station,Effective,53.2644189620946,-3.509223388399463,Waste
Heads Of The Valley Salvage Limited,Merthyr Tydfil,,Bespoke,A20: Metal Recycling Site (mixed MRS's),Effective,51.770573213920954,-3.336474213367894,Waste
P Dobbins Chester Ltd,Saltney,Flintshire,Bespoke,A20: Metal Recycling Site (mixed MRS's),Effective,53.17851324487341,-2.945820393280779,Waste
LAS Waste Ltd.,Lampeter,Ceredigion,Bespoke,"A11: Household, commercial and industrial waste transfer Stn",Effective,52.121411723503975,-4.078011150869719,Waste
Glan Yr Afon Waste Transfer Station,Aberystwyth,Ceredigion,Bespoke,"A11: Household, commercial and industrial waste transfer Stn",Effective,52.40133884490716,-4.047895901685824,Waste
Kinmel Park Depot,Bodelwyddan,Denbighshire,Standard,S0801: SR2008 No1 : HCI Waste Transfer Station,Effective,53.2644189620946,-3.509223388399463,Waste
Dow Corning Waste Transfer Station,Barry,Glamorgan,Bespoke,A15: Material Recycling Treatment Facility,Effective,51.405958599473465,-3.243619127489991,Waste
Min Y Clwyd Yard,Ruthin,Denbighshire,Bespoke,"SR: Household, Commercial & Industrial Waste Transfer Stn",Effective,53.119809514576765,-3.312044096705876,Waste
G D Environmental Services Ltd,Newport,Gwent,Bespoke,"SR: Household, Commercial & Industrial Waste Transfer Stn",Effective,51.566346824305626,-2.974585897054226,Waste
Unit 11 & The Old Engine House,Swansea,Swansea,Bespoke,"SR: Household, Commercial & Industrial Waste Transfer Stn",Effective,51.65902211919509,-3.917258116758681,Waste
Rhuddlan Bach Quarry Landfill Site,Brynteg,Anglesey,Bespoke,"SR: Household, Commercial & Industrial Waste Transfer Stn",Effective,53.302270010259384,-4.27533859041127,Waste
Gofer Bulking Station,Abergele,Conwy,Bespoke,"SR: Household, Commercial & Industrial Waste Transfer Stn",Effective,53.28460303666699,-3.5462214969466195,Waste
Penallta Civic Amenity Site,Hengoed,Caerphilly,Bespoke,A13: Household Waste Amenity Site,Effective,51.657244424225894,-3.244617910655469,Waste
Greenfield Recycling Park,Greenfield,Flintshire,Bespoke,"SR: Household, Commercial & Industrial Waste Transfer Stn",Effective,53.28485435808253,-3.190688363185223,Waste
Materials Recovery & Energy  Centre,SWANSEA,West Glamorgan,Bespoke,"A11: Household, commercial and industrial waste transfer Stn",Effective,51.624064755434866,-3.880821420890643,Waste
Clyne Civic Amenity Site,Clyne,Swansea,Bespoke,A13a: Household waste amenity site taking hazardous waste,Effective,51.60644399367517,-4.0001901126776955,Waste
Brymbo Household Waste Recycling Centre,Wrexham,Clwyd,Bespoke,A13: Household Waste Amenity Site,Effective,53.064741690085434,-3.043953552409307,Waste
Waterton Depot,Bridgend,Glamorgan,Bespoke,A14: Transfer Station taking Non-Biodegradable Wastes,Effective,51.49743259693981,-3.5433818767489584,Waste
Capital Valley Recycling,Tredegar,Caerphilly,Standard,S0811: SR2008 No11 : Inert & excavation Waste TS + treatment,Effective,51.756830646518914,-3.288473242293853,Waste
Potters Yard,Welshpool,Powys,Bespoke,A13a: Household waste amenity site taking hazardous waste,Effective,52.65836261877584,-3.1382231082242575,Waste
Unit 17,Cardiff,Cardiff,Bespoke,"SR: Household, Commercial & Industrial Waste Transfer Stn",Effective,51.47568709476612,-3.135058791731807,Waste
Treherbert Community Recycling Centre,Treorchy,Rhondda Cynon Taff,Bespoke,A13a: Household waste amenity site taking hazardous waste,Effective,51.670755553556255,-3.5316533633631106,Waste
H K Motors,Minera,Wrexham,Bespoke,A19: Metal Recycling Site (Vehicle Dismantler),Effective,53.05313952493408,-3.0867454127857914,Waste
St Modwen Developments Ltd,Llandarcy,N P T,Bespoke,A07: Industrial Waste Landfill (Factory curtilage),Effective,51.644602959362075,-3.871842977114164,Waste
MTCBC Waste Transfer Station,Pentrebach,Merthyr Tydfil,Bespoke,"SR: Household, Commercial & Industrial Waste Transfer Stn",Effective,51.71826475711868,-3.353316020304926,Waste
Bryn Pica Waste Operations,Aberdare,R C T,Bespoke,A14: Transfer Station taking Non-Biodegradable Wastes,Effective,51.73911398025146,-3.4368255529056135,Waste
Ruthin Civic Amenity Site,Ruthin,Denbighshire,Bespoke,A13a: Household waste amenity site taking hazardous waste,Effective,53.12211907604774,-3.31211444762808,Waste
Ffynnoncyff Lagoon,,Ceredigion,Standard,SR/17: SR2010 No17: Storage of anaerobic digestate,Effective,52.125303130884475,-4.646915036178815,Waste
Penhesgyn Waste Transfer & Materials Recovery Facility,Llansadwrn,Ynys Mon,Bespoke,"SR: Household, Commercial & Industrial Waste Transfer Stn",Effective,53.244432483069204,-4.198719617920321,Waste
Tollgate House,Llandough,Glamorgan,Bespoke,"SR: Household, Commercial & Industrial Waste Transfer Stn",Effective,51.455824574710114,-3.1999961066182703,Waste
Maesgwyn Renewable Energy & Recycling Centre,Neath,N P T,Standard,S0816: SR2008 No16 : Composting in open windrows,Effective,51.76517403643534,-3.6393329192896995,Waste
Green Metal Salvage Ltd,Swansea,,Standard,SR/21: SR2011 No3: Vehicle Depollution Facility <5000 tpa,Effective,51.64488629686783,-3.9380533113236136,Waste
7 Steel Swansea Scrap Yard,Swansea,Swansea,Bespoke,A20: Metal Recycling Site (mixed MRS's),Effective,51.61462748711555,-3.91775502382158,Waste
Greenacres Skip Hire,Fishguard,Pembrokeshire,Bespoke,"SR: Household, Commercial & Industrial Waste Transfer Stn",Effective,51.97216751942795,-5.006801324084675,Waste
Lechwedd Slate Mines,Blaenau Ffestiniog,Gwynedd,Standard,S0908: SR2009 No8: Management of inert extractive waste at mines and quarries,Effective,53.00210881181686,-3.934671328927833,Waste
Recycling and Recovery Facility,Neath,,Bespoke,A16: Physical Treatment Facility,Effective,51.65258364475261,-3.837982905086759,Waste
Bryn Lane Civic Amenity Site,Wrexham,,Bespoke,A13: Household Waste Amenity Site,Effective,53.04487472041353,-2.912849913443031,Waste
Gwalchmai Civic Amenity Site,Holyhead,Ynys Mon,Bespoke,A09: Hazardous waste transfer station,Effective,53.260381332233315,-4.42887431753649,Waste
Unit 1- Crugmore Farm,Cardigan,Ceredigion,Bespoke,A22: Composting Facility,Effective,52.09417021414923,-4.624790574590682,Waste
Bryn Aggregates Limited,,Caerphilly,Bespoke,A25: Deposit of waste to land as a recovery operation,Effective,51.65836363865441,-3.261910364564103,Waste
Llantrisant Recycling,Pontyclun,,Bespoke,"SR: Household, Commercial & Industrial Waste Transfer Stn",Effective,51.55732444067384,-3.3837731973546443,Waste
Summerleaze Pet Crematorium,Newport,Gwent,Bespoke,"SR: Household, Commercial & Industrial Waste Transfer Stn",Effective,51.5564269188951,-2.841251166932964,Waste
Penlan Civic Amenity Site,Penlan,Swansea,Bespoke,"SR: Household, Commercial & Industrial Waste Transfer Stn",Effective,51.64845735304903,-3.962345642660438,Waste
Glanyrafon Depot,Aberystwyth,Ceredigion,Bespoke,"A11: Household, commercial and industrial waste transfer Stn",Effective,52.40406613334658,-4.037849028123627,Waste
Bryn Pica Waste Operations,Aberdare,R C T,Bespoke,A15: Material Recycling Treatment Facility,Effective,51.73911398025146,-3.4368255529056135,Waste
A Skip 2 U Ltd,Mold,Flintshire,Standard,S0801: SR2008 No1 : HCI Waste Transfer Station,Effective,53.153251597717265,-3.0841730897683046,Waste
Pen-y-bont Highways Depot,Pen-y-bont,Llandrindod Wells,Bespoke,A16: Physical Treatment Facility,Effective,52.26776723650562,-3.29492925356146,Waste
Coed Ffridd Arw,Dolgellau,Gwynedd,Bespoke,"SR: Household, Commercial & Industrial Waste Transfer Stn",Effective,52.74485014961466,-3.8842732551396804,Waste
Glogue Quarry Landfill,Hermon,Pembrokeshire,Bespoke,A05: Landfill taking Non-Biodegradeable Wastes,Effective,51.96473579385971,-4.591070630427419,Waste
Coed Top Hill,Nelson,Treharris,Bespoke,A23: Biological Treatment Facility,Effective,51.66251887243275,-3.2784361692679824,Waste
Harris Salvage,Bangor,Gwynedd,Bespoke,A19a: ELV Facility <2500 tonnes per year,Effective,53.20579904977922,-4.145002897853335,Waste
Moel Y Faen Quarry,Llangollen,Denbighshire,Bespoke,A25: Deposit of waste to land as a recovery operation,Effective,53.021219028571274,-3.2209246652106724,Waste
Biodegradeable Waste Transfer Station,Ammanford,Carmarthenshire,Standard,S0805: SR2008 No5 : HCI Waste TS + asbestos,Effective,51.791577431629875,-3.9838957735564198,Waste
Ty Mawr West Recycling,,,Bespoke,A16: Physical Treatment Facility,Effective,53.04762576613254,-4.245291177326681,Waste
Unit 17,Cardiff,Cardiff,Bespoke,"SR: Household, Commercial & Industrial Waste Transfer Stn",Effective,51.47568709476612,-3.135058791731807,Waste
Crane Cross Civic Amenity & Recycling Centre,Saundersfoot,Pembrokeshire,Bespoke,A13a: Household waste amenity site taking hazardous waste,Effective,51.70193649304027,-4.726200881878525,Waste
Llantrisant Recycling,Pontyclun,,Bespoke,"SR: Household, Commercial & Industrial Waste Transfer Stn",Effective,51.55732444067384,-3.3837731973546443,Waste
Hangar 208,Barry,Vale of Glamorgan,Bespoke,A19: Metal Recycling Site (Vehicle Dismantler),Effective,51.40965302734521,-3.4414972894898455,Waste
Intelligent Lifecycle Solutions,Tonypandy,,Bespoke,A20: Metal Recycling Site (mixed MRS's),Effective,51.60012366477616,-3.4334152028964837,Waste
Pilkington Asbestos Removal Services Ltd,Rhyl,Denbighshire,Standard,S0809: SR2008 No9 : Asbestos Waste Transfer Station,Effective,53.31773664060874,-3.4776119882478675,Waste
Massey Metals Ltd,Chester,,Bespoke,A19: Metal Recycling Site (Vehicle Dismantler),Effective,53.18093922915726,-2.9218871692307156,Waste
Weighbridge Yard,Aberdare,R C T,Bespoke,"A11: Household, commercial and industrial waste transfer Stn",Effective,51.70763737474788,-3.423236208361706,Waste
Stormy Farm Landfill,Bridgend,Glamorgan,Bespoke,A05: Landfill taking Non-Biodegradeable Wastes,Effective,51.52224812170311,-3.672149173603062,Waste
Newport Oil Treatment Plant,Newport,Gwent,Bespoke,"A11: Household, commercial and industrial waste transfer Stn",Effective,51.567296886812564,-2.980348516091363,Waste
Abba Scrap,Merthyr Tydfil,Glamorgan,Bespoke,A20: Metal Recycling Site (mixed MRS's),Effective,51.770531565831476,-3.3361831221233227,Waste
The Granary,Llanbradach,Mid Glamorgan,Bespoke,"A11: Household, commercial and industrial waste transfer Stn",Effective,51.60886542288034,-3.2321597833756566,Waste
Former J R Steelworks,Swansea,West Galmorgan,Bespoke,A15: Material Recycling Treatment Facility,Effective,51.67698291639208,-3.9703047516978676,Waste
Ruthin Waste Transfer Station,Ruthin,Denbighshire,Bespoke,"SR: Household, Commercial & Industrial Waste Transfer Stn",Effective,53.12177123257986,-3.3118647545780524,Waste
Enviroventure Waste Solutions Recycling Facility,Milford Haven,Pembrokeshire,Bespoke,"SR: Household, Commercial & Industrial Waste Transfer Stn",Effective,51.71584077541406,-4.995257677133142,Waste
A C D Skips Ltd,Bridgend,Glamorgan,Bespoke,"SR: Household, Commercial & Industrial Waste Transfer Stn",Effective,51.54970567702705,-3.5804006574921448,Waste
Ffridd Rasus Waste Management Facility,Harlech,Gwynedd,Bespoke,A25: Deposit of waste to land as a recovery operation,Effective,52.883453508043445,-4.112746687017449,Waste
Roydon Bottle Recycling Ltd,Caerphilly,,Bespoke,A16: Physical Treatment Facility,Effective,51.648776775264146,-3.1879574846644916,Waste
Ty'r Eos Farm Landfill,Usk,Monmouthshire,Bespoke,"A04: Household, Commercial & Industrial Waste Landfill",Effective,51.74152950477361,-2.8859048447987363,Waste
Llantrisant Recycling,Pontyclun,,Bespoke,"SR: Household, Commercial & Industrial Waste Transfer Stn",Effective,51.55732444067384,-3.3837731973546443,Waste
Dinas Community Recycling Centre,Porth,Rhondda Cynon Taff,Bespoke,A13: Household Waste Amenity Site,Effective,51.614452292859596,-3.4227019380112704,Waste
Treforest Transfer Station,Pontypridd,R C T,Bespoke,"A11: Household, commercial and industrial waste transfer Stn",Effective,51.56635515903392,-3.2838738121803694,Waste
Unipex Aggregate Recovery Limited,,Cardiff,Bespoke,A16: Physical Treatment Facility,Effective,51.46965002769031,-3.1977673694608435,Waste
Atlantic Household Waste Recycling Centre,Barry,South Glamorgan,Bespoke,A13: Household Waste Amenity Site,Effective,51.39764708307019,-3.2455786139508107,Waste
Alexandra Docks,Newport,,Bespoke,"SR: Household, Commercial & Industrial Waste Transfer Stn",Effective,51.561774634017446,-2.9794362898606757,Waste
Parfitt Scrapyard,Brynmawr,Blaenau Gwent,Bespoke,A19a: ELV Facility <2500 tonnes per year,Effective,51.791505966626396,-3.170332559983658,Waste
Potters Yard,Welshpool,Powys,Bespoke,A20: Metal Recycling Site (mixed MRS's),Effective,52.65836261877584,-3.1382231082242575,Waste
Silent Valley Waste Transfer station,Ebbw Vale,Blaenau Gwent,Bespoke,"A11: Household, commercial and industrial waste transfer Stn",Effective,51.75406882518391,-3.1834606987313325,Waste
Cefn Graianog Quarry,Caernarfon,Gwynedd,Bespoke,A16: Physical Treatment Facility,Effective,53.01504907157966,-4.297166142816173,Waste
Pen Y Wain Farm,Cardiff,Newport,Bespoke,A19a: ELV Facility <2500 tonnes per year,Effective,51.533100126827264,-3.059109491752106,Waste
Unit 1- Crugmore Farm,Cardigan,Ceredigion,Bespoke,A25: Deposit of waste to land as a recovery operation,Effective,52.09417021414923,-4.624790574590682,Waste
Dinas Community Recycling Centre,Porth,Rhondda Cynon Taff,Bespoke,A13: Household Waste Amenity Site,Effective,51.614452292859596,-3.4227019380112704,Waste
Brynna Scrapyard,Pontyclun,R C T,Bespoke,A19a: ELV Facility <2500 tonnes per year,Effective,51.548149277032174,-3.4546546356667345,Waste
Cwmbran Glass Recovery Facility,Cwmbran,,Bespoke,A16: Physical Treatment Facility,Effective,51.65678276527426,-3.0397426331665347,Waste
Swansea Baling Plant,Swansea,,Bespoke,A13a: Household waste amenity site taking hazardous waste,Effective,51.65815123493586,-3.919925014244213,Waste
Glanyrafon Depot,Aberystwyth,Ceredigion,Bespoke,"A11: Household, commercial and industrial waste transfer Stn",Effective,52.40406613334658,-4.037849028123627,Waste
ASH Wrexham Recycling Centre,Wrexham,,Bespoke,"A11: Household, commercial and industrial waste transfer Stn",Effective,53.03683457390513,-2.9203158041153374,Waste
Nant Newydd Quarry,,Anglesey,Bespoke,A16: Physical Treatment Facility,Effective,53.30471936803662,-4.279371382564566,Waste
Pendragon Waste & Skip Hire,,Cwmgwilli,Standard,S0801: SR2008 No1 : HCI Waste Transfer Station,Effective,51.782185360923876,-4.066064020998155,Waste
Pic Up Spares,Llandore,Swansea,Bespoke,A19a: ELV Facility <2500 tonnes per year,Effective,51.64437368756074,-3.937511110043007,Waste
Wastesavers Resource Centre,Newport,Newport,Bespoke,"SR: Household, Commercial & Industrial Waste Transfer Stn",Effective,51.57106999098194,-2.981829322003565,Waste
M & R Commercials Vehicle Dismantling & Recycling Facility,Swansea,W Glamorgan,Standard,SR/21: SR2011 No3: Vehicle Depollution Facility <5000 tpa,Effective,51.64114978852754,-3.9899239564674627,Waste
Coed Top Hill,Nelson,Treharris,Bespoke,A23: Biological Treatment Facility,Effective,51.66251887243275,-3.2784361692679824,Waste
Dirtbusters Mini & Midi Skips,Kinmel Bay,Conwy,Bespoke,"SR: Household, Commercial & Industrial Waste Transfer Stn",Effective,53.30932477965626,-3.5083006527247553,Waste
Llay Depot,Llay,Wrexham,Standard,S0811: SR2008 No11 : Inert & excavation Waste TS + treatment,Effective,53.09903738047014,-3.014749084234377,Waste
BAE Systems Global Combat Systems Munitions,Usk,Monmouthshire,Bespoke,A15: Material Recycling Treatment Facility,Effective,51.70123279881897,-2.9410599338192664,Waste
"J A Bowen & Co, Landfill",Welshpool,Powys,Bespoke,A05: Landfill taking Non-Biodegradeable Wastes,Effective,52.6482410307065,-3.263158626072353,Waste
Lamby Way Depot,Cardiff,Glamorgan,Bespoke,A15: Material Recycling Treatment Facility,Effective,51.49810077787642,-3.1241771191521597,Waste
S & R Metals,Pwllheli,Gwynedd,Bespoke,A20: Metal Recycling Site (mixed MRS's),Effective,52.94106269250257,-4.44828581458303,Waste
Jab 93,Bridgend,Glamorgan,Bespoke,A19a: ELV Facility <2500 tonnes per year,Effective,51.515655543761866,-3.560009943432413,Waste
Pencefnarda Quarry,Swansea,West Glamorgan,Bespoke,A25: Deposit of waste to land as a recovery operation,Effective,51.6807592766161,-4.055308882959502,Waste
Morfa Tip Closed Landfill Site,Port Talbot,N P T,Bespoke,A07: Industrial Waste Landfill (Factory curtilage),Effective,51.54369901756162,-3.7663286996694936,Waste
Pembrokeshire Eco Park,Milford Haven,Pembrokeshire,Bespoke,"A11: Household, commercial and industrial waste transfer Stn",Effective,51.742907153803756,-5.057927429558994,Waste
Bishops Auto Spares,,Swansea,Bespoke,A19a: ELV Facility <2500 tonnes per year,Effective,51.69081953618354,-3.898968102794653,Waste
Aberfan Household Waste And Recycling Centre,Aberfan,Merthyr Tydfil,Bespoke,A13: Household Waste Amenity Site,Effective,51.69522984192055,-3.342182021990442,Waste
Whitland Recycling Centre & Civic Amenity Site,Whitland,Carmarthenshire,Bespoke,A13: Household Waste Amenity Site,Effective,51.82006379409895,-4.623940959247299,Waste
Arch Services Recovery Facility,Porth,Rhondda Cynon Taff,Bespoke,A16: Physical Treatment Facility,Effective,51.61921157757782,-3.409821531012374,Waste
Standard Road Transfer Station,Buckley,Flintshire,Bespoke,"SR: Household, Commercial & Industrial Waste Transfer Stn",Effective,53.177485882131855,-3.0653628189729814,Waste
Transfer Station,Carmarthen,Carmarthenshire,Bespoke,"SR: Household, Commercial & Industrial Waste Transfer Stn",Effective,51.84572958494567,-4.338964937422405,Waste
Rhondda Skip Hire,Williamstown,R C T,Bespoke,"SR: Household, Commercial & Industrial Waste Transfer Stn",Effective,51.6047899242286,-3.4393383171906486,Waste
Brookhill Transfer Station,Buckley,Flintshire,Bespoke,"SR: Household, Commercial & Industrial Waste Transfer Stn",Effective,53.18305357249869,-3.0809591474766895,Waste
Dinas Community Recycling Centre,Porth,Rhondda Cynon Taff,Bespoke,A13: Household Waste Amenity Site,Effective,51.614452292859596,-3.4227019380112704,Waste
Project Yellow Recycling,Pontyclun,Rhondda Cynon Taff,Bespoke,A16a: Hazardous waste physical treatment facility,Effective,51.52360636404044,-3.355896338538933,Waste
Gwynedd Skip And Plant Hire Ltd,Caernarfon,Gwynedd,Bespoke,"A11: Household, commercial and industrial waste transfer Stn",Effective,53.14023354505074,-4.246187699363117,Waste
SL Recycling Ltd,Pontypool,Torfaen,Bespoke,A20: Metal Recycling Site (mixed MRS's),Effective,51.68261406313282,-3.0121140160691144,Waste
Rheidol Recycling Park,Aberystwyth,Ceredigion,Bespoke,"A11: Household, commercial and industrial waste transfer Stn",Effective,52.40124046418331,-4.045789207318357,Waste
Builth Wells Quarry,Builth Wells,Powys,Standard,S0908: SR2009 No8: Management of inert extractive waste at mines and quarries,Effective,52.15783354949711,-3.3798853256857733,Waste
Entrec Ltd,Wrexham,,Bespoke,A19: Metal Recycling Site (Vehicle Dismantler),Effective,53.03870644583363,-2.9223691026175413,Waste
Docks Way Landfill,Newport,Gwent,Bespoke,"A04: Household, Commercial & Industrial Waste Landfill",Effective,51.567215977249354,-3.0058408351355026,Waste
Seiont Mill Brickworks and Quarry,Caernarfon,Gwynedd,Bespoke,A25: Deposit of waste to land as a recovery operation,Effective,53.12979600344834,-4.256121941579823,Waste
Waste Management Ltd,Mona,Anglesey,Bespoke,"SR: Household, Commercial & Industrial Waste Transfer Stn",Effective,53.25426139653041,-4.372501108080614,Waste
S P A Davies & Sons,Mold,Flintshire,Bespoke,A20: Metal Recycling Site (mixed MRS's),Effective,53.12263690759892,-3.0946249120469287,Waste
Gwrthwynt Waste Transfer Station,Newcastle Emlyn,Ceredigion,Bespoke,"SR: Household, Commercial & Industrial Waste Transfer Stn",Effective,52.09263366525518,-4.499448505074015,Waste
Cae Bwsan,Caernarfon,Gwynedd,Bespoke,A19a: ELV Facility <2500 tonnes per year,Effective,53.01658863347549,-4.3730330223752745,Waste
Bryn Pica Waste Operations,Aberdare,R C T,Bespoke,A16: Physical Treatment Facility,Effective,51.73911398025146,-3.4368255529056135,Waste
L C C Wales Ltd,Aberdare,R C T,Bespoke,"SR: Household, Commercial & Industrial Waste Transfer Stn",Effective,51.747473334148594,-3.551601758483723,Waste
Rossett Landfill Gas Utilisation Scheme,Rossett,Wrexham,Bespoke,A29: Gas Engine for buring of landfill or other bio-gas,Effective,53.10868770760713,-2.999320688210378,Waste
Coed Ffridd Arw,Dolgellau,Gwynedd,Bespoke,"SR: Household, Commercial & Industrial Waste Transfer Stn",Effective,52.74485014961466,-3.8842732551396804,Waste
Pyle Community Recycling Centre,Bridgend,Bridgend,Bespoke,A13a: Household waste amenity site taking hazardous waste,Effective,51.524404391249554,-3.681713413539768,Waste
Dow Corning Waste Transfer Station,Barry,Glamorgan,Bespoke,A15: Material Recycling Treatment Facility,Effective,51.405958599473465,-3.243619127489991,Waste
Gmh Vehicle Dismantlers,Cardiff,Glamorgan,Bespoke,A19: Metal Recycling Site (Vehicle Dismantler),Effective,51.49633063458251,-3.1108371800248746,Waste
Newtown Household Waste Recycling Centre,Newtown,Powys,Standard,S0813: SR2008 No13 : Non-hazardous & hazardous HWA Site,Effective,52.51876139586225,-3.2939717769489505,Waste
Crownhill Topsoil and Aggregates,Caldicot,Monmouthshire,Bespoke,A16: Physical Treatment Facility,Effective,51.62488699108642,-2.7748664824313884,Waste
The Granary,Llanbradach,Mid Glamorgan,Bespoke,"A11: Household, commercial and industrial waste transfer Stn",Effective,51.60886542288034,-3.2321597833756566,Waste
North Powys Bulking Facility,,Powys,Bespoke,"SR: Household, Commercial & Industrial Waste Transfer Stn",Effective,52.53918701017333,-3.243732265323464,Waste
Aberclwyd Farm Crick Scrap,Neath,N P T,Bespoke,A20: Metal Recycling Site (mixed MRS's),Effective,51.7289291559285,-3.6673288848879015,Waste
Pen Y Palmant Farm,Wrexham,Wrexham,Standard,SR/21: SR2011 No3: Vehicle Depollution Facility <5000 tpa,Effective,53.062675223033125,-3.0860005628483327,Waste
Glan Yr Afon Civic Amenity Site,Aberystwyth,Ceredigion,Bespoke,A13a: Household waste amenity site taking hazardous waste,Effective,52.401316728353144,-4.047615571719817,Waste
Bryn Pica Waste Operations,Aberdare,R C T,Bespoke,"A11: Household, commercial and industrial waste transfer Stn",Effective,51.73911398025146,-3.4368255529056135,Waste
Copart U K - Prince William Avenue,Chester,Flintshir,Bespoke,A19: Metal Recycling Site (Vehicle Dismantler),Effective,53.19820241558749,-2.9875700536853924,Waste
LCS Scrap Metals,Kilgetty,Pembrokeshire,Standard,"S1214: SR2012 No14: Metal recycling, vehicle storage, depollution",Effective,51.73260125568773,-4.7506272368024405,Waste
Astbury (Rossett) Landfill,Wrexham,,Bespoke,"A04: Household, Commercial & Industrial Waste Landfill",Effective,53.10411891929517,-3.0059812076833983,Waste
Penallta Civic Amenity Site,Hengoed,Caerphilly,Bespoke,A13: Household Waste Amenity Site,Effective,51.657244424225894,-3.244617910655469,Waste
Bessemer Close Transfer Station,Cardiff,Glamorgan,Bespoke,"SR: Household, Commercial & Industrial Waste Transfer Stn",Effective,51.466050491343935,-3.204180161956878,Waste
A & L Scrap Metal Merchants,Barry,Glamorgan,Bespoke,A19a: ELV Facility <2500 tonnes per year,Effective,51.39777810076855,-3.2493196146849894,Waste
Unit 1- Crugmore Farm,Cardigan,Ceredigion,Bespoke,A16: Physical Treatment Facility,Effective,52.09417021414923,-4.624790574590682,Waste
Ffridd Rasus Waste Management Facility,Harlech,Gwynedd,Bespoke,A13a: Household waste amenity site taking hazardous waste,Effective,52.883453508043445,-4.112746687017449,Waste
Llanwern Works Inert Waste Recycling Facility,Llanwern,Newport,Bespoke,A16: Physical Treatment Facility,Effective,51.570341067297136,-2.919769661325115,Waste
Wernddu Civic Amenity And Transfer Station,Ammanford,Carmarthenshire,Bespoke,"SR: Household, Commercial & Industrial Waste Transfer Stn",Effective,51.81996781828778,-3.9639729939384853,Waste
Swansea Drydocks Ltd,Swansea,,Bespoke,A20: Metal Recycling Site (mixed MRS's),Effective,51.611973812613755,-3.9222072637647165,Waste
I Hayward Ltd,Wrexham,Clwyd,Bespoke,A20: Metal Recycling Site (mixed MRS's),Effective,52.99765034642283,-3.043213230070392,Waste
G D Environmental Services Ltd,Newport,Gwent,Bespoke,"SR: Household, Commercial & Industrial Waste Transfer Stn",Effective,51.566346824305626,-2.974585897054226,Waste
Gelliargwellt Uchaf Farm 2 Landfill,Hengoed,Caerphilly,Bespoke,A06: Landfill taking other wastes,Effective,51.65455452624578,-3.269104776433325,Waste
Areera Limited,Swansea,Neath Port Talbot,Standard,S0823: SR2008 No23 : WEEE treatment facility,Effective,51.62280889209697,-3.8817518549763337,Waste
Bayliss Metals,Bridgend,Bridgend,Bespoke,A19: Metal Recycling Site (Vehicle Dismantler),Effective,51.50226781756062,-3.560561179958906,Waste
Nis-Spec 1st,Welshpool,Powys,Standard,SR/21: SR2011 No3: Vehicle Depollution Facility <5000 tpa,Effective,52.675309483364735,-3.1595034214777016,Waste
Coedely Reclamation & Development Scheme,Tonyrefail,R C T,Bespoke,A01: Co-Disposal Landfill Site,Effective,51.563533583930834,-3.4386985677489523,Waste
Llantrisant Recycling,Pontyclun,,Bespoke,A22: Composting Facility,Effective,51.55732444067384,-3.3837731973546443,Waste
Bryn Lane Composting Facility,Wrexham,Clwyd,Bespoke,A15: Material Recycling Treatment Facility,Effective,53.05032801162705,-2.9179478804976204,Waste
Troste Depot,Trostre Industrial Park,Llanelli,Bespoke,"A11: Household, commercial and industrial waste transfer Stn",Effective,51.67326935409254,-4.137844302388648,Waste
A48 Auto Salvage,Bridgend,Glamorgan,Bespoke,A19a: ELV Facility <2500 tonnes per year,Effective,51.511153352199145,-3.6739188646603798,Waste
Natural U K Ltd Healthcare Management Facility,Ammanford,Carmarthenshire,Bespoke,"A11: Household, commercial and industrial waste transfer Stn",Effective,51.78000338004399,-4.040666469090143,Waste
Kinmel Park Depot,Bodelwyddan,Denbighshire,Standard,S0801: SR2008 No1 : HCI Waste Transfer Station,Effective,53.2644189620946,-3.509223388399463,Waste
Aberbargoed Civic Amenity Site,Bargoed,Caerphilly,Bespoke,A13: Household Waste Amenity Site,Effective,51.683962561600666,-3.2159283399516982,Waste
Dowlais Household Waste and Recycling Centre,Merthyr Tydfil,,Bespoke,A13a: Household waste amenity site taking hazardous waste,Effective,51.759814890787084,-3.3611365608823016,Waste
Brother Industries (U.K.) Ltd.,Wrexham,Clwyd,Bespoke,A15: Material Recycling Treatment Facility,Effective,53.00217694337393,-3.0395820257011876,Waste
Cole Contractors Cardiff,Cardiff,Cardiff,Bespoke,A16: Physical Treatment Facility,Effective,51.46802850880284,-3.2033252489860895,Waste
Mitchell Troy Household Waste Recycling Centre,Monmouth,Monmouthshire,Bespoke,A13: Household Waste Amenity Site,Effective,51.80162904391139,-2.715359558266889,Waste
Bryn Pica Waste Operations,Aberdare,R C T,Bespoke,"A11: Household, commercial and industrial waste transfer Stn",Effective,51.73911398025146,-3.4368255529056135,Waste
Hendy Recycling,Pontyclum,Mid Glamorgan,Bespoke,A14: Transfer Station taking Non-Biodegradable Wastes,Effective,51.521046548591016,-3.3634019025326074,Waste
Pwllheli Civic Amenity Site,Pwllheli,Gwynedd,Bespoke,A13: Household Waste Amenity Site,Effective,52.89145727590193,-4.402032398807516,Waste
Thomas Skip And Plant Hire Ltd,Caernarfon,Gwynedd,Standard,S0801: SR2008 No1 : HCI Waste Transfer Station,Effective,53.16642079845905,-4.245401243196266,Waste
Waterloo Recycling Centre,Pembroke Dock,Pembrokeshire,Bespoke,A13: Household Waste Amenity Site,Effective,51.695867753797245,-4.920922831482653,Waste
Alan's Skip Hire Ltd,Deeside,Flintshire,Bespoke,A25: Deposit of waste to land as a recovery operation,Effective,53.23609370584646,-3.0277573413858794,Waste
Lorey Metals,Swansea,,Standard,"S1214: SR2012 No14: Metal recycling, vehicle storage, depollution",Effective,51.65768154473273,-3.9178521271893105,Waste
Llantrisant Recycling,Pontyclun,,Bespoke,A16: Physical Treatment Facility,Effective,51.55732444067384,-3.3837731973546443,Waste
Cwrt Y Plyffin Landfill,Brecon,Powys,Bespoke,"SR: Household, Commercial & Industrial Waste Transfer Stn",Effective,51.978764086071315,-3.317910453722064,Waste
Old Barry Sidings,Pontypridd,Mid Glamorgan,Bespoke,A20: Metal Recycling Site (mixed MRS's),Effective,51.60962787939372,-3.372510214497567,Waste
Bulky Waste Recycling Centre,Ystradgynlais,Powys,Bespoke,A20: Metal Recycling Site (mixed MRS's),Effective,51.78910750121215,-3.7810497129443794,Waste
Dragon Works,Chester,Cheshire,Bespoke,A19: Metal Recycling Site (Vehicle Dismantler),Effective,53.17724057260189,-2.9350943502514912,Waste
Flintspeed Car & Commercial Dismantlers,Holywell,Flintshire,Bespoke,A19: Metal Recycling Site (Vehicle Dismantler),Effective,53.29480701536862,-3.220762605688918,Waste
Pencefn Feeds Ltd,,Cerdigion,Standard,SR2018No11: SR2018 no11 on-farm anerobic digestion facility,Effective,52.20167229377317,-3.930993449516851,Waste
SL Recycling Ltd,Pontypool,Torfaen,Bespoke,"SR: Household, Commercial & Industrial Waste Transfer Stn",Effective,51.68261406313282,-3.0121140160691144,Waste
Hafod Yard Transfer Station,Wrexham,,Bespoke,"A11: Household, commercial and industrial waste transfer Stn",Effective,53.01048197027048,-3.028364671833535,Waste
Crane Cross Civic Amenity & Recycling Centre,Saundersfoot,Pembrokeshire,Bespoke,A13a: Household waste amenity site taking hazardous waste,Effective,51.70193649304027,-4.726200881878525,Waste
Fordpad Scrap,Neath,N P T,Bespoke,A20: Metal Recycling Site (mixed MRS's),Effective,51.65437633509802,-3.8117442079227666,Waste
Weighbridge Yard,Aberdare,R C T,Bespoke,"A11: Household, commercial and industrial waste transfer Stn",Effective,51.70763737474788,-3.423236208361706,Waste
Kinmel Park Depot,Bodelwyddan,Denbighshire,Standard,S0801: SR2008 No1 : HCI Waste Transfer Station,Effective,53.2644189620946,-3.509223388399463,Waste
A S H Bretton Recycling Centre,Bretton,Flintshire,Bespoke,"SR: Household, Commercial & Industrial Waste Transfer Stn",Effective,53.176742118332015,-2.961566478282026,Waste
Natural U K Ltd Healthcare Management Facility,Ammanford,Carmarthenshire,Bespoke,"A11: Household, commercial and industrial waste transfer Stn",Effective,51.78000338004399,-4.040666469090143,Waste
Llwyn Isaf Anaerobic Digestion Plant,Near Caernarfon,Gwynedd,Bespoke,A23: Biological Treatment Facility,Effective,53.01484749246483,-4.310349739036125,Waste
Tondu Waste Transfer Station,Bridgend,Glamorgan,Standard,S0803: SR2008 No3 : HCI Waste TS + treatment,Effective,51.550229361113296,-3.5955199682114003,Waste
Pic Up Spares Ltd,Swansea,,Bespoke,A19: Metal Recycling Site (Vehicle Dismantler),Effective,51.65368479727854,-3.9059589986843375,Waste
Alltami Soil & Aggregate Recycling Facility,Mold,Flintshire,Bespoke,A16: Physical Treatment Facility,Effective,53.190511106977254,-3.0902317906286263,Waste
I T Williams Ltd,Ruthin,Denbighshire,Standard,"SR/12: SR2010 No12: Treatment of waste to produce soil <75,000 tpa",Effective,53.11939853348492,-3.3142580461355786,Waste
Alltami Soil & Aggregate Recycling Facility,Mold,Flintshire,Bespoke,A16: Physical Treatment Facility,Effective,53.190511106977254,-3.0902317906286263,Waste
Harris Salvage,Bangor,Gwynedd,Bespoke,A19a: ELV Facility <2500 tonnes per year,Effective,53.20579904977922,-4.145002897853335,Waste
MTCBC Waste Transfer Station,Pentrebach,Merthyr Tydfil,Bespoke,"SR: Household, Commercial & Industrial Waste Transfer Stn",Effective,51.71826475711868,-3.353316020304926,Waste
Silent Valley Waste Transfer station,Ebbw Vale,Blaenau Gwent,Bespoke,"A11: Household, commercial and industrial waste transfer Stn",Effective,51.75406882518391,-3.1834606987313325,Waste
Rheidol Recycling Park,Aberystwyth,Ceredigion,Bespoke,"A11: Household, commercial and industrial waste transfer Stn",Effective,52.40124046418331,-4.045789207318357,Waste
Weaver Autosalvage,Merthyr Tydfil,Glamorgan,Bespoke,A19a: ELV Facility <2500 tonnes per year,Effective,51.74945111158933,-3.411136037098603,Waste
Weaver Autosalvage,Merthyr Tydfil,Glamorgan,Bespoke,A19a: ELV Facility <2500 tonnes per year,Effective,51.74945111158933,-3.411136037098603,Waste
Celtic Recycling Ltd,Bridgend,Glamorgan,Bespoke,A16: Physical Treatment Facility,Effective,51.525223313361664,-3.686053831845144,Waste
Coed Ffridd Arw,Dolgellau,Gwynedd,Bespoke,"SR: Household, Commercial & Industrial Waste Transfer Stn",Effective,52.74485014961466,-3.8842732551396804,Waste
Penhesgyn Waste Transfer & Materials Recovery Facility,Llansadwrn,Ynys Mon,Bespoke,"SR: Household, Commercial & Industrial Waste Transfer Stn",Effective,53.244432483069204,-4.198719617920321,Waste
Llanwern Works Inert Waste Recycling Facility,Llanwern,Newport,Bespoke,A16: Physical Treatment Facility,Effective,51.570341067297136,-2.919769661325115,Waste
Bryn Quarry Ltd,Gelligaer,Mid Glamorgan,Bespoke,A25: Deposit of waste to land as a recovery operation,Effective,51.65994968534804,-3.2665953311665215,Waste
Cole Contractors Cardiff,Cardiff,Cardiff,Bespoke,A16: Physical Treatment Facility,Effective,51.46802850880284,-3.2033252489860895,Waste
Pembrey Motor Racing Circuit,Llanelli,Carmarthenshire,Standard,"SR/07: SR2010 No7: Use of waste in construction <50,000 tpa",Effective,51.7036811023594,-4.321207354000538,Waste
Noel Fitzpatrick Ltd,Newport,,Bespoke,"SR: Household, Commercial & Industrial Waste Transfer Stn",Effective,51.566047376017885,-2.9727472017185352,Waste
Weighbridge Yard,Aberdare,R C T,Bespoke,"A11: Household, commercial and industrial waste transfer Stn",Effective,51.70763737474788,-3.423236208361706,Waste
Cwmbran Glass Recovery Facility,Cwmbran,,Bespoke,A16: Physical Treatment Facility,Effective,51.65678276527426,-3.0397426331665347,Waste
Brookhill Transfer Station,Buckley,Flintshire,Bespoke,"SR: Household, Commercial & Industrial Waste Transfer Stn",Effective,53.18305357249869,-3.0809591474766895,Waste
Lower Park Farm Co-operative AD Plant,Wrexham,,Standard,"S1210: SR2012 No10: On-farm AD facility using farm wastes only, use of the biogas <100tpd",Effective,53.08944138745653,-2.9201987588070133,Waste
Caergylchu Waste Management Facility,Caernarfon,Gwynedd,Bespoke,"SR: Household, Commercial & Industrial Waste Transfer Stn",Effective,53.14107862200739,-4.243331050389655,Waste
Bryn Pica Waste Operations,Aberdare,R C T,Bespoke,A14: Transfer Station taking Non-Biodegradable Wastes,Effective,51.73911398025146,-3.4368255529056135,Waste
Ewloe Waste Transfer Station,Mold,Flintshire,Bespoke,"A11: Household, commercial and industrial waste transfer Stn",Effective,53.18690560970288,-3.083420647073597,Waste
U R A Birdport Docks Site,Newport,Gwent,Bespoke,A16: Physical Treatment Facility,Effective,51.5639151204937,-2.9663683187957623,Waste
Enviroventure Waste Solutions Recycling Facility,Milford Haven,Pembrokeshire,Bespoke,"SR: Household, Commercial & Industrial Waste Transfer Stn",Effective,51.71584077541406,-4.995257677133142,Waste
J & A Metals Recycling Centre,Crosshands,Carmarthenshire,Bespoke,"SR: Household, Commercial & Industrial Waste Transfer Stn",Effective,51.78208881618642,-4.06592912651687,Waste
Llanfoist Waste Transfer Station,Abergavenny,Monmouthshire,Bespoke,"SR: Household, Commercial & Industrial Waste Transfer Stn",Effective,51.81297705926055,-3.021865079255181,Waste
Land Adjacent to Ty Newydd,Llanelli,,Bespoke,"SR: Household, Commercial & Industrial Waste Transfer Stn",Effective,51.7846790460267,-4.063858178853867,Waste
Natural U K Ltd Healthcare Management Facility,Ammanford,Carmarthenshire,Bespoke,"A11: Household, commercial and industrial waste transfer Stn",Effective,51.78000338004399,-4.040666469090143,Waste
Brymbo Household Waste Recycling Centre,Wrexham,Clwyd,Bespoke,A13: Household Waste Amenity Site,Effective,53.064741690085434,-3.043953552409307,Waste
Lovatt Brothers,Montgomery,Powys,Bespoke,A20: Metal Recycling Site (mixed MRS's),Effective,52.52051294583643,-3.2187681870444234,Waste
Garth Isaf Farm,Pontypridd,Rhondda Cynon Taf,Bespoke,A25: Deposit of waste to land as a recovery operation,Effective,51.54969054581453,-3.3061058104366876,Waste
Cae Uchaf Farm,Menai Bridge,Anglesey,Bespoke,A16: Physical Treatment Facility,Effective,53.249830547702196,-4.194619386839623,Waste
Bessemer Close Household And Commercial Waste Recycling Centre,Cardiff,Glamorgan,Bespoke,A13: Household Waste Amenity Site,Effective,51.4587205544294,-3.210435655199203,Waste
Plas Madoc Household Waste Recycling Centre,Wrexham,Clwyd,Bespoke,A13: Household Waste Amenity Site,Effective,52.98253987695185,-3.05531624959671,Waste
Fred Lloyd & Sons Ltd,Pontypool,Gwent,Bespoke,A20: Metal Recycling Site (mixed MRS's),Effective,51.69352899442452,-3.016365182209766,Waste
Grove Farm Autos,Aberdare,R C T,Bespoke,A19a: ELV Facility <2500 tonnes per year,Effective,51.73148619558427,-3.502456439775416,Waste
Aberfan Household Waste And Recycling Centre,Aberfan,Merthyr Tydfil,Bespoke,A13: Household Waste Amenity Site,Effective,51.69522984192055,-3.342182021990442,Waste
Waterloo Recycling Centre,Pembroke Dock,Pembrokeshire,Bespoke,A13: Household Waste Amenity Site,Effective,51.695867753797245,-4.920922831482653,Waste
Fron Haul Quarry,Mold,Flintshire,Standard,S0908: SR2009 No8: Management of inert extractive waste at mines and quarries,Effective,53.22399634657815,-3.259774798910578,Waste
S J Chadwicks Greenfield,Greenfield,Flintshire,Bespoke,A20: Metal Recycling Site (mixed MRS's),Effective,53.29132581358519,-3.205975866479525,Waste
Ffridd Rasus Waste Management Facility,Harlech,Gwynedd,Bespoke,A13a: Household waste amenity site taking hazardous waste,Effective,52.883453508043445,-4.112746687017449,Waste
Wastesavers Resource Centre,Newport,Newport,Bespoke,"SR: Household, Commercial & Industrial Waste Transfer Stn",Effective,51.57106999098194,-2.981829322003565,Waste
Abergele Civic Amenity Site,Abergele,Conwy,Bespoke,A13: Household Waste Amenity Site,Effective,53.285427667493416,-3.545021191803379,Waste
Tazrock,Aberdare,Rhondda Cynon Taff,Bespoke,A16: Physical Treatment Facility,Effective,51.74856059545877,-3.541411687484056,Waste
Seawall Waste Transfer Station,Cardiff,Cardiff,Standard,S0803: SR2008 No3 : HCI Waste TS + treatment,Effective,51.48029772342045,-3.1417687438627837,Waste
Coalbrook Motors Ltd,,Grovesend,Bespoke,A19a: ELV Facility <2500 tonnes per year,Effective,51.68291901245737,-4.0392334433949415,Waste
Land Adjacent to Ty Newydd,Llanelli,,Bespoke,"SR: Household, Commercial & Industrial Waste Transfer Stn",Effective,51.7846790460267,-4.063858178853867,Waste
Cwmbran Glass Recovery Facility,Cwmbran,,Bespoke,A16: Physical Treatment Facility,Effective,51.65678276527426,-3.0397426331665347,Waste
Bpi Recycled Products,Tredegar,,Bespoke,A16: Physical Treatment Facility,Effective,51.75525408599679,-3.2838211514313005,Waste
Gene Metals,Pontypridd,R C T,Bespoke,A20: Metal Recycling Site (mixed MRS's),Effective,51.592569442698526,-3.3312132354575046,Waste
Plot 57 Brynmenyn Ind Est,Bridgend,Glamorgan,Standard,S0803: SR2008 No3 : HCI Waste TS + treatment,Effective,51.549603701450316,-3.5806278916314955,Waste
Potters Yard,Welshpool,Powys,Bespoke,A13a: Household waste amenity site taking hazardous waste,Effective,52.65836261877584,-3.1382231082242575,Waste
1 Acre Farm,Holywell,,Standard,S0820: SR2008 No20 : Vehicle depollution facility (ATF),Effective,53.244802766396894,-3.1947012183909345,Waste
Abergele Civic Amenity Site,Abergele,Conwy,Bespoke,A13: Household Waste Amenity Site,Effective,53.285427667493416,-3.545021191803379,Waste
Dowlais Household Waste and Recycling Centre,Merthyr Tydfil,,Bespoke,A13a: Household waste amenity site taking hazardous waste,Effective,51.759814890787084,-3.3611365608823016,Waste
Pic Up Spares,Llandore,Swansea,Bespoke,A19a: ELV Facility <2500 tonnes per year,Effective,51.64437368756074,-3.937511110043007,Waste
Whitland Recycling Centre & Civic Amenity Site,Whitland,Carmarthenshire,Bespoke,A13: Household Waste Amenity Site,Effective,51.82006379409895,-4.623940959247299,Waste
Unit 8,Cowbridge,Vale of Glamorgan,Standard,SR/22: SR2011 No4: Treatment of waste wood <75000 tpa,Effective,51.43591107748525,-3.50509457403839,Waste
Williams Plant Hire Ltd,Newtown,Powys,Bespoke,"SR: Household, Commercial & Industrial Waste Transfer Stn",Effective,52.53325861310254,-3.2636001960674923,Waste
Cwrtgwenddwr Wood Recycling Facility,Builth Wells,,Bespoke,A16: Physical Treatment Facility,Effective,52.10417508195964,-3.3573777618543024,Waste
Olivers Sales & Rentals,Hengoed,Ystrad Mynach,Bespoke,"SR: Household, Commercial & Industrial Waste Transfer Stn",Effective,51.66654652056396,-3.2313819873241805,Waste
Wogaston,Pembroke,Pembrokeshire,Bespoke,A05: Landfill taking Non-Biodegradeable Wastes,Effective,51.66989558705236,-5.027300127735518,Waste
Old Crown Works,Neath,Neath Port Talb,Bespoke,A19: Metal Recycling Site (Vehicle Dismantler),Effective,51.65424328527059,-3.8376597335250393,Waste
Materials Recovery & Energy  Centre,SWANSEA,West Glamorgan,Bespoke,"A11: Household, commercial and industrial waste transfer Stn",Effective,51.624064755434866,-3.880821420890643,Waste
The Old Forge,Neath,West Glamorgan,Standard,SR/20: SR2011 No2: Metal Recycling Site <25000 tpa,Effective,51.65982192960442,-3.825335526163064,Waste
Crane Cross Civic Amenity & Recycling Centre,Saundersfoot,Pembrokeshire,Bespoke,A13a: Household waste amenity site taking hazardous waste,Effective,51.70193649304027,-4.726200881878525,Waste
Garth Isaf Farm,Pontypridd,Rhondda Cynon Taf,Bespoke,A25: Deposit of waste to land as a recovery operation,Effective,51.54969054581453,-3.3061058104366876,Waste
Clydach Metals Recycling Facility,Swansea,West Glamorgan,Bespoke,A19: Metal Recycling Site (Vehicle Dismantler),Effective,51.691228358617586,-3.8987103148661295,Waste
G Davies Skip Hire,Port Talbot,N P T,Bespoke,"SR: Household, Commercial & Industrial Waste Transfer Stn",Effective,51.61200328336094,-3.7670153732699663,Waste
Parry and Evans Ltd,,Flintshire,Bespoke,"SR: Household, Commercial & Industrial Waste Transfer Stn",Effective,53.224864633084366,-3.004750278789408,Waste
Longships Road,Cardiff,S Glamorgan,Bespoke,A14: Transfer Station taking Non-Biodegradable Wastes,Effective,51.45965842892306,-3.1475869136945476,Waste
Sychtyn,Welshpool,Powys,Standard,"S1210: SR2012 No10: On-farm AD facility using farm wastes only, <100t per day",Effective,52.65512809468248,-3.4805043289795012,Waste
Waste Transfer Station,Wrexham,Clwyd,Bespoke,"SR: Household, Commercial & Industrial Waste Transfer Stn",Effective,53.027518724764576,-3.022969780221394,Waste
Bryn Pica Waste Operations,Aberdare,R C T,Bespoke,A15: Material Recycling Treatment Facility,Effective,51.73911398025146,-3.4368255529056135,Waste
Llwyn Isaf Anaerobic Digestion Plant,Near Caernarfon,Gwynedd,Bespoke,A23: Biological Treatment Facility,Effective,53.01484749246483,-4.310349739036125,Waste
North Powys Bulking Facility,,Powys,Bespoke,"SR: Household, Commercial & Industrial Waste Transfer Stn",Effective,52.53918701017333,-3.243732265323464,Waste
Dowlais Household Waste and Recycling Centre,Merthyr Tydfil,,Bespoke,A13a: Household waste amenity site taking hazardous waste,Effective,51.759814890787084,-3.3611365608823016,Waste
Recycling and Recovery Facility,Neath,,Bespoke,"A11: Household, commercial and industrial waste transfer Stn",Effective,51.65258364475261,-3.837982905086759,Waste
Paperback Collection & Recycling Ltd,Deeside,Clwyd,Bespoke,A16: Physical Treatment Facility,Effective,53.22450857751897,-3.0181030822153154,Waste
Gower Chemicals Ltd,Swansea,West Glamorgan,Bespoke,A17: Physico-Chemical Treatment Facility,Effective,51.621522521438514,-3.8879394609058004,Waste
Llanwern Works Inert Waste Recycling Facility,Llanwern,Newport,Bespoke,A16: Physical Treatment Facility,Effective,51.570341067297136,-2.919769661325115,Waste
Ty Mawr East Quarry Landfill,Penygroes,Gwynedd,Bespoke,A06: Landfill taking other wastes,Effective,53.04955091249996,-4.24094494093226,Waste
Pembrokeshire Eco Park,Milford Haven,Pembrokeshire,Bespoke,"A11: Household, commercial and industrial waste transfer Stn",Effective,51.742907153803756,-5.057927429558994,Waste
Project Yellow Recycling,Pontyclun,Rhondda Cynon Taff,Bespoke,A16a: Hazardous waste physical treatment facility,Effective,51.52360636404044,-3.355896338538933,Waste
Potters Yard,Welshpool,Powys,Bespoke,"A11: Household, commercial and industrial waste transfer Stn",Effective,52.65836261877584,-3.1382231082242575,Waste
Manorowen Civic Amenity and recycling centre,Fishguard,Pembrokeshire,Bespoke,A13a: Household waste amenity site taking hazardous waste,Effective,51.98054064875524,-5.007857643564131,Waste
"Plas Y Dre, Llanwrst",Llanrwst,Conwy,Bespoke,"SR: Household, Commercial & Industrial Waste Transfer Stn",Effective,53.13896990250322,-3.8012533186929076,Waste
Llanddulas Quarry Waste Treatment Centre,Abergele,Conwy,Bespoke,A16: Physical Treatment Facility,Effective,53.28886343549429,-3.6573478652732496,Waste
Daniel Lee Vaughan T/A K Vaughan Metals,Llanidloes,Powys,Bespoke,A20: Metal Recycling Site (mixed MRS's),Effective,52.43199376112667,-3.544118433789488,Waste
Transfer Station,Carmarthen,Carmarthenshire,Bespoke,"SR: Household, Commercial & Industrial Waste Transfer Stn",Effective,51.84572958494567,-4.338964937422405,Waste
Unit A6,Caernarfon,,Standard,S0809: SR2008 No9 : Asbestos Waste Transfer Station,Effective,53.13953036728738,-4.249619824228547,Waste
New Inn Waste Transfer Station,Torfaen,,Bespoke,A13a: Household waste amenity site taking hazardous waste,Effective,51.69223787533471,-3.019056168006587,Waste
Wern Tarw Recycling Ltd,Bridgend,Mid Glamorgan,Bespoke,A16: Physical Treatment Facility,Effective,51.5238508782731,-3.6826876560529995,Waste
A&C Aggregates Ltd,Narberth,Pembrokeshire,Standard,"SR/12: SR2010 No12: Treatment of waste to produce soil <75,000 tpa",Effective,51.78566795468999,-4.74579376916627,Waste
Bill Way & Co Ltd,Rover Way,Cardiff,Bespoke,A19: Metal Recycling Site (Vehicle Dismantler),Effective,51.476457347727354,-3.1363018619832315,Waste
Singleton Hospital Clinical Waste Transfer Station,Swansea,,Standard,S0824: SR2008 No24 : Clinical Waste Transfer Station,Effective,51.61052968657199,-3.9862444023604047,Waste
Llantrisant Recycling,Pontyclun,,Bespoke,"SR: Household, Commercial & Industrial Waste Transfer Stn",Effective,51.55732444067384,-3.3837731973546443,Waste
ABP Fletchers Wharf,Cardiff,,Bespoke,"SR: Household, Commercial & Industrial Waste Transfer Stn",Effective,51.46567113903321,-3.147881741305659,Waste
Massey Metals Ltd,Chester,,Bespoke,A19: Metal Recycling Site (Vehicle Dismantler),Effective,53.18093922915726,-2.9218871692307156,Waste
The Granary,Llanbradach,Mid Glamorgan,Bespoke,"A11: Household, commercial and industrial waste transfer Stn",Effective,51.60886542288034,-3.2321597833756566,Waste
Bessemer Close Household And Commercial Waste Recycling Centre,Cardiff,Glamorgan,Bespoke,A13: Household Waste Amenity Site,Effective,51.4587205544294,-3.210435655199203,Waste
Silent Valley Waste Transfer station,Ebbw Vale,Blaenau Gwent,Bespoke,"A11: Household, commercial and industrial waste transfer Stn",Effective,51.75406882518391,-3.1834606987313325,Waste
Cole Contractors Cardiff,Cardiff,Cardiff,Bespoke,A16: Physical Treatment Facility,Effective,51.46802850880284,-3.2033252489860895,Waste
Seth Hill & Son Ltd,,,Standard,S0906: SR2009 No6: Inert and excavation WTS with treatment,Effective,51.45800608039323,-3.373944113632068,Waste
Jensons Metals,Pembroke Dock,Pembrokeshire,Bespoke,A20: Metal Recycling Site (mixed MRS's),Effective,51.695854644439656,-4.956293158499488,Waste
Enviroventure Waste Solutions Recycling Facility,Milford Haven,Pembrokeshire,Bespoke,"SR: Household, Commercial & Industrial Waste Transfer Stn",Effective,51.71584077541406,-4.995257677133142,Waste
The Recycling Centre,Ystrad Mynach,Hengoed,Bespoke,"A11: Household, commercial and industrial waste transfer Stn",Effective,51.628282795438636,-3.2274703690777025,Waste
ReCover Blaenavon Ltd,Blaenavon,Torfaen,Bespoke,A16: Physical Treatment Facility,Effective,51.778769889645645,-3.096163262814347,Waste
A S H Bretton Recycling Centre,Bretton,Flintshire,Bespoke,"SR: Household, Commercial & Industrial Waste Transfer Stn",Effective,53.176742118332015,-2.961566478282026,Waste
Delyn Metals Ltd,Holywell,Flintshire,Bespoke,A20: Metal Recycling Site (mixed MRS's),Effective,53.33826390393168,-3.338656985121558,Waste
Road Runners,Chester,Flintshire,Bespoke,A19a: ELV Facility <2500 tonnes per year,Effective,53.18062359776104,-2.9289581129887075,Waste
L C C Wales Ltd,Aberdare,R C T,Bespoke,"SR: Household, Commercial & Industrial Waste Transfer Stn",Effective,51.747473334148594,-3.551601758483723,Waste
The Old Forge,Neath,West Glamorgan,Standard,SR/20: SR2011 No2: Metal Recycling Site <25000 tpa,Effective,51.65982192960442,-3.825335526163064,Waste
Afan Combined Heat And Power Facility,Phoenix Walk,Port Talbot,Bespoke,A29: Gas Engine for buring of landfill or other bio-gas,Effective,51.57091458290734,-3.7891587706487067,Waste
Treherbert Community Recycling Centre,Treorchy,Rhondda Cynon Taff,Bespoke,A13a: Household waste amenity site taking hazardous waste,Effective,51.670755553556255,-3.5316533633631106,Waste
Minffordd Quarry and Asphalt Plant,Penrhyndeudraeth,Gwynedd,Bespoke,A16: Physical Treatment Facility,Effective,52.930324057363904,-4.096475114767817,Waste
Melin Plas Du,Pwllheli,Gwynedd,Bespoke,"SR: Household, Commercial & Industrial Waste Transfer Stn",Effective,52.937250415545655,-4.377021789488924,Waste
J H Evans & Sons,Blaenau Ffestiniog,Gwynedd,Standard,SR/21: SR2011 No3: Vehicle Depollution Facility <5000 tpa,Effective,53.000839978953096,-3.9446592189649934,Waste
Unit 17,Cardiff,Cardiff,Bespoke,"SR: Household, Commercial & Industrial Waste Transfer Stn",Effective,51.47568709476612,-3.135058791731807,Waste
Central Depot,Ebbw Vale,Blaenau Gwent,Bespoke,A16: Physical Treatment Facility,Effective,51.79296137662509,-3.1713562454733686,Waste
Llwyn Fynwent,Aberystwyth,Ceredigion,Bespoke,A19a: ELV Facility <2500 tonnes per year,Effective,52.31440727654307,-4.059313519382949,Waste
Tip Top Toilets Waste Transfer Station,Aberdare,,Bespoke,"SR: Household, Commercial & Industrial Waste Transfer Stn",Effective,51.745411713976296,-3.459158721207806,Waste
Monometals Ltd,Newport,Newport,Bespoke,A19a: ELV Facility <2500 tonnes per year,Effective,51.572732819996894,-2.988329625435049,Waste
Sp Power Systems,Bangor,Gwynedd,Bespoke,S1215: SR2012 No15: Storage of electrical insulating oils,Effective,53.21043575211483,-4.18029411175516,Waste
Tollgate House,Llandough,Glamorgan,Bespoke,"SR: Household, Commercial & Industrial Waste Transfer Stn",Effective,51.455824574710114,-3.1999961066182703,Waste
Parry and Evans Ltd,,Flintshire,Bespoke,A15: Material Recycling Treatment Facility,Effective,53.224864633084366,-3.004750278789408,Waste
Central Depot,Ebbw Vale,Blaenau Gwent,Bespoke,A16: Physical Treatment Facility,Effective,51.79296137662509,-3.1713562454733686,Waste
Brynmenyn Household Waste Recycling Centre,Bridgend,Glamorgan,Bespoke,A13a: Household waste amenity site taking hazardous waste,Effective,51.54899193725389,-3.5806499522084247,Waste
Silent Valley Waste Transfer station,Ebbw Vale,Blaenau Gwent,Bespoke,"A11: Household, commercial and industrial waste transfer Stn",Effective,51.75406882518391,-3.1834606987313325,Waste
Jennings,Rhyl,,Standard,"SR/12: SR2010 No12: Treatment of waste to produce soil <75,000 tpa",Effective,53.26386114113528,-3.5078393396936005,Waste
Giants Grave Landfill,Neath,N P T,Bespoke,A02: Other Landfill Site taking Hazardous Waste,Effective,51.64726112923357,-3.8315955035850133,Waste
Weighbridge Yard,Aberdare,R C T,Bespoke,"A11: Household, commercial and industrial waste transfer Stn",Effective,51.70763737474788,-3.423236208361706,Waste
Windsor Waste management Ltd.,Cwmcarn,,Standard,S0809: SR2008 No9 : Asbestos Waste Transfer Station,Effective,51.6358786156584,-3.1328843710865275,Waste
Plot 8 A,Holyhead,Isle of Anglesey,Standard,S0807: SR2008 No7 : HCI Waste TS + treatment + asbestos,Effective,53.25382874093245,-4.371652590001959,Waste
Penlan Civic Amenity Site,Penlan,Swansea,Bespoke,"SR: Household, Commercial & Industrial Waste Transfer Stn",Effective,51.64845735304903,-3.962345642660438,Waste
Garth Isaf Farm,Pontypridd,Rhondda Cynon Taf,Bespoke,A16: Physical Treatment Facility,Effective,51.54969054581453,-3.3061058104366876,Waste
Alun Griffiths (Contractors) Limited,Cardiff,,Bespoke,A16: Physical Treatment Facility,Effective,51.465559952435505,-3.1445390903611705,Waste
Pembrokeshire Eco Park,Milford Haven,Pembrokeshire,Bespoke,A13a: Household waste amenity site taking hazardous waste,Effective,51.742907153803756,-5.057927429558994,Waste
Celtic Recycling Ltd,Bridgend,Glamorgan,Bespoke,A16: Physical Treatment Facility,Effective,51.525223313361664,-3.686053831845144,Waste
Enviroventure Waste Solutions Ltd,Milford Haven,Pembs,Standard,SR/21: SR2011 No3: Vehicle Depollution Facility <5000 tpa,Effective,51.71584077541406,-4.995257677133142,Waste
Gwrthwynt Waste Transfer Station,Newcastle Emlyn,Ceredigion,Bespoke,"SR: Household, Commercial & Industrial Waste Transfer Stn",Effective,52.09263366525518,-4.499448505074015,Waste
Pembroke Refinery,Pembroke,Pembrokeshire,Bespoke,A23: Biological Treatment Facility,Effective,51.679656309917334,-5.0209347420470705,Waste
Waste Transfer Station Tir Ergyd Yard,Aberdare,R C T,Bespoke,"SR: Household, Commercial & Industrial Waste Transfer Stn",Effective,51.73641750567773,-3.448456160193324,Waste
Lovatt Brothers,Montgomery,Powys,Bespoke,A20: Metal Recycling Site (mixed MRS's),Effective,52.52051294583643,-3.2187681870444234,Waste
Lorey Metals,Swansea,,Standard,"S1214: SR2012 No14: Metal recycling, vehicle storage, depollution",Effective,51.65768154473273,-3.9178521271893105,Waste
Colin Richardson Recycling Centre,Newport,Gwent,Standard,S0811: SR2008 No11 : Inert & excavation Waste TS + treatment,Effective,51.62467101698355,-2.9620393925205093,Waste
Caergylchu Waste Management Facility,Caernarfon,Gwynedd,Bespoke,"SR: Household, Commercial & Industrial Waste Transfer Stn",Effective,53.14107862200739,-4.243331050389655,Waste
Lawn Civic Amenity Site,Tredegar,Gwent,Bespoke,A13: Household Waste Amenity Site,Effective,51.757393134821484,-3.2830849488703913,Waste
Halfway Motor Spares,Haverfordwest,Pembrokeshire,Bespoke,A19a: ELV Facility <2500 tonnes per year,Effective,51.76225781377132,-4.993171336449744,Waste
Briton Ferry Shipping Services Ltd,Neath,N P T,Bespoke,"SR: Household, Commercial & Industrial Waste Transfer Stn",Effective,51.637968369020456,-3.827795949595327,Waste
MTCBC Waste Transfer Station,Pentrebach,Merthyr Tydfil,Bespoke,"SR: Household, Commercial & Industrial Waste Transfer Stn",Effective,51.71826475711868,-3.353316020304926,Waste
Clyne Civic Amenity Site,Clyne,Swansea,Bespoke,A13a: Household waste amenity site taking hazardous waste,Effective,51.60644399367517,-4.0001901126776955,Waste
Crane Cross Civic Amenity & Recycling Centre,Saundersfoot,Pembrokeshire,Bespoke,A13a: Household waste amenity site taking hazardous waste,Effective,51.70193649304027,-4.726200881878525,Waste
Lower Cwmtwrch HWRC,Powys,,Standard,S0813: SR2008 No13 : Non-hazardous & hazardous HWA Site,Effective,51.770267476856255,-3.779380161638961,Waste
Plot 7,Holyhead,Isle of Anglesey,Standard,"S0819: SR2008 No19: 75kte Non-hazardous sludge biological, chemical & physical treatment",Effective,53.255207091971464,-4.372418534656481,Waste
Waterton Depot,Bridgend,Glamorgan,Bespoke,A14: Transfer Station taking Non-Biodegradable Wastes,Effective,51.49743259693981,-3.5433818767489584,Waste
Tythegston Civic Amenity Site,Tythegston,Bridgend,Bespoke,"SR: Household, Commercial & Industrial Waste Transfer Stn",Effective,51.49959211157698,-3.6572579986794094,Waste
Rhuddlan Bach Quarry Landfill Site,Brynteg,Anglesey,Bespoke,"SR: Household, Commercial & Industrial Waste Transfer Stn",Effective,53.302270010259384,-4.27533859041127,Waste
Caerhun Farm,Conwy,Gwynedd,Bespoke,A22: Composting Facility,Effective,53.217810955076544,-3.8402381103592473,Waste
Elis UK Limited,Chepstow,Monmouthshire,Bespoke,A12: Clinical Waste Transfer Station,Effective,51.63236897947212,-2.6694635547706023,Waste
European Metal Recycling Ltd,Cardiff,Glamorgan,Bespoke,A19: Metal Recycling Site (Vehicle Dismantler),Effective,51.469806933246616,-3.148849395263474,Waste
Swansea Baling Plant,Swansea,,Bespoke,A13a: Household waste amenity site taking hazardous waste,Effective,51.65815123493586,-3.919925014244213,Waste
Penlan Civic Amenity Site,Penlan,Swansea,Bespoke,"SR: Household, Commercial & Industrial Waste Transfer Stn",Effective,51.64845735304903,-3.962345642660438,Waste
Treforest Transfer Station,Pontypridd,R C T,Bespoke,"A11: Household, commercial and industrial waste transfer Stn",Effective,51.56635515903392,-3.2838738121803694,Waste
ASH Wrexham Recycling Centre,Wrexham,,Bespoke,"A11: Household, commercial and industrial waste transfer Stn",Effective,53.03683457390513,-2.9203158041153374,Waste
JR Works,Langyfelach,Swansea,Standard,S0803: SR2008 No3 : HCI Waste TS + treatment,Effective,51.67700084290089,-3.968700002419287,Waste
St Davids Civic Amenity and recyciling centre,St Davids,Pembrokeshire,Bespoke,A13a: Household waste amenity site taking hazardous waste,Effective,51.89503168872751,-5.220604878834458,Waste
Dyfi Skips,Machynlleth,Powys,Bespoke,"SR: Household, Commercial & Industrial Waste Transfer Stn",Effective,52.574998679647415,-3.891236226216214,Waste
Flintshire Commercial Dismantlers,Holywell,Flintshire,Bespoke,A19a: ELV Facility <2500 tonnes per year,Effective,53.291073881798404,-3.205998773979045,Waste
Edwards Coaches,Pontypridd,R C T,Bespoke,A19a: ELV Facility <2500 tonnes per year,Effective,51.55871307643149,-3.3313782535747816,Waste
Hughes & John Haulage Contractors & Aggregates Recycling,Kilgetty,,Bespoke,A16: Physical Treatment Facility,Effective,51.71073288494781,-4.814590542094067,Waste
Gofer Bulking Station,Abergele,Conwy,Bespoke,"SR: Household, Commercial & Industrial Waste Transfer Stn",Effective,53.28460303666699,-3.5462214969466195,Waste
Briton Ferry Shipping Services Ltd,Neath,N P T,Bespoke,"SR: Household, Commercial & Industrial Waste Transfer Stn",Effective,51.637968369020456,-3.827795949595327,Waste
Land at Ystrad Road known as the former dog track,Swansea,Swansea,Standard,S0811: SR2008 No11 : Inert & excavation Waste TS + treatment,Effective,51.647377777209186,-4.002309898065702,Waste
Winsel Civic Amenity & Recycling Site,Haverfordwest,Pembrokeshire,Bespoke,A13a: Household waste amenity site taking hazardous waste,Effective,51.778019688881535,-5.003915055295228,Waste
Cefn Mawr Quarry Landfill,Mold,Flintshire,Bespoke,A05: Landfill taking Non-Biodegradeable Wastes,Effective,53.16369233953229,-3.1892159561712936,Waste
Whitland Recycling Centre & Civic Amenity Site,Whitland,Carmarthenshire,Bespoke,A13: Household Waste Amenity Site,Effective,51.82006379409895,-4.623940959247299,Waste
"Unit 2, Sea View Bungalow",Cardiff,Glamorgan,Bespoke,"SR: Household, Commercial & Industrial Waste Transfer Stn",Effective,51.50485161864078,-3.0784385007765094,Waste
Waste Transfer Station Tir Ergyd Yard,Aberdare,R C T,Bespoke,"SR: Household, Commercial & Industrial Waste Transfer Stn",Effective,51.73641750567773,-3.448456160193324,Waste
Briton Ferry Household Waste Recycling Centre,Briton Ferry,Neath Port Talbot,Bespoke,"SR: Household, Commercial & Industrial Waste Transfer Stn",Effective,51.630570310414036,-3.827628514638637,Waste
S & R Metals,Pwllheli,Gwynedd,Bespoke,A20: Metal Recycling Site (mixed MRS's),Effective,52.94106269250257,-4.44828581458303,Waste
Ffridd Rasus Waste Management Facility,Harlech,Gwynedd,Bespoke,A13a: Household waste amenity site taking hazardous waste,Effective,52.883453508043445,-4.112746687017449,Waste
Gwynedd Council,Dolgellau,Gwynedd,Bespoke,A13: Household Waste Amenity Site,Effective,52.74646434304992,-3.8777350350104003,Waste
Mekatek Ltd,Johnstown,Carmarthenshire,Bespoke,"A11: Household, commercial and industrial waste transfer Stn",Effective,51.84955428438084,-4.323858897976117,Waste
Tollgate House,Llandough,Glamorgan,Bespoke,"SR: Household, Commercial & Industrial Waste Transfer Stn",Effective,51.455824574710114,-3.1999961066182703,Waste
Dandy's Topsoil,Chester,Flintshire,Standard,"SR/12: SR2010 No12: Treatment of waste to produce soil <75,000 tpa",Effective,53.20617022908302,-2.9518195127482025,Waste
Old Sawmills Waste Transfer Station With Treatment & Recycling Facility,Llangadog,Carmarthenshire,Bespoke,"SR: Household, Commercial & Industrial Waste Transfer Stn",Effective,51.9414694483469,-3.8909593561150593,Waste
Ammanford Metal Recycling,Ammanford,Carmarthenshire,Bespoke,A19a: ELV Facility <2500 tonnes per year,Effective,51.79842030295009,-3.9977131181561485,Waste
Valley Water Services Waste Treatment Facility,Newport,Newport,Standard,"SR/12: SR2010 No12: Treatment of waste to produce soil <75,000 tpa",Effective,51.68656912664486,-3.1600291995558294,Waste
North Wales Skip Hire Ltd,Denbigh,Denbighshgire,Standard,S0803: SR2008 No3 : HCI Waste TS + treatment,Effective,53.193892550001124,-3.417200561042183,Waste
A J T Recycling Ltd,Swansea,Swansea,Standard,"S1214: SR2012 No14: Metal recycling, vehicle storage, depollution",Effective,51.64196299045041,-3.989164650233709,Waste
Mochdre Civic Amenity Site,Colwyn Bay,Conwy,Bespoke,A13: Household Waste Amenity Site,Effective,53.29811027756282,-3.75925045626846,Waste
Penhesgyn In Vessel Composting Facility,Menai Bridge,,Bespoke,A22: Composting Facility,Effective,53.24681828333673,-4.199516498060661,Waste
Jayplas,Swansea,Swansea,Bespoke,A15: Material Recycling Treatment Facility,Effective,51.67817281686009,-4.033943027841067,Waste
Llanddulas Composting Facility,Conwy,Clwyd,Bespoke,A22: Composting Facility,Effective,53.2799890432406,-3.647074804865345,Waste
Treherbert Community Recycling Centre,Treorchy,Rhondda Cynon Taff,Bespoke,A13a: Household waste amenity site taking hazardous waste,Effective,51.670755553556255,-3.5316533633631106,Waste
Standard Road Transfer Station,Buckley,Flintshire,Bespoke,"SR: Household, Commercial & Industrial Waste Transfer Stn",Effective,53.177485882131855,-3.0653628189729814,Waste
K M Environmental Ltd,St Asaph,Denbighshire,Bespoke,A16: Physical Treatment Facility,Effective,53.263262635085454,-3.422702297968371,Waste
Ewloe Waste Transfer Station,Mold,Flintshire,Bespoke,"A11: Household, commercial and industrial waste transfer Stn",Effective,53.18690560970288,-3.083420647073597,Waste
Old Sawmills Waste Transfer Station With Treatment & Recycling Facility,Llangadog,Carmarthenshire,Bespoke,"SR: Household, Commercial & Industrial Waste Transfer Stn",Effective,51.9414694483469,-3.8909593561150593,Waste
Llanddulas Quarry Waste Treatment Centre,Abergele,Conwy,Bespoke,"SR: Household, Commercial & Industrial Waste Transfer Stn",Effective,53.28886343549429,-3.6573478652732496,Waste
G O N Granite,Denbigh,Denbighshire,Standard,A19: Metal Recycling Site (Vehicle Dismantler),Effective,53.141624061748,-3.3556617092345937,Waste
Pendragon Waste & Skip Hire,,Cwmgwilli,Standard,S0801: SR2008 No1 : HCI Waste Transfer Station,Effective,51.782185360923876,-4.066064020998155,Waste
Pope Hill 1,Haverfordwest,Pembrokeshire,Bespoke,A05: Landfill taking Non-Biodegradeable Wastes,Effective,51.7745280819556,-4.996245503870487,Waste
Denbigh Civic Amenity Site,Denbigh,Denbighshire,Bespoke,A13a: Household waste amenity site taking hazardous waste,Effective,53.18992378306633,-3.414540154263071,Waste
S L Recycling Ltd,Hengoed,Caerphilly,Bespoke,A20: Metal Recycling Site (mixed MRS's),Effective,51.660512656940206,-3.246760481401885,Waste
Halfway Motor Spares,Haverfordwest,Pembrokeshire,Bespoke,A19a: ELV Facility <2500 tonnes per year,Effective,51.76225781377132,-4.993171336449744,Waste
Taybrite Works,Bynea,Llanelli,Bespoke,"SR: Household, Commercial & Industrial Waste Transfer Stn",Effective,51.66566755761175,-4.095115842440016,Waste
Bryn Lane Composting Facility,Wrexham,Clwyd,Bespoke,A15: Material Recycling Treatment Facility,Effective,53.05032801162705,-2.9179478804976204,Waste
Unit 1- Crugmore Farm,Cardigan,Ceredigion,Bespoke,A25: Deposit of waste to land as a recovery operation,Effective,52.09417021414923,-4.624790574590682,Waste
Arch Motors,Llandudno,Conwy,Bespoke,A19: Metal Recycling Site (Vehicle Dismantler),Effective,53.314412575625425,-3.8248167724587088,Waste
H K Motors,Minera,Wrexham,Bespoke,A19: Metal Recycling Site (Vehicle Dismantler),Effective,53.05313952493408,-3.0867454127857914,Waste
G D Environmental Services Ltd,Newport,Gwent,Bespoke,"SR: Household, Commercial & Industrial Waste Transfer Stn",Effective,51.566346824305626,-2.974585897054226,Waste
Linton Yard,Llanelli,,Bespoke,"A11: Household, commercial and industrial waste transfer Stn",Effective,51.666369669899375,-4.098098307826257,Waste
Gellia'r-gwellt Uchaf Transfer & Composting Station,Hengoed,Caerphilly,Bespoke,"SR: Household, Commercial & Industrial Waste Transfer Stn",Effective,51.65998043464665,-3.2679118337728847,Waste
Hendy Recycling,Pontyclum,Mid Glamorgan,Bespoke,A14: Transfer Station taking Non-Biodegradable Wastes,Effective,51.521046548591016,-3.3634019025326074,Waste
Cwmbran Service Centre,Cwmbran,Torfaen,Bespoke,A12: Clinical Waste Transfer Station,Effective,51.656764011935564,-3.0316755636846415,Waste
Unit 2,Cowbridge,South Glamorgan,Bespoke,"A11: Household, commercial and industrial waste transfer Stn",Effective,51.43505345653245,-3.5074545919499833,Waste
Pembrokeshire Eco Park,Milford Haven,Pembrokeshire,Bespoke,"A11: Household, commercial and industrial waste transfer Stn",Effective,51.742907153803756,-5.057927429558994,Waste
Penrhos Depot Landfill,Llandysul,Ceredigion,Bespoke,A05: Landfill taking Non-Biodegradeable Wastes,Effective,52.08437201884898,-4.365178085874231,Waste
Project Red Recycling,Efail Isaf,Pontypridd,Bespoke,A14: Transfer Station taking Non-Biodegradable Wastes,Effective,51.54355472148479,-3.336732840513642,Waste
Gwalchmai Civic Amenity Site,Holyhead,Ynys Mon,Bespoke,A13a: Household waste amenity site taking hazardous waste,Effective,53.260381332233315,-4.42887431753649,Waste
Las Waste Transfer Station,Pembroke Dock,Pembrokeshire,Bespoke,"SR: Household, Commercial & Industrial Waste Transfer Stn",Effective,51.69640458714174,-4.924286164078045,Waste
Hangar 208,Barry,Vale of Glamorgan,Bespoke,A19: Metal Recycling Site (Vehicle Dismantler),Effective,51.40965302734521,-3.4414972894898455,Waste
Worldcare Recycling,Llandudno Junction,Conwy,Bespoke,A16: Physical Treatment Facility,Effective,53.28208529336727,-3.805873191441222,Waste
Clover Auto Parts,Wrexham,Wrexham,Standard,"S1214: SR2012 No14: Metal recycling, vehicle storage, depollution",Effective,53.02758154691488,-2.9253225047360063,Waste
Ty Mawr West Recycling,,,Bespoke,A16: Physical Treatment Facility,Effective,53.04762576613254,-4.245291177326681,Waste
Penlan Civic Amenity Site,Penlan,Swansea,Bespoke,"SR: Household, Commercial & Industrial Waste Transfer Stn",Effective,51.64845735304903,-3.962345642660438,Waste
Gellia'r-gwellt Uchaf Transfer & Composting Station,Hengoed,Caerphilly,Bespoke,"SR: Household, Commercial & Industrial Waste Transfer Stn",Effective,51.65998043464665,-3.2679118337728847,Waste
Unit 1- Crugmore Farm,Cardigan,Ceredigion,Standard,S0801: SR2008 No1 : HCI Waste Transfer Station,Effective,52.09391334161966,-4.620979382340539,Waste
Coli Isaf Landfill,Merthyr Tydfil,Glamorgan,Bespoke,A06: Landfill taking other wastes,Effective,51.70989308805509,-3.3129451676661645,Waste
Jab 93,Bridgend,Glamorgan,Bespoke,A19a: ELV Facility <2500 tonnes per year,Effective,51.515655543761866,-3.560009943432413,Waste
Former J R Steelworks,Swansea,West Galmorgan,Bespoke,A15: Material Recycling Treatment Facility,Effective,51.67698291639208,-3.9703047516978676,Waste
Unit 12F,Barry,,Bespoke,"SR: Household, Commercial & Industrial Waste Transfer Stn",Effective,51.398365874724675,-3.2473231379005356,Waste
European Metal Recycling Ltd,Cardiff,Glamorgan,Bespoke,A19: Metal Recycling Site (Vehicle Dismantler),Effective,51.469806933246616,-3.148849395263474,Waste
Clydach Metals Recycling Facility,Swansea,West Glamorgan,Bespoke,A19: Metal Recycling Site (Vehicle Dismantler),Effective,51.691228358617586,-3.8987103148661295,Waste
Dan Y Parc Council Depot,Abercrave,Powys,Bespoke,"SR: Household, Commercial & Industrial Waste Transfer Stn",Effective,51.79403838695652,-3.736971714849849,Waste
Trehir Civic Amenity Site,Llanbradach,Caerphilly,Standard,S0813: SR2008 No13 : Non-hazardous & hazardous HWA Site,Effective,51.598412818801144,-3.223964765667586,Waste
Waterloo Recycling Centre,Pembroke Dock,Pembrokeshire,Bespoke,A13: Household Waste Amenity Site,Effective,51.695867753797245,-4.920922831482653,Waste
Colomendy Waste Transfer Station,Denbigh,Denbighshire,Bespoke,A09: Hazardous waste transfer station,Effective,53.19549750338603,-3.417552897363065,Waste
Nantycaws Landfill Phase 1,Carmarthen,Carmarthenshire,Bespoke,"A04: Household, Commercial & Industrial Waste Landfill",Effective,51.83469159865116,-4.218553440392109,Waste
Hafod Yard Transfer Station,Wrexham,,Bespoke,"A11: Household, commercial and industrial waste transfer Stn",Effective,53.01048197027048,-3.028364671833535,Waste
Penrhos Depot Hazardous Waste Transfer Station,Llandysul,Ceredigion,Bespoke,"A11: Household, commercial and industrial waste transfer Stn",Effective,52.08439815174946,-4.363427876944736,Waste
Brynmenyn Household Waste Recycling Centre,Bridgend,Glamorgan,Bespoke,A13a: Household waste amenity site taking hazardous waste,Effective,51.54899193725389,-3.5806499522084247,Waste
Pic Up Spares Ltd,Swansea,,Bespoke,A19: Metal Recycling Site (Vehicle Dismantler),Effective,51.65368479727854,-3.9059589986843375,Waste
Glanyrafon Depot,Aberystwyth,Ceredigion,Bespoke,"A11: Household, commercial and industrial waste transfer Stn",Effective,52.40406613334658,-4.037849028123627,Waste
Wernddu Civic Amenity And Transfer Station,Ammanford,Carmarthenshire,Bespoke,"SR: Household, Commercial & Industrial Waste Transfer Stn",Effective,51.81996781828778,-3.9639729939384853,Waste
Penmaen Civic Amenity Site,Blackwood,Caerphilly,Bespoke,A13: Household Waste Amenity Site,Effective,51.65827594746738,-3.1848952749661907,Waste
Tazrock,Aberdare,Rhondda Cynon Taff,Bespoke,A16: Physical Treatment Facility,Effective,51.74856059545877,-3.541411687484056,Waste
New Inn Waste Transfer Station,Torfaen,,Bespoke,A13a: Household waste amenity site taking hazardous waste,Effective,51.69223787533471,-3.019056168006587,Waste
Noel Fitzpatrick Ltd,Newport,,Bespoke,"SR: Household, Commercial & Industrial Waste Transfer Stn",Effective,51.566047376017885,-2.9727472017185352,Waste
Brecon Recycling Centre,Brecon,Powys,Bespoke,A13a: Household waste amenity site taking hazardous waste,Effective,51.93986052561493,-3.412318395326156,Waste
Harris Salvage,Bangor,Gwynedd,Bespoke,A19a: ELV Facility <2500 tonnes per year,Effective,53.20579904977922,-4.145002897853335,Waste
Mekatek Ltd,Johnstown,Carmarthenshire,Bespoke,"A11: Household, commercial and industrial waste transfer Stn",Effective,51.84955428438084,-4.323858897976117,Waste
Waste Management Ltd,Mona,Anglesey,Bespoke,"SR: Household, Commercial & Industrial Waste Transfer Stn",Effective,53.25426139653041,-4.372501108080614,Waste
Whitland Recycling Centre & Civic Amenity Site,Whitland,Carmarthenshire,Bespoke,A13: Household Waste Amenity Site,Effective,51.82006379409895,-4.623940959247299,Waste
The Graig Yffaldau Waste Transfer,Llandrindod Wells,Powys,Bespoke,A13: Household Waste Amenity Site,Effective,52.256124809030325,-3.2733757308633424,Waste
Swansea Baling Plant,Swansea,,Bespoke,"A11: Household, commercial and industrial waste transfer Stn",Effective,51.65815123493586,-3.919925014244213,Waste
Llanddulas Quarry Waste Treatment Centre,Abergele,Conwy,Bespoke,"SR: Household, Commercial & Industrial Waste Transfer Stn",Effective,53.28886343549429,-3.6573478652732496,Waste
Standard Road Transfer Station,Buckley,Flintshire,Bespoke,"SR: Household, Commercial & Industrial Waste Transfer Stn",Effective,53.177485882131855,-3.0653628189729814,Waste
Cwm Quarries,Builth Wells,Powys,Bespoke,A25: Deposit of waste to land as a recovery operation,Effective,52.16747878661274,-3.337941578979809,Waste
Potters Yard,Welshpool,Powys,Bespoke,A13a: Household waste amenity site taking hazardous waste,Effective,52.65836261877584,-3.1382231082242575,Waste
Vauxplus,Caerleon,Newport,Bespoke,A19a: ELV Facility <2500 tonnes per year,Effective,51.619931738859435,-2.9599313475433133,Waste
Pengarnddu Ind Est Transfer Station,Merthyr Tydfil,,Bespoke,A09: Hazardous waste transfer station,Effective,51.771509849268675,-3.33792223582868,Waste
Brindley Road,Cardiff,Glamorgan,Bespoke,"SR: Household, Commercial & Industrial Waste Transfer Stn",Effective,51.45882413912266,-3.200362667650746,Waste
Bulky Waste Recycling Centre,Ystradgynlais,Powys,Bespoke,"SR: Household, Commercial & Industrial Waste Transfer Stn",Effective,51.78910750121215,-3.7810497129443794,Waste
The Waste Transfer Station,Bridgend,Glamorgan,Bespoke,"SR: Household, Commercial & Industrial Waste Transfer Stn",Effective,51.51150202661536,-3.6715393957480416,Waste
The Lodge,Cowbridge,Vale Of Glamorg,Bespoke,"SR: Household, Commercial & Industrial Waste Transfer Stn",Effective,51.468325972405324,-3.464797918837573,Waste
European Metal Recycling Ltd,Cardiff,Glamorgan,Standard,S0821: SR2008 No21 : Metal recycling site,Effective,51.47013084456603,-3.148828738463493,Waste
Swansea Baling Plant,Swansea,,Bespoke,A13a: Household waste amenity site taking hazardous waste,Effective,51.65815123493586,-3.919925014244213,Waste
Recycling and Recovery Facility,Neath,,Bespoke,"A11: Household, commercial and industrial waste transfer Stn",Effective,51.65258364475261,-3.837982905086759,Waste
UK Salvage Car Parts Ltd,Tonypandy,Rhondda Cynon Taf,Standard,SR/21: SR2011 No3: Vehicle Depollution Facility <5000 tpa,Effective,51.63035065597256,-3.4527464722559222,Waste
RDA Recycling Ltd,Risca,Newport,Bespoke,A19a: ELV Facility <2500 tonnes per year,Effective,51.60362174157969,-3.0953903032003085,Waste
Rhuddlan Bach Quarry Landfill Site,Brynteg,Anglesey,Bespoke,L05: Inert Landfill,Effective,53.302270010259384,-4.27533859041127,Waste
Gibbon Equipment Hire Ltd,Blackwood,Caerphilly,Bespoke,"SR: Household, Commercial & Industrial Waste Transfer Stn",Effective,51.65773784159556,-3.243026716433011,Waste
Weighbridge Yard,Aberdare,R C T,Bespoke,"A11: Household, commercial and industrial waste transfer Stn",Effective,51.70763737474788,-3.423236208361706,Waste
Flintspeed Car & Commercial Dismantlers,Holywell,Flintshire,Bespoke,A19: Metal Recycling Site (Vehicle Dismantler),Effective,53.29480701536862,-3.220762605688918,Waste
East Moors Waste Transfer Station,Cardiff,Cardiff,Bespoke,"A11: Household, commercial and industrial waste transfer Stn",Effective,51.47465378185569,-3.1588775729714005,Waste
Phoenix House,Swansea,,Standard,S0809: SR2008 No9 : Asbestos Waste Transfer Station,Effective,51.66882699386282,-4.025772750066215,Waste
Paperback Collection & Recycling Ltd,Deeside,Clwyd,Bespoke,A16: Physical Treatment Facility,Effective,53.22450857751897,-3.0181030822153154,Waste
G P Motorcycles,Pontypridd,R C T,Bespoke,A19a: ELV Facility <2500 tonnes per year,Effective,51.595362163747765,-3.348864977247941,Waste
Pyle Community Recycling Centre,Bridgend,Bridgend,Bespoke,A13a: Household waste amenity site taking hazardous waste,Effective,51.524404391249554,-3.681713413539768,Waste
MJ Rubbish Removals Ltd,Newport,Newport,Standard,S0801: SR2008 No1 : HCI Waste Transfer Station,Effective,51.624416578551916,-2.9612683723909283,Waste
Merthyr Borough Recycling Centre Ltd-transfer Station,Merthyr Tydfil,Glamorgan,Bespoke,"SR: Household, Commercial & Industrial Waste Transfer Stn",Effective,51.770553891468474,-3.3350098451161996,Waste
Unit 1- Crugmore Farm,Cardigan,Ceredigion,Bespoke,A16: Physical Treatment Facility,Effective,52.09417021414923,-4.624790574590682,Waste
Cae Uchaf Farm,Menai Bridge,Anglesey,Bespoke,A16: Physical Treatment Facility,Effective,53.249830547702196,-4.194619386839623,Waste
Plas Madoc Household Waste Recycling Centre,Wrexham,Clwyd,Bespoke,A13: Household Waste Amenity Site,Effective,52.98253987695185,-3.05531624959671,Waste
Llechwedd Quarry,,Gwynedd,Standard,S0811: SR2008 No11 : Inert & excavation Waste TS + treatment,Effective,53.001313368713745,-3.934933815710786,Waste
Cwrt Y Plyffin Landfill,Brecon,Powys,Bespoke,"SR: Household, Commercial & Industrial Waste Transfer Stn",Effective,51.978764086071315,-3.317910453722064,Waste
S L Recycling Ltd,Hengoed,Caerphilly,Bespoke,A19: Metal Recycling Site (Vehicle Dismantler),Effective,51.660512656940206,-3.246760481401885,Waste
Rhuddlan Bach Quarry Landfill Site,Brynteg,Anglesey,Bespoke,"SR: Household, Commercial & Industrial Waste Transfer Stn",Effective,53.302270010259384,-4.27533859041127,Waste
Parc Gwynfryn Recycling Centre,Crymych,Pembrokeshire,Standard,"SR/07: SR2010 No7: Use of waste in construction <50,000 tpa",Effective,51.978772394144535,-4.638889897419916,Waste
Coomb Farm,Carmarthen,Carmarthenshire,Standard,SR2018No11: SR2018 no11 on-farm anerobic digestion facility,Effective,51.802366049461064,-4.410202383961897,Waste
Brynna Scrapyard,Pontyclun,R C T,Bespoke,A19a: ELV Facility <2500 tonnes per year,Effective,51.548149277032174,-3.4546546356667345,Waste
Swansea Drydocks Ltd,Swansea,,Bespoke,A20: Metal Recycling Site (mixed MRS's),Effective,51.611973812613755,-3.9222072637647165,Waste
Llantrisant Community Recycling Centre,Llantrisant,,Bespoke,A13: Household Waste Amenity Site,Effective,51.55638617802531,-3.384797733544845,Waste
Cambrian Autoparts Northwest Limited,Rhyl,Denbighshire,Bespoke,A19: Metal Recycling Site (Vehicle Dismantler),Effective,53.31167734670137,-3.497816450674087,Waste
Bryn Lane Civic Amenity Site,Wrexham,,Bespoke,A13: Household Waste Amenity Site,Effective,53.04487472041353,-2.912849913443031,Waste
Hafod Yard Transfer Station,Wrexham,,Bespoke,"A11: Household, commercial and industrial waste transfer Stn",Effective,53.01048197027048,-3.028364671833535,Waste
The Old Forge,Neath,West Glamorgan,Standard,SR/20: SR2011 No2: Metal Recycling Site <25000 tpa,Effective,51.65982192960442,-3.825335526163064,Waste
Unit 12F,Barry,,Bespoke,"SR: Household, Commercial & Industrial Waste Transfer Stn",Effective,51.398365874724675,-3.2473231379005356,Waste
Diggers Dismantlers,Cardiff,Glamorgan,Bespoke,A19a: ELV Facility <2500 tonnes per year,Effective,51.47573942502353,-3.136154425805391,Waste
Maes Mynan Quarry,Mold,Clwyd,Bespoke,A25: Deposit of waste to land as a recovery operation,Effective,53.237757608691105,-3.317282569375716,Waste
Brecon Recycling Centre,Brecon,Powys,Bespoke,A13a: Household waste amenity site taking hazardous waste,Effective,51.93986052561493,-3.412318395326156,Waste
Gwrtaith Gwynedd,Pwllheli,Gwynedd,Bespoke,A22: Composting Facility,Effective,52.91412732072606,-4.296936020218643,Waste
Globe Way Recycling Park,Buckley,Flintshire,Bespoke,A13: Household Waste Amenity Site,Effective,53.1767390127753,-3.0664515179322476,Waste
Greenfield Recycling Park,Greenfield,Flintshire,Bespoke,"SR: Household, Commercial & Industrial Waste Transfer Stn",Effective,53.28485435808253,-3.190688363185223,Waste
Fred Lloyd & Sons Ltd,Pontypool,Gwent,Bespoke,"SR: Household, Commercial & Industrial Waste Transfer Stn",Effective,51.69360016129466,-3.016453585148093,Waste
BAE Systems Global Combat Systems Munitions,Usk,Monmouthshire,Bespoke,A20: Metal Recycling Site (mixed MRS's),Effective,51.70123279881897,-2.9410599338192664,Waste
Lelo Metal Recycling Ltd,Corwen,Denbighshire,Bespoke,A19: Metal Recycling Site (Vehicle Dismantler),Effective,53.03262768713895,-3.393414127000707,Waste
Pantile Autos,Tonypandy,R C T,Bespoke,A20: Metal Recycling Site (mixed MRS's),Effective,51.59926650596286,-3.4373299372345536,Waste
Bwlch Gwyn Quarry,,Anglesey,Standard,"SR/12: SR2010 No12: Treatment of waste to produce soil <75,000 tpa",Effective,53.23034775769785,-4.277484855913926,Waste
David Neil,Abergele,Conwy,Bespoke,A19a: ELV Facility <2500 tonnes per year,Effective,53.19871528729091,-3.744696573530789,Waste
Cwmbran Glass Recovery Facility,Cwmbran,,Bespoke,A16: Physical Treatment Facility,Effective,51.65678276527426,-3.0397426331665347,Waste
Cwmbran Glass Recovery Facility,Cwmbran,,Bespoke,A16: Physical Treatment Facility,Effective,51.65678276527426,-3.0397426331665347,Waste
Treforest Transfer Station,Pontypridd,R C T,Bespoke,"SR: Household, Commercial & Industrial Waste Transfer Stn",Effective,51.56635515903392,-3.2838738121803694,Waste
Vale of Glamorgan Resource Recovery Facility,Barry,Vale of Glamorgan,Bespoke,A09: Hazardous waste transfer station,Effective,51.3978719456124,-3.2464184617191676,Waste
The Lodge,Cowbridge,Vale Of Glamorg,Bespoke,"SR: Household, Commercial & Industrial Waste Transfer Stn",Effective,51.468325972405324,-3.464797918837573,Waste
Bessemer Close Household And Commercial Waste Recycling Centre,Cardiff,Glamorgan,Bespoke,A13: Household Waste Amenity Site,Effective,51.4587205544294,-3.210435655199203,Waste
Gwynedd Council,Dolgellau,Gwynedd,Bespoke,A13: Household Waste Amenity Site,Effective,52.74646434304992,-3.8777350350104003,Waste
P Dobbins Chester Ltd,Saltney,Flintshire,Bespoke,A20: Metal Recycling Site (mixed MRS's),Effective,53.17851324487341,-2.945820393280779,Waste
Sp Power Systems,Bangor,Gwynedd,Bespoke,"A11: Household, commercial and industrial waste transfer Stn",Effective,53.21043575211483,-4.18029411175516,Waste
Cillefwr Depot,Carmarthen,Carmarthenshire,Bespoke,"SR: Household, Commercial & Industrial Waste Transfer Stn",Effective,51.847380436170184,-4.329191730833966,Waste
Flintspeed Car & Commercial Dismantlers,Holywell,Flintshire,Bespoke,A19: Metal Recycling Site (Vehicle Dismantler),Effective,53.29480701536862,-3.220762605688918,Waste
Cole Contractors Cardiff,Cardiff,Cardiff,Bespoke,A16: Physical Treatment Facility,Effective,51.46802850880284,-3.2033252489860895,Waste
Bulky Waste Recycling Centre,Ystradgynlais,Powys,Bespoke,"SR: Household, Commercial & Industrial Waste Transfer Stn",Effective,51.78910750121215,-3.7810497129443794,Waste
Jensons Metals,Pembroke Dock,Pembrokeshire,Bespoke,A20: Metal Recycling Site (mixed MRS's),Effective,51.695854644439656,-4.956293158499488,Waste
Lovatt Brothers,Montgomery,Powys,Bespoke,A20: Metal Recycling Site (mixed MRS's),Effective,52.52051294583643,-3.2187681870444234,Waste
Dow Corning Ltd,Barry,Glamorgan,Bespoke,A07: Industrial Waste Landfill (Factory curtilage),Effective,51.4090949982772,-3.2446388296415942,Waste
Jayplas,Swansea,Swansea,Bespoke,A15: Material Recycling Treatment Facility,Effective,51.67817281686009,-4.033943027841067,Waste
Gwalchmai Civic Amenity Site,Holyhead,Ynys Mon,Bespoke,A09: Hazardous waste transfer station,Effective,53.260381332233315,-4.42887431753649,Waste
Alltami Depot,Alltami,Flintshire,Bespoke,"SR: Household, Commercial & Industrial Waste Transfer Stn",Effective,53.18753336476998,-3.0894977318776484,Waste
LAS Waste Ltd.,Lampeter,Ceredigion,Bespoke,"A11: Household, commercial and industrial waste transfer Stn",Effective,52.121411723503975,-4.078011150869719,Waste
Gwrthwynt Waste Transfer Station,Newcastle Emlyn,Ceredigion,Bespoke,"SR: Household, Commercial & Industrial Waste Transfer Stn",Effective,52.09263366525518,-4.499448505074015,Waste
Brecon Transfer Station - Cwrt Y Plyffin,Brecon,Powys,Bespoke,"SR: Household, Commercial & Industrial Waste Transfer Stn",Effective,51.97526879800102,-3.3249126576829884,Waste
Rees Metals,Llanelli,Carmarthenshire,Bespoke,A20: Metal Recycling Site (mixed MRS's),Effective,51.67254615342644,-4.106714549949211,Waste
Waterston Car Breakers,Milford Haven,Pembrokeshire,Bespoke,A19a: ELV Facility <2500 tonnes per year,Effective,51.71217697103028,-4.986560255145457,Waste
Tondu Waste Transfer Station,Bridgend,Glamorgan,Standard,S0803: SR2008 No3 : HCI Waste TS + treatment,Effective,51.550229361113296,-3.5955199682114003,Waste
Pwllheli Civic Amenity Site,Pwllheli,Gwynedd,Bespoke,A13: Household Waste Amenity Site,Effective,52.89145727590193,-4.402032398807516,Waste
Biodegradeable Waste Transfer Station,Ammanford,Carmarthenshire,Standard,S0805: SR2008 No5 : HCI Waste TS + asbestos,Effective,51.791577431629875,-3.9838957735564198,Waste
Penrhyndeudraeth Works,Penrhyndeudraeth,Gwynedd,Bespoke,"SR: Household, Commercial & Industrial Waste Transfer Stn",Effective,52.9278622606223,-4.057821390501133,Waste
Derwen Aggregates Ltd,Neath,West Glam,Bespoke,A16: Physical Treatment Facility,Effective,51.65341273288742,-3.83729363228961,Waste
Hangar 208,Barry,Vale of Glamorgan,Bespoke,A19: Metal Recycling Site (Vehicle Dismantler),Effective,51.40965302734521,-3.4414972894898455,Waste
Entrec Ltd,Wrexham,,Bespoke,A19: Metal Recycling Site (Vehicle Dismantler),Effective,53.03870644583363,-2.9223691026175413,Waste
Astbury (Rossett) Landfill,Wrexham,,Bespoke,"A04: Household, Commercial & Industrial Waste Landfill",Effective,53.10411891929517,-3.0059812076833983,Waste
Tollgate House,Llandough,Glamorgan,Bespoke,"SR: Household, Commercial & Industrial Waste Transfer Stn",Effective,51.455824574710114,-3.1999961066182703,Waste
A J Recycling Ltd,Boncath,Pembrokeshire,Bespoke,A15: Material Recycling Treatment Facility,Effective,52.01019298511408,-4.667262412102355,Waste
New Vale HWRC,Ebbw Vale,Blaenau Gwent,Bespoke,A13: Household Waste Amenity Site,Effective,51.78752269431256,-3.2250475189236374,Waste
Moorland Environmental Ltd,Cardiff,South Glamorgan,Standard,S0805: SR2008 No5 : HCI Waste TS + asbestos,Effective,51.478932495859276,-3.148056313647611,Waste
Treherbert Community Recycling Centre,Treorchy,Rhondda Cynon Taff,Bespoke,A13a: Household waste amenity site taking hazardous waste,Effective,51.670755553556255,-3.5316533633631106,Waste
Bethel Construction Ltd,Swansea,Mid Glam,Standard,"SR/09: SR2010 No9: Use of waste for reclamation etc <50,000 tpa",Effective,51.66006846130421,-3.891001941474865,Waste
Whitehall Landfill,Cardiff,Glamorgan,Bespoke,L05: Inert Landfill,Effective,51.45267168102088,-3.272161250844042,Waste
New Horizon Biofuel and Animal  Bedding Co Ltd,Wrexham,Wrexham,Bespoke,A16: Physical Treatment Facility,Effective,53.00072534429567,-3.036984120269616,Waste
Williams Plant Hire Ltd,Newtown,Powys,Bespoke,A16: Physical Treatment Facility,Effective,52.53325861310254,-3.2636001960674923,Waste
Gofer Bulking Station,Abergele,Conwy,Bespoke,"SR: Household, Commercial & Industrial Waste Transfer Stn",Effective,53.28460303666699,-3.5462214969466195,Waste
Bayliss Metals,Bridgend,Bridgend,Bespoke,A19: Metal Recycling Site (Vehicle Dismantler),Effective,51.50226781756062,-3.560561179958906,Waste
Lamby Way Depot,Cardiff,Glamorgan,Bespoke,A13a: Household waste amenity site taking hazardous waste,Effective,51.49810077787642,-3.1241771191521597,Waste
Pencefnarda Quarry,Swansea,West Glamorgan,Bespoke,A25: Deposit of waste to land as a recovery operation,Effective,51.6807592766161,-4.055308882959502,Waste
Argoed Farm AD Facility,Caersws,Powys,Standard,"S1210: SR2012 No10: On-farm AD facility using farm wastes only, <100t per day",Effective,52.50901293079731,-3.4876852575827155,Waste
Land Adjacent to Ty Newydd,Llanelli,,Bespoke,"SR: Household, Commercial & Industrial Waste Transfer Stn",Effective,51.7846790460267,-4.063858178853867,Waste
Withyhedge Material Recycling Facility,Haverfordwest,Pembrokeshire,Bespoke,A15: Material Recycling Treatment Facility,Effective,51.84261159374655,-4.957193440147648,Waste
Derwen Aggregates Ltd,Neath,West Glam,Bespoke,A16: Physical Treatment Facility,Effective,51.65341273288742,-3.83729363228961,Waste
Tredegar Quarry Complex,Tredegar,Blaenau Gwent,Standard,S0908: SR2009 No8: Management of inert extractive waste at mines and quarries,Effective,51.82473832216785,-3.3093174228182827,Waste
Wastesavers Resource Centre,Newport,Newport,Bespoke,"SR: Household, Commercial & Industrial Waste Transfer Stn",Effective,51.57106999098194,-2.981829322003565,Waste
7 Steel Swansea Scrap Yard,Swansea,Swansea,Bespoke,A20: Metal Recycling Site (mixed MRS's),Effective,51.61462748711555,-3.91775502382158,Waste
Brecon Transfer Station - Cwrt Y Plyffin,Brecon,Powys,Bespoke,"SR: Household, Commercial & Industrial Waste Transfer Stn",Effective,51.97526879800102,-3.3249126576829884,Waste
Events Parking Area,Ganllwyd,Gwynedd,Bespoke,A25: Deposit of waste to land as a recovery operation,Effective,52.83158027738374,-3.901994775935693,Waste
Plot 57 Brynmenyn Ind Est,Bridgend,Glamorgan,Standard,S0803: SR2008 No3 : HCI Waste TS + treatment,Effective,51.549603701450316,-3.5806278916314955,Waste
Pembrokeshire Eco Park,Milford Haven,Pembrokeshire,Bespoke,A13a: Household waste amenity site taking hazardous waste,Effective,51.742907153803756,-5.057927429558994,Waste
Heads Of The Valley Salvage Limited,Merthyr Tydfil,,Bespoke,A20: Metal Recycling Site (mixed MRS's),Effective,51.770573213920954,-3.336474213367894,Waste
"Biogenie Wastewater Treatment Plant, Glan Llyn, St Modwen Development Site",Newport,Newport,Bespoke,A17: Physico-Chemical Treatment Facility,Effective,51.57280302275644,-2.9199925197655276,Waste
Hafod Yard Transfer Station,Wrexham,,Bespoke,A19: Metal Recycling Site (Vehicle Dismantler),Effective,53.01048197027048,-3.028364671833535,Waste
Abba Scrap,Merthyr Tydfil,Glamorgan,Bespoke,A20: Metal Recycling Site (mixed MRS's),Effective,51.770531565831476,-3.3361831221233227,Waste
Former Morlais Colliery,Llanelli,Carmarthenshire,Bespoke,A16: Physical Treatment Facility,Effective,51.703234731797046,-4.064866577016646,Waste
New Horizon Plastics Co Ltd,Flint,Flintshire,Bespoke,A16: Physical Treatment Facility,Effective,53.253396471639604,-3.1349240977730517,Waste
Gwrtaith Gwynedd,Pwllheli,Gwynedd,Bespoke,A22: Composting Facility,Effective,52.91412732072606,-4.296936020218643,Waste
Pwllheli Civic Amenity Site,Pwllheli,Gwynedd,Bespoke,A13: Household Waste Amenity Site,Effective,52.89145727590193,-4.402032398807516,Waste
Vauxplus,Caerleon,Newport,Bespoke,A19a: ELV Facility <2500 tonnes per year,Effective,51.619931738859435,-2.9599313475433133,Waste
Glan Yr Afon Civic Amenity Site,Aberystwyth,Ceredigion,Bespoke,A13a: Household waste amenity site taking hazardous waste,Effective,52.401316728353144,-4.047615571719817,Waste
Wernddu Civic Amenity And Transfer Station,Ammanford,Carmarthenshire,Bespoke,"SR: Household, Commercial & Industrial Waste Transfer Stn",Effective,51.81996781828778,-3.9639729939384853,Waste
Croes Cwtta Landfill Site,St Brides Major,Bridgend,Bespoke,A05: Landfill taking Non-Biodegradeable Wastes,Effective,51.46113998260239,-3.5637351921509466,Waste
Plot 15 Hawarden Industrial Estate,Deeside,Flintshire,Bespoke,A09: Hazardous waste transfer station,Effective,53.17612543670845,-2.991820710674716,Waste
Swansea Baling Plant,Swansea,,Bespoke,A16: Physical Treatment Facility,Effective,51.65815123493586,-3.919925014244213,Waste
Glanyrafon Depot,Aberystwyth,Ceredigion,Bespoke,"A11: Household, commercial and industrial waste transfer Stn",Effective,52.40406613334658,-4.037849028123627,Waste
L C C Wales Ltd,Aberdare,R C T,Bespoke,"SR: Household, Commercial & Industrial Waste Transfer Stn",Effective,51.747473334148594,-3.551601758483723,Waste
Cillefwr Depot,Carmarthen,Carmarthenshire,Bespoke,"SR: Household, Commercial & Industrial Waste Transfer Stn",Effective,51.847380436170184,-4.329191730833966,Waste
Longships Road,Cardiff,S Glamorgan,Bespoke,A14: Transfer Station taking Non-Biodegradable Wastes,Effective,51.45965842892306,-3.1475869136945476,Waste
New Lodge Farm,Llanelli,,Bespoke,A16: Physical Treatment Facility,Effective,51.76827650576356,-4.0689940420251345,Waste
Waterton Depot,Bridgend,Glamorgan,Bespoke,A14: Transfer Station taking Non-Biodegradable Wastes,Effective,51.49743259693981,-3.5433818767489584,Waste
Unit 11 & The Old Engine House,Swansea,Swansea,Bespoke,"SR: Household, Commercial & Industrial Waste Transfer Stn",Effective,51.65902211919509,-3.917258116758681,Waste
Gwalchmai Civic Amenity Site,Holyhead,Ynys Mon,Bespoke,A13a: Household waste amenity site taking hazardous waste,Effective,53.260381332233315,-4.42887431753649,Waste
Roseheyworth Household Waste Recycling Centre,Abertillery,Blaenau Gwent,Bespoke,A13a: Household waste amenity site taking hazardous waste,Effective,51.74446051626953,-3.15325565025239,Waste
Paperback Collection & Recycling Ltd,Deeside,Clwyd,Bespoke,"SR: Household, Commercial & Industrial Waste Transfer Stn",Effective,53.22450857751897,-3.0181030822153154,Waste
Greenacres Skip Hire,Fishguard,Pembrokeshire,Bespoke,"SR: Household, Commercial & Industrial Waste Transfer Stn",Effective,51.97216751942795,-5.006801324084675,Waste
Roseheyworth Household Waste Recycling Centre,Abertillery,Blaenau Gwent,Bespoke,A13a: Household waste amenity site taking hazardous waste,Effective,51.74446051626953,-3.15325565025239,Waste
Waterton Depot,Bridgend,Glamorgan,Bespoke,A14: Transfer Station taking Non-Biodegradable Wastes,Effective,51.49743259693981,-3.5433818767489584,Waste
1 Acre Farm,Holywell,,Standard,S0820: SR2008 No20 : Vehicle depollution facility (ATF),Effective,53.244802766396894,-3.1947012183909345,Waste
Vauxplus,Caerleon,Newport,Bespoke,A19a: ELV Facility <2500 tonnes per year,Effective,51.619931738859435,-2.9599313475433133,Waste
Fordpad Scrap,Neath,N P T,Bespoke,A20: Metal Recycling Site (mixed MRS's),Effective,51.65437633509802,-3.8117442079227666,Waste
Atlantic Auto Salvage Ltd,Cardiff,,Standard,SR/21: SR2011 No3: Vehicle Depollution Facility <5000 tpa,Effective,51.47273054532169,-3.2353844043858224,Waste
Caergylchu Waste Management Facility,Caernarfon,Gwynedd,Bespoke,"SR: Household, Commercial & Industrial Waste Transfer Stn",Effective,53.14107862200739,-4.243331050389655,Waste
Longlife Spares,Llanbradach,Caerphilly,Bespoke,A19: Metal Recycling Site (Vehicle Dismantler),Effective,51.60938785824782,-3.2320728410489625,Waste
Mochdre Civic Amenity Site,Colwyn Bay,Conwy,Bespoke,A13: Household Waste Amenity Site,Effective,53.29811027756282,-3.75925045626846,Waste
Vale of Glamorgan Resource Recovery Facility,Barry,Vale of Glamorgan,Bespoke,A09: Hazardous waste transfer station,Effective,51.3978719456124,-3.2464184617191676,Waste
Cwmrhydyceirw Quarry,Swansea,,Bespoke,"A04: Household, Commercial & Industrial Waste Landfill",Effective,51.67587476424176,-3.9314646841908014,Waste
Rhyl Recycling Park,Rhyl,Denbighshire,Bespoke,A13a: Household waste amenity site taking hazardous waste,Effective,53.31006018081115,-3.497024355904645,Waste
Tir John Landfill ( Closed Site),Swansea,,Bespoke,A02: Other Landfill Site taking Hazardous Waste,Effective,51.62461455678134,-3.89750199130152,Waste
Seiont Mill Brickworks and Quarry,Caernarfon,Gwynedd,Bespoke,A25: Deposit of waste to land as a recovery operation,Effective,53.12979600344834,-4.256121941579823,Waste
Linton Yard,Llanelli,,Bespoke,"A11: Household, commercial and industrial waste transfer Stn",Effective,51.666369669899375,-4.098098307826257,Waste
Treforest Transfer Station,Pontypridd,R C T,Bespoke,"A11: Household, commercial and industrial waste transfer Stn",Effective,51.56635515903392,-3.2838738121803694,Waste
National Grid Electricity Distribution Chruch Village,Pontypridd,,Standard,S1215: SR2012 No15: Storage of electrical insulating oils,Effective,51.5598445529049,-3.3187741921004097,Waste
Cwm Nant-yr-odyn,Blackwood,Caerphilly,Bespoke,A19a: ELV Facility <2500 tonnes per year,Effective,51.650892736818655,-3.177851201099632,Waste
Seawall Waste Transfer Station,Cardiff,Cardiff,Standard,S0803: SR2008 No3 : HCI Waste TS + treatment,Effective,51.48029772342045,-3.1417687438627837,Waste
Green Skips Environmental Ltd,Gaerwen,Ynys Mon,Bespoke,"SR: Household, Commercial & Industrial Waste Transfer Stn",Effective,53.21827488321618,-4.283494873057895,Waste
Ty'n Y Coed,Penrhyndeudraeth,Gwynedd,Bespoke,"SR: Household, Commercial & Industrial Waste Transfer Stn",Effective,52.92143900900787,-4.100151502493084,Waste
Brindley Road,Cardiff,Glamorgan,Bespoke,"SR: Household, Commercial & Industrial Waste Transfer Stn",Effective,51.45882413912266,-3.200362667650746,Waste
SL Recycling Ltd,Pontypool,Torfaen,Bespoke,A20: Metal Recycling Site (mixed MRS's),Effective,51.68261406313282,-3.0121140160691144,Waste
TD Tyre Recycling Ltd,Carmarthen,,Bespoke,"SR: Household, Commercial & Industrial Waste Transfer Stn",Effective,51.84505364314549,-4.337231171879439,Waste
Llantrisant Recycling,Pontyclun,,Bespoke,"SR: Household, Commercial & Industrial Waste Transfer Stn",Effective,51.55732444067384,-3.3837731973546443,Waste
Treherbert Community Recycling Centre,Treorchy,Rhondda Cynon Taff,Bespoke,A13a: Household waste amenity site taking hazardous waste,Effective,51.670755553556255,-3.5316533633631106,Waste
Colin Richardson Recycling Centre,Newport,Gwent,Standard,S0811: SR2008 No11 : Inert & excavation Waste TS + treatment,Effective,51.62467101698355,-2.9620393925205093,Waste
Caergylchu Waste Management Facility,Caernarfon,Gwynedd,Bespoke,A15: Material Recycling Treatment Facility,Effective,53.14107862200739,-4.243331050389655,Waste
Swansea Baling Plant,Swansea,,Bespoke,"A11: Household, commercial and industrial waste transfer Stn",Effective,51.65815123493586,-3.919925014244213,Waste
Abba Scrap,Merthyr Tydfil,Glamorgan,Bespoke,A20: Metal Recycling Site (mixed MRS's),Effective,51.770531565831476,-3.3361831221233227,Waste
East Moors Waste Transfer Station,Cardiff,Cardiff,Bespoke,"A11: Household, commercial and industrial waste transfer Stn",Effective,51.47465378185569,-3.1588775729714005,Waste
ReCover Blaenavon Ltd,Blaenavon,Torfaen,Bespoke,A16: Physical Treatment Facility,Effective,51.778769889645645,-3.096163262814347,Waste
Land Adjacent to Ty Newydd,Llanelli,,Bespoke,"SR: Household, Commercial & Industrial Waste Transfer Stn",Effective,51.7846790460267,-4.063858178853867,Waste
Daniel Lee Vaughan T/A K Vaughan Metals,Llanidloes,Powys,Bespoke,A20: Metal Recycling Site (mixed MRS's),Effective,52.43199376112667,-3.544118433789488,Waste
Gwynedd Council,Dolgellau,Gwynedd,Bespoke,A13: Household Waste Amenity Site,Effective,52.74646434304992,-3.8777350350104003,Waste
Vale of Glamorgan Resource Recovery Facility,Barry,Vale of Glamorgan,Bespoke,A09: Hazardous waste transfer station,Effective,51.3978719456124,-3.2464184617191676,Waste
Glan Yr Afon Waste Transfer Station,Aberystwyth,Ceredigion,Bespoke,"A11: Household, commercial and industrial waste transfer Stn",Effective,52.40133884490716,-4.047895901685824,Waste
W D A - Formerly Erie Electronic 1,Wrexham,Clwyd,Bespoke,A02: Other Landfill Site taking Hazardous Waste,Effective,53.04205276626393,-2.9174289721070186,Waste
Bryn Lane Composting Facility,Wrexham,Clwyd,Bespoke,A15: Material Recycling Treatment Facility,Effective,53.05032801162705,-2.9179478804976204,Waste
Cox Skip And Waste Management Ltd,Pyle,Bridgend,Standard,S0801: SR2008 No1 : HCI Waste Transfer Station,Effective,51.5241599543676,-3.6837081149941766,Waste
Longships Road,Cardiff,S Glamorgan,Bespoke,A14: Transfer Station taking Non-Biodegradable Wastes,Effective,51.45965842892306,-3.1475869136945476,Waste
Brookhill Transfer Station,Buckley,Flintshire,Bespoke,"SR: Household, Commercial & Industrial Waste Transfer Stn",Effective,53.18305357249869,-3.0809591474766895,Waste
Old Crown Works,Neath,Neath Port Talb,Bespoke,A19: Metal Recycling Site (Vehicle Dismantler),Effective,51.65424328527059,-3.8376597335250393,Waste
Taybrite Works,Bynea,Llanelli,Bespoke,"SR: Household, Commercial & Industrial Waste Transfer Stn",Effective,51.66566755761175,-4.095115842440016,Waste
Jay Metals,Llanfyrnach,Pembrokeshire,Bespoke,A20: Metal Recycling Site (mixed MRS's),Effective,51.96216986280802,-4.511992885638854,Waste
Mitchell Troy Household Waste Recycling Centre,Monmouth,Monmouthshire,Bespoke,A13: Household Waste Amenity Site,Effective,51.80162904391139,-2.715359558266889,Waste
Colomendy Waste Transfer Station,Denbigh,Denbighshire,Bespoke,A09: Hazardous waste transfer station,Effective,53.19549750338603,-3.417552897363065,Waste
Glan Yr Afon Civic Amenity Site,Aberystwyth,Ceredigion,Bespoke,A13a: Household waste amenity site taking hazardous waste,Effective,52.401316728353144,-4.047615571719817,Waste
Recycling and Recovery Facility,Neath,,Bespoke,A16: Physical Treatment Facility,Effective,51.65258364475261,-3.837982905086759,Waste
Melin Plas Du,Pwllheli,Gwynedd,Bespoke,"SR: Household, Commercial & Industrial Waste Transfer Stn",Effective,52.937250415545655,-4.377021789488924,Waste
Rhondda Skip Hire,Williamstown,R C T,Bespoke,"SR: Household, Commercial & Industrial Waste Transfer Stn",Effective,51.6047899242286,-3.4393383171906486,Waste
Llwyn Fynwent,Aberystwyth,Ceredigion,Bespoke,A19a: ELV Facility <2500 tonnes per year,Effective,52.31440727654307,-4.059313519382949,Waste
G Davies Skip Hire,Port Talbot,N P T,Bespoke,"SR: Household, Commercial & Industrial Waste Transfer Stn",Effective,51.61200328336094,-3.7670153732699663,Waste
Gwalchmai Civic Amenity Site,Holyhead,Ynys Mon,Bespoke,A13a: Household waste amenity site taking hazardous waste,Effective,53.260381332233315,-4.42887431753649,Waste
Slade Cross,Cosheton,Pembrokeshire,Bespoke,A05: Landfill taking Non-Biodegradeable Wastes,Effective,51.68798631520399,-4.902182818285643,Waste
Bishops Auto Spares,,Swansea,Bespoke,A19a: ELV Facility <2500 tonnes per year,Effective,51.69081953618354,-3.898968102794653,Waste
Cardiff Arms Salvage,Cardiff,Glamorgan,Bespoke,A19a: ELV Facility <2500 tonnes per year,Effective,51.46878039193119,-3.178884506307797,Waste
Carew Pavilion,Tenby,,Bespoke,A20: Metal Recycling Site (mixed MRS's),Effective,51.68869677960526,-4.809402445407227,Waste
ASH Wrexham Recycling Centre,Wrexham,,Bespoke,"A11: Household, commercial and industrial waste transfer Stn",Effective,53.03683457390513,-2.9203158041153374,Waste
Alan's Skip Hire Ltd,Deeside,Flintshire,Bespoke,A25: Deposit of waste to land as a recovery operation,Effective,53.23609370584646,-3.0277573413858794,Waste
Swansea Baling Plant,Swansea,,Bespoke,A13a: Household waste amenity site taking hazardous waste,Effective,51.65815123493586,-3.919925014244213,Waste
Llandygai Civic Amenity Site,Bangor,Gwynedd,Bespoke,A13: Household Waste Amenity Site,Effective,53.21737131827235,-4.108673952138301,Waste
Paperback Collection & Recycling Ltd,Deeside,Clwyd,Bespoke,A16: Physical Treatment Facility,Effective,53.22450857751897,-3.0181030822153154,Waste
Dow Corning Waste Transfer Station,Barry,Glamorgan,Bespoke,A15: Material Recycling Treatment Facility,Effective,51.405958599473465,-3.243619127489991,Waste
ABP Fletchers Wharf,Cardiff,,Bespoke,"SR: Household, Commercial & Industrial Waste Transfer Stn",Effective,51.46567113903321,-3.147881741305659,Waste
Heads Of The Valley Salvage Limited,Merthyr Tydfil,,Bespoke,A20: Metal Recycling Site (mixed MRS's),Effective,51.770573213920954,-3.336474213367894,Waste
Tanygroes Metal Recycling,Cardigan,Ceredigion,Bespoke,A19a: ELV Facility <2500 tonnes per year,Effective,52.126554522633214,-4.493048383258615,Waste
Deeside Motorcycles,Connahs Quay,Deeside,Bespoke,A19: Metal Recycling Site (Vehicle Dismantler),Effective,53.22106804368275,-3.0550313335840444,Waste
Unit 31,Newport,,Standard,S0809: SR2008 No9 : Asbestos Waste Transfer Station,Effective,51.569403441112485,-2.9505411838977023,Waste
Penrhyndeudraeth Works,Penrhyndeudraeth,Gwynedd,Bespoke,"SR: Household, Commercial & Industrial Waste Transfer Stn",Effective,52.9278622606223,-4.057821390501133,Waste
Cillefwr Depot,Carmarthen,Carmarthenshire,Bespoke,"SR: Household, Commercial & Industrial Waste Transfer Stn",Effective,51.847380436170184,-4.329191730833966,Waste
Penstrowed Quarry,Caersws,Powys,Bespoke,A16: Physical Treatment Facility,Effective,52.50846621431126,-3.3761243607694658,Waste
Olivers Sales & Rentals,Hengoed,Ystrad Mynach,Bespoke,"SR: Household, Commercial & Industrial Waste Transfer Stn",Effective,51.66654652056396,-3.2313819873241805,Waste
Caergylchu Waste Management Facility,Caernarfon,Gwynedd,Bespoke,A13a: Household waste amenity site taking hazardous waste,Effective,53.14107862200739,-4.243331050389655,Waste
Creigiau Tyres,Pontypridd,R C T,Bespoke,"SR: Household, Commercial & Industrial Waste Transfer Stn",Effective,51.55966657290502,-3.3297615550961432,Waste
MWR Motorcycles Ltd,Pontyclun,,Standard,SR/21: SR2011 No3: Vehicle Depollution Facility <5000 tpa,Effective,51.53053425779655,-3.4052055947109743,Waste
K G Matthews Auto Salvage,Gaerwen,Ynys Mon,Bespoke,A19: Metal Recycling Site (Vehicle Dismantler),Effective,53.22927245300479,-4.2871518717027195,Waste
Sea View Farm 2,Deeside,Flintshire,Bespoke,A06: Landfill taking other wastes,Effective,53.199569214096485,-3.0515839861712046,Waste
Rheidol Recycling Park,Aberystwyth,Ceredigion,Bespoke,"A11: Household, commercial and industrial waste transfer Stn",Effective,52.40124046418331,-4.045789207318357,Waste
Llandow Metals Ltd,Cowbridge,Vale of Glamorgan,Bespoke,A19a: ELV Facility <2500 tonnes per year,Effective,51.43770071182419,-3.5085776742808616,Waste
Tir John Landfill ( Closed Site),Swansea,,Bespoke,A02: Other Landfill Site taking Hazardous Waste,Effective,51.62461455678134,-3.89750199130152,Waste
Dan Y Parc Council Depot,Abercrave,Powys,Bespoke,"SR: Household, Commercial & Industrial Waste Transfer Stn",Effective,51.79403838695652,-3.736971714849849,Waste
Stiens Skip And Recycling Facility,,Swansea,Standard,S0801: SR2008 No1 : HCI Waste Transfer Station,Effective,51.62029865146761,-3.8868774293617303,Waste
The Old Brickworks,Pontypool,Torfaen,Bespoke,A16: Physical Treatment Facility,Effective,51.714458760127805,-2.992459022553794,Waste
Lamby Way Depot,Cardiff,Glamorgan,Bespoke,"SR: Household, Commercial & Industrial Waste Transfer Stn",Effective,51.49810077787642,-3.1241771191521597,Waste
A S H Bretton Recycling Centre,Bretton,Flintshire,Bespoke,"SR: Household, Commercial & Industrial Waste Transfer Stn",Effective,53.176742118332015,-2.961566478282026,Waste
Abertawe Metals Recycling Ltd,Swansea,Swansea,Standard,"S1214: SR2012 No14: Metal recycling, vehicle storage, depollution",Effective,51.661267247407075,-3.917439667883006,Waste
Global Spares Limited,Tonypandy,Rhondda Cynon Taf,Standard,SR/21: SR2011 No3: Vehicle Depollution Facility <5000 tpa,Effective,51.63214327337628,-3.4524858788995263,Waste
ASH Wrexham Recycling Centre,Wrexham,,Bespoke,"SR: Household, Commercial & Industrial Waste Transfer Stn",Effective,53.03683457390513,-2.9203158041153374,Waste
Coed Ffridd Arw,Dolgellau,Gwynedd,Bespoke,"SR: Household, Commercial & Industrial Waste Transfer Stn",Effective,52.74485014961466,-3.8842732551396804,Waste
Asbestos Store,Port Talbot,N P T,Bespoke,"A11: Household, commercial and industrial waste transfer Stn",Effective,51.58618141431058,-3.7804336159075143,Waste
J Chadwicks Scrapyard,Deeside,Flintshire,Bespoke,A20: Metal Recycling Site (mixed MRS's),Effective,53.198783987196755,-2.9954575714154608,Waste
Cwmcrachen MRF,Ebbw Vale,,Standard,S0803: SR2008 No3 : HCI Waste TS + treatment,Effective,51.79269310043392,-3.167593812158318,Waste
New Horizon Biofuel and Animal  Bedding Co Ltd,Wrexham,Wrexham,Bespoke,A16: Physical Treatment Facility,Effective,53.00072534429567,-3.036984120269616,Waste
Dan Y Parc Council Depot,Abercrave,Powys,Bespoke,"SR: Household, Commercial & Industrial Waste Transfer Stn",Effective,51.79403838695652,-3.736971714849849,Waste
Mold Recycling Park,Mold,Flintshire,Bespoke,A13: Household Waste Amenity Site,Effective,53.14621145981676,-3.13166182007356,Waste
Unit 11 & The Old Engine House,Swansea,Swansea,Bespoke,"SR: Household, Commercial & Industrial Waste Transfer Stn",Effective,51.65902211919509,-3.917258116758681,Waste
Greenfield Recycling Park,Greenfield,Flintshire,Bespoke,"SR: Household, Commercial & Industrial Waste Transfer Stn",Effective,53.28485435808253,-3.190688363185223,Waste
Olleco Cymru Wales,Newport,Newport,Bespoke,A15: Material Recycling Treatment Facility,Effective,51.56739642466951,-2.979196423853383,Waste
J Pesci & Sons Ltd,Caerphilly,Glamorgan,Bespoke,A20: Metal Recycling Site (mixed MRS's),Effective,51.568948660640835,-3.2002748365996703,Waste
Jay Metals,Llanfyrnach,Pembrokeshire,Bespoke,A20: Metal Recycling Site (mixed MRS's),Effective,51.96216986280802,-4.511992885638854,Waste
Bryn Pica Waste Operations,Aberdare,R C T,Bespoke,A15: Material Recycling Treatment Facility,Effective,51.73911398025146,-3.4368255529056135,Waste
Alexandra Docks,Newport,,Bespoke,"SR: Household, Commercial & Industrial Waste Transfer Stn",Effective,51.561774634017446,-2.9794362898606757,Waste
Old Sawmills Waste Transfer Station With Treatment & Recycling Facility,Llangadog,Carmarthenshire,Bespoke,"SR: Household, Commercial & Industrial Waste Transfer Stn",Effective,51.9414694483469,-3.8909593561150593,Waste
Gellia'r-gwellt Uchaf Transfer & Composting Station,Hengoed,Caerphilly,Bespoke,"SR: Household, Commercial & Industrial Waste Transfer Stn",Effective,51.65998043464665,-3.2679118337728847,Waste
Parfitt Scrapyard,Brynmawr,Blaenau Gwent,Bespoke,A19a: ELV Facility <2500 tonnes per year,Effective,51.791505966626396,-3.170332559983658,Waste
Cwmamman Depot,Ammanford,Carmarthenshire,Bespoke,"SR: Household, Commercial & Industrial Waste Transfer Stn",Effective,51.806396254456736,-3.9211281188200067,Waste
Lamby Way Depot,Cardiff,Glamorgan,Bespoke,"SR: Household, Commercial & Industrial Waste Transfer Stn",Effective,51.49810077787642,-3.1241771191521597,Waste
Abba Scrap,Merthyr Tydfil,Glamorgan,Bespoke,A20: Metal Recycling Site (mixed MRS's),Effective,51.770531565831476,-3.3361831221233227,Waste
Bayliss Metals,Cardiff,,Bespoke,A19: Metal Recycling Site (Vehicle Dismantler),Effective,51.47513470518577,-3.13824164512871,Waste
Dinas Community Recycling Centre,Porth,Rhondda Cynon Taff,Bespoke,A13: Household Waste Amenity Site,Effective,51.614452292859596,-3.4227019380112704,Waste
"Pen Y Bont Scrapyard, Bala",Bala,Gwynedd,Bespoke,A20: Metal Recycling Site (mixed MRS's),Effective,52.90307649804969,-3.590007018330689,Waste
Europest Environmental Services Ltd,Caerphilly,Caerphilly,Standard,S0824: SR2008 No24 : Clinical Waste Transfer Station,Effective,51.57687119098945,-3.2340072179392356,Waste
Winsel Civic Amenity & Recycling Site,Haverfordwest,Pembrokeshire,Bespoke,A13a: Household waste amenity site taking hazardous waste,Effective,51.778019688881535,-5.003915055295228,Waste
Brookhill Transfer Station,Buckley,Flintshire,Bespoke,"SR: Household, Commercial & Industrial Waste Transfer Stn",Effective,53.18305357249869,-3.0809591474766895,Waste
Old Sawmills Waste Transfer Station With Treatment & Recycling Facility,Llangadog,Carmarthenshire,Bespoke,"SR: Household, Commercial & Industrial Waste Transfer Stn",Effective,51.9414694483469,-3.8909593561150593,Waste
U R A Birdport Docks Site,Newport,Gwent,Bespoke,A16: Physical Treatment Facility,Effective,51.5639151204937,-2.9663683187957623,Waste
Fenestration Recycling Company Limited,Neath,,Bespoke,A16: Physical Treatment Facility,Effective,51.65145597698781,-3.840510412639971,Waste
Abba Scrap,Merthyr Tydfil,Glamorgan,Bespoke,A20: Metal Recycling Site (mixed MRS's),Effective,51.770531565831476,-3.3361831221233227,Waste
Atlantic Household Waste Recycling Centre,Barry,South Glamorgan,Bespoke,A13: Household Waste Amenity Site,Effective,51.39764708307019,-3.2455786139508107,Waste
Derwen Aggregates Ltd,Neath,West Glam,Bespoke,A16: Physical Treatment Facility,Effective,51.65341273288742,-3.83729363228961,Waste
Fred Lloyd & Sons Ltd,Pontypool,Gwent,Bespoke,"SR: Household, Commercial & Industrial Waste Transfer Stn",Effective,51.69360016129466,-3.016453585148093,Waste
PHS Group Cardiff,Cardiff,,Bespoke,A12: Clinical Waste Transfer Station,Effective,51.54473989944932,-3.265556103071453,Waste
Kingsbridge Auto Parts,Gorseinon,Swansea,Bespoke,A19: Metal Recycling Site (Vehicle Dismantler),Effective,51.663170625527854,-4.0351362141730895,Waste
Brisco Waste Disposal Ltd,Swansea,,Bespoke,"SR: Household, Commercial & Industrial Waste Transfer Stn",Effective,51.64708825014534,-3.998191989392048,Waste
Bryn Pica Waste Operations,Aberdare,R C T,Bespoke,"A11: Household, commercial and industrial waste transfer Stn",Effective,51.73911398025146,-3.4368255529056135,Waste
Cwmbran Service Centre,Cwmbran,Torfaen,Bespoke,A12: Clinical Waste Transfer Station,Effective,51.656764011935564,-3.0316755636846415,Waste
Rheidol Recycling Park,Aberystwyth,Ceredigion,Bespoke,"A11: Household, commercial and industrial waste transfer Stn",Effective,52.40124046418331,-4.045789207318357,Waste
Trostre Civic Amenity / Transfer Station,Llanelli,Carmarthenshire,Bespoke,A13: Household Waste Amenity Site,Effective,51.674392085842804,-4.136436354530663,Waste
Manorowen Civic Amenity and recycling centre,Fishguard,Pembrokeshire,Bespoke,A13a: Household waste amenity site taking hazardous waste,Effective,51.98054064875524,-5.007857643564131,Waste
Denbigh Civic Amenity Site,Denbigh,Denbighshire,Bespoke,A13a: Household waste amenity site taking hazardous waste,Effective,53.18992378306633,-3.414540154263071,Waste
G Lock Scrap Metal Processors,Bangor,Gwynedd,Standard,S0820: SR2008 No20 : Vehicle depollution facility (ATF),Effective,53.21841744070008,-4.110522829512761,Waste
Bryn Quarry Ltd,Gelligaer,Mid Glamorgan,Bespoke,A25: Deposit of waste to land as a recovery operation,Effective,51.65994968534804,-3.2665953311665215,Waste
Llantrisant Recycling,Pontyclun,,Bespoke,A22: Composting Facility,Effective,51.55732444067384,-3.3837731973546443,Waste
RDA Recycling Ltd,Risca,Newport,Bespoke,A19a: ELV Facility <2500 tonnes per year,Effective,51.60362174157969,-3.0953903032003085,Waste
Caergylchu Waste Management Facility,Caernarfon,Gwynedd,Bespoke,A15: Material Recycling Treatment Facility,Effective,53.14107862200739,-4.243331050389655,Waste
Mitchell Troy Household Waste Recycling Centre,Monmouth,Monmouthshire,Bespoke,A13: Household Waste Amenity Site,Effective,51.80162904391139,-2.715359558266889,Waste
Fenestration Recycling Company Limited,Neath,,Bespoke,A16: Physical Treatment Facility,Effective,51.65145597698781,-3.840510412639971,Waste
Padeswood Landfill,Mold,Flintshire,Bespoke,A07: Industrial Waste Landfill (Factory curtilage),Effective,53.150891564368756,-3.060756566637778,Waste
Talbot Wharf,Port Talbot,Neath Port Talbot,Bespoke,"SR: Household, Commercial & Industrial Waste Transfer Stn",Effective,51.58774709098668,-3.793356858005549,Waste
St Davids Civic Amenity and recyciling centre,St Davids,Pembrokeshire,Bespoke,A13a: Household waste amenity site taking hazardous waste,Effective,51.89503168872751,-5.220604878834458,Waste
Gellia'r-gwellt Uchaf Transfer & Composting Station,Hengoed,Caerphilly,Bespoke,A22: Composting Facility,Effective,51.65998043464665,-3.2679118337728847,Waste
Ffrwdgrech Depot,Brecon,Powys,Bespoke,"SR: Household, Commercial & Industrial Waste Transfer Stn",Effective,51.943328262285014,-3.4080627033152804,Waste
Min Y Clwyd Yard,Ruthin,Denbighshire,Bespoke,"SR: Household, Commercial & Industrial Waste Transfer Stn",Effective,53.119809514576765,-3.312044096705876,Waste
New Inn Waste Transfer Station,Torfaen,,Bespoke,"A11: Household, commercial and industrial waste transfer Stn",Effective,51.69223787533471,-3.019056168006587,Waste
Silent Valley Waste Transfer station,Ebbw Vale,Blaenau Gwent,Bespoke,"A11: Household, commercial and industrial waste transfer Stn",Effective,51.75406882518391,-3.1834606987313325,Waste
Seawall Waste Transfer Station,Cardiff,Cardiff,Standard,S0803: SR2008 No3 : HCI Waste TS + treatment,Effective,51.48029772342045,-3.1417687438627837,Waste
Denbigh Civic Amenity Site,Denbigh,Denbighshire,Bespoke,A13a: Household waste amenity site taking hazardous waste,Effective,53.18992378306633,-3.414540154263071,Waste
Wern Tarw Recycling Ltd,Bridgend,Mid Glamorgan,Bespoke,A16: Physical Treatment Facility,Effective,51.5238508782731,-3.6826876560529995,Waste
The Graig Yffaldau Waste Transfer,Llandrindod Wells,Powys,Bespoke,A13: Household Waste Amenity Site,Effective,52.256124809030325,-3.2733757308633424,Waste
Trostre Civic Amenity / Transfer Station,Llanelli,Carmarthenshire,Bespoke,A13: Household Waste Amenity Site,Effective,51.674392085842804,-4.136436354530663,Waste
1 Acre Farm,Holywell,,Standard,S0820: SR2008 No20 : Vehicle depollution facility (ATF),Effective,53.244802766396894,-3.1947012183909345,Waste
Dragon Works,Chester,Cheshire,Bespoke,A19: Metal Recycling Site (Vehicle Dismantler),Effective,53.17724057260189,-2.9350943502514912,Waste
R & J Metals,Neath,Castell-nedd Port Talbot,Standard,"S1214: SR2012 No14: Metal recycling, vehicle storage, depollution",Effective,51.63086574314233,-3.8242448193274616,Waste
Project Red Recycling,Efail Isaf,Pontypridd,Bespoke,"SR: Household, Commercial & Industrial Waste Transfer Stn",Effective,51.54355472148479,-3.336732840513642,Waste
Flintshire Commercial Dismantlers,Holywell,Flintshire,Bespoke,A19a: ELV Facility <2500 tonnes per year,Effective,53.291073881798404,-3.205998773979045,Waste
St Modwen Developments Ltd,Llandarcy,N P T,Bespoke,A07: Industrial Waste Landfill (Factory curtilage),Effective,51.644602959362075,-3.871842977114164,Waste
Legacy Car Dismantlers,Wrexham,Clwyd,Bespoke,A19: Metal Recycling Site (Vehicle Dismantler),Effective,53.02188528101224,-3.0615988454643888,Waste
Waste Management Ltd,Mona,Anglesey,Bespoke,"SR: Household, Commercial & Industrial Waste Transfer Stn",Effective,53.25426139653041,-4.372501108080614,Waste
Roseheyworth Household Waste Recycling Centre,Abertillery,Blaenau Gwent,Bespoke,A13a: Household waste amenity site taking hazardous waste,Effective,51.74446051626953,-3.15325565025239,Waste
Rhuddlan Bach Quarry Landfill Site,Brynteg,Anglesey,Bespoke,"SR: Household, Commercial & Industrial Waste Transfer Stn",Effective,53.302270010259384,-4.27533859041127,Waste
Unit 2,Knighton,Powys,Bespoke,A16: Physical Treatment Facility,Effective,52.34396553638377,-3.0329362370055715,Waste
Colomendy Waste Transfer Station,Denbigh,Denbighshire,Bespoke,A09: Hazardous waste transfer station,Effective,53.19549750338603,-3.417552897363065,Waste
Alun Griffiths (Contractors) Limited,Cardiff,,Bespoke,A16: Physical Treatment Facility,Effective,51.465559952435505,-3.1445390903611705,Waste
Tazrock,Aberdare,Rhondda Cynon Taff,Bespoke,A16: Physical Treatment Facility,Effective,51.74856059545877,-3.541411687484056,Waste
Coal Terminal,Newport,,Bespoke,A16: Physical Treatment Facility,Effective,51.55352853663106,-2.9870334094836184,Waste
Cwrt Y Plyffin Landfill,Brecon,Powys,Bespoke,"SR: Household, Commercial & Industrial Waste Transfer Stn",Effective,51.978764086071315,-3.317910453722064,Waste
Clydach Metals Recycling Facility,Swansea,West Glamorgan,Bespoke,A19: Metal Recycling Site (Vehicle Dismantler),Effective,51.691228358617586,-3.8987103148661295,Waste
Astbury (Rossett) Landfill,Wrexham,,Bespoke,"A04: Household, Commercial & Industrial Waste Landfill",Effective,53.10411891929517,-3.0059812076833983,Waste
Bryn Posteg Composting Facility,Llanidloes,Powys,Standard,S0816: SR2008 No16 : Composting in open windrows,Effective,52.426820847203274,-3.5186844543607174,Waste
Whitland Recycling Centre & Civic Amenity Site,Whitland,Carmarthenshire,Bespoke,A13: Household Waste Amenity Site,Effective,51.82006379409895,-4.623940959247299,Waste
Gate 1,Pembroke Dock,Pembroke,Bespoke,"SR: Household, Commercial & Industrial Waste Transfer Stn",Effective,51.69407966204191,-4.95141607100233,Waste
Thomas Brothers,Milford Haven,Pembrokeshire,Standard,S0803: SR2008 No3 : HCI Waste TS + treatment,Effective,51.715588612460806,-4.994212983723148,Waste
Grove Farm Autos,Aberdare,R C T,Bespoke,A19a: ELV Facility <2500 tonnes per year,Effective,51.73148619558427,-3.502456439775416,Waste
Tir Gwaid Farm  Landfill,Wattstown,R C T,Bespoke,A06: Landfill taking other wastes,Effective,51.63924780980144,-3.419330485153945,Waste
Colin Richardson Recycling Centre,Newport,Gwent,Standard,S0811: SR2008 No11 : Inert & excavation Waste TS + treatment,Effective,51.62467101698355,-2.9620393925205093,Waste
"Newport Liquid Waste Treatment Centre, Nash STW",Newport,Newport,Bespoke,"A11: Household, commercial and industrial waste transfer Stn",Effective,51.55178049675398,-2.958192888417476,Waste
P M Dromgoole & Sons Agricultural Ltd,Nr Mold,Flintshire,Standard,"SR/12: SR2010 No12: Treatment of waste to produce soil <75,000 tpa",Effective,53.16099342173082,-3.0135329064896705,Waste
Old Sawmills Waste Transfer Station With Treatment & Recycling Facility,Llangadog,Carmarthenshire,Bespoke,"SR: Household, Commercial & Industrial Waste Transfer Stn",Effective,51.9414694483469,-3.8909593561150593,Waste
Bessemer Close Household And Commercial Waste Recycling Centre,Cardiff,Glamorgan,Bespoke,A13: Household Waste Amenity Site,Effective,51.4587205544294,-3.210435655199203,Waste
Materials Recovery & Energy  Centre,SWANSEA,West Glamorgan,Bespoke,"A11: Household, commercial and industrial waste transfer Stn",Effective,51.624064755434866,-3.880821420890643,Waste
New Vale HWRC,Ebbw Vale,Blaenau Gwent,Bespoke,A13: Household Waste Amenity Site,Effective,51.78752269431256,-3.2250475189236374,Waste
Abba Scrap,Merthyr Tydfil,Glamorgan,Bespoke,A20: Metal Recycling Site (mixed MRS's),Effective,51.770531565831476,-3.3361831221233227,Waste
Tazrock,Aberdare,Rhondda Cynon Taff,Bespoke,A16: Physical Treatment Facility,Effective,51.74856059545877,-3.541411687484056,Waste
Pant Y Llandron,Cowbridge,Vale Of Glam,Bespoke,A23: Biological Treatment Facility,Effective,51.4561457537659,-3.3974356543368094,Waste
Tazrock,Aberdare,Rhondda Cynon Taff,Bespoke,A16: Physical Treatment Facility,Effective,51.74856059545877,-3.541411687484056,Waste
Spencer Ind Est Scrapyard,Buckley,Flintshire,Bespoke,A20: Metal Recycling Site (mixed MRS's),Effective,53.17581501283065,-3.0642291876674737,Waste
Inco Europe Ltd,Swansea,,Bespoke,A07: Industrial Waste Landfill (Factory curtilage),Effective,51.692067657985156,-3.8912795109493135,Waste
Aberfan Household Waste And Recycling Centre,Aberfan,Merthyr Tydfil,Bespoke,A13: Household Waste Amenity Site,Effective,51.69522984192055,-3.342182021990442,Waste
Cillefwr Depot,Carmarthen,Carmarthenshire,Bespoke,"SR: Household, Commercial & Industrial Waste Transfer Stn",Effective,51.847380436170184,-4.329191730833966,Waste
New Lodge Farm,Llanelli,,Bespoke,A16: Physical Treatment Facility,Effective,51.76827650576356,-4.0689940420251345,Waste
Llanwern Works East,Newport,Gwent,Bespoke,A07: Industrial Waste Landfill (Factory curtilage),Effective,51.57411748784078,-2.8739008727627446,Waste
Celtic Recycling Ltd,Bridgend,Glamorgan,Bespoke,A16: Physical Treatment Facility,Effective,51.525223313361664,-3.686053831845144,Waste
Linton Yard,Llanelli,,Bespoke,"A11: Household, commercial and industrial waste transfer Stn",Effective,51.666369669899375,-4.098098307826257,Waste
Troste Depot,Trostre Industrial Park,Llanelli,Bespoke,"A11: Household, commercial and industrial waste transfer Stn",Effective,51.67326935409254,-4.137844302388648,Waste
Wern Tarw Recycling Ltd,Bridgend,Mid Glamorgan,Bespoke,A16: Physical Treatment Facility,Effective,51.5238508782731,-3.6826876560529995,Waste
Bpi Recycled Products,Tredegar,,Bespoke,A16: Physical Treatment Facility,Effective,51.75525408599679,-3.2838211514313005,Waste
Dow Corning Waste Transfer Station,Barry,Glamorgan,Bespoke,A15: Material Recycling Treatment Facility,Effective,51.405958599473465,-3.243619127489991,Waste
Gellia Ar Gwellt Uchaf Farm Landfill  No 1,Hengoed,Caerphilly,Bespoke,A06: Landfill taking other wastes,Effective,51.66016723667417,-3.2672664525626853,Waste
L C C Wales Ltd,Aberdare,R C T,Bespoke,"SR: Household, Commercial & Industrial Waste Transfer Stn",Effective,51.747473334148594,-3.551601758483723,Waste
Unit 15 Drome Road,Deeside,Flintshire,Bespoke,A16a: Hazardous waste physical treatment facility,Effective,53.22740845517534,-2.9972749777577357,Waste
Penstrowed Quarry,Caersws,Powys,Bespoke,A16: Physical Treatment Facility,Effective,52.50846621431126,-3.3761243607694658,Waste
C A R,Cwmbran,Gwent,Bespoke,A19a: ELV Facility <2500 tonnes per year,Effective,51.62689216986997,-2.9858513461406613,Waste
Oakenholt Household Waste Recycling Centre,Flint,Flintshire,Bespoke,A13a: Household waste amenity site taking hazardous waste,Effective,53.23533726444855,-3.100390368128194,Waste
AST Plastic Containers UK LLP,Wrexham,Wrexham,Bespoke,A16a: Hazardous waste physical treatment facility,Effective,53.0484129061776,-2.9237996316299144,Waste
Treforest Transfer Station,Pontypridd,R C T,Bespoke,"A11: Household, commercial and industrial waste transfer Stn",Effective,51.56635515903392,-3.2838738121803694,Waste
Central Depot,Ebbw Vale,Blaenau Gwent,Bespoke,A16: Physical Treatment Facility,Effective,51.79296137662509,-3.1713562454733686,Waste
Lamby Way Depot,Cardiff,Glamorgan,Bespoke,"SR: Household, Commercial & Industrial Waste Transfer Stn",Effective,51.49810077787642,-3.1241771191521597,Waste
Byass Works,Port Talbot,Neath Port Talbot,Standard,"SR: Household, Commercial & Industrial Waste Transfer Stn",Effective,51.5923323058576,-3.7887011139725444,Waste
Cwrt Y Plyffin Landfill,Brecon,Powys,Bespoke,"SR: Household, Commercial & Industrial Waste Transfer Stn",Effective,51.978764086071315,-3.317910453722064,Waste
Gwent Demolition & Construction Ltd,Kenfig,N P T,Bespoke,A20: Metal Recycling Site (mixed MRS's),Effective,51.537050275691584,-3.741298737371724,Waste
Nant Y Gwyddon  Landfill,Pentre,R C T,Bespoke,"A04: Household, Commercial & Industrial Waste Landfill",Effective,51.638432900175125,-3.4737854116013502,Waste
Gate 1,Pembroke Dock,Pembroke,Bespoke,"SR: Household, Commercial & Industrial Waste Transfer Stn",Effective,51.69407966204191,-4.95141607100233,Waste
The Old Foundry Yard,Pontypool,,Standard,S0807: SR2008 No7 : HCI Waste TS + treatment + asbestos,Effective,51.69877094000172,-3.0297947906062364,Waste
Thomas Brothers,Milford Haven,Pembrokeshire,Standard,S0803: SR2008 No3 : HCI Waste TS + treatment,Effective,51.715588612460806,-4.994212983723148,Waste
Llanddulas Quarry Waste Treatment Centre,Abergele,Conwy,Bespoke,"SR: Household, Commercial & Industrial Waste Transfer Stn",Effective,53.28886343549429,-3.6573478652732496,Waste
Rhydeinon Civic Amenity Site,Llanarth,Dyfed,Bespoke,A13a: Household waste amenity site taking hazardous waste,Effective,52.16631536474706,-4.295792281847302,Waste
Parfitt Scrapyard,Brynmawr,Blaenau Gwent,Bespoke,A19a: ELV Facility <2500 tonnes per year,Effective,51.791505966626396,-3.170332559983658,Waste
Wern Tarw Recycling Ltd,Bridgend,Mid Glamorgan,Bespoke,A14: Transfer Station taking Non-Biodegradable Wastes,Effective,51.5238508782731,-3.6826876560529995,Waste
Plot 57 Brynmenyn Ind Est,Bridgend,Glamorgan,Standard,S0803: SR2008 No3 : HCI Waste TS + treatment,Effective,51.549603701450316,-3.5806278916314955,Waste
Ty Mawr,Ty Croes,Gwynedd,Bespoke,"SR: Household, Commercial & Industrial Waste Transfer Stn",Effective,53.25105633316891,-4.4381800848087565,Waste
Maindiff Court Farm,Abergavenny,Monmouthshire,Bespoke,A22: Composting Facility,Effective,51.82820031225082,-2.9987306140919046,Waste
Brisco Waste Disposal Ltd,Swansea,,Bespoke,"SR: Household, Commercial & Industrial Waste Transfer Stn",Effective,51.64708825014534,-3.998191989392048,Waste
Crane Cross Civic Amenity & Recycling Centre,Saundersfoot,Pembrokeshire,Bespoke,A13a: Household waste amenity site taking hazardous waste,Effective,51.70193649304027,-4.726200881878525,Waste
Denbigh Civic Amenity Site,Denbigh,Denbighshire,Bespoke,A13a: Household waste amenity site taking hazardous waste,Effective,53.18992378306633,-3.414540154263071,Waste
Rear of Unit 7,Barry,Vale of Glamorgan,Standard,SR/21: SR2011 No3: Vehicle Depollution Facility <5000 tpa,Effective,51.410425160410426,-3.2480827187704358,Waste
Clyne Civic Amenity Site,Clyne,Swansea,Bespoke,A13a: Household waste amenity site taking hazardous waste,Effective,51.60644399367517,-4.0001901126776955,Waste
Summerleaze Pet Crematorium,Newport,Gwent,Bespoke,A27:,Effective,51.5564269188951,-2.841251166932964,Waste
Cwmamman Depot,Ammanford,Carmarthenshire,Bespoke,"SR: Household, Commercial & Industrial Waste Transfer Stn",Effective,51.806396254456736,-3.9211281188200067,Waste
G P Motorcycles,Pontypridd,R C T,Bespoke,A19a: ELV Facility <2500 tonnes per year,Effective,51.595362163747765,-3.348864977247941,Waste
Carway Fawr Site Office,Llanelli,Carmarthenshire,Standard,S0807: SR2008 No7 : HCI Waste TS + treatment + asbestos,Effective,51.75031971278907,-4.1803099223943825,Waste
Roath Dock,Cardiff,,Bespoke,"SR: Household, Commercial & Industrial Waste Transfer Stn",Effective,51.46686927493685,-3.1485740470758286,Waste
Lelo Aggregates,Corwen,,Bespoke,A16: Physical Treatment Facility,Effective,53.032983049211516,-3.393008022732812,Waste
Flintshire Commercial Dismantlers,Holywell,Flintshire,Bespoke,A20: Metal Recycling Site (mixed MRS's),Effective,53.28991417182325,-3.20689622821998,Waste
Neville's Dock,Llanelli,Carmarthenshire,Bespoke,A20: Metal Recycling Site (mixed MRS's),Effective,51.66845312340758,-4.165601177479981,Waste
Pengam Partmart,Hengoed,Caerphilly,Bespoke,A19a: ELV Facility <2500 tonnes per year,Effective,51.66444392448345,-3.230385132419898,Waste
SL Recycling Ltd,Pontypool,Torfaen,Bespoke,"S1214: SR2012 No14: Metal recycling, vehicle storage, depollution",Effective,51.68261406313282,-3.0121140160691144,Waste
Potters Yard,Welshpool,Powys,Bespoke,"A11: Household, commercial and industrial waste transfer Stn",Effective,52.65836261877584,-3.1382231082242575,Waste
ReCover Blaenavon Ltd,Blaenavon,Torfaen,Bespoke,A16: Physical Treatment Facility,Effective,51.778769889645645,-3.096163262814347,Waste
Ruthin Civic Amenity Site,Ruthin,Denbighshire,Bespoke,A13a: Household waste amenity site taking hazardous waste,Effective,53.12211907604774,-3.31211444762808,Waste
Dan Y Parc Council Depot,Abercrave,Powys,Bespoke,"SR: Household, Commercial & Industrial Waste Transfer Stn",Effective,51.79403838695652,-3.736971714849849,Waste
Gwrthwynt Waste Transfer Station,Newcastle Emlyn,Ceredigion,Bespoke,"SR: Household, Commercial & Industrial Waste Transfer Stn",Effective,52.09263366525518,-4.499448505074015,Waste
Llwyn Fynwent,Aberystwyth,Ceredigion,Bespoke,A19a: ELV Facility <2500 tonnes per year,Effective,52.31440727654307,-4.059313519382949,Waste
Bayliss Metals,Cardiff,,Bespoke,A19: Metal Recycling Site (Vehicle Dismantler),Effective,51.47513470518577,-3.13824164512871,Waste
Thomas Brothers,Milford Haven,Pembrokeshire,Standard,S0803: SR2008 No3 : HCI Waste TS + treatment,Effective,51.715588612460806,-4.994212983723148,Waste
The Waste Transfer Station,Bridgend,Glamorgan,Bespoke,"SR: Household, Commercial & Industrial Waste Transfer Stn",Effective,51.51150202661536,-3.6715393957480416,Waste
Cwmcrachen MRF,Ebbw Vale,,Standard,S0803: SR2008 No3 : HCI Waste TS + treatment,Effective,51.79269310043392,-3.167593812158318,Waste
Thomas Brothers,Milford Haven,Pembrokeshire,Standard,S0803: SR2008 No3 : HCI Waste TS + treatment,Effective,51.715588612460806,-4.994212983723148,Waste
Rheidol Recycling Park,Aberystwyth,Ceredigion,Bespoke,"A11: Household, commercial and industrial waste transfer Stn",Effective,52.40124046418331,-4.045789207318357,Waste
Williams Plant Hire Ltd,Newtown,Powys,Bespoke,"SR: Household, Commercial & Industrial Waste Transfer Stn",Effective,52.53325861310254,-3.2636001960674923,Waste
Briton Ferry Shipping Services Ltd,Neath,N P T,Bespoke,"SR: Household, Commercial & Industrial Waste Transfer Stn",Effective,51.637968369020456,-3.827795949595327,Waste
Potters Yard,Welshpool,Powys,Bespoke,"A11: Household, commercial and industrial waste transfer Stn",Effective,52.65836261877584,-3.1382231082242575,Waste
Flintshire Commercial Dismantlers,Holywell,Flintshire,Bespoke,A19a: ELV Facility <2500 tonnes per year,Effective,53.291073881798404,-3.205998773979045,Waste
Bwlch Y Wern  Landfill,Builth Wells,Powys,Bespoke,A05: Landfill taking Non-Biodegradeable Wastes,Effective,52.18135334775757,-3.5321725883424815,Waste
K M Environmental Ltd,St Asaph,Denbighshire,Bespoke,A16: Physical Treatment Facility,Effective,53.263262635085454,-3.422702297968371,Waste
Materials Recovery & Energy  Centre,SWANSEA,West Glamorgan,Bespoke,"A11: Household, commercial and industrial waste transfer Stn",Effective,51.624064755434866,-3.880821420890643,Waste
L C C Wales Ltd,Aberdare,R C T,Bespoke,"SR: Household, Commercial & Industrial Waste Transfer Stn",Effective,51.747473334148594,-3.551601758483723,Waste
Pencefnarda Quarry,Swansea,West Glamorgan,Bespoke,A25: Deposit of waste to land as a recovery operation,Effective,51.6807592766161,-4.055308882959502,Waste
Project Red Recycling,Efail Isaf,Pontypridd,Bespoke,"SR: Household, Commercial & Industrial Waste Transfer Stn",Effective,51.54355472148479,-3.336732840513642,Waste
Nantycaws Materials Recycling Facilities,Carmarthen,,Bespoke,A15: Material Recycling Treatment Facility,Effective,51.83608588242951,-4.217576869618679,Waste
Sychtyn,Welshpool,Powys,Standard,"S1210: SR2012 No10: On-farm AD facility using farm wastes only, <100t per day",Effective,52.65512809468248,-3.4805043289795012,Waste
Min Y Clwyd Yard,Ruthin,Denbighshire,Bespoke,"SR: Household, Commercial & Industrial Waste Transfer Stn",Effective,53.119809514576765,-3.312044096705876,Waste
Withyhedge Material Recycling Facility,Haverfordwest,Pembrokeshire,Bespoke,"SR: Household, Commercial & Industrial Waste Transfer Stn",Effective,51.84261159374655,-4.957193440147648,Waste
Hafod Yard Transfer Station,Wrexham,,Bespoke,"A11: Household, commercial and industrial waste transfer Stn",Effective,53.01048197027048,-3.028364671833535,Waste
Gate 1,Pembroke Dock,Pembroke,Bespoke,"SR: Household, Commercial & Industrial Waste Transfer Stn",Effective,51.69407966204191,-4.95141607100233,Waste
Pyle Community Recycling Centre,Bridgend,Bridgend,Bespoke,A13a: Household waste amenity site taking hazardous waste,Effective,51.524404391249554,-3.681713413539768,Waste
Henllys,Conwy,Conwy,Standard,SR/17: SR2010 No17: Storage of anaerobic digestate,Effective,53.19583988388216,-3.64802294697479,Waste
Lorey Metals,Swansea,,Standard,"S1214: SR2012 No14: Metal recycling, vehicle storage, depollution",Effective,51.65768154473273,-3.9178521271893105,Waste
Unit 2,Cowbridge,South Glamorgan,Bespoke,"A11: Household, commercial and industrial waste transfer Stn",Effective,51.43505345653245,-3.5074545919499833,Waste
Brother Industries (U.K.) Ltd.,Wrexham,Clwyd,Bespoke,A15: Material Recycling Treatment Facility,Effective,53.00217694337393,-3.0395820257011876,Waste
Glan Yr Afon Civic Amenity Site,Aberystwyth,Ceredigion,Bespoke,A13a: Household waste amenity site taking hazardous waste,Effective,52.401316728353144,-4.047615571719817,Waste
Frongoch Lead Mine,Aberystwyth,Ceredigion,Standard,SR/21: SR2011 No3: Vehicle Depollution Facility <5000 tpa,Effective,52.35327261717052,-3.8784054627062727,Waste
Penhesgyn In Vessel Composting Facility,Menai Bridge,,Bespoke,A22: Composting Facility,Effective,53.24681828333673,-4.199516498060661,Waste
Penrhyndeudraeth Works,Penrhyndeudraeth,Gwynedd,Bespoke,"SR: Household, Commercial & Industrial Waste Transfer Stn",Effective,52.9278622606223,-4.057821390501133,Waste
European Metal Recycling Ltd,Cardiff,Glamorgan,Standard,S0907: SR2009 No7: Storage of furnace ready scrap metal for recovery,Effective,51.47013084456603,-3.148828738463493,Waste
Bryncir Quarry,Garndolbenmaen,,Standard,"SR/12: SR2010 No12: Treatment of waste to produce soil <75,000 tpa",Effective,52.97920644051392,-4.265053481613092,Waste
Biodegradeable Waste Transfer Station,Ammanford,Carmarthenshire,Standard,S0805: SR2008 No5 : HCI Waste TS + asbestos,Effective,51.791577431629875,-3.9838957735564198,Waste
Bryn Quarry Ltd,Gelligaer,Mid Glamorgan,Bespoke,A25: Deposit of waste to land as a recovery operation,Effective,51.65994968534804,-3.2665953311665215,Waste
Maes Y Grug Landfill,Mold,Flintshire,Bespoke,A06: Landfill taking other wastes,Effective,53.18439369057763,-3.104398087932897,Waste
Cwmcrachen MRF,Ebbw Vale,,Standard,S0803: SR2008 No3 : HCI Waste TS + treatment,Effective,51.79269310043392,-3.167593812158318,Waste
Ewloe Waste Transfer Station,Mold,Flintshire,Bespoke,"A11: Household, commercial and industrial waste transfer Stn",Effective,53.18690560970288,-3.083420647073597,Waste
The Graig Yffaldau Waste Transfer,Llandrindod Wells,Powys,Bespoke,A13: Household Waste Amenity Site,Effective,52.256124809030325,-3.2733757308633424,Waste
Bala Civic Amenity Site,Bala,Gwynedd,Bespoke,A13: Household Waste Amenity Site,Effective,52.91011266177534,-3.5915882829932553,Waste
Gwalchmai Civic Amenity Site,Holyhead,Ynys Mon,Bespoke,A13a: Household waste amenity site taking hazardous waste,Effective,53.260381332233315,-4.42887431753649,Waste
Marian Ffrith Landfill,Dyserth,Denbighshire,Bespoke,A06: Landfill taking other wastes,Effective,53.29245059264963,-3.3923304542996187,Waste
Williams Plant Hire Ltd,Newtown,Powys,Bespoke,"SR: Household, Commercial & Industrial Waste Transfer Stn",Effective,52.53325861310254,-3.2636001960674923,Waste
Brymbo Household Waste Recycling Centre,Wrexham,Clwyd,Bespoke,A13: Household Waste Amenity Site,Effective,53.064741690085434,-3.043953552409307,Waste
Ruthin Waste Transfer Station,Ruthin,Denbighshire,Bespoke,"SR: Household, Commercial & Industrial Waste Transfer Stn",Effective,53.12177123257986,-3.3118647545780524,Waste
Chadwicks Metal Processing Facility,Deeside,Flintshire,Bespoke,A20: Metal Recycling Site (mixed MRS's),Effective,53.20367781490357,-3.008910682571598,Waste
Edwards Coaches,Pontypridd,R C T,Bespoke,A19a: ELV Facility <2500 tonnes per year,Effective,51.55871307643149,-3.3313782535747816,Waste
U R A Cardfiff Docks Site,Cardiff,,Bespoke,A16: Physical Treatment Facility,Effective,51.4635294736797,-3.148043920702092,Waste
Maesgwyn Renewable Energy & Recycling Centre,Neath,N P T,Standard,S0816: SR2008 No16 : Composting in open windrows,Effective,51.76517403643534,-3.6393329192896995,Waste
Unit 17,Cardiff,Cardiff,Bespoke,"SR: Household, Commercial & Industrial Waste Transfer Stn",Effective,51.47568709476612,-3.135058791731807,Waste
Rear of Unit 7,Barry,Vale of Glamorgan,Standard,SR/21: SR2011 No3: Vehicle Depollution Facility <5000 tpa,Effective,51.410425160410426,-3.2480827187704358,Waste
Plot 57 Brynmenyn Ind Est,Bridgend,Glamorgan,Standard,S0803: SR2008 No3 : HCI Waste TS + treatment,Effective,51.549603701450316,-3.5806278916314955,Waste
Crane Cross Civic Amenity & Recycling Centre,Saundersfoot,Pembrokeshire,Bespoke,A13a: Household waste amenity site taking hazardous waste,Effective,51.70193649304027,-4.726200881878525,Waste
S.l. Plant Hire,Ammanford,Carmarthenshire,Standard,S0811: SR2008 No11 : Inert & excavation Waste TS + treatment,Effective,51.77929920112283,-4.044447417716057,Waste
Bala Civic Amenity Site,Bala,Gwynedd,Bespoke,A13: Household Waste Amenity Site,Effective,52.91011266177534,-3.5915882829932553,Waste
M & R Commercials Vehicle Dismantling & Recycling Facility,Swansea,W Glamorgan,Standard,SR/21: SR2011 No3: Vehicle Depollution Facility <5000 tpa,Effective,51.64114978852754,-3.9899239564674627,Waste
Standard Road Transfer Station,Buckley,Flintshire,Bespoke,"SR: Household, Commercial & Industrial Waste Transfer Stn",Effective,53.177485882131855,-3.0653628189729814,Waste
Llwyn Isaf Anaerobic Digestion Plant,Near Caernarfon,Gwynedd,Bespoke,A23: Biological Treatment Facility,Effective,53.01484749246483,-4.310349739036125,Waste
Nantycaws Materials Recycling Facilities,Carmarthen,,Bespoke,A15: Material Recycling Treatment Facility,Effective,51.83608588242951,-4.217576869618679,Waste
Crane Cross Civic Amenity & Recycling Centre,Saundersfoot,Pembrokeshire,Bespoke,A13a: Household waste amenity site taking hazardous waste,Effective,51.70193649304027,-4.726200881878525,Waste
The Old Transport Yard,Deeside,Flintshire,Bespoke,A19: Metal Recycling Site (Vehicle Dismantler),Effective,53.19743204730631,-3.0492862454342524,Waste
A Skip 2 U Ltd,Mold,Flintshire,Standard,S0801: SR2008 No1 : HCI Waste Transfer Station,Effective,53.153251597717265,-3.0841730897683046,Waste
Elis UK Limited,Chepstow,Monmouthshire,Bespoke,A12: Clinical Waste Transfer Station,Effective,51.63236897947212,-2.6694635547706023,Waste
Abergele Civic Amenity Site,Abergele,Conwy,Bespoke,A13: Household Waste Amenity Site,Effective,53.285427667493416,-3.545021191803379,Waste
AST Plastic Containers UK LLP,Wrexham,Wrexham,Bespoke,A16a: Hazardous waste physical treatment facility,Effective,53.0484129061776,-2.9237996316299144,Waste
J & A Metals Recycling Centre,Crosshands,Carmarthenshire,Bespoke,"SR: Household, Commercial & Industrial Waste Transfer Stn",Effective,51.78208881618642,-4.06592912651687,Waste
Roseheyworth Household Waste Recycling Centre,Abertillery,Blaenau Gwent,Bespoke,A13a: Household waste amenity site taking hazardous waste,Effective,51.74446051626953,-3.15325565025239,Waste
Brother Industries (U.K.) Ltd.,Wrexham,Clwyd,Bespoke,A15: Material Recycling Treatment Facility,Effective,53.00217694337393,-3.0395820257011876,Waste
Briton Ferry Shipping Services Ltd,Neath,N P T,Bespoke,A09: Hazardous waste transfer station,Effective,51.637968369020456,-3.827795949595327,Waste
Unit 12F,Barry,,Bespoke,"SR: Household, Commercial & Industrial Waste Transfer Stn",Effective,51.398365874724675,-3.2473231379005356,Waste
Elis UK Limited,Chepstow,Monmouthshire,Bespoke,A12: Clinical Waste Transfer Station,Effective,51.63236897947212,-2.6694635547706023,Waste
"H K Motors, Ruabon",Wrexham,Clwyd,Bespoke,A19: Metal Recycling Site (Vehicle Dismantler),Effective,52.998362202916425,-3.0430217862213995,Waste
Unit 11 & The Old Engine House,Swansea,Swansea,Bespoke,"SR: Household, Commercial & Industrial Waste Transfer Stn",Effective,51.65902211919509,-3.917258116758681,Waste
Caergylchu Waste Management Facility,Caernarfon,Gwynedd,Bespoke,A13a: Household waste amenity site taking hazardous waste,Effective,53.14107862200739,-4.243331050389655,Waste
Nantycaws Materials Recycling Facilities,Carmarthen,,Bespoke,A15: Material Recycling Treatment Facility,Effective,51.83608588242951,-4.217576869618679,Waste
Chadwicks Metal Processing Facility,Deeside,Flintshire,Bespoke,A20: Metal Recycling Site (mixed MRS's),Effective,53.20367781490357,-3.008910682571598,Waste
Dyfed Recycling Services,Llanelli,Carmarthenshire,Bespoke,"SR: Household, Commercial & Industrial Waste Transfer Stn",Effective,51.691590065319716,-4.130272223557306,Waste
Plas Madoc Household Waste Recycling Centre,Wrexham,Clwyd,Bespoke,A13: Household Waste Amenity Site,Effective,52.98253987695185,-3.05531624959671,Waste
New Inn Waste Transfer Station,Torfaen,,Bespoke,A13a: Household waste amenity site taking hazardous waste,Effective,51.69223787533471,-3.019056168006587,Waste
Nant Newydd Quarry Landfill Site,,,Bespoke,L05: Inert Landfill,Effective,53.30546445028444,-4.2803717209066985,Waste
Clover Auto Parts,Wrexham,Wrexham,Standard,"S1214: SR2012 No14: Metal recycling, vehicle storage, depollution",Effective,53.02758154691488,-2.9253225047360063,Waste
A C D Skips Ltd,Bridgend,Glamorgan,Bespoke,"SR: Household, Commercial & Industrial Waste Transfer Stn",Effective,51.54970567702705,-3.5804006574921448,Waste
Parry and Evans Ltd,,Flintshire,Bespoke,"SR: Household, Commercial & Industrial Waste Transfer Stn",Effective,53.224864633084366,-3.004750278789408,Waste
Cae Bwsan,Caernarfon,Gwynedd,Bespoke,A19a: ELV Facility <2500 tonnes per year,Effective,53.01658863347549,-4.3730330223752745,Waste
Coed Top Hill,Nelson,Treharris,Bespoke,A23: Biological Treatment Facility,Effective,51.66251887243275,-3.2784361692679824,Waste
Troste Depot,Trostre Industrial Park,Llanelli,Bespoke,"A11: Household, commercial and industrial waste transfer Stn",Effective,51.67326935409254,-4.137844302388648,Waste
Llantrisant Recycling,Pontyclun,,Bespoke,A16: Physical Treatment Facility,Effective,51.55732444067384,-3.3837731973546443,Waste
Pembrokeshire Eco Park,Milford Haven,Pembrokeshire,Bespoke,"A11: Household, commercial and industrial waste transfer Stn",Effective,51.742907153803756,-5.057927429558994,Waste
Silent Valley Waste Transfer station,Ebbw Vale,Blaenau Gwent,Bespoke,"A11: Household, commercial and industrial waste transfer Stn",Effective,51.75406882518391,-3.1834606987313325,Waste
Pengarnddu Ind Est Transfer Station,Merthyr Tydfil,,Bespoke,A09: Hazardous waste transfer station,Effective,51.771509849268675,-3.33792223582868,Waste
Colin Richardson Recycling Centre,Newport,Gwent,Standard,S0811: SR2008 No11 : Inert & excavation Waste TS + treatment,Effective,51.62467101698355,-2.9620393925205093,Waste
Unit 12F,Barry,,Bespoke,"SR: Household, Commercial & Industrial Waste Transfer Stn",Effective,51.398365874724675,-3.2473231379005356,Waste
Talbot Wharf,Port Talbot,Neath Port Talbot,Bespoke,"SR: Household, Commercial & Industrial Waste Transfer Stn",Effective,51.58774709098668,-3.793356858005549,Waste
Worldcare Recycling,Llandudno Junction,Conwy,Bespoke,A16: Physical Treatment Facility,Effective,53.28208529336727,-3.805873191441222,Waste
Ty Mawr,Ty Croes,Gwynedd,Bespoke,"SR: Household, Commercial & Industrial Waste Transfer Stn",Effective,53.25105633316891,-4.4381800848087565,Waste
Ty'n Y Coed,Penrhyndeudraeth,Gwynedd,Bespoke,"SR: Household, Commercial & Industrial Waste Transfer Stn",Effective,52.92143900900787,-4.100151502493084,Waste
Pets At Rest,Carmarthen,Carmarthenshire,Bespoke,"A04: Household, Commercial & Industrial Waste Landfill",Effective,52.01574022128674,-4.150961370475261,Waste
1 Acre Farm,Holywell,,Standard,S0820: SR2008 No20 : Vehicle depollution facility (ATF),Effective,53.244802766396894,-3.1947012183909345,Waste
Davies Skips Ltd,Neath,N P T,Bespoke,"SR: Household, Commercial & Industrial Waste Transfer Stn",Effective,51.662120742781745,-3.8092770339633573,Waste
Gellia'r-gwellt Uchaf Transfer & Composting Station,Hengoed,Caerphilly,Bespoke,"SR: Household, Commercial & Industrial Waste Transfer Stn",Effective,51.65998043464665,-3.2679118337728847,Waste
W H Chaloner & Son Ltd,Wrexham,Clwyd,Bespoke,A20: Metal Recycling Site (mixed MRS's),Effective,53.10061629356517,-3.010902949400992,Waste
Penrhos Depot Hazardous Waste Transfer Station,Llandysul,Ceredigion,Bespoke,"A11: Household, commercial and industrial waste transfer Stn",Effective,52.08439815174946,-4.363427876944736,Waste
Jukes Landfill,Aberbeeg,Blaenau Gwent,Bespoke,A06: Landfill taking other wastes,Effective,51.72124674299013,-3.1594110790958507,Waste
Hydro Wrexham Scrap Hub,Wrexham,Wrexham,Standard,S0821: SR2008 No21 : Metal recycling site,Effective,53.044881968746616,-2.910731940607106,Waste
Timet Lagoon,Waunarlwydd,,Bespoke,A08: Lagoon,Effective,51.6476138844765,-4.022109112838801,Waste
Recycling and Recovery Facility,Neath,,Bespoke,"A11: Household, commercial and industrial waste transfer Stn",Effective,51.65258364475261,-3.837982905086759,Waste
Tollgate House,Llandough,Glamorgan,Bespoke,"SR: Household, Commercial & Industrial Waste Transfer Stn",Effective,51.455824574710114,-3.1999961066182703,Waste
MTCBC Waste Transfer Station,Pentrebach,Merthyr Tydfil,Bespoke,"SR: Household, Commercial & Industrial Waste Transfer Stn",Effective,51.71826475711868,-3.353316020304926,Waste
"Unit 2, Sea View Bungalow",Cardiff,Glamorgan,Bespoke,"SR: Household, Commercial & Industrial Waste Transfer Stn",Effective,51.50485161864078,-3.0784385007765094,Waste
Queensferry Depot,Sandycroft,Flintshire,Bespoke,A16: Physical Treatment Facility,Effective,53.20411675652026,-3.011211671338136,Waste
The Windmill Site,Abergele,,Bespoke,"SR: Household, Commercial & Industrial Waste Transfer Stn",Effective,53.28526165393204,-3.545345222766956,Waste
Gmh Vehicle Dismantlers,Cardiff,Glamorgan,Bespoke,A19: Metal Recycling Site (Vehicle Dismantler),Effective,51.49633063458251,-3.1108371800248746,Waste
Penhesgyn Waste Transfer & Materials Recovery Facility,Llansadwrn,Ynys Mon,Bespoke,"SR: Household, Commercial & Industrial Waste Transfer Stn",Effective,53.244432483069204,-4.198719617920321,Waste
Williams Plant Hire Ltd,Newtown,Powys,Bespoke,"SR: Household, Commercial & Industrial Waste Transfer Stn",Effective,52.53325861310254,-3.2636001960674923,Waste
Clover Auto Parts,Wrexham,Wrexham,Standard,"S1214: SR2012 No14: Metal recycling, vehicle storage, depollution",Effective,53.02758154691488,-2.9253225047360063,Waste
Biodegradeable Waste Transfer Station,Ammanford,Carmarthenshire,Standard,S0805: SR2008 No5 : HCI Waste TS + asbestos,Effective,51.791577431629875,-3.9838957735564198,Waste
Envik Waste Recycling Services,,Rhondda Cynon Taf,Bespoke,A16a: Hazardous waste physical treatment facility,Effective,51.52984504795902,-3.4041896271096155,Waste
New Horizon Plastics Co Ltd,Flint,Flintshire,Bespoke,A16: Physical Treatment Facility,Effective,53.253396471639604,-3.1349240977730517,Waste
Dinas Community Recycling Centre,Porth,Rhondda Cynon Taff,Bespoke,A13: Household Waste Amenity Site,Effective,51.614452292859596,-3.4227019380112704,Waste
Swansea Baling Plant,Swansea,,Bespoke,"A11: Household, commercial and industrial waste transfer Stn",Effective,51.65815123493586,-3.919925014244213,Waste
Penrhos Depot Hazardous Waste Transfer Station,Llandysul,Ceredigion,Bespoke,"A11: Household, commercial and industrial waste transfer Stn",Effective,52.08439815174946,-4.363427876944736,Waste
Unit 15 Drome Road,Deeside,Flintshire,Bespoke,A16a: Hazardous waste physical treatment facility,Effective,53.22740845517534,-2.9972749777577357,Waste
Oakdale Recycling Limited,Abercarn,Caerphilly,Standard,S0821: SR2008 No21 : Metal recycling site,Effective,51.643005763105855,-3.1360102619030865,Waste
Lamby Way Depot,Cardiff,Glamorgan,Bespoke,A13a: Household waste amenity site taking hazardous waste,Effective,51.49810077787642,-3.1241771191521597,Waste
Plas Madoc Household Waste Recycling Centre,Wrexham,Clwyd,Bespoke,A13: Household Waste Amenity Site,Effective,52.98253987695185,-3.05531624959671,Waste
AST Plastic Containers UK LLP,Wrexham,Wrexham,Bespoke,A16a: Hazardous waste physical treatment facility,Effective,53.0484129061776,-2.9237996316299144,Waste
Land Adjacent to Ty Newydd,Llanelli,,Bespoke,"SR: Household, Commercial & Industrial Waste Transfer Stn",Effective,51.7846790460267,-4.063858178853867,Waste
A48 Auto Salvage,Bridgend,Glamorgan,Bespoke,A19a: ELV Facility <2500 tonnes per year,Effective,51.511153352199145,-3.6739188646603798,Waste
Bagillt Car Spares,Bagillt,Flintshire,Bespoke,A19: Metal Recycling Site (Vehicle Dismantler),Effective,53.274498471378855,-3.178043296098422,Waste
Unit 1- Crugmore Farm,Cardigan,Ceredigion,Bespoke,A16: Physical Treatment Facility,Effective,52.09417021414923,-4.624790574590682,Waste
Envik Waste Recycling Services,,Rhondda Cynon Taf,Bespoke,A16a: Hazardous waste physical treatment facility,Effective,51.52984504795902,-3.4041896271096155,Waste
Abba Scrap,Merthyr Tydfil,Glamorgan,Bespoke,A20: Metal Recycling Site (mixed MRS's),Effective,51.770531565831476,-3.3361831221233227,Waste
Hendy Recycling,Pontyclum,Mid Glamorgan,Bespoke,A14: Transfer Station taking Non-Biodegradable Wastes,Effective,51.521046548591016,-3.3634019025326074,Waste
New Vale HWRC,Ebbw Vale,Blaenau Gwent,Bespoke,A13: Household Waste Amenity Site,Effective,51.78752269431256,-3.2250475189236374,Waste
United Recycled Aggregates Ltd,Swansea,,Standard,"SR/12: SR2010 No12: Treatment of waste to produce soil <75,000 tpa",Effective,51.65790078368366,-3.9187433255726867,Waste
Grove Farm Autos,Aberdare,R C T,Bespoke,A19a: ELV Facility <2500 tonnes per year,Effective,51.73148619558427,-3.502456439775416,Waste
Vale of Glamorgan Resource Recovery Facility,Barry,Vale of Glamorgan,Bespoke,A09: Hazardous waste transfer station,Effective,51.3978719456124,-3.2464184617191676,Waste
Llanfoist Waste Transfer Station,Abergavenny,Monmouthshire,Bespoke,"SR: Household, Commercial & Industrial Waste Transfer Stn",Effective,51.81297705926055,-3.021865079255181,Waste
Hughes & John Haulage Contractors & Aggregates Recycling,Kilgetty,,Bespoke,A16: Physical Treatment Facility,Effective,51.71073288494781,-4.814590542094067,Waste
Thomas Brothers,Milford Haven,Pembrokeshire,Standard,S0803: SR2008 No3 : HCI Waste TS + treatment,Effective,51.715588612460806,-4.994212983723148,Waste
Arch Motors,Llandudno,Conwy,Bespoke,A19: Metal Recycling Site (Vehicle Dismantler),Effective,53.314412575625425,-3.8248167724587088,Waste
A C D Skips Ltd,Bridgend,Glamorgan,Bespoke,"SR: Household, Commercial & Industrial Waste Transfer Stn",Effective,51.54970567702705,-3.5804006574921448,Waste
Bryn Pica Waste Operations,Aberdare,R C T,Bespoke,A15: Material Recycling Treatment Facility,Effective,51.73911398025146,-3.4368255529056135,Waste
Paperback Collection & Recycling Ltd,Deeside,Clwyd,Bespoke,A16: Physical Treatment Facility,Effective,53.22450857751897,-3.0181030822153154,Waste
G Davies Skip Hire,Port Talbot,N P T,Bespoke,"SR: Household, Commercial & Industrial Waste Transfer Stn",Effective,51.61200328336094,-3.7670153732699663,Waste
Lamby Way Depot,Cardiff,Glamorgan,Bespoke,A22: Composting Facility,Effective,51.49810077787642,-3.1241771191521597,Waste
Dyfi Skips,Machynlleth,Powys,Bespoke,"SR: Household, Commercial & Industrial Waste Transfer Stn",Effective,52.574998679647415,-3.891236226216214,Waste
Swansea Drydocks Ltd,Swansea,,Bespoke,A20: Metal Recycling Site (mixed MRS's),Effective,51.611973812613755,-3.9222072637647165,Waste
Clays Site,Wrexham,Clwyd,Bespoke,A25: Deposit of waste to land as a recovery operation,Effective,53.05422068939748,-2.9317865226548085,Waste
Delyn Metals Ltd,Holywell,Flintshire,Bespoke,A20: Metal Recycling Site (mixed MRS's),Effective,53.33826390393168,-3.338656985121558,Waste
Unit 17,Cardiff,Cardiff,Bespoke,"SR: Household, Commercial & Industrial Waste Transfer Stn",Effective,51.47568709476612,-3.135058791731807,Waste
E.J. Metals Recycling Ltd,Lampeter,Ceredigion,Bespoke,A19a: ELV Facility <2500 tonnes per year,Effective,52.15373083753036,-4.120814115840752,Waste
New Inn Waste Transfer Station,Torfaen,,Bespoke,"A11: Household, commercial and industrial waste transfer Stn",Effective,51.69223787533471,-3.019056168006587,Waste
The Recycling Centre,Ystrad Mynach,Hengoed,Bespoke,A09: Hazardous waste transfer station,Effective,51.628282795438636,-3.2274703690777025,Waste
Hermon Civic Amenity and recycling centre,Crymych,Pembrokeshire,Bespoke,A13a: Household waste amenity site taking hazardous waste,Effective,51.95833061347621,-4.630483223056808,Waste
Bryn Lane Composting Facility,Wrexham,Clwyd,Bespoke,A15: Material Recycling Treatment Facility,Effective,53.05032801162705,-2.9179478804976204,Waste
Coed Ffridd Arw,Dolgellau,Gwynedd,Bespoke,"SR: Household, Commercial & Industrial Waste Transfer Stn",Effective,52.74485014961466,-3.8842732551396804,Waste
The Recycling Centre,Ystrad Mynach,Hengoed,Bespoke,A09: Hazardous waste transfer station,Effective,51.628282795438636,-3.2274703690777025,Waste
Bethel Construction Ltd,Swansea,Mid Glam,Standard,"SR/09: SR2010 No9: Use of waste for reclamation etc <50,000 tpa",Effective,51.66006846130421,-3.891001941474865,Waste
Oakenholt Household Waste Recycling Centre,Flint,Flintshire,Bespoke,A13a: Household waste amenity site taking hazardous waste,Effective,53.23533726444855,-3.100390368128194,Waste
Min Y Clwyd Yard,Ruthin,Denbighshire,Bespoke,"SR: Household, Commercial & Industrial Waste Transfer Stn",Effective,53.119809514576765,-3.312044096705876,Waste
Swansea Baling Plant,Swansea,,Bespoke,A16: Physical Treatment Facility,Effective,51.65815123493586,-3.919925014244213,Waste
Greenfield Recycling Park,Greenfield,Flintshire,Bespoke,"SR: Household, Commercial & Industrial Waste Transfer Stn",Effective,53.28485435808253,-3.190688363185223,Waste
Williams Plant Hire Ltd,Newtown,Powys,Bespoke,"SR: Household, Commercial & Industrial Waste Transfer Stn",Effective,52.53325861310254,-3.2636001960674923,Waste
K G Matthews Auto Salvage,Gaerwen,Ynys Mon,Bespoke,A19: Metal Recycling Site (Vehicle Dismantler),Effective,53.22927245300479,-4.2871518717027195,Waste
The Recycling Centre,Ystrad Mynach,Hengoed,Bespoke,A09: Hazardous waste transfer station,Effective,51.628282795438636,-3.2274703690777025,Waste
Flintspeed Car & Commercial Dismantlers,Holywell,Flintshire,Bespoke,A19: Metal Recycling Site (Vehicle Dismantler),Effective,53.29480701536862,-3.220762605688918,Waste
Summerleaze Pet Crematorium,Newport,Gwent,Bespoke,A27:,Effective,51.5564269188951,-2.841251166932964,Waste
Lamby Way Depot,Cardiff,Glamorgan,Bespoke,A15: Material Recycling Treatment Facility,Effective,51.49810077787642,-3.1241771191521597,Waste
Blaencilgoed Farm,Narberth,Pembrokeshire,Bespoke,A05: Landfill taking Non-Biodegradeable Wastes,Effective,51.76492643372866,-4.6832530601228415,Waste
MWR Motorcycles Ltd,Pontyclun,,Standard,SR/21: SR2011 No3: Vehicle Depollution Facility <5000 tpa,Effective,51.53053425779655,-3.4052055947109743,Waste
Tir John Landfill ( Closed Site),Swansea,,Bespoke,A02: Other Landfill Site taking Hazardous Waste,Effective,51.62461455678134,-3.89750199130152,Waste
Waterston Car Breakers,Milford Haven,Pembrokeshire,Bespoke,A19a: ELV Facility <2500 tonnes per year,Effective,51.71217697103028,-4.986560255145457,Waste
Abergele Civic Amenity Site,Abergele,Conwy,Bespoke,A13: Household Waste Amenity Site,Effective,53.285427667493416,-3.545021191803379,Waste
ASH Wrexham Recycling Centre,Wrexham,,Bespoke,"A11: Household, commercial and industrial waste transfer Stn",Effective,53.03683457390513,-2.9203158041153374,Waste
Gellia'r-gwellt Uchaf Transfer & Composting Station,Hengoed,Caerphilly,Bespoke,"SR: Household, Commercial & Industrial Waste Transfer Stn",Effective,51.65998043464665,-3.2679118337728847,Waste
Asgard Renewables Ltd,Cardigan,Ceredigion,Bespoke,A29: Gas Engine for buring of landfill or other bio-gas,Effective,52.09352498871253,-4.624285470679071,Waste
Ty'n Y Coed,Penrhyndeudraeth,Gwynedd,Bespoke,"SR: Household, Commercial & Industrial Waste Transfer Stn",Effective,52.92143900900787,-4.100151502493084,Waste
C A R,Cwmbran,Gwent,Bespoke,A19a: ELV Facility <2500 tonnes per year,Effective,51.62689216986997,-2.9858513461406613,Waste
Glanyrafon Depot,Aberystwyth,Ceredigion,Bespoke,"A11: Household, commercial and industrial waste transfer Stn",Effective,52.40406613334658,-4.037849028123627,Waste
The Old Transport Yard,Deeside,Flintshire,Bespoke,A19: Metal Recycling Site (Vehicle Dismantler),Effective,53.19743204730631,-3.0492862454342524,Waste
Rhuddlan Bach Quarry Landfill Site,Brynteg,Anglesey,Bespoke,L05: Inert Landfill,Effective,53.302270010259384,-4.27533859041127,Waste
I Hayward Ltd,Wrexham,Clwyd,Bespoke,A20: Metal Recycling Site (mixed MRS's),Effective,52.99765034642283,-3.043213230070392,Waste
W H Chaloner & Son Ltd,Wrexham,Clwyd,Bespoke,A20: Metal Recycling Site (mixed MRS's),Effective,53.10061629356517,-3.010902949400992,Waste
Parry and Evans Ltd,,Flintshire,Bespoke,"SR: Household, Commercial & Industrial Waste Transfer Stn",Effective,53.224864633084366,-3.004750278789408,Waste
LAS Waste Ltd.,Lampeter,Ceredigion,Bespoke,"A11: Household, commercial and industrial waste transfer Stn",Effective,52.121411723503975,-4.078011150869719,Waste
Rhondda Skip Hire,Williamstown,R C T,Bespoke,"SR: Household, Commercial & Industrial Waste Transfer Stn",Effective,51.6047899242286,-3.4393383171906486,Waste
Miner's Road Depot,Wrexham,Clwyd,Bespoke,A16: Physical Treatment Facility,Effective,53.099533099161185,-3.014596463624215,Waste
TD Tyre Recycling Ltd,Carmarthen,,Bespoke,"SR: Household, Commercial & Industrial Waste Transfer Stn",Effective,51.84505364314549,-4.337231171879439,Waste
Rhyl Recycling Park,Rhyl,Denbighshire,Bespoke,A13a: Household waste amenity site taking hazardous waste,Effective,53.31006018081115,-3.497024355904645,Waste
Llechwedd Quarry,,Gwynedd,Standard,S0811: SR2008 No11 : Inert & excavation Waste TS + treatment,Effective,53.001313368713745,-3.934933815710786,Waste
Denbigh Civic Amenity Site,Denbigh,Denbighshire,Bespoke,A13a: Household waste amenity site taking hazardous waste,Effective,53.18992378306633,-3.414540154263071,Waste
Morris & Co (Handlers) Ltd,Skewen,,Bespoke,A20: Metal Recycling Site (mixed MRS's),Effective,51.64715547682223,-3.8400760047871088,Waste
Jay Metals,Llanfyrnach,Pembrokeshire,Bespoke,A20: Metal Recycling Site (mixed MRS's),Effective,51.96216986280802,-4.511992885638854,Waste
Moel Y Faen Quarry,Llangollen,Denbighshire,Bespoke,A25: Deposit of waste to land as a recovery operation,Effective,53.021219028571274,-3.2209246652106724,Waste
Arch Services Recovery Facility,Porth,Rhondda Cynon Taff,Bespoke,A16: Physical Treatment Facility,Effective,51.61921157757782,-3.409821531012374,Waste
Recycling and Recovery Facility,Neath,,Bespoke,"A11: Household, commercial and industrial waste transfer Stn",Effective,51.65258364475261,-3.837982905086759,Waste
Lodge Farm Digester,Wrexham,Clwyd,Bespoke,A23: Biological Treatment Facility,Effective,53.0826997340672,-2.9224735049607022,Waste
The Windmill Site,Abergele,,Bespoke,"SR: Household, Commercial & Industrial Waste Transfer Stn",Effective,53.28526165393204,-3.545345222766956,Waste
New Inn Waste Transfer Station,Torfaen,,Bespoke,A13a: Household waste amenity site taking hazardous waste,Effective,51.69223787533471,-3.019056168006587,Waste
Trident Commercial Holdings Limited Trading As Trident Metals,Deeside,Flintshire,Bespoke,A20: Metal Recycling Site (mixed MRS's),Effective,53.20440086749991,-3.006322569777466,Waste
Plas Einon Quarry,Clwyd,Denbighshire,Bespoke,A06: Landfill taking other wastes,Effective,53.079508737018266,-3.3022339469725863,Waste
Ruthin Civic Amenity Site,Ruthin,Denbighshire,Bespoke,A13a: Household waste amenity site taking hazardous waste,Effective,53.12211907604774,-3.31211444762808,Waste
Txo Systems Ltd,Chepstow,Monmouthshire,Standard,S0823: SR2008 No23 : WEEE treatment facility,Effective,51.615565509284714,-2.672350323444923,Waste
David Neil,Abergele,Conwy,Bespoke,A19a: ELV Facility <2500 tonnes per year,Effective,53.19871528729091,-3.744696573530789,Waste
Cilmaenllwyd Civic Amenity Site,Cardigan,Ceredigion,Bespoke,A13: Household Waste Amenity Site,Effective,52.10324655465039,-4.624272340585722,Waste
Pengarnddu Ind Est Transfer Station,Merthyr Tydfil,,Bespoke,A09: Hazardous waste transfer station,Effective,51.771509849268675,-3.33792223582868,Waste
Brindley Road,Cardiff,Glamorgan,Bespoke,"SR: Household, Commercial & Industrial Waste Transfer Stn",Effective,51.45882413912266,-3.200362667650746,Waste
Recycling and Recovery Facility,Neath,,Bespoke,A16: Physical Treatment Facility,Effective,51.65258364475261,-3.837982905086759,Waste
Brindley Road,Cardiff,Glamorgan,Bespoke,"SR: Household, Commercial & Industrial Waste Transfer Stn",Effective,51.45882413912266,-3.200362667650746,Waste
New Horizon Plastics Co Ltd,Flint,Flintshire,Bespoke,A16: Physical Treatment Facility,Effective,53.253396471639604,-3.1349240977730517,Waste
Llechwedd Quarry,,Gwynedd,Standard,S0811: SR2008 No11 : Inert & excavation Waste TS + treatment,Effective,53.001313368713745,-3.934933815710786,Waste
European Metal Recycling Ltd,Cardiff,Glamorgan,Bespoke,A19: Metal Recycling Site (Vehicle Dismantler),Effective,51.469806933246616,-3.148849395263474,Waste
Kingsbridge Auto Parts,Gorseinon,Swansea,Bespoke,A19: Metal Recycling Site (Vehicle Dismantler),Effective,51.663170625527854,-4.0351362141730895,Waste
Coalbrook Motors Ltd,,Grovesend,Bespoke,A19a: ELV Facility <2500 tonnes per year,Effective,51.68291901245737,-4.0392334433949415,Waste
Dragon Works,Chester,Cheshire,Bespoke,A19: Metal Recycling Site (Vehicle Dismantler),Effective,53.17724057260189,-2.9350943502514912,Waste
Old Bridge Inn,Mold,Flintshire,Standard,S0803: SR2008 No3 : HCI Waste TS + treatment,Effective,53.152982385022014,-3.085108410728613,Waste
Cymru Lan,Gaerwen,Ynys Mon,Bespoke,"SR: Household, Commercial & Industrial Waste Transfer Stn",Effective,53.218017170377045,-4.2842750614278025,Waste
Green Steel Works Ltd,Tredegar,Caerphilly,Standard,S0803: SR2008 No3 : HCI Waste TS + treatment,Effective,51.754539357932074,-3.2875097669896975,Waste
Troste Depot,Trostre Industrial Park,Llanelli,Bespoke,"A11: Household, commercial and industrial waste transfer Stn",Effective,51.67326935409254,-4.137844302388648,Waste
Coal Terminal,Newport,,Bespoke,A16: Physical Treatment Facility,Effective,51.55352853663106,-2.9870334094836184,Waste
Llanddulas Quarry Waste Treatment Centre,Abergele,Conwy,Bespoke,"SR: Household, Commercial & Industrial Waste Transfer Stn",Effective,53.28886343549429,-3.6573478652732496,Waste
G Davies Skip Hire,Port Talbot,N P T,Bespoke,"SR: Household, Commercial & Industrial Waste Transfer Stn",Effective,51.61200328336094,-3.7670153732699663,Waste
Roydon Bottle Recycling Ltd,Caerphilly,,Bespoke,A16: Physical Treatment Facility,Effective,51.648776775264146,-3.1879574846644916,Waste
J & A Metals Recycling Centre,Crosshands,Carmarthenshire,Bespoke,"SR: Household, Commercial & Industrial Waste Transfer Stn",Effective,51.78208881618642,-4.06592912651687,Waste
Pen Y Wain Farm,Cardiff,Newport,Bespoke,A19a: ELV Facility <2500 tonnes per year,Effective,51.533100126827264,-3.059109491752106,Waste
Llanddulas Quarry Waste Treatment Centre,Abergele,Conwy,Bespoke,"SR: Household, Commercial & Industrial Waste Transfer Stn",Effective,53.28886343549429,-3.6573478652732496,Waste
Glan Y Don Depot,Pwllheli,Gwynedd,Bespoke,"SR: Household, Commercial & Industrial Waste Transfer Stn",Effective,52.89145991135369,-4.402790745713794,Waste
Llantrisant Recycling,Pontyclun,,Bespoke,A16: Physical Treatment Facility,Effective,51.55732444067384,-3.3837731973546443,Waste
Unipex Aggregate Recovery Limited,,Cardiff,Bespoke,A16: Physical Treatment Facility,Effective,51.46965002769031,-3.1977673694608435,Waste
Alexandra Docks,Newport,,Bespoke,"SR: Household, Commercial & Industrial Waste Transfer Stn",Effective,51.561774634017446,-2.9794362898606757,Waste
Brisco Waste Disposal Ltd,Swansea,,Bespoke,"SR: Household, Commercial & Industrial Waste Transfer Stn",Effective,51.64708825014534,-3.998191989392048,Waste
Paperback Collection & Recycling Ltd,Deeside,Clwyd,Bespoke,A16: Physical Treatment Facility,Effective,53.22450857751897,-3.0181030822153154,Waste
Waen Farm,Mold,Flintshire,Bespoke,A05: Landfill taking Non-Biodegradeable Wastes,Effective,53.14614641799739,-3.131884385771809,Waste
Winsel Civic Amenity & Recycling Site,Haverfordwest,Pembrokeshire,Bespoke,A13a: Household waste amenity site taking hazardous waste,Effective,51.778019688881535,-5.003915055295228,Waste
Dirtbusters Mini & Midi Skips,Kinmel Bay,Conwy,Bespoke,"SR: Household, Commercial & Industrial Waste Transfer Stn",Effective,53.30932477965626,-3.5083006527247553,Waste
Sea View Farm 1,Deeside,Flintshire,Bespoke,A06: Landfill taking other wastes,Effective,53.198091572658306,-3.0499310835295104,Waste
Llanfoist Waste Transfer Station,Abergavenny,Monmouthshire,Bespoke,"SR: Household, Commercial & Industrial Waste Transfer Stn",Effective,51.81297705926055,-3.021865079255181,Waste
Enviroclear Site Services Limited,Wrexham,Clwyd,Bespoke,"SR: Household, Commercial & Industrial Waste Transfer Stn",Effective,53.01096349801296,-3.0267365913251862,Waste
Potters Yard,Welshpool,Powys,Bespoke,A13a: Household waste amenity site taking hazardous waste,Effective,52.65836261877584,-3.1382231082242575,Waste
K M Environmental Ltd,St Asaph,Denbighshire,Bespoke,A16: Physical Treatment Facility,Effective,53.263262635085454,-3.422702297968371,Waste
Bryn Lane Civic Amenity Site,Wrexham,,Bespoke,A13: Household Waste Amenity Site,Effective,53.04487472041353,-2.912849913443031,Waste
Dan Y Parc Council Depot,Abercrave,Powys,Bespoke,"SR: Household, Commercial & Industrial Waste Transfer Stn",Effective,51.79403838695652,-3.736971714849849,Waste
Trehir Quarry Landfill,Caerphilly,Glamorgan,Bespoke,A02: Other Landfill Site taking Hazardous Waste,Effective,51.59831788789435,-3.222720545933592,Waste
Mochdre Civic Amenity Site,Colwyn Bay,Conwy,Bespoke,A13: Household Waste Amenity Site,Effective,53.29811027756282,-3.75925045626846,Waste
LAS Waste Ltd.,Lampeter,Ceredigion,Bespoke,"A11: Household, commercial and industrial waste transfer Stn",Effective,52.121411723503975,-4.078011150869719,Waste
Ammanford Metal Recycling,Ammanford,Carmarthenshire,Bespoke,S0820: SR2008 No20 : Vehicle depollution facility (ATF),Effective,51.79842030295009,-3.9977131181561485,Waste
Withyhedge Material Recycling Facility,Haverfordwest,Pembrokeshire,Bespoke,A15: Material Recycling Treatment Facility,Effective,51.84261159374655,-4.957193440147648,Waste
Garth Isaf Farm,Pontypridd,Rhondda Cynon Taf,Bespoke,A16: Physical Treatment Facility,Effective,51.54969054581453,-3.3061058104366876,Waste
Potters Yard,Welshpool,Powys,Bespoke,A20: Metal Recycling Site (mixed MRS's),Effective,52.65836261877584,-3.1382231082242575,Waste
S L Recycling Ltd,Hengoed,Caerphilly,Bespoke,A20: Metal Recycling Site (mixed MRS's),Effective,51.660512656940206,-3.246760481401885,Waste
A Skip 2 U Ltd,Mold,Flintshire,Standard,S0801: SR2008 No1 : HCI Waste Transfer Station,Effective,53.153251597717265,-3.0841730897683046,Waste
J & A Metals Recycling Centre,Crosshands,Carmarthenshire,Bespoke,"SR: Household, Commercial & Industrial Waste Transfer Stn",Effective,51.78208881618642,-4.06592912651687,Waste
Gwrthwynt Waste Transfer Station,Newcastle Emlyn,Ceredigion,Bespoke,"SR: Household, Commercial & Industrial Waste Transfer Stn",Effective,52.09263366525518,-4.499448505074015,Waste
Materials Recovery & Energy  Centre,SWANSEA,West Glamorgan,Bespoke,"A11: Household, commercial and industrial waste transfer Stn",Effective,51.624064755434866,-3.880821420890643,Waste
Vale of Glamorgan Resource Recovery Facility,Barry,Vale of Glamorgan,Bespoke,A09: Hazardous waste transfer station,Effective,51.3978719456124,-3.2464184617191676,Waste
Tollgate House,Llandough,Glamorgan,Bespoke,"SR: Household, Commercial & Industrial Waste Transfer Stn",Effective,51.455824574710114,-3.1999961066182703,Waste
Nantycaws Materials Recycling Facilities,Carmarthen,,Bespoke,A15: Material Recycling Treatment Facility,Effective,51.83608588242951,-4.217576869618679,Waste
Llanddulas Composting Facility,Conwy,Clwyd,Bespoke,A22: Composting Facility,Effective,53.2799890432406,-3.647074804865345,Waste
Swansea Drydocks Ltd,Swansea,,Bespoke,A20: Metal Recycling Site (mixed MRS's),Effective,51.611973812613755,-3.9222072637647165,Waste
Spencer Ind Est Scrapyard,Buckley,Flintshire,Bespoke,A20: Metal Recycling Site (mixed MRS's),Effective,53.17581501283065,-3.0642291876674737,Waste
Atlantic Household Waste Recycling Centre,Barry,South Glamorgan,Bespoke,A13: Household Waste Amenity Site,Effective,51.39764708307019,-3.2455786139508107,Waste
Bala Civic Amenity Site,Bala,Gwynedd,Bespoke,A13: Household Waste Amenity Site,Effective,52.91011266177534,-3.5915882829932553,Waste
Jab 93,Bridgend,Glamorgan,Bespoke,A19a: ELV Facility <2500 tonnes per year,Effective,51.515655543761866,-3.560009943432413,Waste
The Lodge,Cowbridge,Vale Of Glamorg,Bespoke,"SR: Household, Commercial & Industrial Waste Transfer Stn",Effective,51.468325972405324,-3.464797918837573,Waste
North Powys Bulking Facility,,Powys,Bespoke,"SR: Household, Commercial & Industrial Waste Transfer Stn",Effective,52.53918701017333,-3.243732265323464,Waste
Glan Yr Afon Waste Transfer Station,Aberystwyth,Ceredigion,Bespoke,"A11: Household, commercial and industrial waste transfer Stn",Effective,52.40133884490716,-4.047895901685824,Waste
Plot 57 Brynmenyn Ind Est,Bridgend,Glamorgan,Standard,S0803: SR2008 No3 : HCI Waste TS + treatment,Effective,51.549603701450316,-3.5806278916314955,Waste
Mitchell Troy Household Waste Recycling Centre,Monmouth,Monmouthshire,Bespoke,A13: Household Waste Amenity Site,Effective,51.80162904391139,-2.715359558266889,Waste
Asgard Renewables Ltd,Cardigan,Ceredigion,Bespoke,A23: Biological Treatment Facility,Effective,52.09352498871253,-4.624285470679071,Waste
Tir John Civic Amenity Site,Swansea,,Bespoke,"SR: Household, Commercial & Industrial Waste Transfer Stn",Effective,51.62508032875293,-3.897059108500118,Waste
Atlantic Household Waste Recycling Centre,Barry,South Glamorgan,Bespoke,A13: Household Waste Amenity Site,Effective,51.39764708307019,-3.2455786139508107,Waste
Waste Transfer Station Tir Ergyd Yard,Aberdare,R C T,Bespoke,"SR: Household, Commercial & Industrial Waste Transfer Stn",Effective,51.73641750567773,-3.448456160193324,Waste
Penrhyn Quarry,Bangor,Gwynedd,Standard,S0811: SR2008 No11 : Inert & excavation Waste TS + treatment,Effective,53.170417892604604,-4.068964695975341,Waste
Pyle Community Recycling Centre,Bridgend,Bridgend,Bespoke,A13a: Household waste amenity site taking hazardous waste,Effective,51.524404391249554,-3.681713413539768,Waste
Ffridd Rasus Waste Management Facility,Harlech,Gwynedd,Bespoke,A13a: Household waste amenity site taking hazardous waste,Effective,52.883453508043445,-4.112746687017449,Waste
Cymru Lan,Gaerwen,Ynys Mon,Bespoke,"SR: Household, Commercial & Industrial Waste Transfer Stn",Effective,53.218017170377045,-4.2842750614278025,Waste
The Granary,Llanbradach,Mid Glamorgan,Bespoke,"A11: Household, commercial and industrial waste transfer Stn",Effective,51.60886542288034,-3.2321597833756566,Waste
Green Skips Environmental Ltd,Gaerwen,Ynys Mon,Bespoke,"SR: Household, Commercial & Industrial Waste Transfer Stn",Effective,53.21827488321618,-4.283494873057895,Waste
Llantrisant Recycling,Pontyclun,,Bespoke,A16: Physical Treatment Facility,Effective,51.55732444067384,-3.3837731973546443,Waste
Dow Corning Waste Transfer Station,Barry,Glamorgan,Bespoke,A15: Material Recycling Treatment Facility,Effective,51.405958599473465,-3.243619127489991,Waste
Hangar 208,Barry,Vale of Glamorgan,Bespoke,A19: Metal Recycling Site (Vehicle Dismantler),Effective,51.40965302734521,-3.4414972894898455,Waste
The Lodge,Cowbridge,Vale Of Glamorg,Bespoke,"SR: Household, Commercial & Industrial Waste Transfer Stn",Effective,51.468325972405324,-3.464797918837573,Waste
Volehurst Ltd,Newport,Gwent,Bespoke,"SR: Household, Commercial & Industrial Waste Transfer Stn",Effective,51.57481581394865,-2.982270809019571,Waste
Hendy Quarry Landfill,Pontyclun,R C T,Bespoke,L05: Inert Landfill,Effective,51.519978593056976,-3.3647680996024683,Waste
Pen-y-bont Highways Depot,Pen-y-bont,Llandrindod Wells,Bespoke,A16: Physical Treatment Facility,Effective,52.26776723650562,-3.29492925356146,Waste
Neville's Dock,Llanelli,Carmarthenshire,Bespoke,A20: Metal Recycling Site (mixed MRS's),Effective,51.66845312340758,-4.165601177479981,Waste
Materials Recovery & Energy  Centre,SWANSEA,West Glamorgan,Bespoke,"A11: Household, commercial and industrial waste transfer Stn",Effective,51.624064755434866,-3.880821420890643,Waste
Withyhedge Material Recycling Facility,Haverfordwest,Pembrokeshire,Bespoke,"SR: Household, Commercial & Industrial Waste Transfer Stn",Effective,51.84261159374655,-4.957193440147648,Waste
Waste Transfer Station Tir Ergyd Yard,Aberdare,R C T,Bespoke,"SR: Household, Commercial & Industrial Waste Transfer Stn",Effective,51.73641750567773,-3.448456160193324,Waste
Ty Mawr Farm,Newport,,Bespoke,A16: Physical Treatment Facility,Effective,51.538511562714035,-3.0040830832402454,Waste
Hermon Civic Amenity and recycling centre,Crymych,Pembrokeshire,Bespoke,A13a: Household waste amenity site taking hazardous waste,Effective,51.95833061347621,-4.630483223056808,Waste
Creigiau Tyres,Pontypridd,R C T,Bespoke,"SR: Household, Commercial & Industrial Waste Transfer Stn",Effective,51.55966657290502,-3.3297615550961432,Waste
Roath Dock,Cardiff,,Bespoke,"SR: Household, Commercial & Industrial Waste Transfer Stn",Effective,51.46686927493685,-3.1485740470758286,Waste
Paperback Collection & Recycling Ltd,Deeside,Clwyd,Bespoke,A16: Physical Treatment Facility,Effective,53.22450857751897,-3.0181030822153154,Waste
Old Sawmills Waste Transfer Station With Treatment & Recycling Facility,Llangadog,Carmarthenshire,Bespoke,"SR: Household, Commercial & Industrial Waste Transfer Stn",Effective,51.9414694483469,-3.8909593561150593,Waste
Neath And Port Talbot Hospital,Port Talbot,,Bespoke,A12: Clinical Waste Transfer Station,Effective,51.598839615689904,-3.798905339525775,Waste
Cwm Nant-yr-odyn,Blackwood,Caerphilly,Bespoke,A19a: ELV Facility <2500 tonnes per year,Effective,51.650892736818655,-3.177851201099632,Waste
Unit 15 Drome Road,Deeside,Flintshire,Bespoke,A16a: Hazardous waste physical treatment facility,Effective,53.22740845517534,-2.9972749777577357,Waste
The Windmill Site,Abergele,,Bespoke,"SR: Household, Commercial & Industrial Waste Transfer Stn",Effective,53.28526165393204,-3.545345222766956,Waste
Pwllheli Civic Amenity Site,Pwllheli,Gwynedd,Bespoke,A13: Household Waste Amenity Site,Effective,52.89145727590193,-4.402032398807516,Waste
Garngoch Civic Amenity Site,Garngoch Ind Est,Llansamle,Bespoke,"SR: Household, Commercial & Industrial Waste Transfer Stn",Effective,51.65105085831103,-3.6525721456453604,Waste
Pengarnddu Ind Est Transfer Station,Merthyr Tydfil,,Bespoke,A09: Hazardous waste transfer station,Effective,51.771509849268675,-3.33792223582868,Waste
Tondu Waste Transfer Station,Bridgend,Glamorgan,Standard,S0803: SR2008 No3 : HCI Waste TS + treatment,Effective,51.550229361113296,-3.5955199682114003,Waste
A J T Recycling Ltd,Swansea,Swansea,Standard,"S1214: SR2012 No14: Metal recycling, vehicle storage, depollution",Effective,51.64196299045041,-3.989164650233709,Waste
RDA Recycling Ltd,Risca,Newport,Bespoke,A19a: ELV Facility <2500 tonnes per year,Effective,51.60362174157969,-3.0953903032003085,Waste
Middle Woodstock Lagoon,,Pembrokeshire,Standard,SR/17: SR2010 No17: Storage of anaerobic digestate,Effective,51.90101958098605,-4.864073055312311,Waste
Unit 12F,Barry,,Bespoke,"SR: Household, Commercial & Industrial Waste Transfer Stn",Effective,51.398365874724675,-3.2473231379005356,Waste
Waterston Car Breakers,Milford Haven,Pembrokeshire,Bespoke,A19a: ELV Facility <2500 tonnes per year,Effective,51.71217697103028,-4.986560255145457,Waste
Central Depot,Ebbw Vale,Blaenau Gwent,Bespoke,A16: Physical Treatment Facility,Effective,51.79296137662509,-3.1713562454733686,Waste
K & L Car Dismantlers,Cardiff,Glamorgan,Bespoke,A20: Metal Recycling Site (mixed MRS's),Effective,51.5061517247545,-3.0962927349559974,Waste
Full Moon Waste Transfer Station,Newport,Caerphilly,Bespoke,"A11: Household, commercial and industrial waste transfer Stn",Effective,51.61554103415215,-3.1392239422537918,Waste
Aberbargoed Civic Amenity Site,Bargoed,Caerphilly,Bespoke,A13: Household Waste Amenity Site,Effective,51.683962561600666,-3.2159283399516982,Waste
Pembrokeshire Eco Park,Milford Haven,Pembrokeshire,Bespoke,A13a: Household waste amenity site taking hazardous waste,Effective,51.742907153803756,-5.057927429558994,Waste
Cymru Lan,Gaerwen,Ynys Mon,Bespoke,"SR: Household, Commercial & Industrial Waste Transfer Stn",Effective,53.218017170377045,-4.2842750614278025,Waste
Ruthin Waste Transfer Station,Ruthin,Denbighshire,Bespoke,"SR: Household, Commercial & Industrial Waste Transfer Stn",Effective,53.12177123257986,-3.3118647545780524,Waste
Rhayader Depot,,,Bespoke,"SR: Household, Commercial & Industrial Waste Transfer Stn",Effective,52.30011506935123,-3.51701366761677,Waste
"Unit 2, Sea View Bungalow",Cardiff,Glamorgan,Bespoke,"SR: Household, Commercial & Industrial Waste Transfer Stn",Effective,51.50485161864078,-3.0784385007765094,Waste
The Recycling Centre,Ystrad Mynach,Hengoed,Bespoke,A09: Hazardous waste transfer station,Effective,51.628282795438636,-3.2274703690777025,Waste
"Unit 2, Sea View Bungalow",Cardiff,Glamorgan,Bespoke,"SR: Household, Commercial & Industrial Waste Transfer Stn",Effective,51.50485161864078,-3.0784385007765094,Waste
Land Adajcent To Herbert Road,Newport,,Bespoke,A25: Deposit of waste to land as a recovery operation,Effective,51.59821904991837,-2.9846526790422367,Waste
Recycling and Recovery Facility,Neath,,Bespoke,"A11: Household, commercial and industrial waste transfer Stn",Effective,51.65258364475261,-3.837982905086759,Waste
The Lodge,Cowbridge,Vale Of Glamorg,Bespoke,"SR: Household, Commercial & Industrial Waste Transfer Stn",Effective,51.468325972405324,-3.464797918837573,Waste
Cymmer Household Waste Recycling Centre,Port Talbot,,Bespoke,A13: Household Waste Amenity Site,Effective,51.651155821388166,-3.6521423021512462,Waste
G P Motorcycles,Pontypridd,R C T,Bespoke,A19a: ELV Facility <2500 tonnes per year,Effective,51.595362163747765,-3.348864977247941,Waste
Natural U K Ltd Healthcare Management Facility,Ammanford,Carmarthenshire,Bespoke,"A11: Household, commercial and industrial waste transfer Stn",Effective,51.78000338004399,-4.040666469090143,Waste
Penrhyndeudraeth Works,Penrhyndeudraeth,Gwynedd,Bespoke,"SR: Household, Commercial & Industrial Waste Transfer Stn",Effective,52.9278622606223,-4.057821390501133,Waste
Summerleaze Pet Crematorium,Newport,Gwent,Bespoke,"SR: Household, Commercial & Industrial Waste Transfer Stn",Effective,51.5564269188951,-2.841251166932964,Waste
Abergele Civic Amenity Site,Abergele,Conwy,Bespoke,A13: Household Waste Amenity Site,Effective,53.285427667493416,-3.545021191803379,Waste
Nantycaws Materials Recycling Facilities,Carmarthen,,Bespoke,A15: Material Recycling Treatment Facility,Effective,51.83608588242951,-4.217576869618679,Waste
Massey Metals Ltd,Chester,,Bespoke,A19: Metal Recycling Site (Vehicle Dismantler),Effective,53.18093922915726,-2.9218871692307156,Waste
Pen Y Palmant Farm,Wrexham,Wrexham,Standard,SR/21: SR2011 No3: Vehicle Depollution Facility <5000 tpa,Effective,53.062675223033125,-3.0860005628483327,Waste
Hughes & John Haulage Contractors & Aggregates Recycling,Kilgetty,,Bespoke,A16: Physical Treatment Facility,Effective,51.71073288494781,-4.814590542094067,Waste
Visors Down Ltd,Talbot Green,,Standard,S0820: SR2008 No20 : Vehicle depollution facility (ATF),Effective,51.53149985728905,-3.405667846174597,Waste
Gellia'r-gwellt Uchaf Transfer & Composting Station,Hengoed,Caerphilly,Bespoke,"SR: Household, Commercial & Industrial Waste Transfer Stn",Effective,51.65998043464665,-3.2679118337728847,Waste
The Lodge,Cowbridge,Vale Of Glamorg,Bespoke,"SR: Household, Commercial & Industrial Waste Transfer Stn",Effective,51.468325972405324,-3.464797918837573,Waste
Ewloe Waste Transfer Station,Mold,Flintshire,Bespoke,"A11: Household, commercial and industrial waste transfer Stn",Effective,53.18690560970288,-3.083420647073597,Waste
Byass Works,Port Talbot,Neath Port Talbot,Standard,"SR: Household, Commercial & Industrial Waste Transfer Stn",Effective,51.5923323058576,-3.7887011139725444,Waste
New Vale HWRC,Ebbw Vale,Blaenau Gwent,Bespoke,A13: Household Waste Amenity Site,Effective,51.78752269431256,-3.2250475189236374,Waste
Ferry Road Landfill,Cardiff,Glamorgan,Bespoke,A02: Other Landfill Site taking Hazardous Waste,Effective,51.45444872240708,-3.192072924849854,Waste
Parry and Evans Ltd,,Flintshire,Bespoke,A15: Material Recycling Treatment Facility,Effective,53.224864633084366,-3.004750278789408,Waste
Enviroventure Waste Solutions Ltd,Milford Haven,Pembs,Standard,SR/21: SR2011 No3: Vehicle Depollution Facility <5000 tpa,Effective,51.71584077541406,-4.995257677133142,Waste
Tredegar Quarry Complex,Tredegar,Blaenau Gwent,Standard,S0908: SR2009 No8: Management of inert extractive waste at mines and quarries,Effective,51.82473832216785,-3.3093174228182827,Waste
A Skip 2 U Ltd,Mold,Flintshire,Standard,S0801: SR2008 No1 : HCI Waste Transfer Station,Effective,53.153251597717265,-3.0841730897683046,Waste
Cilmaenllwyd Civic Amenity Site,Cardigan,Ceredigion,Bespoke,A13: Household Waste Amenity Site,Effective,52.10324655465039,-4.624272340585722,Waste
Llandow Household Waste Recycling Centre,Llandow,Glamorgan,Bespoke,A13: Household Waste Amenity Site,Effective,51.433290684151444,-3.5067779437076907,Waste
Intelligent Lifecycle Solutions,Tonypandy,,Bespoke,A20: Metal Recycling Site (mixed MRS's),Effective,51.60012366477616,-3.4334152028964837,Waste
Williams Plant Hire Ltd,Newtown,Powys,Bespoke,"SR: Household, Commercial & Industrial Waste Transfer Stn",Effective,52.53325861310254,-3.2636001960674923,Waste
Penplas Farm,Swansea,,Bespoke,A06: Landfill taking other wastes,Effective,51.660963939646514,-3.9785308433231044,Waste
Pencoedcae Farm Landfill,Merthyr Tydfil,Glamorgan,Bespoke,A06: Landfill taking other wastes,Effective,51.74141513920985,-3.359048132520939,Waste
Waste Transfer Station,Wrexham,Clwyd,Bespoke,"SR: Household, Commercial & Industrial Waste Transfer Stn",Effective,53.027518724764576,-3.022969780221394,Waste
Rees Metals,Llanelli,Carmarthenshire,Bespoke,A20: Metal Recycling Site (mixed MRS's),Effective,51.67254615342644,-4.106714549949211,Waste
Standard Road Transfer Station,Buckley,Flintshire,Bespoke,"SR: Household, Commercial & Industrial Waste Transfer Stn",Effective,53.177485882131855,-3.0653628189729814,Waste
Lovatt Brothers,Montgomery,Powys,Bespoke,A20: Metal Recycling Site (mixed MRS's),Effective,52.52051294583643,-3.2187681870444234,Waste
Lelo Aggregates,Corwen,,Bespoke,A16: Physical Treatment Facility,Effective,53.032983049211516,-3.393008022732812,Waste
Bill Way & Co Ltd,Rover Way,Cardiff,Bespoke,A19: Metal Recycling Site (Vehicle Dismantler),Effective,51.476457347727354,-3.1363018619832315,Waste
ReCover Blaenavon Ltd,Blaenavon,Torfaen,Bespoke,A16: Physical Treatment Facility,Effective,51.778769889645645,-3.096163262814347,Waste
SL Recycling Ltd,Pontypool,Torfaen,Bespoke,"SR: Household, Commercial & Industrial Waste Transfer Stn",Effective,51.68261406313282,-3.0121140160691144,Waste
Summerleaze Pet Crematorium,Newport,Gwent,Bespoke,A27:,Effective,51.5564269188951,-2.841251166932964,Waste
Recycling Centre At Blaenau Ffestiniog,Blaenau Ffestiniog,Gwynedd,Standard,S0813: SR2008 No13 : Non-hazardous & hazardous HWA Site,Effective,53.00171878730999,-3.943148780310057,Waste
Blacksmiths Garage,Llandrindod Wells,Powys,Bespoke,A19a: ELV Facility <2500 tonnes per year,Effective,52.280882940981506,-3.366100004621023,Waste
Swansea Baling Plant,Swansea,,Bespoke,"A11: Household, commercial and industrial waste transfer Stn",Effective,51.65815123493586,-3.919925014244213,Waste
Pengam Partmart,Hengoed,Caerphilly,Bespoke,A19a: ELV Facility <2500 tonnes per year,Effective,51.66444392448345,-3.230385132419898,Waste
